:020000040000fa
:020000041fc01b
:100000000300001000000000f0f3060000000000f4
:100010000600f00f0000000000601a40c0045a7f84
:100020000500401300000000059d1a3ca8cd5a278a
:10003000080040030000000008801d3cf0ffbd27c1
:1000400000801c3cf07f9c27026009402058200162
:1000500007000a248449497d02608940c0000000ed
:1000600000e0dc41ffff4a25faff401500000000d8
:1000700002608b40c0000000059d083c80d9082527
:1000800009f8000100000000049d083c18a20825a2
:1000900009f80001000000000080083c3c00082531
:1000a0000080093ca0022925030000100000000088
:1000b000000000ad040008252b080901fcff2014f6
:1000c00000000000c0bf083c7005082509f80001c9
:1000d00000000000049d083c5021082509f800019b
:1000e0000000000081bf093c00000a3cc8024a250c
:1000f000e0072aad0000093c00002925010020117d
:100100000000000000488040ffff0a2400588a4099
:100110004000083c00600a4025500a0100608a4007
:10012000009d093c00002925c0000000017889409d
:100130000000093c0100292500000a2444492a7dc9
:1001400001608a408000093c0068894000800840c6
:100150008005097d404c0900006008405800013cc2
:100160002440010100010a3c2540480100240a3cca
:1001700025404801254028010060884000010a3cd4
:1001800000f8ca44c0000000059d083c88d9082535
:1001900009f800010000000000600840bfff013cba
:1001a000ffff2134244001010060884000008430ba
:1001b0000000a530049d083c3c66082508000001ad
:0401c000000000003b
:020000040000fa
:020000041fc01b
:10038000059d1a3c60cd5a2708004003000000007c
:020000040000fa
:020000041fc01b
:1004b0000080094000000a2400000b2400000d24e5
:1004c00000000e240080013c244021012500001181
:1004d00001800940000000003800013c2440210157
:1004e000c24408000f0000110000000001000825b0
:1004f0000700013c2460210102640c0001008c25ee
:100500002550800101000b2404580b0104500a01fe
:10051000c001013c24402101824508000600082555
:1005200004500a01001c2831824208000d0000110d
:10053000000000000100082580032f31c2790f0060
:100540000100ef252568e00101000e2404700e0172
:1005500004680d0100e02831424308000600082528
:1005600004680d010800e003000000000000000026
:100570000080084007000924244828010200293986
:1005800004002011000000000800e003000000004b
:10059000000000002518e003c5ff11040000000062
:1005a00000600840feff0924244828010400293582
:1005b00000608940c000000000d0804000e0804022
:1005c000c0000000009d043c000084240100801451
:1005d000009d043c0400401121288a0021208b004a
:1005e000feff8514fcff88bc0080043c00008424ce
:1005f000010080140080043c0400a01121288d001b
:1006000021208e00feff8514fcff89bc0f00000036
:100610000080013c18002aac0080013c24002dac75
:100620000080013c1c002bac0080013c28002eac5b
:100630000080013c20002cac0080013c2c002fac41
:1006400000608840c0000000008009400700293594
:10065000070029390300293500808940c0000000c7
:1006600025f860000800e003000000000000000022
:020000040000fa
:020000041d00dd
:10000000039d1a3c786e5a27080040030000000048
:020000040000fa
:020000041d00dd
:10010000039d1a3ca06d5a27080040030000000020
:020000040000fa
:020000041d00dd
:10018000039d1a3c8c685a270800400300000000b9
:020000040000fa
:020000041d00dd
:100200002d88400b00000000a188400b000000007a
:100210001589400b000000008989400b0000000098
:10022000fd89400b00000000718a400b00000000b7
:10023000e58a400b00000000598b400b00000000d5
:10024000cd8b400b00000000418c400b00000000f3
:10025000b58c400b00000000298d400b0000000011
:100260009d8d400b00000000118e400b000000002f
:10027000858e400b00000000f98e400b000000004e
:100280006d8f400b00000000e18f400b000000006c
:100290005590400b00000000c990400b000000008a
:1002a0003d91400b00000000b191400b00000000a8
:1002b0002592400b000000009992400b00000000c6
:1002c0000d93400b000000000000023c000042249f
:1002d000070040100000023c00004224050040508e
:1002e000059d023c3f0000700800e0030000000094
:1002f000059d023ccc894224030040100000000010
:1003000009f84000000000000800e00300000000c1
:020000040000fa
:020000041fc01b
:10067000000000d01f00c0001f00c400000000d216
:100680001f00c8001f00cc00000000f01700c000d1
:100690001700c400000000f21700c8001700cc00cb
:1006a000000000c01f0080001f008400000000c286
:1006b0001f0088001f008c00000000e01700800071
:1006c00017008400000000e21700880017008c006b
:020000040000fa
:020000041fc01b
:1004800000f89b40c0000000059d1b3ccc897b27e9
:10049000020060130000000000c09b4000f81b40f9
:0c04a000c00000001f000042000000002f
:020000040000fa
:020000041fc01b
:04ffc000fffffffe42
:020000040000fa
:020000041fc01b
:04ffc4001ab1f9ff76
:020000040000fa
:020000041fc01b
:04ffc80039fe745f2b
:020000040000fa
:020000041fc01b
:04ffcc00dbf7ffff61
:020000040000fa
:020000041fc01b
:04ffdc00ffffffff25
:020000040000fa
:020000041fc01b
:04fff000ffff00000f
:020000040000fa
:020000041d00dd
:10031000d8ffbd272400bfaf2000b3af1c00b2af91
:100320001800b1af1400b0af009a04000180113c76
:10033000ecd5312621883302d0002392010002241b
:100340001100621425808000d00020a2ac00228e13
:1003500001000324430043100180033c320040109d
:10036000020003244d00431003000324a0014310a6
:1003700000120400001210000180033cecd563243d
:1003800021104300d00040a00180023c001a100060
:10039000ecd54224211843006400628cb400648cc4
:1003a0001a00832c7b04601080180400009d053c1b
:1003b000c003a5240a18a37c080060000000000008
:1003c0004415009d6415009d5c16009db81a009da3
:1003d000fc16009d6817009dcc17009dc018009d5d
:1003e0001019009d7019009d4c1a009dec19009d7c
:1003f000541b009df81b009d481c009da81c009ddf
:10040000081d009d641d009dc41d009db41e009d1f
:10041000301f009da01f009d0020009d6020009dba
:100420005021009d5021009d001204000180033cda
:10043000ecd56324211043004000458c9c1e410fe5
:1004400025202002cbff40100180033c0012100049
:10045000ecd563242110620001000324c5ff0010c5
:10046000ac0043ac00120400ecd563242110620000
:1004700026004290ff004230beff40100180033c46
:1004800000120400ecd5632421106200260040a075
:1004900002000324b7ff0010ac0043ac00120400bc
:1004a0000180033cecd5632421104300b800438c49
:1004b0000800632c1f01605000120400b800428c39
:1004c00080180200009d023cd80442240a10437c9c
:1004d0000800400000000000f804009d8405009d15
:1004e0003c06009dcc05009d3007009d7007009dd7
:1004f0001008009d7008009d0180033c001204005c
:10050000ecd563242110620001000324c40043ac35
:100510000600053c801aa524160e410f2520200256
:1005200013004010001210000180033cecd563243e
:100530002110430001000324b80043ac0012100056
:100540000180033cecd5632421104300480040acfb
:100550004c00428c600040100180033c00121000ef
:10056000ecd5632421106200fd0000104c0040ac6b
:100570000180033cecd5632421106200efff0010e2
:10058000c40040ac0180033c00120400ecd563249d
:100590002110620001000324c40043ac0a000624b9
:1005a0003000458c0ff7400f25202002e3ff40105c
:1005b000001210000180033cecd56324211043009d
:1005c00003000324ddff0010b80043ac0012040058
:1005d0000180033cecd5632421104300a800438c28
:1005e0000100022407006214001204000180033c91
:1005f000ecd563242110430002000324cfff001038
:10060000b80043ac0180033cecd5632421104300c7
:10061000a800438c02000224c8ff621400120400e8
:100620000180033cecd56324211043000100032426
:10063000b80043acc1ff0010c40040ac253000003e
:10064000c31d400f252800000180033c001210004c
:10065000ecd5632421106200bc00428c0c00032402
:10066000290043140180033c00121000ecd56324e0
:1006700021106200c40040acc80043900100022475
:1006800007006210001210000180033cecd56324c7
:100690002110430001000324a8ff0010b80043ac60
:1006a0000180033cecd5632421104300080003249f
:1006b000b80043ac001210000180033cecd5632469
:1006c0002110430001000324480043ac4c00428c3d
:1006d000c30643140180033c0180033c0012100058
:1006e000ecd5632421106200c400428c21ff401429
:1006f0000180033c00121000ecd56324211062003d
:100700001cff0010ac0040ac0b0003248bff431413
:100710000180033c00121000ecd56324211062001c
:10072000c40040ac0100032484ff0010b80043acb7
:100730000180033c00120400ecd563242110620008
:10074000c400438c02000224daff62100180033ce3
:1007500000120400ecd56324211062000100032480
:10076000c40043ac05000324d2ff0010b80043ac22
:1007700025300000c31d400f040005240180033c08
:1007800000121000ecd5632421106200bc00428ce2
:100790000c000324140043140180033c00121000d9
:1007a000ecd5632421104300c80042900700401498
:1007b000001210000180033cecd56324211043009b
:1007c00006000324bbff0010b80043ac0180033ccb
:1007d000ecd5632421106200c40040ac0100032466
:1007e00056ff0010b80043ac0b000324b1ff4314c4
:1007f0000180033c00121000ecd56324211062003c
:10080000c40040ac010003244cff0010b80043ac0e
:1008100080100400211044008010020014000624ff
:1008200000a0053c485da5242128a20037c5400f43
:100830002520200207004010001210000180033c18
:10084000ecd56324211043000700032499ff001016
:10085000b80043ac0180033cecd563242110620056
:10086000c40040ac0100032434ff0010b80043acc6
:10087000001204000180033cecd5632421104300e6
:10088000a800438c010002241c0062140180033c78
:1008900000120400ecd5632421106200c40040acb7
:1008a0008018040021186400801803001300062437
:1008b00000a0053c485da5242128a3004627410f40
:1008c0003800448c07004014001210000180033ce3
:1008d000ecd56324211043000400032475ff0010ad
:1008e000b80043ac0180033cecd5632421104300e5
:1008f0000100032411ff0010b80043ac00120400f3
:10090000ecd5632421104300a800438c020002248c
:1009100068ff62140180033c00120400ecd56324dc
:1009200021106200c40040ac0100032403ff00104a
:10093000b80043ac0180033cecd563242110430094
:10094000480040ac4c00428c63ff40100180033ce7
:1009500000120400ecd56324211062004c0040ac6e
:100960000180033c00121000ecd5632421106200ca
:10097000ac0040ac500040ac6400328e1700401216
:1009800000121000009a1000219863022400428e89
:10099000640022ae04004392801003002110430043
:1009a000801002000800638e211043000800438c71
:1009b00006006050240040ae0c00468c0c00458eb2
:1009c00009f8600001000424240040ae000040a2a9
:1009d0006400328eedff4016001210000180033ccf
:1009e000ecd563242110430062fe0010b80040ac37
:1009f0000180033cecd5632421104300c000438cec
:100a00001800632cf500605000121000c000428cea
:100a100080180200009d023c280a42240a10437cf0
:100a20000800400000000000880a009dd00a009dd8
:100a3000d80d009d480b009db40b009d500c009def
:100a4000fc0c009d680d009d080e009d440f009d4c
:100a5000b80f009df00f009d5c10009df410009dec
:100a6000d80d009dd80d009d4c11009d8012009d59
:100a70001813009d7013009ddc13009d4414009d0d
:100a80001415009d2c15009d0180023c009204006d
:100a9000ecd5422421905200440040ae580040aeb4
:100aa000a000448e0f008530010013240428b300f9
:100ab0005031410f022104000600053c801aa52494
:100ac000160e410f252020022afe0010c00053ae52
:100ad000001204000180033cecd563242110430084
:100ae0000a0006243000458c0ff7400f2520200215
:100af00007004010001210000180033cecd5632475
:100b000021104300030003241afe0010c00043ac70
:100b10000180033cecd5632421104300170003241b
:100b2000c00043ac0180033c00121000ecd56324ec
:100b3000211062004c0040ac480040acb80040ac12
:100b40000cfe0010ac0040ac001204000180033c1d
:100b5000ecd5632421104300a800438c010002243b
:100b600007006214001204000180033cecd56324ea
:100b70002110430004000324fefd0010c00043ac1c
:100b80000180033cecd5632421104300a800438c72
:100b900002000224f7fd6214001204000180033ced
:100ba000ecd563242110430017000324ddff00105f
:100bb000c00043ac25300000c31d400f25280000b5
:100bc0000180033c00121000ecd563242110620068
:100bd000bc00428c0c000324140043140180033c2d
:100be00000121000ecd5632421104300c80043908c
:100bf0000100022407006214001210000180033c6f
:100c0000ecd563242110430005000324d9fd001016
:100c1000c00043ac0180033cecd5632421104300a9
:100c200001000324d3fd0010c00043ac0b000324db
:100c300069004314001210000180033cecd56324ca
:100c40002110430017000324b6ff0010c00043ac7e
:100c5000aa010624c31d400f020005240180033ca5
:100c600000121000ecd5632421106200bc00428cfd
:100c70000c000324180043140180033c00121000f0
:100c8000ecd5632421106200cc00428cff0f42306f
:100c9000aa010324080043142520000000121000bc
:100ca0000180033cecd5632421104300c80044902c
:100cb000040084388000847c0180033c0012100012
:100cc000ecd5632421106200270044a00600032411
:100cd000a8fd0010c00043ac0b0003243e004314e9
:100ce000001210000180033cecd563242110430066
:100cf000170003248bff0010c00043ac2530000018
:100d0000c31d400f100005240180033c0012100099
:100d1000ecd5632421106200bc00428c0c0003243b
:100d2000080043140180033c00121000ecd563243a
:100d30002110430007000324c00043ac8dfd0010c8
:100d4000170040a00b0003242300431400121000de
:100d50000180033cecd563242110430017000324d9
:100d600070ff0010c00043ac25300000c31d400fd1
:100d70000f0005240180033c00121000ecd5632411
:100d800021106200bc00428c0c00032407004314b5
:100d90000180033c00121000ecd5632421104300b5
:100da0000800032473fd0010c00043ac0b000324b3
:100db00009004314009210000180023cecd542244b
:100dc0002190420217000224c00042ae7426410f57
:100dd00025202002170040a2001210000180033cd1
:100de000ecd5632421104300c000428c160003247c
:100df000a4014310170003245efd43140180033c4b
:100e00004aff0010001210000180023c0092040012
:100e1000ecd54224219052002700469280370600ec
:100e2000c31d400f12000524bc00428e0c00032499
:100e3000370043140180033cc8004292090040146b
:100e4000ecd5632400921000219043020900022493
:100e5000c00042ae7426410f25202002deff0010a4
:100e6000170040a20180033c00121000ecd563245f
:100e7000211062001700429010004014e80305247e
:100e8000c01e410f25202002070040140012100050
:100e90000180033cecd56324211043001700032498
:100ea00020ff0010c00043ac0180033cecd563245c
:100eb0002110620001000324170043a00180033cbd
:100ec00000121000ecd5632421106200250042902e
:100ed000ff00423008004010001210000180033c67
:100ee000ecd563242110430017000324c00043ac59
:100ef0000cff0010170040a00180033cecd56324d8
:100f000021104300070003241afd0010c00043ac69
:100f10000b000324b1ff4314001210007426410f8c
:100f2000252020020180033c00121000ecd5632430
:100f300021106200170040a017000324f9fe0010e2
:100f4000c00043ac25300000c31d400f1000052435
:100f50000180033c00121000ecd5632421106200d4
:100f6000bc00428c0c0003240a0043140180033ca3
:100f700000121000ecd5632421104300cc00438cf8
:100f80008007637c580043ac0a000324f9fc00107e
:100f9000c00043ac0b0003248fff43140012100069
:100fa0000180033cecd56324211043001700032487
:100fb000dcfe0010c00043ac0180023c0092040043
:100fc000ecd54224219052003c00458e160e410f74
:100fd000252020020a0006242c00458e37c5400f2c
:100fe000252020020b000224e2fc0010c00042aecb
:100ff000001204000180033cecd56324211043005f
:10100000a800438c010002240700621400120400af
:101010000180033cecd56324211043000c00032421
:10102000d4fc0010c00043ac0180033cecd5632429
:1010300021104300a800438c02000224cdfc62145e
:10104000001204000180033cecd56324211043000e
:1010500017000324b3fe0010c00043ac253000008d
:10106000c31d400f030005240180033c0012100043
:10107000ecd5632421106200bc00428c0c000324d8
:10108000130043140180033c00121000ecd56324cc
:1010900021104300c80042900700401400121000c5
:1010a0000180033cecd56324211043000d00032490
:1010b000b0fc0010c00043ac0180033cecd56324bd
:1010c000211043001700032496fe0010c00043ac1b
:1010d0000b00032440ff4314001210000180033c66
:1010e000ecd5632421104300170003248dfe00106b
:1010f000c00043ac0180033c00120400ecd5632423
:1011000021106200140006243400458c37c5400fbe
:101110002520200207004010001210000180033c2f
:10112000ecd56324211043001000032491fc00102f
:10113000c00043ac0180033cecd563242110430084
:101140001700032477fe0010c00043ac0012040017
:101150000180033cecd5632421104300a800438c9c
:1011600001000224390062140180033c00120400d3
:10117000ecd56324211062003400438c000062909f
:10118000fe0042380100422c2118620000006290eb
:10119000c0004230130040103f00043c0700629042
:1011a000001402002410440008006490002204008f
:1011b00025104400090063902510430001004224db
:1011c000801202000180043c001a1000ecd5842437
:1011d00021188300440062ac1100022465fc001059
:1011e000c00062ac060065900300a530002a05002f
:1011f00007006290251045008028020009006490d5
:101200004020040006008430080062908211020031
:1012100025104500010042240a006590c2290500fe
:1012200025208500020084240410820005006390bc
:101230000f006330f7ff64240100032404188300c7
:10124000ffff6330dfff0010021043700012040044
:10125000ecd5632421104300a800438c0200022433
:1012600044fc6214001204000180033cecd56324aa
:1012700021104300170003242afe0010c00043acd5
:1012800025300000c31d400f040005240180033ced
:1012900000121000ecd5632421106200bc00428cc7
:1012a0000c000324130043140180033c00121000bf
:1012b000ecd5632421104300c8004290070040147d
:1012c000001210000180033cecd563242110430080
:1012d0001200032427fc0010c00043ac0180033c33
:1012e000ecd5632421104300170003240dfe0010e9
:1012f000c00043ac0b000324b7fe431400121000df
:101300000180033cecd56324211043001700032423
:1013100004fe0010c00043ac001204000180033c36
:10132000ecd5632421104300140006243800458cba
:1013300037c5400f25202002070040100012100082
:101340000180033cecd563242110430013000324e7
:1013500008fc0010c00043ac0180033cecd56324c2
:101360002110430017000324eefd0010c00043ac21
:10137000001204000180033cecd5632421104300db
:10138000a800438c0100022407006214001204002c
:101390000180033cecd56324211043001400032496
:1013a000f4fb0010c00043ac0180033cecd5632487
:1013b00021104300a800438c02000224edfb6214bc
:1013c000001204000180033cecd56324211043008b
:1013d00017000324d3fd0010c00043ac25300000eb
:1013e000c31d400f110005240180033c00121000b2
:1013f000ecd5632421106200bc00428c0c00032455
:10140000070043140180033c00121000ecd5632454
:101410002110430015000324d6fb0010c00043ac8c
:101420000b0003246cfe4314001210000180033ce7
:10143000ecd563242110430017000324b9fd0010ec
:10144000c00043ac00020624c31d400f0700052462
:101450000180033c00121000ecd5632421106200cf
:10146000bc00428c0c000324210043140180033c87
:1014700000121000ecd56324211043001600032451
:10148000c00043ac0180033cecd563240012100083
:1014900021106200540040a04400448c0002052446
:1014a000e80045acec0044acf00045acf40044acc2
:1014b000f80045acfc0044ac18000424d40044ac53
:1014c00001000424d80044acdc0044ace00044ac8f
:1014d000e800732621187300e40043ac500044accc
:1014e00004000324b80043aca2fb0010ac0040ace5
:1014f0000b00032438fe4314001210000180033c4b
:10150000ecd56324211043001700032485fd00104f
:10151000c00043ac001204000180033cecd56324fe
:101520002110430093fb0010c00040ac00120400e7
:101530000180033cecd56324211043008dfb001097
:10154000c00040ac001a10000180043cecd584249b
:10155000211864005000648c010003240e008354a1
:10156000008210000180043c001a1000ecd5842495
:1015700021188300c400638c0700605400821000af
:10158000110040540180043c001210002110820020
:10159000b40040ac008210000180023cecd5422433
:1015a0002180020201000224d00002a22400bf8f89
:1015b0002000b38f1c00b28f1800b18f1400b08fc1
:1015c0000800e0032800bd27001a1000ecd5842491
:1015d0002118830002000424c40064ac080044ac59
:1015e0005800638c050060542000438c1400438c29
:1015f000401a0300140043ac2000438c0c0060141c
:101600001800438c010063382b1803000800632482
:101610001c0043a00180033c00121000ecd56324a1
:101620002110620002000324daff0010b40043ac72
:10163000010063382b1803000a0063241c0043a038
:101640000180033c00121000ecd5632421106200dd
:1016500003000324cfff0010b40043ac1400468cf9
:101660001c004590c31d400f252000020180033c53
:1016700000121000ecd5632421106200bc00428ce3
:101680000c000324140043140180033c00121000da
:10169000ecd5632421104300c80042900800401498
:1016a0000180033c00121000ecd56324211062007d
:1016b000170040a005000324b6ff0010b40043ac9f
:1016c00000121000ecd563242110620019000324dd
:1016d000b0ff0010b40043ac0b000324adff431473
:1016e0000180033c00121000ecd56324211062003d
:1016f00019000324a7ff0010b40043ac001210002f
:101700000180033cecd5632421104300a800438ce6
:1017100001000224070062140180033c0012100043
:10172000ecd5632421106200b000438c99ff0010b7
:10173000b40043ac00121000ecd563242110430028
:10174000a800438c0200022492ff62140180033c33
:1017500000121000ecd5632421106200190003244c
:101760008cff0010b40043ac0180033c0012100059
:10177000ecd5632421106200010006242c00458c66
:1017800037c5400f2520200209004010001210002c
:101790000180033cecd563242110430006000324a0
:1017a000b00043ac040003247aff0010b40043ac43
:1017b0000180033cecd5632421106200170040a097
:1017c0001900032473ff0010b40043ac0180033cf4
:1017d00000121000ecd56324211062002c00428c12
:1017e00000004390fe0002240a0062140180023cc3
:1017f00000921000ecd542242190520007000224f0
:10180000b40042ae7426410f2520200261ff001073
:10181000170040a20180033c00121000ecd56324a5
:10182000211062001700429010004014fa000524b5
:10183000c01e410f25202002070040140180033cf8
:1018400000121000ecd5632421106200190003245b
:1018500050ff0010b40043ac00121000ecd563241c
:101860002110620001000324170043a00180033c03
:1018700000121000ecd56324211062002500429074
:10188000ff004230080040100180033c00121000ad
:10189000ecd5632421106200170040a01900032436
:1018a0003cff0010b40043ac00121000ecd56324e0
:1018b000211062000500032436ff0010b40043ac81
:1018c000000206241000458c37c5400f2520200259
:1018d00009004010001210000180033cecd5632485
:1018e0002110430008000324b00043ac040003248b
:1018f00028ff0010b40043ac0180033cecd5632406
:10190000211062001900032422ff0010b40043ac30
:101910000180033c00121000ecd56324211062000a
:10192000020006242c00458c37c5400f25202002dc
:1019300009004010001210000180033cecd5632424
:101940002110430009000324b00043ac0400032429
:1019500010ff0010b40043ac0180033cecd56324bd
:1019600021106200190003240aff0010b40043ace8
:101970001c00449009000324160083140180033cda
:101980001800438cffff632408006014180043ac68
:101990000180033c00121000ecd56324211062008a
:1019a0000a000324fbfe0010b40043ac1000438c7b
:1019b00000026324100043ac0180033c00121000bd
:1019c000ecd563242110620005000324f1fe001011
:1019d000b40043ac00121000ecd563242110620067
:1019e0000b000324ebfe0010b40043ac0180033c69
:1019f00000121000ecd563242110620001000624bf
:101a00002c00458c37c5400f2520200209004010ce
:101a1000001210000180033cecd563242110430028
:101a200018000324b00043ac04000324d9fe0010c6
:101a3000b40043ac0180033cecd563242110620068
:101a400019000324d3fe0010b40043ac253000007d
:101a500005000524c31d400f252000020180033c22
:101a600000121000ecd5632421106200bc00428cef
:101a70000c000324070043140180033c00121000f3
:101a8000ecd56324211062000b000324c1fe00107a
:101a9000b40043ac0b000324befe43140180033c9e
:101aa00000121000ecd563242110620019000324f9
:101ab000b8fe0010b40043ac1400468c1c004590e6
:101ac000c31d400f252000020180033c00121000be
:101ad000ecd5632421106200bc00428c0c0003246e
:101ae000130043140180033c00121000ecd5632462
:101af00021104300c8004290070040140180033cbd
:101b000000121000ecd56324211062000c000324a5
:101b1000a0fe0010b40043ac00121000ecd563240a
:101b200021106200190003249afe0010b40043ac97
:101b30000b00032497fe43140180033c00121000a5
:101b4000ecd56324211062001900032491fe0010db
:101b5000b40043ac1c0043900b0002241900621433
:101b60000180033c00121000ecd5632421106200b8
:101b70002c00428cfcff0324000043a00180033ca6
:101b800000121000ecd5632421106200010006242d
:101b90002c00458c6bd8400f2520200210004010ef
:101ba000001210000180033cecd563242110430097
:101bb0000d000324b00043ac0400032475fe0010a4
:101bc000b40043ac00121000ecd563242110620075
:101bd0002c00428cfeff0324e8ff0010000043a00d
:101be0000180033cecd5632421106200190003241a
:101bf00068fe0010b40043ac000206241000458cbf
:101c00006bd8400f25202002090040100012100060
:101c10000180033cecd56324211043000e00032413
:101c2000b00043ac040003245afe0010b40043acdf
:101c30000180033cecd563242110620019000324c9
:101c400054fe0010b40043ac001210000180033cad
:101c5000ecd5632421104300020006243000458c9b
:101c60006bd8400f25202002090040100012100000
:101c70000180033cecd56324211043000f000324b2
:101c8000b00043ac0400032442fe0010b40043ac97
:101c90000180033cecd56324211062001900032469
:101ca0003cfe0010b40043ac0180033c0012100065
:101cb000ecd5632421106200010006242c00458c21
:101cc00037c5400f252020020900401000121000e7
:101cd0000180033cecd56324211043001000032451
:101ce000b00043ac040003242afe0010b40043ac4f
:101cf0000180033cecd56324211062001900032409
:101d000024fe0010b40043ac0180033c001210001c
:101d1000ecd56324211062002c00428c000042901c
:101d20001f00423005000324070043100180033cdc
:101d300000121000ecd56324211062001900032466
:101d400014fe0010b40043ac00121000ecd5632464
:101d50002110620011000324b40043ac0dfe0010fa
:101d6000170040a00180033c00121000ecd5632452
:101d700021106200010006242c00458c37c5400f5d
:101d80002520200209004010001210000180033cb1
:101d9000ecd563242110430012000324b00043acaf
:101da00004000324fbfd0010b40043ac0180033c9d
:101db000ecd563242110620019000324f5fd001006
:101dc000b40043ac0180033c00121000ecd5632446
:101dd000211062002c00428c000042902b00401425
:101de0000180033c00121000ecd563242110620036
:101df0001700429010004014fa000524c01e410f45
:101e000025202002070040140180033c001210002e
:101e1000ecd563242110620019000324ddfd0010bd
:101e2000b40043ac00121000ecd563242110620012
:101e300001000324170043a00180033c001210009e
:101e4000ecd563242110620025004290ff0042304f
:101e5000080040100180033c00121000ecd5632400
:101e600021106200170040a019000324c9fd0010d2
:101e7000b40043ac00121000ecd5632421106200c2
:101e800011000324c3fd0010b40043ac7426410fbd
:101e9000252020020180033c00121000ecd56324b1
:101ea00021106200170040a013000324b9fd0010a8
:101eb000b40043ac1c0044900b00032416008314b0
:101ec0000180033c1800438cffff6324080060146a
:101ed000180043ac0180033c00121000ecd56324d1
:101ee0002110620014000324aafd0010b40043acca
:101ef0001000438c00026324100043ac0180033cbb
:101f000000121000ecd56324211062000c000324a1
:101f1000a0fd0010b40043ac00121000ecd5632407
:101f2000211062000b0003249afd0010b40043aca2
:101f30000180033c00121000ecd5632421106200e4
:101f40002c00438cfdff0424000064a00100062443
:101f50002c00458c6bd8400f252020020a00401031
:101f6000001210000180033cecd5632421104300d3
:101f700015000324b00043ac04000324b40043acb8
:101f800084fd0010170040a00180033cecd56324c1
:101f900021106200190003247efd0010b40043ac40
:101fa0000180033c00121000ecd563242110620074
:101fb000010006242c00458c37c5400f2520200247
:101fc00009004010001210000180033cecd563248e
:101fd0002110430016000324b00043ac0400032486
:101fe0006cfd0010b40043ac0180033cecd56324cd
:101ff000211062001900032466fd0010b40043acf8
:102000000180033c00121000ecd563242110620013
:10201000010006242c00458c37c5400f25202002e6
:1020200009004010001210000180033cecd563242d
:102030002110430017000324b00043ac0400032424
:1020400054fd0010b40043ac0180033cecd5632484
:1020500021106200190003244efd0010b40043acaf
:102060000180033c00121000ecd5632421106200b3
:102070002c00428c000042902b0040140180033c55
:1020800000121000ecd5632421106200170042906a
:1020900010004014fa000524c01e410f2520200224
:1020a000070040140180033c00121000ecd56324ab
:1020b000211062001900032436fd0010b40043ac67
:1020c00000121000ecd563242110620001000324eb
:1020d000170043a00180033c00121000ecd56324dc
:1020e0002110620025004290ff004230080040109d
:1020f0000180033c00121000ecd563242110620023
:10210000170040a01900032422fd0010b40043acc6
:1021100000121000ecd56324211062001600032485
:102120001cfd0010b40043ac7426410f2520200292
:102130000180033c00121000ecd5632421106200e2
:10214000170040a01800032412fd0010b40043ac97
:102150001800052426188500ffff06240a30030016
:1021600026208500080046ac040045908018050034
:102170002118650080180300002a10000180063c29
:10218000ecd5c6242128a6000800a58c21186500de
:102190000800678c0400e0102b2004000c00668c03
:1021a00009f8e0000c00458c6400228e0600401007
:1021b0000180033c2400438c640023ae240040ac27
:1021c000000040a00180033c00121000ecd5632405
:1021d00021106200c40040aceefc0010b40040ac22
:1021e00000121000ecd563242110620001000324ca
:1021f0004c0043ac030003245ef80010ac0043ac79
:020000040000fa
:020000041d00dd
:1022000098ffbd276400bfaf6000beaf5c00b7aff2
:102210005800b6af5400b5af5000b4af4c00b3afe8
:102220004800b2af4400b1af4000b0af0f0005248a
:102230008523410f0a0004243400a2af010042307c
:10224000060040103400a28fc12a410f0a00042466
:102250004f00401425a040003400a28f02004230fd
:102260003f004010d480828f3d0040102590000038
:1022700025800000009d143c6210133cd34d732652
:1022800080801000e480828f0a80507c2e00001233
:102290000b000224700003922c00625001005226b1
:1022a0008400028ec00043302588000003006010c7
:1022b00025b00000c001567c1000112404004230fb
:1022c000090040508400028e7020410f0000000081
:1022d0002800038e2310430000004228100003242e
:1022e0000a8862008400028e0800423007004050d5
:1022f000700003927020410f000000002c00038e3c
:1023000023104300eb0441047000039205000224f3
:10231000ee036214000000007020410f0000000076
:102320003000038e23104300e8034004010006241c
:10233000140005240820400f252000022528000055
:102340003a99400f25200002010052262096127c67
:10235000d480828f2b104202c9ff40142580400296
:102360006400bf8f6000be8f5c00b78f5800b68fcf
:102370005400b58f5000b48f4c00b38f4800b28f1b
:102380004400b18f4000b08f0800e0036800bd2713
:102390002c0092961400422ebf004014f2ff052438
:1023a0001c00958e0c00a28e0019427c0500432c67
:1023b000b9006014801002002a104202b6004014d6
:1023c0000200063c2000968e24b0c602b200c01661
:1023d000f1ff0524ab35410f2520800225984000f0
:1023e000a835410f25208002251840002800a2af03
:1023f0002000828e000242301b00401400000000ca
:102400000000628e1800a2af0000628c1c00a2af18
:102410002000a0a3060002242100a2a34775400fbc
:10242000252040022200a2a7253000000c00052430
:102430004f75400f1800a42727100200ffff4630f9
:102440002000828e040042304b0040102538c0002e
:10245000253040022528a0025dc9400f25208002ba
:102460008d004014f6ff0524700a410f2520a002bc
:102470001c00978e0200e49687008010f1ff05246f
:10248000d480868f8400c0100b0008240c00a28e1c
:102490000019427c2c00a2af2800838e02006296b5
:1024a00000006596211045000000e59621104500ca
:1024b00026104400ffff5e30e480898f2588c0022b
:1024c0002510000025800000808811000a88317dd9
:1024d0001200205201004224700027920f00e850a1
:1024e00001004224710025920200a52c0b00a0508f
:1024f000010042244400258e0300a01000000000cb
:1025000006006554010042242000e0146e00259668
:102510000100a4500a803002010042242016027cef
:102520002b284600e8ffa014258840005a0000121e
:10253000f1ff05240000628e3c0002ae010002247f
:10254000710002a2440003ae2800a68f01000524fa
:102550002c1f410f252000026e001ea60000e296ef
:102560005c0002a60200e2965e0002a60000028e57
:1025700017000010100002ae252840024f75400fd2
:102580002520a002b6ff001000000000e3ffbe54ab
:10259000010042240000e78e5c00258edfffe55439
:1025a000010042243c00278e0000658edaffe5140e
:1025b0000100052401000224710022a2440023ae80
:1025c0002800a68f2c1f410f2520200225802002e5
:1025d0002c00a28f809802001000838e0c00629461
:1025e000231053000c0062a40d00b1920800b78eb6
:1025f0000400a28e3000a2af8400028e004043305f
:102600000f006010020042300d004014730000a261
:102610007020410f000000006c000396c480848f7e
:10262000021864706210043cd34d842419006400c5
:10263000101800008219030021106200240002ae6d
:102640008400028e84b5027c840002ae7000039286
:1026500038006014040022321400401025280000c5
:102660003a99400f25200002760006962430d600c5
:102670000900c010020005247800028e07004050b7
:102680000a0006247c00078e2800858e09f8400089
:1026900074000486020005240a000624b012410fcb
:1026a00025208002e8fe0010000000001000223209
:1026b0000a00401025300000500017ae0400052429
:1026c0000820400f25200002252800003a99400fdd
:1026d00025200002e5ff0010760006960200313248
:1026e0000f0020123000a28f01004224540002aedd
:1026f000efca400f2520a002660002a6451a410f2e
:102700002520000201000624120005240820400fa5
:102710002520000202000224d3ff0010700002a254
:10272000252800003a99400f25200002cfff001015
:1027300076000696010002240e0062140400223284
:10274000c9ff401410002232c5034050020031324c
:102750005000128e9a03f21201000624500017aea8
:10276000040005240820400f25200002beff0010b1
:10277000500012ae1400522623985302ffff62321b
:10278000ecff5324ffff7332010024323800a4af62
:10279000040080102800b3afedff4224ffff423059
:1027a0002800a2af02002232040040102800a28fad
:1027b00001004224ffff42302800a2af1c00048e1b
:1027c0002000028e2b2882001600a0542310440003
:1027d0001800058e1400068e2328a6002310820000
:1027e0002310a200ffff42302c00a2af5400128e33
:1027f0003000a28f239052002800a28f28004010a2
:102800002c00a28f2b0040500400313209004006fa
:102810002b104202130040142800a28f0b0000105e
:102820002c00a48fffff4224ffff4230efff001077
:102830002c00a2af2800a48f251080002120440284
:102840001c008058040031322c00a48f2310820019
:102850002a204402030080142a105200150040541c
:1028600004003132060022321900401010002232da
:102870000400313205002012010003248400028e7e
:10288000444a627c840002ae000816242528000019
:102890003a99400f2520000274ff0010760006963a
:1028a000f0ff40122b104202efff401406002232cc
:1028b000040031326cff20160100062410000524ac
:1028c0000820400f2520000268ff001076000696c1
:1028d00065ff401008000224070062100900622c06
:1028e00011004010feff6224ff0042300500422c20
:1028f0001100405020003132020002248e00625448
:102900001000038e50001e8e8700fe120100062468
:10291000500017ae040005240820400f25200002b7
:1029200051ff001050001eae09000224a0016250a9
:102930005000028e200031324cff20567600069661
:1029400070000392f8ff6224ff0042300200422c24
:1029500045ff40140600022444ff625076000696ac
:10296000440060122800a28fb501401e211072029f
:102970000c00a28e0019427c80100200231052002d
:1029800021a8a2022400b5af21907202ffff5232ab
:102990002c00a28f2b9842020b1053022598400066
:1029a0001c00128e18001e8e211042022b10c20332
:1029b000870140100100de272388d203ffff313258
:1029c000010015241000b5af253820022400a627e9
:1029d00025284002f6b9400f252080022c00a2af26
:1029e000233871021400058e1000b5afffffe730e9
:1029f0002400a627f6b9400f252080022c00a38fc3
:102a000021106200ffff423023905e0221f053024a
:102a10001400128e21905e02150053140002c43679
:102a20005400038e21186302540003ae1c0012ae42
:102a300070000292fdff4224ff0042300300422c4e
:102a40000bb082005800028effff0424090044509e
:102a50002800a28f23985300580013ae64001e96de
:102a600021f0d3036401c107ffff0224580002ae26
:102a70002800a28f110040103800a28f700002922f
:102a8000fdff4224ff0042300300422c040040546a
:102a90008400028e1c00028e200002ae8400028e92
:102aa00010004230c501401001000624100005242a
:102ab0000820400f252000023800a28feafe4010b7
:102ac0002800a38f5400028e010042243000a48ffe
:102ad00021186400e4fe431401000324540002aef4
:102ae0008400028e8452627c840002ae70000292e6
:102af00003000324df0143100004d6360400432cf6
:102b0000c701601002000324d3014310090002240e
:102b100001000624100005240820400f2520000293
:102b2000d2fe00107600069603000224700002a276
:102b3000000116241000038e0800028e23104300ab
:102b4000060043045000048e0000048e231044004d
:102b50000400048e211082005000048e2328e40219
:102b60002310a200130040188400063c8400058e48
:102b70002428a6000400063c0400a614253000000a
:102b8000010005240600455001008424100005249e
:102b90000820400f25200002b4fe001076000696a3
:102ba000500004ae8400028e01000424c4bd827c67
:102bb000840002ae0c00048e50001e8e2b28640090
:102bc0001600a01021109e0004001e8e21f0c303e9
:102bd00021f0d7030000038e23f0c30323f0c203c8
:102be000bf02c05f0400028e8300029201004224f3
:102bf000ff004230830002a20300422cae0040548a
:102c00003800028e0c00038e5000028e21106200ec
:102c10001000048ec90000102310440021f077003a
:102c200023f0c2039a00c01b000000000400028ec3
:102c30000000058e231045002b105e009400401408
:102c4000dc0502247020410f340002ae3400038ef4
:102c5000c480848f021864706210043cd34d8424b5
:102c6000190064001018000082190300211062008e
:102c7000380002ae830000a28400028e4429027c48
:102c8000840002ae0c00038e21f07e000c001eae0c
:102c90001000028e2b184300600060142b185e0099
:102ca0006b0060500400028e5000038e23106200ff
:102cb0002110c203500002ae10001eae0400028eae
:102cc0002b18c203660060500000038e7000029251
:102cd00003000324030043100800032403004354ab
:102ce0000c00038e0400d6360c00038e0800028e02
:102cf000180062540e00a3968400028e0001433037
:102d0000990060545000038e004042300e00405045
:102d10008400028e7020410f000000006c000396ba
:102d2000c480848f021864706210043cd34d8424e4
:102d300019006400101800008219030021106200bd
:102d4000240002ae8400028e4408027c840002ae9d
:102d50000e00a3966a0002962b1043000100405417
:102d60006a0003a65000038e0e00a2962110e20214
:102d7000231043006000049606008014ffff4230d9
:102d800004004010010005248400048e8431a47cda
:102d9000840004ae600002a67000029204000424c5
:102da0007a004454060004241800e316200031324f
:102db0008400028e8004427c140040100000000059
:102dc0007020410f00000000c480848f8018040030
:102dd00021186400c01803002318640000190300c0
:102de00021186400c01803006210043cd34d8424f1
:102df00019006400101800008219030021106200fd
:102e0000300002ae05000224700002a217fe205618
:102e100076000696d2fe0010000000000400038e2b
:102e20000000048e23186400211043002b185e005c
:102e3000070060500400028e5000038e23106200d1
:102e40002110c203500002ae10001eae0400028e1c
:102e50002b18c203060060541000038e0000038e7e
:102e60002318430023f0c3030c001eae1000038e92
:102e70002b20620096ff8054700002920000048ea6
:102e8000231044002310620090ff0010100002aed7
:102e900096ff64500c00038e8300029201004224ce
:102ea000ff004230830002a20300422c1c0040506d
:102eb0000c00038e3800028e8cff40500c00038ef5
:102ec0007020410f000000003800038e23104300e3
:102ed00085ff400400fa04343400028e40180200da
:102ee00001fa02342b1062000b2062007020410fa7
:102ef000340004ae3400038ec480848f02186470e2
:102f00006210043cd34d84241900640010180000a2
:102f10008219030021106200380002ae0c00038efb
:102f20001000048e5000028e211062002310440015
:102f30002b20830006008010500002ae0000048e9b
:102f40000400058e2320850021108200500002ae6f
:102f5000100003ae8400028e01000324c439627c99
:102f600061ff0010840002ae79ffe3168004427c0a
:102f700078ff40500e00a3968400028e4408027c25
:102f80000442027c72ff0010840002ae6afe4454c8
:102f900020003132b5fde356760006962528000064
:102fa0003a99400f25200002b0fd001076000696e9
:102fb00001004224adfde256760006962528000069
:102fc0003a99400f25200002a8fd001076000696d1
:102fd000010002241000a2af253860022400a627b9
:102fe00025284002f6b9400f252080021c00128ed1
:102ff00089fe0010219053029efe601e2800a28fc1
:1030000021187e00540003ae21905e021c0012ae17
:103010001800028e2b18520007006050ffff022498
:103020001400038e23104300271002002190420257
:103030001c0012aeffff02248dfe0010580002aeed
:103040002c00a38f2a106200030040100c00a28ef7
:1030500023987200ffff73320019427c8010020037
:1030600021a8a2022400b5af1c00058e218872029f
:103070001800028e2118b1002b1843002d0060109b
:1030800001005e2423f0c50323f0d2031c00c00717
:10309000ffffde33010015241000b5af2538c00353
:1030a0002400a6272128b200f6b9400f252080026f
:1030b0002c00a2af23387e021400058e1000b5af9d
:1030c000ffffe7302400a627f6b9400f2520800235
:1030d0002c00a38f21106200ffff423065fe6216b4
:1030e0002800a28f5800028effff03241a004354c9
:1030f0002b184202580012ae5dfe0010640013a6a9
:103100001400038e2310430023104202ffff4224c9
:10311000010003241000a3af253860022400a62775
:103120002128a200f6b9400f25208002ebff0010f5
:1031300000000000010002241000a2af2538600248
:103140002400a6272128b200f6b9400f25208002ce
:10315000e2ff0010000000000d0060106400039604
:10316000212062002b209100060080142b8822026f
:1031700005002056640013a621986200239872026d
:10318000ffff7332640013a639fe0010580012ae20
:10319000211862002b88710036fe20522800a28f71
:1031a0002b18720033fe60542800a28f2390420235
:1031b000219872022efe0010640013a68400028e75
:1031c000010003240421627c840002ae0800423026
:1031d0003afe40143800a28f8400028ec418627c2c
:1031e0007020410f840002aec480848f4018040018
:1031f00021186400c018030021186400801803001f
:103200006210043cd34d842419006400101800009f
:10321000821903002110620027fe00102c0002ae6c
:10322000040003241b0043100500032439fe43540b
:103230000100062425300000100005240820400f5e
:1032400025200002252800003a99400f2520000281
:1032500006fd001076000696700002a2010006240a
:10326000110005240820400f25200002fffc00105b
:103270007600069608000224700002a28400028ee6
:103280008005427cf8fc40140100062422fe001058
:10329000100005245000028e0a00e21606000224e7
:1032a00025300000100005240820400f25200002d2
:1032b000252800003a99400f25200002ebfc001061
:1032c0007600069612fe0010700002a20600205240
:1032d0008400028e0100c63a252820020820400ff3
:1032e000252000028400028e020043303300601467
:1032f0000040423014fc401003000224700003928e
:1033000012fc6254010052267020410f00000000a0
:103310002400038e231043000cfc420401005226bb
:1033200073000392800002921500621401000524cc
:103330008400118e01003132f9b5400f25200002c2
:103340008400028e010003240400627c840002ae2b
:10335000001006242528000047d9400f2520000230
:10336000fafb2056010052268400028e0400027ce3
:10337000840002ae0a000224f3fb0010700002a2d7
:1033800002000624100005240820400f252000021a
:103390007020410f010052266c000396c480848f78
:1033a00002186470190073001018000082190300dd
:1033b00021106200e5fb0010240002ae7020410fd6
:1033c000000000002400038e23104300dffb4204b2
:1033d00001005226700002920a00432c6f00601018
:1033e00080180200f43384260a18837c08006000e9
:1033f000000000009c35009d1c34009d6834009d39
:103400002435009d4835009d9c35009d6435009d08
:103410009c35009d9c35009d8035009d7200029278
:103420000400422c0e004014020011240400022467
:10343000720002a2c480838f401103002310430056
:103440008010020021104300c01002001900530038
:103450001010000082110200001102004c0002aea8
:103460000e00001025a80000720003920300632cd8
:10347000fbff6014120011248400158e0100b53288
:10348000140011240a885500010002240a101500b6
:1034900025a840004500c0120100062472000292d7
:1034a00001004224720002a24c00028e4010020071
:1034b0004c0002ae1000038e0c00048e231064003a
:1034c0002b18640006006010ffff42300400038eda
:1034d0000000058e2318650021104300ffff4230d5
:1034e0005000038e23186200500003ae6000039664
:1034f00021104300600002a6100004ae2530000039
:10350000252820020820400f252000028efba01253
:10351000252800003a99400f252000028bfb00105f
:1035200001005226720002920500422cccff40544a
:103530001000112404000224700002a211001124c2
:10354000d4ff001025a80000720002920500422c52
:1035500014001124cfff401001001524c0ff0010fb
:1035600011001124720002920500422c1400112453
:10357000c8ff401001001524b9ff001010001124ed
:10358000720002920500422c14001124c1ff401069
:1035900001001524b2ff0010110011246afb201253
:1035a00025a80000bbff0010000000002528200215
:1035b0000820400f25200002d4ff0010000000006a
:1035c0000200313228fc20123000a28f0100422478
:1035d000540002ae0e00a2966a0002a6600002a687
:1035e000efca400f2520a002660002a6451a410f2f
:1035f0002520000201000624100005240820400fa9
:103600002520000203000224700002a28400028e22
:10361000004042300e0040508400028e7020410f66
:10362000000000006c000396c480848f0218647050
:103630006210043cd34d842419006400101800006b
:103640008219030021106200240002ae8400028e61
:103650004408027c840002ae03fc00100001162422
:1036600001fc20123000a28f01004224540002ae5f
:103670000e00a2966a0002a6600002a6efca400fe2
:103680002520a002660002a6451a410f252000024f
:1036900001000624120005240820400f2520000206
:1036a00002000224f0fb0010700002a26cff001068
:1036b000100011240500022406ff621410001124da
:1036c0007020410f000000003000038e23104300e3
:1036d00000ff40040100062416fb0010140005241e
:1036e0000000038e231043002b105e0055fd405058
:0c36f000dc050224e9fd001083000292ba
:020000040000fa
:020000041d00dd
:1036fc0030ffbd27cc00bfafc800beafc400b7af12
:10370c00c000b6afbc00b5afb800b4afb400b3af37
:10371c00b000b2afac00b1afa800b0af34009e8c1b
:10372c00f800c01325888000a000a5af4800a4af06
:10373c000800c49718008230ff004014311207248f
:10374c00059d063c48c3c624059d053c2ca0a5241c
:10375c00d1fe400f0003847c0a00c2934300401446
:10376c00010003240800c2970040423002004014bc
:10377c000c00d08f080020ae0800c2970020423009
:10378c00380040148080868f1000c28c25280002df
:10379c0009f840004800a48f0100032421004314c1
:1037ac00feff43240800c397002063340800c3a71e
:1037bc000800c39700206330090060104800a38ff5
:1037cc001000c38f050060108080868f0800628c0b
:1037dc002528000209f840004800a48f4800a38f58
:1037ec000800638c8b036014feff44240800c3970d
:1037fc00ffbf63300200842c060080100800c3a7b2
:10380c00004063340800c3a7030003248300431063
:10381c0001000224010002240a00c2a318000010b7
:10382c000b00c0a30200632ce2ff60500800c3979a
:10383c002400c39701006324ffff63302400c3a757
:10384c00908084972b188300d9ff60100380053477
:10385c000000068ef127410f4800a48fd4ff001002
:10386c0025100000d6ff0010251000001600431490
:10387c004800a48f0b00c29346004014059d143cd5
:10388c001400c28f080040500300022425380000a9
:10389c00080043940000428cfdff40142138e300e3
:1038ac001000e014030002240b00c2a30800c2970e
:1038bc00004042308f0040540a00c0a30300022491
:1038cc000a00c2a34800a48f3400828c8a00c2571d
:1038dc004800a28fb7aa400f2528c003860000100d
:1038ec004800a28f0400c38f080062940400423485
:1038fc00080062a4059d063c18d8c6240b000524bc
:10390c00d800410f1000a427ffff5030e10d072411
:10391c00059d063c78cac624059d053c2ca0a52413
:10392c00d1fe400f0b00042e8e80829315004014a4
:10393c0025300000252800024800b18f7973400f14
:10394c00460024862b105000330040142530000212
:10395c001000a52739b2400f460024862588400068
:10396c0026200202ee0d0724059d063c78cac624cb
:10397c00059d053c2ca0a524d1fe400f0100842cf4
:10398c002580200224000012059d143c0100022415
:10399c000b00c2a3059d133c0180123c4c0000108f
:1039ac00a0e252261400d08f200000160200022440
:1039bc000b00c2a38e8082934b0040142530000074
:1039cc00020005244800b08f7973400f460004862e
:1039dc000200422c1000401402000624059d053cf8
:1039ec0018b9a52439b2400f460004862580400042
:1039fc0002004438160e0724059d063c20cfc62431
:103a0c00059d053c2ca0a524d1fe400f0100842c63
:103a1c00360000560300022401000224a000a38fec
:103a2c00000062a0380000100d000224080011965e
:103a3c000a00029623882202ffff3132d11207249a
:103a4c0090ca86262ca065266523410f2b201100d9
:103a5c000a0002960400058e253020022128a200bf
:103a6c004800b58f39b2400f4600a4860a00039671
:103a7c0021184300ffff6330e7ff22160a0003a65c
:103a8c0008000296130043540b00c2937e25410f8d
:103a9c001400c4270c005090010010320400518c0b
:103aac0025284000612a410f252040020800001201
:103abc008080868f0700c0500b00c2931400c28c0c
:103acc00030040102528200209f840002520a00200
:103adc000b00c29301000324b2ff43100200032425
:103aec00b5ff43108e808293030002246fff0010f9
:103afc000b00c2a34800a28f3400438c0200601458
:103b0c000d0002240e000224cc00bf8fc800be8f13
:103b1c00c400b78fc000b68fbc00b58fb800b48f8f
:103b2c00b400b38fb000b28fac00b18fa800b08fcf
:103b3c000800e003d000bd27100003243800431414
:103b4c005f1407241400c48f059d063c60cac6246c
:103b5c00059d053c2ca0a524d1fe400f2b20040074
:103b6c001800c29706004014068005340c00c68f5e
:103b7c00f127410f4800a48fdfff00104800a28fef
:103b8c003000c797ffffe7301800c2972b18e200f0
:103b9c00120060101c00c627c01807002130c3009b
:103bac001a00c39721104300233847001400c28f1a
:103bbc00ffffe7302528c00309f840004800a48f18
:103bcc000200032495ff435001000224caff401059
:103bdc004800a28feaff0010000000001a00c397f3
:103bec00211862002a18e300050060102330e2005f
:103bfc00c01806002c00c68fe9ff00102130c3004e
:103c0c004800a48f3400828cbbffc2574800a28f9f
:103c1c00b7aa400f2528c003b7ff00104800a28f99
:103c2c001c00c28f6800a2af080043246c00a3af35
:103c3c00040042947400a2af059d023c6400a2af44
:103c4c00059d023c5000a2af059d023c5800a2af5e
:103c5c00049d023c5c00a2af059d023c7000a2af2b
:103c6c00059d023c7c00a2af059d023c8000a2afea
:103c7c00059d023c8400a2af059d023c8800a2afca
:103c8c00059d023c6000a2af059d023c8c00a2afda
:103c9c00059d023c9000a2af059d023c9400a2af92
:103cac00059d023c9800a2af059d023c9c00a2af72
:103cbc002200c5972400c6972330c500ffffc630ed
:103ccc000f00c0106c00a28f212845004800a28f65
:103cdc0039b2400f460044840800c3970400633493
:103cec000800c3a72200c39721104300ffff4230f6
:103cfc002200c2a72400c39748ff621401000224cb
:103d0c000a00c39302000224350262500800c597d2
:103d1c001800d68f1600c0166800a28f120053240c
:103d2c001000d08f1400c28f238002028801001271
:103d3c00259000027400a38f2b1070000b80620082
:103d4c007480848f2c00828c253800022530600210
:103d5c0009f840000c00c58fa90102122590400003
:103d6c000800c29700014234790100100800c2a774
:103d7c004400a0af3400c2274c00a2af4800a28f71
:103d8c003c00428ca480838f2b104300090040140c
:103d9c00f9ff02244400a2aff9ff0524ffff112410
:103dac004c00a68ff127410f4800a48f5d01001035
:103dbc00020002240800d197100031329d02201617
:103dcc004400a72725300000252800005c98400ff0
:103ddc004800a48f08004014258040004400a28fa6
:103dec004d0140044400a58f0bffa01002001124cc
:103dfc00ecff00104c00a68f0400c28f040002ae32
:103e0c0034001426190006244c00a58fc42d410f34
:103e1c00252080024d0000a24800a28f200002ae97
:103e2c008080828f05004050080002961000428c62
:103e3c00050040544000a0af080002960020423418
:103e4c00080002a64000a0af1c00d38f0800752606
:103e5c00040064963300842c681107246000b68f2c
:103e6c0048cac6265000b78f2ca0e526d1fe400fbd
:103e7c0001008438080002960473027c080002a634
:103e8c001000d28f1400c28f231042023300522c28
:103e9c00320003240b185200259060007480848f2c
:103eac002c00828c253860002530a00209f84000d7
:103ebc000c00c58f540042125400a2af7a11072493
:103ecc0048cac6262ca0e5266523410f25200000f4
:103edc002110b2024000a2af5400b2affbff12346b
:103eec00d7000010258800004000a2af4c00a28f24
:103efc005400a2affbff12242102001025a00000e9
:103f0c007000a38f40b9652436f3400f2520400084
:103f1c005400a2af1000b427258800007c00a28fab
:103f2c0044b956242528c00236f3400f2520000042
:103f3c001300401025a840008000a28f48b94524ea
:103f4c0036f3400f2520000006004010259040005d
:103f5c007000a28f40b94524d4db400f25204002cd
:103f6c000a9002000400222eeeff401001003126c0
:103f7c00000095ae040092aeeaff001008009426f3
:103f8c008080868f1300c0108400a28f1c00c38c0d
:103f9c000f0060104c00a28f3000a2af5400a28f13
:103fac003400a2af0500222e040004240b202202b0
:103fbc003800a4af1000a2273c00a2af3000a52708
:103fcc0009f860004800a48ff101401425a00000fe
:103fdc008400a28fa8ca56248800a28fc0ca542479
:103fec000000c58e4d2c410f5400a48fcb01401006
:103ffc00000000000800d626f9ffd416f0ff1224aa
:10400c00df01001025a000005400a28f2110a20295
:10401c00000040a0080064827e00843883110724cd
:10402c006000b28f48ca46265000b38f2ca065267c
:10403c00d1fe400f0100842c253000004000a52744
:10404c00a2d8400f2520a0020900401425a0400052
:10405c008a11072448ca46262ca065266523410fe1
:10406c002520000025a0a0029dff0010f8ff1234af
:10407c003a0005240f29410f25204000080040106c
:10408c0028000324000043a0392b410f2520800277
:10409c002110820229000324000043a0010040a04b
:1040ac00280005240f29410f25208002259020028d
:1040bc003700401025b0000001005724000040a03c
:1040cc00290005240f29410f2520e002018012341c
:1040dc000400401002001624000040a0259020028d
:1040ec0025b000001000a0af1400a0af1800a0afc6
:1040fc001c00a0af2000a0af2400a0af2800a0aff0
:10410c002c00a0af1000b3279400a28f4cb942240e
:10411c007800a2af2520e00236f3400f7800a58f7f
:10412c001400401025b840000400222e0a00401054
:10413c003000a5273000a0af3312410f2520e0023c
:10414c00070040100200032407004314000062a67d
:10415c00040077ae0800732601003126ffff3132d0
:10416c00edff0010252000003000a28ff9ff001099
:10417c00040062ae0500222e06004014c0b81100e7
:10418c000400d636ffff523202805236040011244e
:10419c00c0b811007c80828f09f840001400e4261e
:1041ac005801401025984000000054ac4c00a28fe0
:1041bc00040062ae0a0076a2100070aeea11072469
:1041cc006000a28f48ca46245000a28f2ca0452420
:1041dc00d1fe400f0001242eff0031324a00201284
:1041ec000b0071a2140064260c0064ae2530e002b2
:1041fc00422c410f1000a5270c0013ae0000658e59
:10420c008c00a28f4d2c410f50b944240600401451
:10421c00251800000800029600204234080002a66f
:10422c009000a28f34d64324100003ae08000296ef
:10423c0000104234080002a60500401201001124af
:10424c002530800225284002f127410f4800a48f19
:10425c004000a68f2330d5005400a38f06006610b3
:10426c00010007247480848f2000828c2330c300cb
:10427c0009f840000c00c58f4000a48f2320950046
:10428c0027200400141207246000a28f48ca462479
:10429c005000a28f2ca04524d1fe400fc227040051
:1042ac004000a28f23a855002720150040010724a9
:1042bc005800a28fa8d346245c00a28f84684524a2
:1042cc00d1fe400fc2270400ffffb5321400c28f8d
:1042dc0021a855000e0020121400d5af2000c29763
:1042ec00010043242000c3a70c00038e080062a425
:1042fc00258800004400a58faafea0144c00a68fb0
:10430c000b0000101800c0afbbff00100c0060ae1b
:10431c0043010010fdff1124a1fea014fbff11248a
:10432c0002000224bdfd2212010002241800c0afbd
:10433c00f0fd2012259000000800c29700034234c3
:10434c000800c2a76800a28f120053242580000029
:10435c000800c29700015130b200201240004330d7
:10436c00b0006010259000022590000025a00000f0
:10437c00010016242580000001001124bb00c0128e
:10438c00010015242518c00225a8c0020100112423
:10439c00200044308a008010040042300400405455
:1043ac000200312686008012000000000200312637
:1043bc00ffff3132252800022580800225a86000ed
:1043cc008400a016400107245800a28fa8d34624cd
:1043dc005c00a28f84684524d1fe400f01000424a8
:1043ec000a0002242200c2a70a000426ffff843020
:1043fc002400c4a725a00002af00001025802002d5
:10440c000800c29740004230d1ff40102580400286
:10441c001400d08f1000d18f21107202000040a028
:10442c000a0005245427410f252060020500401482
:10443c0025a04000218050023b001116ffff54269e
:10444c0021a07402258860020800d09780000232f7
:10445c00090040109c00a28f54b945240a02410f58
:10446c00252020022d004010c439107c0800d0a754
:10447c00f5ff001007005124010006243000a52789
:10448c00f0b3400f2520200225b840001000a0af4b
:10449c00010006241000a527a2d8400f25202002d9
:1044ac001900e01225804000030040102b10e2029e
:1044bc00450140500800c2970800c29710004234d2
:1044cc000800c2a73000b58f2580e0029800a28fab
:1044dc005cb945240a02410f252020021700401028
:1044ec002b180202030060102ba855001400a052d8
:1044fc0025b000020800c397800063340800c3a7ee
:10450c00d1ff0010060051240800c2970421027c40
:10451c000800c2a7edff00161000b58f0100902611
:10452c0008000056238013020800c297000342348f
:10453c000800c2a786ff00102580400225b00002ab
:10454c002380130227201000400107245800a28f5b
:10455c00a8d346245c00a28f84684524d1fe400f6a
:10456c00c2270400ffff103279ff00101800d6afed
:10457c0081ff001625a0000280ff205601001124a7
:10458c000400641025180000258020023c00001057
:10459c0025a800007eff001025a8000001001524ae
:1045ac0020004230010011240300032484ff00107a
:1045bc000b88620025280000f9ff001025a80000d8
:1045cc002b00601425280002258020022c000010ee
:1045dc002588000025a00002240000102580a000e2
:1045ec000001a230060040100002a5300100a52ced
:1045fc003400c627faffa524f127410f4800a48fe9
:10460c002528c003b7aa400f4800a48f3afd00101c
:10461c004800a28f0800c297004042347dfc001075
:10462c000800c2a71400c38f211803021400c3afe3
:10463c001000c48f26b0640040004630ccffc0147c
:10464c000100d62e0a00c593bb00a014010007245c
:10465c001000c58fd1ff64100a00c7a325a000026b
:10466c002588c0002580a00025a800002528000270
:10467c00b7f9400f252060022580200225884000d4
:10468c00400107245800a28fa8d346245c00a28fb7
:10469c0084684524d1fe400f010004240a00022442
:1046ac00238851002200d1a70a008426ffff843002
:1046bc000800a0122400c4a7252800026c00a28fb9
:1046cc00e0fc400f212044002400c397211043003c
:1046dc002400c2a70200c012020002240a00c2a3d6
:1046ec0073fd92127480848f2000828c0100072449
:1046fc002330920209f840000c00c58f6dfd0010ac
:10470c002200c597f6fd0010f3ff1234fafd0010dd
:10471c00efff1224f8fd0010eeff1224fbff201215
:10472c00259040000500222e910040100300342eed
:10473c00020002240b103402238822028f00201660
:10474c0025a04000c03002001000a527422c410fcc
:10475c001c0004265400a28f0c0002ae4c00a28f49
:10476c00100002ae0400c28e140002ae180014a693
:10477c001a0011a62c0015ae0500401201001424dd
:10478c005400a68f25284002f127410f4800a48f22
:10479c004000a68f2330d3000600e6120100072448
:1047ac007480848f2000828c2330d70009f840005d
:1047bc000c00c58f4000a48f2320930027200400f9
:1047cc00531407246400a28f0ccf46245000a28ff0
:1047dc002ca04524d1fe400fc22704004000a28f1c
:1047ec002398530027201300400107245800a28f60
:1047fc00a8d346245c00a28f84684524d1fe400fc8
:10480c00c2270400ffff73321400c28f219853009b
:10481c001400d3afb7fe801625880000fcff1124ce
:10482c0025280002b7aa400f4800a48fb2fe001042
:10483c004400a58f25300000100005245c98400f23
:10484c004800a48f65fd4010258040000400c28ff5
:10485c00040002ae190006244c00a58fc42d410f94
:10486c00340004264d0000a21c00d18f0800332612
:10487c00040024966500842cb01307246400a28fd6
:10488c000ccf46245000a28f2ca04524d1fe400f03
:10489c00010084384000a0af1000c28f1400c38ff9
:1048ac00231043006500442c640003240b184400bf
:1048bc0025b860007480848f2c00828c25386000b1
:1048cc002530600209f840000c00c58f86fd571496
:1048dc0021107702000040a0080024823c0084389c
:1048ec00c71307246400b18f0ccf26265000b28f5b
:1048fc002ca04526d1fe400f0100842c2530000051
:10490c004000a527f0b3400f252060027cfd401429
:10491c00ce1307240ccf26262ca045266523410f49
:10492c00252000005400b3af73fd0010f1ff1224da
:10493c0091fe001025a000021eff64104001072408
:10494c005800a28fa8d346245c00a28f846845240b
:10495c00d1fe400f010004240a0002242200c2a749
:10496c000a0002262400c2a75dff001025a0000249
:10497c000480123402001124020014247c80828fe3
:10498c0009f84000c020110062ff401025a840002b
:10499c00c01014007800a2af253040001000a527ed
:1049ac00422c410f1c000426c03011001000a3271c
:1049bc007800a28f21286200422c410f2520a002f2
:1049cc0065ff00105400a28f0421027c0800c2a7ce
:0849dc00befe00101000b58fb3
:020000040000fa
:020000041d00dd
:1049e4003c0000800400000000000000d06500804e
:1049f4005001000001000000b059049d00000000b7
:104a040000000000000000000000000000000000a2
:104a14000000000000000000000000000000000092
:104a24000000000000000000000000000000000082
:104a34000000000000000000000000000000000072
:104a44000000000000000000000000000000000062
:104a54000000000000000000000000000000000052
:104a64000000000000000000000000000000000042
:104a74000000000000000000000000000000000032
:104a84000000000000000000000000000000000022
:104a94000000000000000000000000000000000012
:104aa4000000000000000000000000000000000002
:104ab40000000000000000000000000000000000f2
:104ac40000000000000000000000000000000000e2
:104ad40000000000000000000000000000000000d2
:104ae40000000000000000000000000000000000c2
:104af40000000000000000000000000000000000b2
:104b040000000000000000000000000000000000a1
:104b14000000000000000000000000000000000091
:104b24000000000000000000000000000000000081
:104b34000000000000000000000000000000000071
:104b44000000000000000000ecdb00806c000000ae
:104b54000000000040000080080000000000000089
:104b640068d80080ac00000000000000480000800d
:104b7400040000000000000014d90080a800000018
:104b840000000000ecd500800001000000000000df
:104b9400285500a00002000000000000485d00a0ad
:104ba4003c00000000000000c46500a00a000000f2
:104bb40000000000845d00a0100000000000000060
:104bc400d0dd00804800000000000000945d00a0db
:104bd40030000000000000004c00008028000000ad
:104be4000000000030e10080200000000000000010
:104bf400740000800b0000000000000080000080b2
:104c04000200000000000000840000800400000096
:104c140000000000a0e200800c0000000000000082
:104c2400880000800800000000000000ace2008062
:104c34000c00000000000000900000800400000050
:104c440000000000b8e200800c000000000000003a
:104c5400940000800a00000000000000a000008012
:104c640014000000000000007867008014000000b9
:104c74000100000050b9049d004a019d044a019db1
:104c84000c4a019d104a019db400008005000000fb
:104c940000000000ba0000800400000000000000d2
:104ca400c000008018000000000000000000008028
:104cb4000600000001000000ffffffffffff0000ef
:104cc40018de00804800000000000000c4e20080fc
:104cd400180000000000000040e200801000000006
:104ce40000000000d8000080180000000000000050
:104cf40050e200801000000000000000f00000807e
:104d04000c00000000000000dce200800c00000049
:104d14000000000060e200801000000000000000bd
:104d2400fc0000800a0000000000000070e2008027
:104d34001000000000000000080100800e000000c8
:104d440000000000180100801400000000000000b2
:104d540000e00080280000000000000020670080c0
:104d64002800000001000000bb010300d101010084
:104d74004b020100330203007c020300dd03030045
:104d8400de030300e0030300e1030100b32201009a
:104d94002c010080020000000000000030010080af
:104da400080000000000000018e200801400000069
:104db400000000003801008008000000000000002e
:104dc4005cda00809000000000000000d0c9008080
:104dd400700200000000000040010080100000008c
:104de4000000000008000080040000000100000032
:104df400ffffffffd0e10080300000000000000052
:104e040050010080240000000000000050e10080f8
:104e14002000000000000000740100800400000075
:104e24000000000080e2008010000000000000008c
:104e34007801008001000000000000007c01008077
:104e44001c00000000000000b0e100801f00000012
:104e5400000000009801008008000000000000002d
:104e64000c0000800200000001000000ffff0000b1
:104e7400a00100800c00000000000000a0e0008001
:104e84002400000000000000ac01008001000000cc
:104e940000000000b00100800600000000000000d7
:104ea400b801008010000000000000007cd30080e6
:104eb400680100000000000040cc00803c020000bb
:104ec40000000000c801008008000000000000008d
:104ed40028df00803800000000000000d0010080be
:104ee400100000000000000028e0008050000000d6
:104ef40000000000e0010080080000000000000045
:104f040098df008034000000000000001c81008055
:104f14000010000000000000ecda008080000000b7
:104f24000000000060de008044000000000000007b
:104f34001c9100800020000000000000a4de00801e
:104f44004400000000000000ccdf008034000000ba
:104f540000000000e8e200800c00000000000000f7
:104f6400e80100800200000000000000ecd6008090
:104f7400c800000000000000f4e200800c00000003
:104f840000000000ec0100800c00000000000000a4
:104f940058dc008060000000000000007cce00802f
:104fa4008003000000000000f80100800100000000
:104fb40000000000fa0100800a0000000000000068
:104fc400403700a02004000000000000a85a00a000
:104fd4000001000000000000e85c00a040000000a8
:104fe40000000000a85b00a04001000000000000d9
:104ff400040200800100000000000000a00200a0e4
:105004001400000001000000ff0000000000000088
:1050140000000000ff000000ff000000285d00a069
:105024002000000000000000285900a080010000ba
:1050340000000000603b00a0100000000000000021
:10504400080200800500000000000000fcd1008080
:1050540080010000000000009c67008080190000af
:1050640000000000100200800800000000000000a2
:1050740078e00080280000000000000090e200803a
:10508400100000000000000018020080080000006a
:1050940000000000486700801800000001000000c4
:1050a40078dd008060df008070e100800000000097
:1050b400285700a000000000285700a000020000ac
:1050c40000000000c45d00a0000800000000000013
:1050d40060df0080380000000000000078dd008000
:1050e40058000000000000002002008001000000c1
:1050f40000000000703b00a040050000000000001c
:10510400c00200a08034000000000000b04000a0f5
:1051140078040000000000000e000080020000007f
:105124000100000001000000b4d70080b4000000ba
:1051340000000000e8de00804000000000000000e5
:10514400240200800d0000000000000034020080f2
:105154000400000000000000e4d400800801000006
:105164000000000070e1008020000000000000004a
:105174008c6700800c00000001000000f4010000b6
:10518400d0070000010000006067008018000000e4
:105194000100000001000000010000000000000008
:1051a40078b6039d1037049da080020000e30080c0
:1051b4000400000000000000c4e00080480000007b
:1051c4000000000000e20080180000000000000061
:1051d400284500a00010000000000000bcd9008099
:1051e400a0000000000000002ce200801400000079
:1051f40000000000380200801300000000000000de
:1052040010000080040000000100000090e1008014
:1052140090e1008020000000000000004b020080ac
:1052240002000000000000005002008006000000a0
:1052340000000000140000800100000001000000d4
:1052440001000000b8dc00806000000000000000e5
:105254005802008014000000000000001cb100800f
:1052640000100000000000006c020080100000002c
:10527400000000007c02008001000000000000002b
:10528400800200800800000000000000150000807b
:105294000100000001000000ff00000088020080ff
:1052a40004000000000000008c02008001000000e7
:1052b40000000000900200800c00000000000000cc
:1052c40018dd008060000000000000009c020080e7
:1052d40004000000000000001cc10080b4080000ad
:1052e400000000006cdb0080800000000000000073
:1052f400400581bf780100000100000000020000a9
:10530400c8020000c8020000c8020000c802000071
:10531400c8020000c8020000c8020000c802000061
:10532400c8020000c8020000c8020000c802000051
:10533400c802000008020000c8020000c802000001
:10534400c8020000c8020000c8020000c802000031
:1053540010020000c8020000c8020000c8020000d9
:10536400c8020000c8020000c8020000c802000011
:10537400c802000018020000c8020000c8020000b1
:10538400c8020000c8020000c8020000c8020000f1
:10539400c8020000c8020000c8020000c8020000e1
:1053a400c8020000c8020000c8020000c8020000d1
:1053b400c8020000c8020000c8020000c8020000c1
:1053c400c8020000c8020000c8020000c8020000b1
:1053d400c8020000c8020000c8020000c8020000a1
:1053e400c8020000c8020000c8020000c802000091
:1053f400c8020000c8020000c8020000c802000081
:10540400c8020000c8020000c8020000c802000070
:10541400c8020000c8020000c8020000c802000060
:10542400c8020000c8020000c8020000c802000050
:10543400c8020000c8020000c8020000c802000040
:10544400c8020000c8020000c8020000c802000030
:10545400c8020000c8020000c8020000c802000020
:10546400c8020000c8020000c8020000c802000010
:10547400c8020000d80681bf180000000100000027
:10548400c8020000c8020000c8020000c8020000f0
:10549400c8020000c8020000f40681bf40000000fa
:1054a40001000000c8020000c8020000c802000099
:1054b400200200002802000030020000c8020000a0
:1054c400c8020000c8020000c8020000c8020000b0
:1054d400c8020000c8020000c8020000c8020000a0
:1054e400c8020000400781bffc000000010000006a
:1054f400c8020000c8020000c8020000c802000080
:10550400c8020000c8020000380200004002000087
:10551400c8020000c8020000c8020000c80200005f
:10552400c8020000c8020000c802000048020000cf
:1055340050020000580200006002000068020000ef
:1055440070020000c802000078020000c8020000d7
:10555400c802000080020000c8020000c802000067
:10556400c8020000c8020000c8020000c80200000f
:10557400c8020000c8020000c8020000c8020000ff
:10558400c8020000c8020000c8020000c8020000ef
:10559400c8020000c8020000880200009002000057
:1055a40098020000c8020000c8020000c8020000ff
:1055b400c8020000a0020000a8020000c802000007
:1055c400c8020000c8020000c8020000c8020000af
:1055d400c8020000c8020000c8020000c80200009f
:1055e400b0020000b8020000c0020000400881bf01
:1055f4000c00000001000000c8020000c802000006
:10560400c8020000500881bf04000000010000002f
:10561400c8020000580881bf140000000100000007
:10562400c8020000c8020000c8020000c80200004e
:10563400c8020000740881bf1800000001000000c7
:10564400c8020000c8020000c8020000c80200002e
:10565400c8020000c8020000940881bf04000000d2
:1056640001000000c802000004e300800400000000
:105674000000000018000080240000000100000069
:10568400ffffffffffffffff01000000ffffffff21
:10569400ffffffff01000000ffffffffffffffff11
:1056a4000100000008e30080080000000000000082
:1056b4009867008004000000010000000100000061
:1056c40010e3008004000000000000000ce10080f2
:1056d400240000000000000000000000666666660a
:1056e4006666666666666666666666666666666656
:1056f4006666666666666666666666666666666646
:105704006666666666666666666666666666666635
:105714006666666666666666666666666666666625
:105724006666666666666666666666666666666615
:020000040000fa
:020000041d00dd
:1057340088ffbd277400bfaf7000beaf6c00b7af69
:105744006800b6af6400b5af6000b4af5c00b3af3f
:105754005800b2af5400b1af5000b0af7800a4af5e
:105764002590a0002580c0008400a7affa03410f54
:105774007800a4271c0140040b00032480180200b5
:105784000c8284270a18837c01006054000060a006
:10579400401002000080033c1802632421104300df
:1057a400000044902000a4af01004290982e410fc5
:1057b4003800a2af010044300b018014030003241d
:1057c40004004230080140140a000324c602405277
:1057d4001000a0af0400428e050040141000a2afd8
:1057e4001000a627030005247c06410f2000a48f87
:1057f4001000a28fffff4424008003342b18830081
:10580400030060102410440004004050010055922d
:10581400010002241000a2af01005592ffffa2264e
:10582400ff0042300200422c010003240aa8620057
:1058340008005e8effffc227008003342b10430054
:10584400840040100f00c333000202240bf0430015
:105854000c00518e0001023c010042242b10220254
:105864007e004010ffff2226241051000b88020006
:105874008400a28f0002422cdb0040141100032498
:10588400da00001225106000000042923000a2af3e
:105894001400a0af3800b28f720040120100072438
:1058a40025300000252800027184400f2000a48fb9
:1058b400cd00401401000324ff01029200120200f3
:1058c400fe010392251043002016027c55aa0424ed
:1058d400c50044140e0003240500422ec2004010eb
:1058e40000911200ae01522621901202040042924d
:1058f400be00401025106000002c410f0800442613
:1059040025b84000002c410f0c0044261400a2af1f
:105914001400a28f8000422cb30040140e00032414
:105924000100023c000242242b102202428a110090
:10593400800003240b182202258860003000a38f06
:1059440002006230580040103400a2af01007230ef
:105954000100522e020052267a31410f2400b5afc5
:105964004400a2af1400b48f027b140000b1c97fbd
:105974000100e2264000a2af217022011000a48f92
:10598400ffff882423200400426c14000300072432
:1059940000108c2e059d0b3cffff063c0a00c6241c
:1059a4000200053c2b288502059d023c4800a2af5d
:1059b40025c8200245004716000000000d002017ee
:1059c400258820030b00a014010011244800a28f95
:1059d4008cd4432402001124020002242b10a201bf
:1059e4000400401402006324feff6294fbff401491
:1059f400408811001b009102f401200212180000db
:105a040021106600ff0f183c2b105800270240108d
:105a14002598000080180300070262244212020045
:105a24002c00a2af2000e3262400b88f025002739a
:105a340021c04301211018012410440023105800f0
:105a440020005624211062002800a2af4e0000104e
:105a5400030012247eff001000021e2484ff0010a5
:105a6400258800001400a627010005247c06410fa8
:105a74002000a48f25b840005b00401401000324db
:105a84003000a28f08004230a1ff40141400a28ffe
:105a94004000432c9eff6014c1ff42241400a2afb7
:105aa4009bff00103f0017243000a28f01004230fa
:105ab4004d00401013000324a7ff0010020012241d
:105ac40042881100bbff001025c820020c002017db
:105ad400258820030a008015010011247cd4632545
:105ae40002001124040002242b10e20104004014db
:105af40002006324feff6294fbff401440881100ff
:105b04001b009102f401200212100000f60f432c36
:105b140042006014401802000200422440100200b7
:105b2400ff014224421202002400b38f0218627261
:105b340021c06e002118180124186400231878006d
:105b44001b007300f4016002109800004000b68f3f
:105b54002800b6af0500601201001624ffff63247d
:105b64000200f3262800b3af020016242400b38fea
:105b74001b007300f401600212180000211062007f
:105b84002c00a2af259820010011110023c0170397
:105b940021c058002bc09802c60100172110d3025f
:105ba400231082022c00a38f2400b88f0250787037
:105bb40023104a001b005100f401200212180000b7
:105bc4001c0047163c00a3aff6ff02342b10620002
:105bd4003300401001000224b80120170200222ed5
:105be400b7ff40100e000324251060007400bf8f1f
:105bf4007000be8f6c00b78f6800b68f6400b58fdd
:105c04006000b48f5c00b38f5800b28f5400b18f22
:105c14005000b08f0800e0037800bd272110620017
:105c2400010042244210020003004224bcff001081
:105c3400010012240200022418004216f6ff023466
:105c44002b1062000c004054f60f632ca1012017a6
:105c5400408811004100222e9aff40143400a28f84
:105c640056ff40148100222e96ff40140e00032498
:105c7400deff001025106000290060500002062499
:105c840090012017408811008100222e8dff4014be
:105c94000e000324d5ff001025106000010002242b
:105ca400180142163c00a28ff60f422cceff401082
:105cb4000e0003240002062425280000b02d410f05
:105cc40025200002059d023cd4a3448cd4a3422485
:105cd4000400438c030004aa000004ba070003aaca
:105ce400040003ba08004390080003a2090043908b
:105cf400090003a20a0042900a0002a20b0000a2bb
:105d0400020002240c0002a20d0011a20e0016a231
:105d1400003ad67e0f0016a21a000010100015a239
:105d240025280000b02d410f25200002059d023cce
:105d3400d4a3448cd4a342240400438c030004aab7
:105d4400000004ba070003aa040003ba0800439041
:105d5400080003a209004390090003a20a0042902c
:105d64000a0002a20b0000a2020002240c0002a2fc
:105d74000d0011a20e0016a2003ad67e0f0016a244
:105d8400100015a211001ea2003ade7f0100023ca1
:105d94002b108202f800401012001ea2130014a25d
:105da400003a827e140002a28400a28f42b2020052
:105db4004400a28f21a05400f8ff0224150002a27f
:105dc4003f000224180002a2190000a2ffff0224cf
:105dd4001a0002a21b0000a22528e002d92f410fbd
:105de4001c00042603000224e80042162528800231
:105df400d92f410f430004262c00a58fd92f410f22
:105e04002400042602000524d92f410f2c00042667
:105e140001000224300002a2310000a20600022484
:105e2400320002a2330000a280ff0224400002a23a
:105e340029000224420002a247000226059d033cd9
:105e4400e0a3678ce0a363240400668c0800658cdf
:105e54000c00648c030047a8000047b8070046a85c
:105e6400040046b80b0045a8080045b80f0044a834
:105e74000c0044b810006490100044a01100649019
:105e8400110044a012006390120043a055000224a4
:105e9400fe0102a2aaff0224ff0102a201000724bc
:105ea4002530e00225280002e97e400f2000a48f5f
:105eb4004dff401401000324010007240600e626d8
:105ec400252800022000b48fe97e400f252080029f
:105ed4000002062425280000b02d410f25200002d1
:105ee4006141053c5252a524d92f410f25200002bf
:105ef4004161053c7272a524d92f410fe4010426a7
:105f04003c00a28fffff4524d92f410fe80104264e
:105f140002000524d92f410fec0104265500022468
:105f2400fe0102a2aaff0224ff0102a2010007242b
:105f34000700e62625280002e97e400f252080027e
:105f4400010007244000a68f25280002e97e400fa7
:105f5400252080028400a68f0440067c25280000aa
:105f6400b02d410f252000022400a28f2e004010e6
:105f74000300423a01005e3aff00023cf8ff42345b
:105f8400f8ff03240a185e0025f0600025b800001d
:105f940003000224b1004216f8ff0524d92f410f53
:105fa40025200002ffff0524d92f410f04000426f9
:105fb400ff0f053cffffa534d92f410f080004262d
:105fc4002c00b48f2ba8d4022510c0020a1095020d
:105fd40025a84000253840002800a68f2528000267
:105fe400e97e400f2000a48ffffe4014010003242b
:105ff4000002062425280000b02d410f25200002b0
:106004002800a28f2110550023a09502edff8016d1
:106014002800a2af0100f7262400a28f2b10e20271
:10602400dbff40140300423a0a9822022800b48f8e
:106034002b88d3022510c0020a1071022588400063
:10604400253840002530800225280002e97e400fd3
:106054002000a48f9d00401423987102f4ff601661
:1060640021a09102030002240b0042120c0011240f
:106074001400a28f0100033c2b10430006004010c3
:10608400060011240200523a0400032401000224f1
:106094000a107200258840003800b28f7400401244
:1060a4000100072425300000252800022000b38fba
:1060b4007184400f25206002cbfe401401000324ac
:1060c400ffff42260011020021100202c20151a06a
:1060d400010007242530000025280002e97e400f36
:1060e40025206002c0fe4014010003242530000076
:1060f400252800007c06410f2000a48fbafe001062
:106104002b1802000002062425280000b02d410fa0
:1061140025200002059d023cd4a3448cd4a3422430
:106124000400438c030004aa000004ba070003aa75
:10613400040003ba08004390080003a20900439036
:10614400090003a20a0042900a0002a20b0000a266
:10615400020002240c0002a20d0011a20e0016a2dd
:10616400003ad67e0f0016a2100015a20300423a90
:1061740004ff00100af0020025288002d92f410fe5
:106184002000042609ff00108400a28fd92f410f9c
:10619400270004262c00a28f160002a2003a427c9b
:1061a400170002a280ff0224240002a22900022474
:1061b400260002a22b000226059d033cf4a3678c53
:1061c400f4a363240400668c0800658c0c00648cc2
:1061d400030047a8000047b8070046a8040046b8d3
:1061e4000b0045a8080045b80f0044a80c0044b8ab
:1061f40010006490100044a011006490110044a0a9
:1062040012006390120043a055000224fe0102a272
:10621400aaff0224ff0102a2010007242530e002a4
:1062240025280002e97e400f2000a48f6efe401452
:10623400010003248400a68f0440067c2528000066
:10624400b02d410f252000022400a28f78ff4010ba
:106254002800b48f48ff001001005e3a2528c003cf
:10626400d92f410f2520000256ff00102c00b48fb7
:106274003000a28f080042309cff40141400a28f0b
:106284001800a2af1c00a0af253800022530200260
:106294001800a5270971400f2000a48f52fe401456
:1062a4002518400092ff0010253000004efe00101b
:1062b4000e0003244cfe00100e0003244afe0010be
:1062c4000e00032448fe00100e00032446fe0010b6
:1062d400010003243400a28fb8fd40140e000324ef
:1062e40042fe001025106000059d123c3cfd00108c
:0462f40098d45226c2
:020000040000fa
:020000041d00dd
:1062f800d0ffbd272c00beaf2800b7af2400b6af33
:106308002000b5af1c00b4af1800b3af1400b2af93
:106318001000b1af0c00b0af5000888c5400978cbf
:106328000000b68c5800828c2668e2022468a80116
:106338002668a2016ad7023c78a442344c00838cb8
:1063480021106200211056002168a201426e2d0022
:1063580021680d010400b98c267017012470cd0145
:106368002670d701c7e8023c56b742345800838ce0
:1063780021106200211059002170c20102752e00ff
:106388002170ae010800aa8c26480d0124482e0170
:10639800264828012024023cdb7042242110e20216
:1063a80021104a0021482201c24b29002148c90175
:1063b8000c00b18c2630ae012430c9002630cd0047
:1063c800bdc1023ceece4234211002012110510021
:1063d8002130c20082322600213026011000ac8c08
:1063e8002618c9012418660026186e007cf5023ca0
:1063f800af0f42242110820121684d0021186d0041
:10640800421e23002118c3001400b38c265826010d
:1064180024586301265869018747023c2ac642343a
:106428002110620221704e0021586e01025d2b007e
:1064380021586b001800ae8c2610c30024104b00a6
:106448002610460030a8073c1346e7242138c70128
:106458002148e90021104900c213220021106201dd
:106468001c00b58c26386b002438e2002638e3007f
:1064780046fd093c019529352148a902213026010c
:106488002138e600823a2700213847002000b88cde
:10649800266862012468a7012668ab018069063c6a
:1064a800d898c634213006032118c3002168a301f7
:1064b800426e2d002168ed002400a98c26a047001b
:1064c80024a08d0226a08202448b033caff76334dc
:1064d8002118230121586b0021a08b0202a534004a
:1064e80021a0b4012800b08c2678ed002478f401ae
:1064f8002678e701ffff033cb15b63242118030200
:10650800211062002178e201c27b2f0021788f02de
:106518002c00ab8c2630b4012430cf002630cd00bf
:106528005c89023cbed74234211062012138470001
:106538002130c700823226002130e6013000b28cbb
:1065480026188f022418660026187400906b023ce7
:10655800221142242110420221684d0021186d00a9
:10656800421e23002118c3003400ad8c26f0e6013a
:1065780024f0c30326f0cf0398fd023c9371422414
:106588002110a20121a0540021f0d40302f53e00fd
:1065980021f07e003800b48c2610c30024105e0061
:1065a8002610460079a6073c8e43e7242138870247
:1065b8002178ef0021104f00c21322002110c203de
:1065c8003c00af8c26387e002438e2002638e300f1
:1065d800b449053c2108a5242128e5012130a6005d
:1065e8002138e600823a2700213847002630470044
:1065f8002430de002630c2001ef6053c6225a524a4
:10660800212825032118a3002130c300c236260003
:106618002130e6002628e6002428a2002628a70024
:1066280040c0033c40b363342118c30121f07e000d
:106638002128be00c22d25002128c5002618c50026
:1066480024186700261866005e261e3c515ade276d
:1066580021f07e012110c20321186200821c230050
:106668002118a3002610a300241046002610450078
:10667800b6e91e3caac7de3721f0de022138c7037f
:106688002110470002132200211062002638620000
:106698002438e5002638e3002fd61e3c5d10de279f
:1066a80021f07e022130c6032138e600c23e2700d1
:1066b80021384700263047002430c3002630c20066
:1066c80044021e3c5314de2721f01e022128c50374
:1066d8002130c500c23526002130e6002628e60014
:1066e8002428a2002628a700a1d81e3c81e6de3770
:1066f80021f0fe012118c3032128a300822c2500c4
:106708002128c5002618c500241867002618660029
:10671800d3e71e3cc8fbde3721f09e012110c203df
:1067280021186200021b23002118a3002610a300d1
:106738002410460026104500e1211e3ce6cdde3738
:1067480021f03e012138c70321104700c21622005c
:1067580021106200263862002438e5002638e3005c
:1067680037c31e3cd607de2721f09e022130c60320
:106778002138e600c23d270021384700263047006f
:106788002430c3002630c200d5f41e3c870dde2716
:1067980021f03e022128c5032130c500823426009d
:1067a8002130e6002628e6002428a2002628a70093
:1067b8005a451e3ced14de2721f01e032118c303a1
:1067c8002128a300022b25002128c5002618c50072
:1067d8002418670026186600e3a91e3c05e9de3781
:1067e80021f0be012110c20321186200c21e23003d
:1067f8002118a3002610a3002410460026104500e7
:10680800effc1e3cf8a3de3721f05e012138c703f8
:1068180021384700c23d270021386700261067004d
:1068280024104500261043006f671e3cd902de275e
:1068380021f0be022130c6032130460082342600f2
:106848002130e6002610e60024f0430026f0c703b6
:106858000000beaf2a8d1e3c8a4cde2721f05e0266
:106868002128c5030000be8f21f0c50302f33e00b6
:1068780021f0de00faff053c4239a52421286502f3
:106888002118a30026105e002110620002172200c2
:106898002110c2032618de00261862007187053c05
:1068a80081f6a534212805032138a700213867007f
:1068b800423d2700213847002618c20326186700e2
:1068c8009d6d053c2261a524212865012130a60083
:1068d80021186600021c23002118e300262847001f
:1068e8002628a300e5fd063c0c38c6242130860284
:1068f80021f0de002128be00422a2500212865005b
:106908002630e3002630c500bea41e3c44eade372c
:1069180021f03e032110c2032110c20002172200f9
:106928002110a200263065002630c200de4b1e3c36
:10693800a9cfde3721f09e012138c7032138c700cf
:10694800423d27002138470026f0a20026f0c70361
:10695800bbf6063c604bc6242130a6022118c300b2
:1069680021f0c30302f43e0021f0fe002630470068
:106978002630de00bfbe033c70bc6334211803021e
:10698800212865002130c500423226002130c60387
:106998002618fe00261866009b28053cc67ea524fe
:1069a8002128a5012110a20021106200021722004f
:1069b8002110c2002618c60326186200a1ea053c69
:1069c800fa27a5242128c5022138a7002138670005
:1069d800423d2700213847002618c20026186700c4
:1069e800efd4053c8530a5242128250221f0be00de
:1069f80021187e00021c23002118e30026f047001e
:106a080026f0c3038804053c051da5242128c501db
:106a18002130a60021f0c60342f23e0021f07e009c
:106a28002630e3002630de00d4d9053c39d0a53421
:106a3800212825012110a2002130c200023726009a
:106a48002130c60326287e002628a600dbe6023c65
:106a5800e599423421104202213847002128a70035
:106a6800422d25002128c5002638c6032638e50012
:106a7800a21f023cf87c42242110e20121184300a5
:106a88002138e300023c27002138a7002618c5005a
:106a980026186700acc4023c655642242110420106
:106aa80021f05e0021187e00421a23002118e3001d
:106ab80027100500251043002610470029f41e3c26
:106ac8004422de2721b0de0221b0c6022110560082
:106ad800821622002110620027b0070025b0c202ea
:106ae80026b0c3022a43063c97ffc63421a8a60253
:106af8002128a50221b0c50282b5360021b0560072
:106b0800272803002528b6002628a20094ab063cb7
:106b1800a723c62421a08602213887022138a7008e
:106b2800423c27002138c702272802002528a70051
:106b38002628b60093fc063c39a0c6342198660284
:106b4800211863022118a300c21a23002118e300a8
:106b5800272816002528a3002628a7005b65063ce1
:106b6800c359c62421904602211042022110a200d6
:106b78008216220021106200272807002528a2007b
:106b88002628a3000c8f063c92ccc6342188260206
:106b980021b036022128b600822d25002128450083
:106ba800273003002530c5002630c200efff113c16
:106bb8007df4313621801102218007022180d00026
:106bc800428430002180b000273002002530d000f8
:106bd8002630c5008485073cd15de72421c82703fa
:106be80021c8230321c8d900c2ca390021c8190203
:106bf800273005002530d9002630d000a86f033c87
:106c08004f7e632421c00303211002032130c200f8
:106c18008236260021302603271010002510460052
:106c2800261059002cfe033ce0e663342178e3018a
:106c38002178e50121784f00827d2f002178cf004f
:106c4800273819002538ef002638e60001a3023c52
:106c5800144342242170c2012180d0012138f00060
:106c6800423c27002138e70127180600251867004d
:106c780026186f00084e023ca11142242168a20187
:106c880021c8b90121187900c21a23002118e3008c
:106c980027100f00251043002610470053f7053c26
:106ca800827ea524216085012130860121104600bd
:106cb8008216220021106200273007002530c2000a
:106cc8002630c3003abd053c35f2a534215865018c
:106cd80021586f012158cb00825d2b0021584b00b1
:106ce800272803002528ab002628a200d72a063c1f
:106cf800bbd2c63421504601213847012128a700bc
:106d0800422c2500212865014c00868c2130c200c8
:106d18004c0086ac271002002510450026104b00b9
:106d280086eb063c91d3c63421482601214823012d
:106d380021484900c24a2900214005012140280173
:106d4800500088ac21b8e502540097ac5800828cfa
:106d580021584b0058008bac251000002c00be8f2a
:106d68002800b78f2400b68f2000b58f1c00b48f81
:106d78001800b38f1400b28f1000b18f0c00b08fc1
:086d88000800e0033000bd2704
:020000040000fa
:020000041d00dd
:106d90000180023ce8e142245a0244140000000051
:106da000a0ffbd275c00bfaf5800beaf5400b7af17
:106db0005000b6af4c00b5af4800b4af4400b3af1d
:106dc0004000b2af3c00b1af3800b0af4c81838f10
:106dd000ffff62240200422c0d0040107481828f5c
:106de000190040144881828f09f840001000a42740
:106df0000800401c5c00bf8f110040141000a48fdd
:106e0000030080504c8180af8830400f00000000ac
:106e10005c00bf8f5800be8f5400b78f5000b68ff4
:106e20004c00b58f4800b48f4400b38f4000b28f40
:106e30003c00b18f3800b08f0800e0036000bd2730
:106e4000f3ff00104c8180af01000224380062146f
:106e50001880838fffff022435006214049d063cd6
:106e6000f07ec62425280000162c410f05000424be
:106e7000ffff03247f004310188082af5122410f8f
:106e8000000000008018020021186200e70363245c
:106e90006210043cd34d84241900640010180000d3
:106ea00082210300401904002318640080180300a5
:106eb00021186400c01803001b006200f4014000a8
:106ec00012100000ff7f432c6a006010588182afcf
:106ed0004c0143241b006200f40140001218000022
:106ee00002106270548182af020012240180103cb3
:106ef000f0c910260180113c40cc31260000028ee2
:106f000009004050100010260a0006860500c01037
:106f100025280002401d410f252040025500401049
:106f20000000000010001026f4ff11160100522688
:106f30000180023ce8e14294630140107481908f2b
:106f4000258800000180123ce8e153264c00048ea5
:106f500018008050010031264400028e1800428c37
:106f600009f8400000000000420002960040423054
:106f700010004050010031264400028e1400428c63
:106f800009f840004c00048e55004104030007241a
:106f90000400062425280002b7de400f25206002e9
:106fa0004200029601000324c47b627c420002a6d8
:106fb00001003126e8e145962b102502e3ff40143d
:106fc000700010264c81838f010002244801621456
:106fd000000000004001a0107481918f2510200254
:106fe0002580000025180000000407240100062465
:106ff00042004494000c8830680007152046047c49
:1070000083ff0105400084300200801004206600e8
:107010002580040201006324f5ffa31470004224bc
:10702000010002240410a200ffff42242a01501094
:107030000180023ce8e142945b004014ffff02241f
:107040002e36410f4c8182af72ff40505c00bf8fe3
:107050002c36410f0000000025300002039d053c46
:10706000a458a52469f2400f2520400069ff0010b4
:107070005c00bf8f2e36410f00000000080040105a
:10708000000000002c36410f00000000050006241f
:10709000039d053c0458a52469f2400f25204000bb
:1070a000f8ce400f00000000ffff02242e36410ff3
:1070b0004c8182af57ff40505c00bf8f2c36410f90
:1070c00000000000ffff0624039d053c3458a52462
:1070d00069f2400f252040004eff00105c00bf8f7a
:1070e00002000324b2ff4314dc0502241000a0af09
:1070f0001400a0af1800a0af1c00a0af2400a0afe8
:107100002800a0af2c00a0af2000a2af01000224f5
:107110002c00a2a32d00a2a34400028e4000428caa
:107120001000a52709f840005000048e1000a28f1f
:107130003f0002aa3c0002ba1400a293400002a23f
:107140001500a293410002a21800a38f2b18030080
:1071500042000296446b627c420002a62000a38f8c
:107160005e0003a62800a38f600003a22400a38f63
:10717000610003a22c00a393620003a22d00a3933d
:10718000630003a2010003248431627c8473027cc7
:10719000c47b627c86ff0010420002a604206600c9
:1071a0009cff001025800402259000000180133c04
:1071b000e8e174264000228e4040033c2410430046
:1071c000050040100300072404000624252820029f
:1071d000b7de400f2520800201005226e8e16296ca
:1071e0002b104202f3ff40147000312694ff001070
:1071f000ffff02244d014224548182af0180023cf2
:10720000e8e14294ab0040107481908f2588000023
:107210000180123c42000296400042300f00405074
:10722000010031264400028e2400428c09f84000ff
:107230005000048e64000392010063300600431086
:1072400001000424640003924408837c8410437c7e
:107250000400437c640003a201003126e8e1429669
:107260002b102202ebff401470001026c800001003
:107270000100112425284000612a410f68dac42644
:10728000d4ff628e3400428c253000002528000097
:1072900009f84000e0ff648ef6ff4054280057ac28
:1072a0006081828f01004224608182afe300001080
:1072b0004200e29625a800003000b28f2000028e26
:1072c00004ac027c200002ae0400438e2510620054
:1072d000200002ae02004496401004002110440039
:1072e000801002005cdac42725280002612a410fc1
:1072f000212082000610b40201004230e400401454
:107300000100022404a8a20225a0950202004496ce
:1073100000110400d0c9e4262120820008008294d4
:1073200001004234080082a4253000005523410f9b
:1073300001000524d600001000000000a0f4400f5a
:10734000010004240180023ce8e142942100401045
:107350007481908f70001026259000000180133cee
:1073600090ff0426420082944000423015004050b5
:1073700001005226ecff029686064330040060109e
:1073800025a000026481838f01006324648183afa0
:1073900064008390020065300800a0100400633090
:1073a00000104534000842340b28430064008290ea
:1073b0004408027c81d3400f640082a0ecff80a6c9
:1073c00001005226e8e162962b104202e4ff4014cd
:1073d00070001026180020120180103c0180103c23
:1073e000f0c910260180113c40cc31260000028eed
:1073f0000c004050100010260a00038608006010a0
:107400005881848f0c00029623104400ffff423005
:107410002026027c1d008018211043000c0004a6c9
:1074200010001026f2ff11560000028ea0f4400f4b
:10743000020004240180103cf0c910260180113c98
:1074400040cc31260000028e06004050100010266d
:1074500008000396030060101000102609f8400091
:1074600000000000f7ff11165081828f68fe401067
:1074700025300000000105240180043c5523410f04
:10748000e0c9842463fe00105c00bf8f0c0002a6dc
:107490000800029602004234080002a625300000cf
:1074a000020005245523410f25200002ddff0010b6
:1074b000100010266c81828fc8ff4010010011243b
:1074c00036000010000000004c81838f0100022470
:1074d0000700621400000000020002244c8182af09
:1074e000039d053c7458a524c60f410f25200000bc
:1074f0008109410f252000006c81828f6881838f74
:10750000251043005081838f2510430041fe401019
:107510005c00bf8f6881828f1d00401025880000ad
:10752000688180af170a410f0000000025904000dd
:10753000259860005c81908f25300002253800007e
:1075400025204000a553400f25286000448182afcc
:107550006210063cd34dc62419000602103000000c
:10756000823106002538000025204002a553400f37
:1075700025286002408182af5481828f5881838f99
:10758000231043001bff401801001124548182afd7
:107590006c81828f6cff40100180023c6c8180af57
:1075a0000180023ce8e142943000401025a0000038
:1075b0007481908f700010260180163c0180153c6c
:1075c00090ff17264200e2964000423023004050d0
:1075d0000100942625980002eaff1296d4ff028e3d
:1075e0005400428c09f84000e0ff048e0d32410f38
:1075f0002590520027181200eaff04962418640010
:10760000eaff03a61432410f25204000ecff02964a
:1076100025104202ecff02a6d4ff028e5000428cdd
:107620002528400209f84000e0ff048e160052327f
:1076300014ff4056d4ff628e4200e2960020423092
:107640000600405001009426d4ff628e3800428c20
:1076500009f84000e0ff648e01009426e8e1a2965c
:107660002b108202d6ff40147000102625a00000c7
:107670000180133c68da732601801e3c0180173cb0
:10768000059d023c58d442243000a2af059d163c13
:107690007e25410f2520600228ff401025804000f4
:1076a0001000428c0800428c4775400f0c00449437
:1076b0001000038e0800648c140004ae0c00649467
:1076c000f2ff84240c0064a41400038e0e006324d3
:1076d000180003ae06080324f6fe43100008032436
:1076e00001001524f5fe431060d4d22601000624c3
:1076f000f3ff0524b012410f25200002e4ff001023
:0c770000000000000800e0030000000092
:020000040000fa
:020000041d00dd
:10770c00d8ffbd272400bfaf2000b2af1c00b1af23
:10771c001800b0af3000a6af001204000180113c7d
:10772c00ecd5312621882202bc00228e0d00422c81
:10773c00380040102590a000bc00228e801802005a
:10774c00009d023c607742240a10437c08004000f4
:10775c00258080009477009d3878009db478009d3a
:10776c005c79009d047a009de07d009d947e009dd7
:10777c00147c009d607f009dd07f009dec7f009d60
:10778c000880009d0880009d0180023c00220400be
:10779c00ecd5502421800402160000a23000a28fe8
:1077ac002c00048e00910500039d053cfcf5a524de
:1077bc00219045020000438e40006334000083a0fa
:1077cc002c00038e003e447c010064a02c00038e30
:1077dc00003c447c020064a02c00038e003a447ce4
:1077ec00030064a02c00038e040062a02c00028e07
:1077fc0004004392050043a02c00028effff0324db
:10780c00060043a00a000224280002a20100022460
:10781c00bc0002ae2400bf8f2000b28f1c00b18fc1
:10782c001800b08f0800e0032800bd270180033c3e
:10783c0000120400ecd5632421106200060006241b
:10784c002c00458c6bd8400f2520200207004014db
:10785c000180023c00221000ecd55024218004024f
:10786c000a000224ebff0010bc0002ae050002244b
:10787c00070042120180023c00221000ecd550247b
:10788c002180040203000224e2ff0010bc0002aebf
:10789c0000221000ecd550242180040202000224a6
:1078ac00dcff0010bc0002ae001204000180033c9f
:1078bc00ecd5632421104300a800438c0100022462
:1078cc00160062140180033c00120400ecd5632402
:1078dc0021106200010006242c00458c37c5400f96
:1078ec0025202002070040100180023c00221000dd
:1078fc00ecd550242180040203000224c5ff0010a3
:10790c00bc0002ae00221000ecd5502421800402f1
:10791c000a000224bfff0010bc0002ae00120400db
:10792c00ecd5632421104300a800438c02000224f0
:10793c00b8ff62140180023c00220400ecd55024f4
:10794c00218004020a000224b2ff0010bc0002ae27
:10795c00001204000180033cecd563242110430089
:10796c00a800438c01000224160062140180033c21
:10797c0000120400ecd563242110620001000624df
:10798c002c00458c37c5400f2520200207004010e5
:10799c000180023c00221000ecd55024218004020e
:1079ac00040002249bff0010bc0002ae0022100059
:1079bc00ecd55024218004020a00022495ff00100b
:1079cc00bc0002ae00120400ecd56324211043006d
:1079dc00a800438c020002248eff62140180023c3a
:1079ec0000220400ecd55024218004020a00022459
:1079fc0088ff0010bc0002ae001204000180033ca2
:107a0c00ecd5632421104300a800438c0100022410
:107a1c00700062140180033c00120400ecd5632456
:107a2c00211062002c00458c0000a490c80044a0da
:107a3c00ff00022413008214001a10000180023c83
:107a4c00ecd542242118620028006290ffff4224ea
:107a5c00ff00423004004014280062a00a000224f7
:107a6c006cff0010bc0062ac0180023c00221000d4
:107a7c00ecd55024218004020300022465ff001081
:107a8c00bc0002ae00911200039d023cfcf54224a6
:107a9c00219042020800428e01000324370043105b
:107aac00010006240f004010020003241d004310a7
:107abc000400032457ff43140400062437c5400f69
:107acc00252020023d0040100180023c00221000c5
:107adc00ecd5502421800402060002244dff001036
:107aec00bc0002ae37c5400f252020020700401015
:107afc000180023c00221000ecd5502421800402ad
:107b0c000800022443ff0010bc0002ae002210004b
:107b1c00ecd55024218004020a0002243dff001001
:107b2c00bc0002ae0180033c00121000ecd56324b3
:107b3c0021106200c90044a00100062437c5400f83
:107b4c0025202002070040100180023c002210007a
:107b5c00ecd5502421800402050002242dff0010d6
:107b6c00bc0002ae00221000ecd55024218004028f
:107b7c000a00022427ff0010bc0002ae37c5400fdc
:107b8c0025202002070040100180023c002210003a
:107b9c00ecd5502421800402070002241dff0010a4
:107bac00bc0002ae00221000ecd55024218004024f
:107bbc000a00022417ff0010bc0002ae00221000c5
:107bcc00ecd55024218004020a00022411ff00107d
:107bdc00bc0002ae00120400ecd56324211043005b
:107bec00a800438c020002240aff62140180023cac
:107bfc0000220400ecd55024218004020a00022447
:107c0c0004ff0010bc0002ae001204000180033c13
:107c1c00ecd5632421104300a800438c01000224fe
:107c2c005f0062140180033c00120400ecd5632455
:107c3c00211062002c00438c000063901a0060102d
:107c4c00c80043a06626410f252020020180033c7a
:107c5c0000121000ecd5632421106200160040a025
:107c6c00010006243000458c6bd8400f25202002e3
:107c7c00070040140180023c00221000ecd5502477
:107c8c00218004020a000224e2fe0010bc0002aeb5
:107c9c0000221000ecd5502421800402080002249c
:107cac00dcfe0010bc0002ae0180033c001204009c
:107cbc00ecd5632421106200160042901100401490
:107ccc0064000524ae1e410f25202002070040143d
:107cdc000180023c00221000ecd5502421800402cb
:107cec000a000224cbfe0010bc0002ae0180033c53
:107cfc0000121000ecd56324211062000100032453
:107d0c00160043a00180033c00121000ecd5632444
:107d1c002110620024004290ff0042300600401007
:107d2c0000221000218064000a000224bc0002ae74
:107d3c00b8fe0010160000a20180033c00121000d7
:107d4c00ecd5632421106200010006242c00458c24
:107d5c0037c5400f25202002070040100180023c4f
:107d6c0000221000ecd550242180040207000224cc
:107d7c00a8fe0010bc0002ae6626410f2520200292
:107d8c000180023c00221000ecd55024218004021a
:107d9c00160000a20a0002249efe0010bc0002aed7
:107dac0000120400ecd5632421104300a800438c7e
:107dbc000200022497fe62140180023c002204009f
:107dcc00ecd55024218004020a00022491fe0010fc
:107ddc00bc0002ae001204000180033cecd563240d
:107dec0021104300a800438c0100022419006214e6
:107dfc000180033c00120400ecd5632421106200c6
:107e0c002c00438c00006390c90043a001000624a1
:107e1c003000458c6bd8400f252020020700401401
:107e2c000180023c00221000ecd550242180040279
:107e3c000a00022477fe0010bc0002ae00221000e3
:107e4c00ecd55024218004020800022471fe00109d
:107e5c00bc0002ae00120400ecd5632421104300d8
:107e6c00a800438c020002246afe62140180023cca
:107e7c0000220400ecd55024218004020a000224c4
:107e8c0064fe0010bc0002ae001204000180033c32
:107e9c00ecd5632421104300a800438c010002247c
:107eac001f0062140180033c00120400ecd5632413
:107ebc00211062002c00438c03006490cc0044a081
:107ecc0002006490cd0044a001006490ce0044a058
:107edc0000006390cf0043a0010006243000458cc5
:107eec006bd8400f25202002070040140180023c73
:107efc0000221000ecd55024218004020a00022438
:107f0c0044fe0010bc0002ae00221000ecd5502440
:107f1c0021800402080002243efe0010bc0002aec8
:107f2c0000120400ecd5632421104300a800438cfc
:107f3c000200022437fe62140180023c002204007d
:107f4c00ecd55024218004020a00022431fe0010da
:107f5c00bc0002ae001204000180033cecd563248b
:107f6c0021104300a800438c010002240700621476
:107f7c000180023c00220400ecd550242180040234
:107f8c000900022423fe0010bc0002ae0012040003
:107f9c000180033cecd5632421104300a800438ce2
:107fac00020002241bfe62140180023c0022040029
:107fbc00ecd55024218004020a00022415fe001086
:107fcc00bc0002ae0180023c00220400ecd550241f
:107fdc00218004020c0002240efe0010bc0002ae34
:107fec000180023c00220400ecd5502421800402c4
:107ffc000b00022407fe0010bc0002ae0180043c02
:10800c0000821000ecd584242180900001fe001029
:04801c00bc0000aef6
:020000040000fa
:020000041d00dd
:10802000b8ffbd274400bfaf4000b6af3c00b5afbe
:108030003800b4af3400b3af3000b2af2c00b1aff2
:108040002800b0af258080007100849001000324d7
:108050002f018314feff022425a0a0004800038ef8
:108060000a00601025b0c0002000628c0800443077
:10807000070080142000073c08004234200062ac56
:108080004800118e2c012056560020a62000073ce7
:108090000600e7240400062414000524240f410fe1
:1080a000780004242588400019012012fdff0224d5
:1080b000039d023c44bc4224080022ae0c0030aeba
:1080c00001000224700022a6580022a62000228e61
:1080d00008004234200022ae4800028e01004050c9
:1080e000480011ae01008232050040100100032457
:1080f0008400028e0442627c840002aefe00943250
:108100008400028e23ff0324241043004429027cb0
:10811000840002ae71000392010002240200621486
:10812000259800001c00338e0c0062920439027cfa
:108130000c0062a206008232090140100200823265
:1081400097014010020002241000a2a304000224a0
:108150001100a2a371000392010002240c0062141a
:10816000251000004400028e0500401400000000ad
:10817000dc04410f25200002de004010fcff022439
:10818000b32b410f4400048eecff4224ffff42302a
:10819000a018027c1200a3a7680002a60c00628e41
:1081a0000019427c010042240c0063920439437c94
:1081b0000c0063a271000392010002240400621407
:1081c000140062261000a38f170063aa000043b8b2
:1081d0005000028e0400401425a800003ca9400f66
:1081e00025200002500002ae030082326e014010d2
:1081f000259000000100d6320e00c01200000000e1
:10820000720000a2c480838f40110300231043003a
:108210008010020021104300c01002006210033cd5
:10822000d34d632419004300101000008211020096
:108230004c0002ae7020410f000000004c00038e85
:1082400021106200240002ae8400028e010003248b
:108250004408627c840002ae5e000296000062a6c2
:108260005c000296020062a65000028e040062ae1c
:108270005400028e080062ae0c0062920418027c68
:108280000c0062a20d0074a2120060a6100060a68d
:108290005000028e21905200500012ae0200823235
:1082a0000c00401025900000100082320100405068
:1082b000080060ae8400028ec004427c570140502a
:1082c0005000028e0400628effff4224040062ae62
:1082d0000400122401008232040040100100032433
:1082e0008400028e8494627c840002ae100082328c
:1082f00004004010010003248400028e84b5627cd7
:10830000840002ae1c00028e2000038e2b2043004e
:108310004a018054231062001800048e1400058e58
:10832000232085002310430023108200ffff4230ea
:108330000e0062a6620002a6700a410f25206002ac
:108340000c00628e0019427c050042240c006392ee
:108350000439437c0c0063a27100039201000224e3
:108360004d016214000000003c00028e4d004010e0
:1083700025980000dc04410f252000024900401030
:1083800025984000140052264000028e380022ae8c
:108390003c00028e3c0022ae4400028e400022ae21
:1083a0001000238e0c006294211042020c0062a483
:1083b0001c00338e100060a64400028e60004290c4
:1083c0000100423023004014212055023800228e43
:1083d0001400a2af3c00228e1800a2af1c00a0a384
:1083e000060002241d00a2a34775400fffff843042
:1083f0001e00a2a7253000000c0005244f75400f79
:108400001400a42727100200ffff46302528400251
:108410004f75400f25206002271002000a01a012ac
:10842000ffff47301000238e100062940800423492
:10843000100062a42530a0025000258e5dc9400fb7
:108440002520200227100200ffff473027380700b1
:10845000100067a6810002922100a2a3820002926e
:108460002000a2a32200a0a3219055022000a7274c
:10847000ffff4632060005246b70400f25202002c6
:10848000000020ae412f410f25202002050040149e
:10849000259840000a000624ecff0524b012410f85
:1084a000252020021000a012000000003800028edb
:1084b0000d004014dc0502247020410f340002ae90
:1084c0003400038ec480848f021864706210043cf0
:1084d000d34d842419006400101800008219030091
:1084e00021106200380002aedc00601604009432f5
:1084f000ffff02247100049201000324050083148d
:108500004400bf8f2000238ec418037c200023aebc
:108510004400bf8f4000b68f3c00b58f3800b48f49
:108520003400b38f3000b28f2c00b18f2800b08f91
:108530000800e0034800bd27540020a6480020aef4
:108540006e0020a66c0020a6600020ae1000228ed7
:10855000000040ac1000228ee2fe00100c0040a48f
:108560000800038e1000028ecf0062106600159680
:1085700060000296380040102590000071000392c0
:108580000100022406006254680002961236410f70
:1085900000000000080040540800128e6800029697
:1085a000ffff43302b18a302010060542510a002e6
:1085b000ffff55300800128e1000038e2b10720042
:1085c0002f0040500400028e239043026000029668
:1085d0002b2042020a9044002b10b20205004010ea
:1085e000010004248400028ec439827c840002ae1f
:1085f0002590a00271000492010002240b00825415
:108600001000028e1b006010480020aeffff4232b7
:10861000560022a6540022a6500023ae1000228e3f
:1086200048002326000043ac1000028e21105200a7
:10863000100002ae8400028e00014230060040109d
:1086400000000000600002960300521000000000cd
:108650000100b25601009436e3fe4012ffff55328e
:108660006000029623105500600002a6e1fe001093
:10867000080094361000228eebff0010000040ac82
:10868000232043000000058e231085002190420224
:10869000600002962b3042020a9046002b10b20274
:1086a00005004010010006248400028ec439c27cfb
:1086b000840002ae2590a0022b1092000a204202f4
:1086c000251080002320440224008010010006248d
:1086d000710007921100e6541000028e1a00a010db
:1086e000ffff84306e0024a66c0024a6680025ae2f
:1086f00060002426480024ae15006010ffff4230c1
:10870000560022a6540022a6500023ae1000228e4e
:1087100048002326000043ac1000028e21105200b6
:10872000100002ae0400038e2b204300c2ff8054d1
:108730008400028e0000048e23186400231043007e
:10874000bcff0010100002aeebff0010480020ae8e
:108750001000228ef0ff0010000040ac7100059266
:1087600001000424edffa4541000028e09006010e3
:10877000480020aeffff4230560022a6540022a639
:10878000500023ae1000228e48002326e2ff001086
:10879000000043ac1000228edfff0010000040ac50
:1087a00091fe001025a800000200c232080040100f
:1087b000010012247300029201004224730002a2fd
:1087c0005000028effff4224a3fe0010500002aeb4
:1087d0008400128e020052329ffe40120100d632f7
:1087e0000800c01600000000720002920500401050
:1087f000ffff4224720002a24c00028e42100200cf
:108800004c0002ae7020410f259000004c00038efa
:108810002110620090fe0010240002ae01004224ec
:10882000500002ae8400028e01000324c49c627cce
:10883000840002aea7fe001004001224ffff4224b1
:10884000bbfe0010ffff42301000238e1000629428
:10885000c418027cfdfe0010100062a42cff8012e0
:10886000251000007800088e2aff00114400bf8ff9
:10887000760003960800633025ff60100800062488
:108880007c00078e4400058e09f800017400048600
:108890001fff00102510000015ffa01225980000f2
:1088a00003ff00103800028e8400028e0001423067
:1088b00064ff4014259000004bfe001025a8000026
:020000040000fa
:020000041d00dd
:1088c000f8fdbd270402bfaf0002b6affc01b5af93
:1088d000f801b4aff401b3aff001b2afec01b1af46
:1088e000e801b0af248191872716410f252020028f
:1088f000530040104801a5276c01a0af7c01a0af38
:108900009001a0af77c7400f252020029001b28fc1
:108910003081938fff33410f252040024018020021
:10892000211862008018030021186200c01803009b
:10893000219863026c01a28f280062ae2481908787
:108940009c01a0a32c0006249c01a527d894400fcd
:10895000252000029c01a393020002242900621436
:10896000c000062425280000d894400f25200002ce
:10897000c000032423004314380106241000a52757
:10898000d894400f25200002258040000400422892
:108990001c00401404000624059d053c94d9a52420
:1089a0004627410f1000a427160040141400a227e8
:1089b000d001a0afd401a0afd801a0afdc01a0af1f
:1089c000e001a0afc801a2affcff1026cc01b0af00
:1089d0000300102a0b0000161500a39301000224c7
:1089e000080062141600a593020002240d00a210d4
:1089f000050002246000a210060002240a00a25012
:108a00002800678e79080724059d063c98cbc6246c
:108a1000059d053cf4a8a524d1fe400f25200000ab
:108a20000b0005242800678e7c01a68f7b82400ff7
:108a30002520400225280000b707410f25202002ed
:108a4000b135410f000000005e00401025a040003d
:108a500025900000059d133c70cf7326059d163ca4
:108a6000019d153c852a410f2520400252004010ef
:108a70002588400042004294400042304e004010a1
:108a80003081908fff33410f2520200240180200d3
:108a9000211862008018030021186200c01803002a
:108aa00021800302600003920100623043004050c5
:108ab000010052265e000296feff4224ffff423074
:108ac0000700422c14004010200063301300605057
:108ad0005e0002962000028e100040505e0002965a
:108ae0001a36410f000000002000038e23104300bf
:108af000580003962b104300070040140100062481
:108b0000010005249c05410f2520200260000292ef
:108b10004429027c600002a25e0002960e00422cf4
:108b20005a014010b90507245e0002968018020021
:108b3000408ba2260a10437c080040000000000081
:108b4000b88b009d808b009d108c009d748c009dc7
:108b5000fc8c009d5c8d009dbc8d009d188e009d41
:108b6000488e009d5c8e009d848e009d108f009d20
:108b7000788f009d0490009daaff0010040005243a
:108b80001a2d410f252020020b0040100200032463
:108b90005c0002961700431403000324040002241f
:108ba0005e0002a65000048e040080500100522690
:108bb0006ce7400f0100052401005226a9ff921620
:108bc00000000000a523410f248184870402bf8f89
:108bd0000002b68ffc01b58ff801b48ff401b38f9a
:108be000f001b28fec01b18fe801b08f0800e00313
:108bf0000802bd27030043140a000224e9ff001005
:108c00005e0002a602000224e6ff00105e0002a63b
:108c1000252800004ac8400f25200002640000a259
:108c2000600002924408027c8410027c600002a270
:108c3000300000ae0300072401000624252820028e
:108c4000e867400f25200002dbff401025380000b8
:108c500025300000010005247b82400f25202002e2
:108c6000e710410f2520000203000224d2ff00106c
:108c70005e0002a625282002debc400f252000024f
:108c80000a00032413004314000000007020410f69
:108c9000000000000400038e231043000000038e38
:108ca0002b104300c4ff40140100062402000524d9
:108cb000f3f7400f25200002253800002530000082
:108cc000070005247b82400f25202002bbff0010f7
:108cd00001005226b8ff40100100042460000392f6
:108ce000c418837c600003a202000324b2ff431473
:108cf00004000224b0ff00105e0002a65c00029691
:108d00000200423801000724030003240b386200ec
:108d10000300062425282002e867400f25200002d2
:108d2000a6ff4010010052261a36410f0000000035
:108d3000080002ae2538000025300000030005249d
:108d40007b82400f25202002e710410f25200002e2
:108d50000500022499ff00105e0002a625282002cb
:108d6000debc400f252000020a00032493ff435479
:108d7000010052267020410f000000000400038e05
:108d8000231043000000038e2b1043008aff401481
:108d90000100062402000524f3f7400f25200002fd
:108da0002538000025300000070005247b82400f95
:108db0002520200281ff0010010052263400028e7f
:108dc0001000a2af253000001000a52719c9400fe0
:108dd00025202002b30040141000a5271c36410fa7
:108de000000000000400038e231043005a00039685
:108df0002b10430070ff4014252820026caf400f59
:108e0000252000021000a5271fe6400f2520200284
:108e10006aff0010010052261a36410f00000000c0
:108e20000400038e231043000a00422c62ff40140a
:108e30002530000002000524f3f7400f2520000232
:108e40005eff001001005226252820026caf400f63
:108e50002520000259ff0010010052261a36410f4a
:108e6000000000000800038e231043001000038e52
:108e70002b10430050ff40140a0002244eff001044
:108e80005e0002a6253800000900062425282002dd
:108e9000e867400f2520000248ff401001005226dd
:108ea0001a36410f000000000c0002ae2538000009
:108eb00025300000090005247b82400f2520200278
:108ec000600002928410027c600002a21400028ef4
:108ed0000800038e211043001000038e231043006e
:108ee0000c00038e23104300421002003c00432c70
:108ef0003c0004240b1083001a36410f1c0002ae04
:108f0000040002ae0b0002242cff00105e0002a63b
:108f100025282002debc400f252000020a00032481
:108f200026ff4354010052261a36410f000000006c
:108f30000800038e231043001400038e2b104300ff
:108f4000030040140c0002241bff00105e0002a668
:108f50001a36410f000000000400038e2310430066
:108f60001c00038e2b10430013ff40140a00022440
:108f700011ff00105e0002a601000724090006246c
:108f800025282002e867400f252000020bff401033
:108f9000010052261a36410f000000000c0002aefc
:108fa00025380000253000000a0005247b82400f90
:108fb00025202002600002928410027c600002a240
:108fc0001800028e0800038e211043001400038e47
:108fd000231043000c00038e2310430042100200b4
:108fe0003c00432c3c0004240b1083001a36410f34
:108ff0001c0002ae040002ae0d000224effe0010c1
:109000005e0002a625282002debc400f25200002bb
:109010000a000324e9fe4354010052261a36410f88
:10902000000000000800038e231043001800038e88
:109030002b1043000b0040142530000002000524d3
:10904000f3f7400f252000022538000025300000ee
:10905000070005247b82400f25202002d7fe001048
:10906000010052261a36410f000000000400038e52
:10907000231043001c00038e2b104300cefe40142f
:109080000c000224ccfe00105e0002a62530600217
:10909000f4a8c526d1fe400f25200000c7fe001011
:1090a000010052261fe6400f25202002030007245e
:1090b0000400062425282002e867400f252000022e
:1090c000070002241a36410f5e0002a6040002ae19
:1090d0002538000025300000050005247b82400f64
:0c90e00025202002b5fe001001005226e1
:020000040000fa
:020000041d00dd
:1090ec00a0ffbd275c00bfaf5800beaf5400b7afa8
:1090fc005000b6af4c00b5af4800b4af4400b3afae
:10910c004000b2af3c00b1af3800b0af0080023cc1
:10911c004867508c48674224140042900200432c4c
:10912c00160060104018020021186200801803001d
:10913c0023186200801803008a19037e290060142a
:10914c0001004424ff0084304018040021186400fe
:10915c0080180300231864008018030021180302f0
:10916c000080053c4867a5240200072417008714db
:10917c001400a4a0420040102510800000000392af
:10918c004d006014251800002c00052601006424f5
:10919c00ff0084302b3082003b00c0102c00a52433
:1091ac00d4ffa690f9ffc05025188000020062245d
:1091bc00ff004230020043380a1003000080033cd9
:1091cc005c6762a00d000010251080000000689004
:1091dc0001008624ff00c630270000112c006324f8
:1091ec002510800001004324ff0063300200643826
:1091fc000a1804000080043c5c6783a0ff00032471
:10920c00210043104018020021186200801803004e
:10921c0023106200801002002180020205000392dc
:10922c000100022427006214040002240c00038ea7
:10923c00020062140080023c5d6740a00c0000ae8e
:10924c002000038e0100022404006254000000a2de
:10925c004c20410f25200002000000a2200000ae8f
:10926c00050000a2020000a2030000a2010000a25f
:10927c0005000010040000a2bcff00102520c00057
:10928c000080023c5c6740a05c00bf8f5800be8f22
:10929c005400b78f5000b68f4c00b58f4800b48f78
:1092ac004400b38f4000b28f3c00b18f3800b08fb8
:1092bc000800e0036000bd2725200000bfff001060
:1092cc00010002240c00028e0500422cefff4050de
:1092dc005c00bf8f0c00028e80180200019d023cc6
:1092ec00fc9242240a10437c08004000000000005d
:1092fc004c92009d1093009d5893009dc493009d2b
:10930c006894009d0800028e2400428c0300052402
:10931c0009f8400006000496ffff0324daff43100f
:10932c00140002ae0800038e1000638c253000027e
:10933c00049d053c2c53a52409f860002520400011
:10934c0002000224d0ff00100c0002ae0800028eb6
:10935c000000428c09f840001400048e0e004050ae
:10936c002000038e2000028e09004014010002240c
:10937c000800028e0400428c09f840001400048e90
:10938c00280002ae030002240c0002ae01000224ed
:10939c00bdff0010200002ae01000224baff62548f
:1093ac00200000ae4c20410f25200002040000a23a
:1093bc00b5ff0010200000ae0080023c5d674290bb
:1093cc00b1ff40140080023c010003245d6743a000
:1093dc002800028e1000428c0000428c0002432cac
:1093ec000500601001001224000203241b0062001f
:1093fc00f4014000129000000080113c48673126b7
:10940c000002062425280000b02d410f1000248ee8
:10941c0002000224240002ae1400048e0800028e06
:10942c001000b2af0800428c253800001000268ec8
:10943c0009f840001c0005261c00038effff0224c7
:10944c0003006210040002248fff00100c0002ae17
:10945c000080023c8cff00105d6740a02400028e4f
:10946c000200032409004314000000000800028ecf
:10947c002c00428c85ff40505c00bf8f09f84000e7
:10948c001000048e81ff00105c00bf8f050040109f
:10949c000080023c5d6740a0030002247aff0010ac
:1094ac000c0002ae0080023c5867528c010000a2f6
:1094bc00fe01439255000224a2006214aa00022469
:1094cc00ff0143929f006214eb00022400004392c0
:1094dc00240062143c000324010042920500431056
:1094ec005800032403004310fe0003241d00431402
:1094fc000000000002004392900002241900621444
:10950c0001000224010002a25200439246000224f0
:10951c00d90062104100022453004392da00621019
:10952c005400022454004392db00621046000224d3
:10953c0036004392dc006210410002243700439253
:10954c00dd00621054000224380043927a00621449
:10955c0025900000259000002588000024000010b4
:10956c0006001324920b410fc20144920100032404
:10957c00030040140100112401000392258800000f
:10958c00010003a2920b410fd2014492050040103e
:10959c00000000000200313601000292010042245a
:1095ac00010002a2920b410fe20144925c004010b8
:1095bc000000000004003136010002920100422438
:1095cc00010002a2920b410ff201449201001224fd
:1095dc0007004010010013240800313601000292ec
:1095ec0001004224010002a20100122401001324f4
:1095fc000080023c486742241000438c1800a3af43
:10960c000400548c1c0094262c82962728829527c3
:10961c000400a2262800a2af25b80000059d023c3c
:10962c003000a2af059d023c3400a2afe4ff8426bb
:10963c002c00a4afe4ff82922f00401425f080028e
:10964c000400029201004224040002a21800028ebf
:10965c00801002003000a38f9cd063240a10627c1f
:10966c001c00a2af392b410f25204000ff004330d6
:10967c002000a3afff0046302400a6af1c00a58f2e
:10968c00422c410fe6ff84262c00a48f2400a68fc9
:10969c002110860002000392020043a02000a58f37
:1096ac000100a224ff00423021108200040003922a
:1096bc0030006324020043a00200a224ff004230c9
:1096cc0021108200020040a0fcff90ae4d0002244d
:1096dc0028006216e5ff93a2f8ff80aef4ff80ae7f
:1096ec00030002920000c2a20100c0a201000224e9
:1096fc0006002012e4ffc2a31c0094260200b5262b
:10970c002800a28fc9ffa2160200d6260080023cb8
:10971c005d6740a002000224dbfe00100c0002aecc
:10972c00920b410ff2014492abff40140100122442
:10973c00afff20160100132425884002acff001057
:10974c00ff00132404000624059d053ce8d8a5243d
:10975c00a620410f252040024500401401000224a0
:10976c00010002a22590000025880000a0ff001037
:10977c004d00132426002012010022322a00401032
:10978c0002002232fe00313225b80000ff00022414
:10979c001f006212401017003400a38ff0d863240e
:1097ac0021104300000042941800a38f2110620086
:1097bc0000004390e5ffc3a30b004390001e030081
:1097cc000a0044900024040021186400080044900e
:1097dc002118640009004490002204002118640040
:1097ec00f8ffc3af07004390001e0300060044902f
:1097fc000024040021186400040044902118640023
:10980c00050042900012020021106200f4ffc2af6a
:10981c0014004012030002920000a2a20100e226f2
:10982c00b2ff00100100a2a204004010040022327a
:10983c00fd003132d5ff0010010017240400401048
:10984c0008002232fb003132d0ff00100200172436
:10985c00cfff4010ff000224f7003132ccff001084
:10986c00030017240000a2a2a0ff00100100a0a278
:10987c00b1ff001025900000259000002588000005
:10988c005bff00100b0013242590000025880000be
:10989c0057ff00100b0013242590000025880000b2
:1098ac0053ff00100b0013242590000025880000a6
:1098bc004fff00100600132425900000258800009f
:0898cc004bff001006001324fd
:020000040000fa
:020000041d00dd
:1098d400fcff84240900832ccf01601001000324c1
:1098e400e0ffbd271c00bfaf1800b0af8018040014
:1098f400019d043c089984240a20837c080080008c
:109904002510a0002c99009d649f009d649f009ddc
:10991400309a009d449b009d4c9c009d749d009d2d
:10992400649f009d9c9e009d0000a4803a008010ce
:1099340025180000ff008430d0ff84240a00842c02
:10994400110080540000a4800100422400004380e0
:109954003100605025180000ff006330d0ff6324fd
:109964000a00632cf9ff6050010042240000448087
:10997400ff008330d0ff63240a00632c7a01605017
:109984000180023c251800000180063cb8dcc62496
:10999400130007242128c3000100a4a001006324ac
:1099a4002120430000008480ff008530d0ffa524df
:1099b4000a00a52c1200a0500180023cf6ff671497
:1099c4002128c3000180023cccdc40a00180023c81
:1099d400b9dc42241000a2af059d073c3cd7e72424
:1099e400039d063c284cc624039d053c344ca52409
:1099f40069f2400f25200000070000100100032435
:109a0400b8dc422421104300010040a00f0062286a
:109a1400eeff401025180000251060001c00bf8fc9
:109a24001800b08f0800e0032000bd27039d053c0b
:109a34004c4ca5240a02410f25204000f6ff40109b
:109a4400251800000a0044240a0043802000022450
:109a54000600625400008580010084240000838095
:109a6400feff62500100842400008580ff00a230c4
:109a7400d0ff42240a00422c080040102c0002248b
:109a84000100842400008580ff00a230d0ff42241e
:109a94000a00422cfaff40142c000224deffa21418
:109aa40025180000010082802000032405004314cf
:109ab400010084240100842400008280feff4310fe
:109ac40001008424ff004430d0ff84240a00842c45
:109ad400d1ff801025180000310003240d00431429
:109ae400059d073c3cd7e724039d063c284cc6242f
:109af400039d053c584ca52469f2400f2520000025
:109b04000180023c01000324b8dc43a0c2ff001022
:109b1400010003240180023cb8dc40a03cd7e724c8
:109b2400039d063c284cc624039d053c744ca52487
:109b340069f2400f25200000b7ff0010251800002f
:109b4400039d053c944ca5240a02410f25204000a6
:109b5400b1ff40102518000007004324070044808b
:109b64002000022406008254000062800100632465
:109b740000006480feff82500100632400006280c4
:109b8400252040004429047cfa0080100d000424a0
:109b9400f80044100a000424f600441025200000b4
:109ba4000180053cb8dca5240d0008240a00072424
:109bb40018000624010084242148a400180022a1ce
:109bc4002110640000004280254840004429097c9b
:109bd400160020510180023c140048500180023cd0
:109be400120047500180023cf3ff861401008424d4
:109bf4000180023ce9dc40a00180023cd1dc42242b
:109c04001000a2af059d073c3cd7e724039d063c0a
:109c1400284cc624039d053c9c4ca52469f2400fa6
:109c2400252000007cff001001000324b8dc42243e
:109c340021104400190040a077ff80182518000067
:109c4400eeff00100180023c039d053cb44ca524aa
:109c54000a02410f252040006fff40102518000024
:109c640006004424060043802000022406006254b7
:109c7400000085800100842400008380feff625080
:109c84000100842400008580ff00a230d0ff42241c
:109c94000a00422c080040102c00022401008424f5
:109ca40000008580ff00a230d0ff42240a00422c2d
:109cb400faff40142c00022457ffa21425180000b8
:109cc4000100828020000324050043140100852440
:109cd4000100a5240000a280feff43500100a5243a
:109ce400ff004230d0ff42240a00422c4aff4010b9
:109cf400251800000000a280ff004330d0ff632439
:109d04000a00632c9f00601025800000801810005a
:109d14002180700040801000d0ff42242180500038
:109d24000100a5240000a280ff004330d0ff63247b
:109d34000a00632cf5ff6014059d073c1000b0afca
:109d44003cd7e724039d063c284cc624039d053cd0
:109d5400bc4ca52469f2400f252000002518000200
:109d64008410037c010063382bff00100100632c76
:109d7400039d053cd84ca5240a02410f2520400030
:109d840025ff4010010003240600432406004280fe
:109d94002000042406004454220004240100632407
:109da40000006280feff445001006324220004246a
:109db4000e0044500100648000006480ff00853080
:109dc4000e00a22c8f004010012402240610a200d1
:109dd400010042301b004010251000000180023cad
:109de400f1dc40a00cff001001000324fbff8010f5
:109df40022000224f9ff8210251000000180053c96
:109e0400b8dca524220007241f00062401004224f4
:109e14002140a200380004a12120620001008480b6
:109e2400660080500180033c640087500180033c3d
:109e3400f7ff4614010042240180023c6400001034
:109e440010dd40a00180063cb8dcc6242c000924a7
:109e5400012408241f0007242128c2003900a4a0db
:109e64002120620001008480ff0085300e00aa2cae
:109e74004f004011000000000628a8000100a53092
:109e84004d00a01401004224f4ff47142128c2000d
:109e9400eaff00100180023c039d053cf84ca52418
:109ea4000a02410f25204000dbfe40102518000067
:109eb40005004424050042802000032405004314c7
:109ec400ff0042300100842400008280fdff431023
:109ed400ff004230d0ff42240a00422ccefe401044
:109ee4002518000000008380ff006530d0ffa52402
:109ef4000a00a52c0d00a0102510000080280200e7
:109f04002110a20040100200d0ff6324211062003f
:109f14000100842400008380ff006530d0ffa52465
:109f24000a00a52cf6ffa014802802000180033c3f
:109f340014dd62ac1000a2af059d073c3cd7e724ba
:109f4400039d063c284cc624039d053c004da524d6
:109f540069f2400f25200000affe00100100032429
:109f6400adfe001001000324b9dc40a0aafe0010dd
:109f7400251800000180023cd1dc40a0a6fe0010a0
:109f8400251800001000a0af059d073c3cd7e7242e
:109f9400039d063c284cc624039d053cbc4ca524cb
:109fa40069f2400f252000009bfe001025180000d8
:109fb400b5ff8914010042240180033cb8dc63240a
:109fc40021186200390060a093fe401801000324a8
:109fd4000180023cf1dc42241000a2af059d073c45
:109fe4003cd7e724039d063c284cc624039d053c2e
:109ff400e04ca52469f2400f2520000086fe0010e5
:10a00400010003242c00022474ff82102510000098
:10a014008dff00100180063c0800e003251060005d
:020000040000fa
:020000041d00dd
:10a02400b8ffbd275c00a28f2800b2af4400bfafc9
:10a034001000a2af2500a22c4000beaf3c00b7af79
:10a044003800b6af3400b5af3000b4af2c00b3afb6
:10a054002400b1af2000b0af060040105800b28f0a
:10a0640001000224258080002588a0000500a21498
:10a074002598c0000180023c160003245a000010f9
:10a0840004e343ac3c00028e4c00038e2b184300c7
:10a094002b006010010043243c0003ae00004990f3
:10a0a40020000224f7ff2211f7ff22250500422c8d
:10a0b400f4ff4014d5ff22254408027c0b00401411
:10a0c40025a000003c00028e4c00038e2d00343984
:10a0d4000100942e2b1843001d00601023a01400cf
:10a0e400010043243c0003ae000049901c002012f0
:10a0f4004c00038e10000224850122123000022439
:10a10400039d023c9126422421102201000042902a
:10a114002b105100550040140a0002240400601062
:10a12400252800003c00028effff42243c0002aec2
:10a134006e2c410f25200002cfff00100180023c4d
:10a1440060eb400f25200002d5ff00102548400099
:10a1540060eb400f25200002e4ff0010254840007a
:10a1640030000224e6ff22550a0011243c00028e2e
:10a174002b1843002c006010010043243c0003ae64
:10a184000000499020002235780003243500431450
:10a19400000000003c00028e4c00038e2b1843008c
:10a1a40025006010010043243c0003ae00004990e8
:10a1b400039d023c9126422421102201000042907a
:10a1c4001000422c2b004054100011244c00028e2d
:10a1d4004b014010253800001b0060123c00028e29
:10a1e400feff42243c0002ae2538000025f00000aa
:10a1f4004400bf8f2518c0032510e0004000be8f27
:10a204003c00b78f3800b68f3400b58f3000b48f60
:10a214002c00b38f2800b28f2400b18f2000b08fa0
:10a224000800e0034800bd2760eb400f2520000232
:10a23400d4ff00102548400060eb400f25200002a9
:10a24400dbff001025484000ffff42243c0002ae23
:10a25400252800006e2c410f25200002e3ff00108a
:10a2640025380000830020120a0002247a002212fa
:10a274009919153cffff2726039d133c24a8f100e0
:10a28400f500a016912673261700022402102272ec
:10a29400039d033c842663244011427c2110430027
:10a2a4000000568021106902000057902b10f10223
:10a2b400040040100008023c2b10a2026f0040541e
:10a2c4003c00028e2530c002ffff0424ffff05245a
:10a2d4001c00a9afd825410f1800b5af1800a78fef
:10a2e4001c00a98f25f000001400a2af25a860006f
:10a2f40021106902000057902b10f1029e004010bb
:10a304002b10be029d004054039d133c0400d5173e
:10a314001400a28f2b10470098004054039d133c57
:10a324003c00028e4c00038e2b184300600060102a
:10a33400010043243c0003ae000049902520e000c6
:10a344002528c0032530c002e725410f1800a9af16
:10a354002538e20225f06000e5ff00101800a98fff
:10a364004c00038e2b184300360060100100432478
:10a374003c0003ae000042900a00072402186772f2
:10a3840021386900d0fff32425484000d0ff22255e
:10a394000a00422c030040102b107502f0ff4054b9
:10a3a4003c00028e9919153c2538600225f0000006
:10a3b4009a99b536d0ff33250a00622e87004010e3
:10a3c4002b10d5036c004010ffffa2260600c21715
:10a3d4000a0002249999023c9a9942342b10e20013
:10a3e400650040100a0002241900470010b800005c
:10a3f40012b0000002185e7021b87700ffff03243a
:10a404000400e316271013002b1056005b00405481
:10a41400039d133c3c00028e4c00038e2b1843001a
:10a424001000601000000000010043243c0003ae53
:10a4340000004990213876022b40f600ddff001021
:10a4440021f017012520000260eb400f1400a9af92
:10a45400c9ff00101400a98f25980000cbff00103d
:10a464009999b53660eb400f25200002f1ff0010ea
:10a47400254840007fff0010080011244c00038e83
:10a484002b18430006006010010043243c0003ae77
:10a49400000049900438d50282ff001025a8f70077
:10a4a40060eb400f25200002faff00102548400011
:10a4b4002520000260eb400f1800a7af254840009c
:10a4c4009eff00101800a78f4c00038e2b1843002a
:10a4d4005d006010010043243c0003ae000049907d
:10a4e4000210357221a8560021106902000056900e
:10a4f4002b10d102050040101c07023cc7714224f6
:10a504002b10a202f0ff40543c00028e2538a0021a
:10a5140025f0000021106902000055902b10b102b3
:10a52400150040101900f100122000000900c013aa
:10a534001028000019003e02126000002110ac0037
:10a544002b104c001068000021104d000b004054eb
:10a55400039d133c0210d173ffff032425b0800038
:10a5640021b845003e00e316271015002b104400c7
:10a574003c0040503c00028e039d133c9126732600
:10a5840021483301000022912b1051001400405047
:10a594004c00028e3c00028e4c00038e2b184300ac
:10a5a4003e006010010043243c0003ae00004290d2
:10a5b40021106202000042902b105100f5ff40145c
:10a5c4000180023c220003241000be8f04e343ac4c
:10a5d40001004232253840020ba002004c00028eda
:10a5e400050040101000a28f3c00028effff4224a1
:10a5f4003c0002ae1000a28f2b10c203390040149d
:10a604001000a28f03005e142b10f20036004014d9
:10a61400ffff022401004232250040141000a28fe3
:10a62400220080160180023c2200032404e343ac90
:10a634001000a28fffff47262b90f200ffff51244a
:10a64400ebfe001021f0510260eb400f25200002c8
:10a65400a3ff001025484000a3ff001025a8000018
:10a664003c00028e4c00038e2b1843000700601040
:10a67400010043243c0003ae000049902138b60297
:10a684002b40f600a3ff001021f0170160eb400ff0
:10a6940025200002f9ff00102548400060eb400f20
:10a6a40025200002c3ff0010211062021000a28fb7
:10a6b4002b105e00050040141000a28f0900c21781
:10a6c4002b10470208004010ffff02240180023cc7
:10a6d4002200032404e343ac25384002c4fe0010e6
:10a6e4001000be8fffff0224c1fe821623401e000d
:10a6f400233807002b100700bdfe001023f00201d1
:10a70400bbfe601625f00000d2fe001025280000d4
:10a7140096fe2211039d023c7bfe001091264224ea
:020000040000fa
:020000041d00dd
:10a7240020fdbd27dc02bfafd802beafd402b7af55
:10a73400d002b6afcc02b5afc802b4afc402b3af57
:10a74400c002b2afbc02b1afb802b0af25a880005e
:10a75400000206242800a527d894400f24008484ee
:10a76400258040002800a2272000a2af1c00a2af31
:10a77400211050002400a2af1000a0af1400a0af1d
:10a784001800a0af0c0006241000a5276aec400fa7
:10a794001c00a4279f00401025a040004775400fcf
:10a7a4001000a4971000a2a74775400f1200a497a9
:10a7b4001200a2a74775400f1a00a4971a00a2a777
:10a7c4004775400f1600a4971600a2a74775400fbf
:10a7d4001800a4971800a2a74775400f1400a49767
:10a7e4001400a2a71000a2272802a2af2800a227c3
:10a7f4002c02a2af1c00a2273002a2af3402b0a7e1
:10a804003802a0af1200a293030042307f0040142c
:10a8140025980000059d023cac02a2af059d1e3c9c
:10a82400059d023c18d44224b402a2af01000224c4
:10a83400850062122802a38f0200622a39004010a8
:10a844000200022441006052040064907b07072444
:10a85400b402a68f24a9c527d1fe400f25200000ed
:10a864006b0060520100943a3c02a0af01007326d1
:10a8740004000224edff62163802a28f64004050e7
:10a884000100943a2400438c0478037c60006050f7
:10a894000100943a000043940442037c8000633432
:10a8a400000043a42a0040a0260043900200601048
:10a8b400010003242a0043a02700439005006050b0
:10a8c4001800438c2a004390020063342a0043a0fa
:10a8d4001800438c02006014b0040324180043ac35
:10a8e4001c00a38e080043ac0c0043ac2600a496c5
:10a8f400ffff84242026047c2600a4a6272004002d
:10a904004b010724059d063cb0cbc624059d053ca0
:10a9140024a9a524d1fe400fc22704003b00001047
:10a9240025a000004d0062122802a38f0300022418
:10a93400c7ff62167b0707240a0064900b0062902d
:10a94400001202000400001025104400050062906b
:10a954000012020025104400c1ff4010ffff4224f2
:10a96400ffff423001004224b002a2af25b800002c
:10a974004002a0a33002a28fa002a2afa402a2af01
:10a984004002b12725b000009e02a0a301000624c6
:10a994009e02a527a402b28f6aec400f2520400234
:10a9a4001a0040109e02b093f9000012c000023257
:10a9b400c000032430004314010006249402a0a321
:10a9c4009402a5276aec400f252040020f00401096
:10a9d40000821000003f10329402a6932c02a28f32
:10a9e4003402a3978802a2af8402a2af21104300cd
:10a9f4008c02a2af21300602252800006aec400f29
:10aa04008402a4271a0040148402a2270100943a65
:10aa1400ff00943225108002dc02bf8fd802be8f63
:10aa2400d402b78fd002b68fcc02b58fc802b48fd0
:10aa3400c402b38fc002b28fbc02b18fb802b08f10
:10aa44000800e003e002bd2706006490070062905e
:10aa540000120200c0ff001025104400080064909a
:10aa64000900629000120200bbff00102510440090
:10aa7400c5ff0010a402a2af3300201225900002eb
:10aa84008002a227231051002a18500018006010d9
:10aa94002380020217004014259040001200005247
:10aaa40021801202a802b2af2590000227201200d2
:10aab400de080724ac02a28f08d4462424a9c527a3
:10aac400d1fe400fc2270400253040022528000093
:10aad4006aec400fa402a48fccff401025804002f2
:10aae400a802b28f21801202a7ff001021b0d00269
:10aaf4002580000027201200cf080724ac02a28f73
:10ab040008d4462424a9c527d1fe400fc227040037
:10ab140025304002252820026aec400fa402a48fad
:10ab2400baff4010218832028002a2272b10220291
:10ab3400daff40102e000224000022a20100d626d3
:10ab4400d6ff001001003126d8ff0010a802a0afe4
:10ab5400980000104002b127adff50540100943a10
:10ab64007e000010000000009402a0af9802a0af85
:10ab74009c02a0a70a0006249402a5276aec400fb1
:10ab8400a002a48fa2ff40500100943a4775400fe1
:10ab94009602a4979602a2a74775400f9c02a49719
:10aba4009c02a2a74475400f9802a48f9802a2affa
:10abb4004775400f9402a4973c0000169402a2a784
:10abc4009c02a697252800006aec400fa002a48fdf
:10abd4008eff40100100f72669000010b002a28f1a
:10abe4001c000324f6ff43149c02a39710000224c4
:10abf400f4ff62149c02a6972a00029202004230db
:10ac0400f1ff401025280000270002922200a3969d
:10ac14002b104300eaff4010100006248402a0af6a
:10ac24008802a0af8c02a0af9002a0af8402a52737
:10ac34006aec400fa002a48f74ff40108402a68f18
:10ac4400270003921400028e001903002110430010
:10ac54008802a58f8c02a48f9002a38f030046a8bc
:10ac6400000046b8070045a8040045b80b0044a8f6
:10ac7400080044b80f0043a80c0043b89802a28f00
:10ac84001800038e2b20430004008054180002aee9
:10ac94000300605427000292180002ae27000292bb
:10aca4000100422434000010270002a29602a49757
:10acb40001000324c3ff83149c02a697c8ff431416
:10acc4009c02a39704000224bfff621425280000fd
:10acd400260002922000a3962b104300b8ff4010d8
:10ace400040006248402a0af8402a5276aec400f66
:10acf400a002a48f46ff40500100943a260003921c
:10ad04001000028e80180300211043008402a38fd8
:10ad1400000043ac9802a28f1800038e2b2043003e
:10ad240004008054180002ae03006054260002920e
:10ad3400180002ae26000292010042240e00001008
:10ad4400260002a28000423030ff40143802a28f55
:10ad540081ff4014000000003802b0af82ff60168b
:10ad640004000624252800006aec400fa002a48fea
:10ad740027ff40500100943a0100f726b002a28f49
:10ad8400fcfee2564002a0a3b8fe00103c02a0afb5
:10ad9400090020124002a2276dff22122e00022475
:10ada400ffff238204006254000020a2ffff31262b
:10adb400ffffd626000020a214ffc01a2802a28f8b
:10adc4000000439001005190008a1100258823025d
:10add4004002a527b5d9400f0000a48e04004010fe
:10ade4002580400024004294d6ff51500000029672
:10adf4003802b08fd9ff0012000000000000029654
:10ae04008000423002ff40540100943ad3ff001006
:04ae1400000000003a
:020000040000fa
:020000041d00dd
:10ae180068ffbd27a400a7af0000c0d41000a28c13
:10ae28007800beaf1800a0f7000080441800a1d732
:10ae38000000e0446400b3af3c0820466000b2afb5
:10ae48005c00b1af5800b0af7c00bfaf7400b7afc3
:10ae58007000b6af6c00b5af6800b4af8800b6f745
:10ae68008000b4f79800a4af2588a0000000b28c39
:10ae78000400be8c0800b38c4000a2af0800014556
:10ae88000c00b08c040042323900401408005432df
:10ae98000f00801225b060020a0000102000022472
:10aea8001800a28f1c00a38f2000a2af0080023cd4
:10aeb800261043002400a2af2000a1d72d000224b1
:10aec8001800a1f7000002a2ffff76260100142453
:10aed8001c00a28f1800a48f2118140200f0427cd5
:10aee800270080142800a3aff07f033c25004314fb
:10aef800f07f053ca400a28fbfff51241a00312e19
:10af08001d002012059d053c059d053c18d5a5246e
:10af1800ba2d410f2800a48f392b410f252000029c
:10af28009800a48f1000b2af2538600225280002cf
:10af380079ce400f253040007c00bf8f7800be8f4f
:10af48007400b78f7000b68f6c00b58f6800b48f2f
:10af58006400b38f6000b28f5c00b18f5800b08f6f
:10af68008800b6d78000b4d70800e0039800bd2752
:10af7800d4ff00102b000224e5ff00101cd5a524e7
:10af8800f07f053c0100a3242b1843000500605006
:10af9800a400a28f0c0045141800a1d70a00801045
:10afa800a400a28fbfff51241a00312e04002052a2
:10afb800059d053c059d053cd5ff001020d5a52421
:10afc800d3ff001024d5a524059d053c059d023c12
:10afd800320920462c00a2af48c0b4d41f00044553
:10afe80025a80000a400a48f3032410f2000a5af8f
:10aff8002014027c2000a58f3401c00767000424b8
:10b008002900441425b840000100c05301001e2443
:10b01800fcffa42a030080142a20be022501801404
:10b02800000000002a0000106500172406052046cd
:10b038000100b52602a022461800a1d73c0a2046e6
:10b04800faff08452c00a38f059d043c251000003d
:10b0580058c080d40f00001050c062d4f5ff001013
:10b0680050c042d4d4fea42a0800805003a522462a
:10b07800050040141800a1d702a5204601000224ab
:10b08800420820461800a1f703a52246ffffb5266f
:10b098001800a1d73c0b3446f2ff0d45a400a48f3d
:10b0a800d1ff001000000000660004240800e41628
:10b0b8000100de270300a1066700042448c0b4d4b9
:10b0c80025a80000020044106600172421f0d503cb
:10b0d8001800a0d786a52046252800002000a0f744
:10b0e8002000a0d74c00a5af4800a2af8deb400fc1
:10b0f800030336462000a28f0080073c4d002046ff
:10b108003000a2af2400a28f4400a1e786b32046f6
:10b118002610e2003400a2af3000a1d70603204673
:10b12800e82e400f1000a1f700006d440080073c96
:10b138002610ed002400a2af2c00a28f4c00a58f92
:10b1480000000c4450c040d40100a5242000acaf3e
:10b1580083b52046e2ffc5174800a28f059d043c31
:10b1680060c08ed42000a0d782b32e463c042e4661
:10b178005e00114532052e46050014454400a38f94
:10b18800000080440000e04401006430920324463b
:10b198002c00a38f1800a0d750c076d400002e46ec
:10b1a80082a53646000004443eb6204652001845a3
:10b1b80000006544660007245000e7160100b52624
:10b1c8000100de272548a00223183e011800a3af7e
:10b1d80025f0800225600000257800001800a38f64
:10b1e800060069102568c00310002a8efbff4a2557
:10b1f8002b50ca0346004055000084440600e01561
:10b20800100042320400401021680d022e00022472
:10b218000100de270000a2a121201e0265000224f1
:10b228002200e216000080a00300a10625280000e5
:10b2380023a81500010005244000a28ffeffcc269c
:10b248000a000b24ffff422421480202000020a12b
:10b25800020009248600a016213089018400201ddf
:10b268002b0003242d0009240b1825012528600034
:10b2780021180202ffff65a0a400a38ffeff42244d
:10b2880021280202bfff71241a00312e4500032431
:10b298000bb871002a38c2030000b7a00300e01001
:10b2a800feffd624ba2d410f0000000003004232f1
:10b2b8000200032418ff43140000000016ffc01a00
:10b2c80000000000392b410f252000022a185400e5
:10b2d800710060102530c0022800a48fb02d410fe6
:10b2e800300005240cff00102598000000708044f1
:10b2f800a7ff00100070e04486a520466500e93ae3
:10b308002518a0020a180900afff001025486000a0
:10b318005000a2af0000e5444c00acaf0303364632
:10b328004800afaf4400a9af3000adaf2000a4afd4
:10b338008deb400f2400a5af4d00204600080a44bd
:10b3480009000e240a0058290a50d80110004e326c
:10b358002570ca012000a48f2400a58f3000ad8f6e
:10b368004400a98f4800af8f4c00ac8f0b00c0156c
:10b378005000a28f67000e2408004e140000000041
:10b388001d00200501008e252568c00321c01e026e
:10b39800257080010f00001030001924fbffe055d4
:10b3a8002568c003f9ff23052568c00321680d023d
:10b3b8002e000e240100de27ffffd6260000aea1d6
:10b3c800f1ff001001000f24000019a3ffffce2594
:10b3d80001001827fcffc015ffffc62621680d02d3
:10b3e8000100c7272168ac0130004a2523b0cc00f2
:10b3f80021f0ec000000aaa100800a3c4c00a2af9a
:10b40800261045013800a4af3c00a2af3800a1d7f0
:10b4180086b32046060320461000a1f74800aeafc9
:10b428004400afaf3000a9af2000a4afe82e400f12
:10b438002400a5af2c00a28f00000c4400006d442e
:10b448003000a98f50c040d44800ae8f00800a3c1d
:10b458002520800126284d0183b52046ffff292598
:10b468002560c0014c00a28f5cff00104400af8f24
:10b478001a00ab02f4016001ffff422421300202ee
:10b48800ffff29251050000030004a250000caa0ff
:10b4980070ff001012a8000021180202000064804a
:10b4a8002118c20221180302000064a087ff0010bf
:10b4b800ffff422403ffa10667000424fafe0010e0
:10b4c80066001724d2fe001006001e24d0fe441089
:0cb4d80006001e24f4fe001025b8400001
:020000040000fa
:020000041d00dd
:10b4e400e8ffbd270000bfaf0400b0af0800b1af54
:10b4f4000c00b2af1000b3af1400b4afce2e400fa7
:10b5040025a0800000000000b42e400f25804000dc
:10b5140000000000832e400f25884000000000003a
:10b52400722e400f25904000000000002598400036
:10b534000060084025480001feff01242440010169
:10b544000400083500608840c000000000d080403e
:10b5540000e08040c00000000000043c000084249f
:10b5640001008014009d043c040000122128900076
:10b5740021209200feff8514fcff88bc0000043cdf
:10b5840000008424010080140080043c0400201284
:10b594002128910021209300feff8514fcff89bc23
:10b5a4000f00000000800840070008350700083934
:10b5b400254014010080884000608940c0000000dc
:10b5c4000000bf8f0400b08f0800b18f0c00b28f51
:10b5d4001000b38f1400b48f0800e0031800bd27d7
:10b5e40000000000f8ffbd270000bfaf852d400f0d
:10b5f40000000000b12d400f00000000000000001a
:10b604000000bf8f0800e0030800bd270000000011
:10b61400f8ffbd270000bfaf722e400f00000000ee
:10b6240000000000255840000b00601100000000dd
:10b634000900a01821488500ffff6a252750400112
:10b6440024408a00ffff292524482a01000015bd53
:10b65400feff091521400b010000bf8f0800e00325
:10b664000800bd2700000000f8ffbd270000bfafa1
:10b67400722e400f0000000000000000255840001a
:10b684000b006011000000000900a018214885008b
:10b69400ffff6a252750400124408a00ffff292527
:10b6a40024482a01000011bdfeff091521400b01a9
:10b6b4000000bf8f0800e0030800bd270000000061
:10b6c400f8ffbd270000bfaf832e400f000000002d
:10b6d40000000000255840000b006011000000002d
:10b6e4000900a01821488500ffff6a252750400162
:10b6f40024408a00ffff292524482a01000010bda8
:10b70400feff091521400b010000bf8f0800e00374
:10b714000800bd2700000000f8ffbd270000bfaff0
:10b72400d22d400f00000000f72d400f0000000054
:10b73400000000000000bf8f0800e0030800bd27e0
:10b7440000000000f0ffbd270000b0af0400b1af5f
:10b754000800bfafb42e400f00000000000000003e
:10b76400258040001600001200000000722e400fd9
:10b774000000000000000000258840001000201296
:10b78400000000000000043c000084240200801437
:10b79400000000000080043c0900001a21489000c9
:10b7a400ffff2a262750400124408a00ffff292555
:10b7b40024482a01000001bdfeff091521401101a2
:10b7c4000000b08f0400b18f0800bf8f0800e003b1
:10b7d4001000bd2700000000f0ffbd270000b0af3f
:10b7e4000400b1af0800bfafce2e400f0000000030
:10b7f4000000000025804000160000120000000038
:10b80400832e400f00000000000000002588400047
:10b8140010002012000000000000043c00008424fa
:10b824000200801400000000009d043c0900001a7e
:10b8340021489000ffff2a262750400124408a0017
:10b84400ffff292524482a01000000bdfeff091539
:10b85400214011010000b08f0400b18f0800bf8f98
:10b864000800e0031000bd2700000000f8ffbd271a
:10b874000000bfaf722e400f000000000000000067
:10b88400255840000b006011000000000900a018ba
:10b8940021488500ffff6a252750400124408a0083
:10b8a400ffff292524482a0100001dbdfeff0915bc
:10b8b40021400b010000bf8f0800e0030800bd27f2
:10b8c40000000000f8ffbd270000bfaf832e400f2b
:10b8d4000000000000000000255840000b0060112b
:10b8e400000000000900a01821488500ffff6a2518
:10b8f4002750400124408a00ffff292524482a01bb
:10b9040000001cbdfeff091521400b010000bf8f84
:10b914000800e0030800bd27000000000c00a01888
:10b92400214885003b08067c0900c010ffff29253b
:10b93400ffffca242750400124408a0024482a01da
:10b9440000001f05feff0915214006010f0000003d
:10b954000804e00300000000008009400080013c6e
:10b96400244021010600001100000000018009406c
:10b9740080032f31c2790f000100ef252510e0016b
:10b984000800e003000000000000000000800940ff
:10b994000080013c24402101070000110000000048
:10b9a400018009400700013c2460210102640c006d
:10b9b40001008c25251080010800e0030000000030
:10b9c40000000000008009400080013c2440210167
:10b9d4000a0000110000000001800940001c283109
:10b9e4000600001100000000824208000100082542
:10b9f40001000e2404700e012510c0010800e003ac
:10ba04000000000000000000008009400080013cac
:10ba1400244021010b0000110000000001800940b6
:10ba24003800013c24402101060000110000000000
:10ba3400c24408000100082501000b2404580b012e
:10ba4400251060010800e003000000000000000071
:10ba5400008009400080013c2440210108000011bd
:10ba6400000000000180094000e028314243080042
:10ba74000600082501000f2404780f012510e001b9
:10ba84000800e003000000000000000000800940fe
:10ba94000080013c24402101090000110000000045
:10baa40001800940c001013c244021018245080075
:10bab4000600082501000c2404600c0125108001f7
:10bac4000800e0030000000000000000f0ffbd27b4
:10bad4000000b0af0400b1af0800b2af0c00bfafbc
:10bae400722e400f0000000000000000572e400f8f
:10baf4002580400000000000952e400f258840005e
:10bb040000000000259040001900110212400000be
:10bb140019004802121000000000b08f0400b18f19
:10bb24000800b28f0c00bf8f0800e0031000bd278f
:10bb340000000000f0ffbd270000b0af0400b1af6b
:10bb44000800b2af0c00bfaf832e400f000000000e
:10bb540000000000642e400f25804000000000001b
:10bb6400a42e400f258840000000000025904000ce
:10bb740019001102124000001900480212100000be
:10bb84000000b08f0400b18f0800b28f0c00bf8f8b
:0cbb94000800e0031000bd2700000000c6
:020000040000fa
:020000041d00dd
:10bba00068ffbd2700600644006067443000a4279a
:10bbb0009800acf78400bfaf6000b0af8800b4f766
:10bbc000a000aef7a800b4d78000beaf7c00b7af2e
:10bbd0007800b6af7400b5af7000b4af6c00b3af0f
:10bbe0006800b2afa3ff400f6400b1afa000aed7b2
:10bbf0002000a42700700644a3ff400f0070674494
:10bc000000a0064400a06744a3ff400f1000a42733
:10bc10003800b08fa000aed7cb03022a0500401039
:10bc20009800acd72800a68fcb03c228030040148d
:10bc30001800a28f0600001021658e4ecb0343280a
:10bc400011006014cb0303240100435421658e4e80
:10bc50008400bf8f06a020468000be8f7c00b78f77
:10bc60007800b68f7400b58f7000b48f6c00b38ffe
:10bc70006800b28f6400b18f6000b08f8800b4d7c5
:10bc80000800e0039800bd273000a88f2000aa8f8d
:10bc90002400a48f3400ac8f19000a012180060211
:10bca00023905000127000004000aeaf4000b78fec
:10bcb000107800004400afaf4400a38f19000401c6
:10bcc000124000001048000019008a0112500000c4
:10bcd00021b00a012b28c8021058000021502b0166
:10bce0002128aa00190084012158c3022b206301d6
:10bcf00012600000212885012120a40010680000a6
:10bd00002b50ac0021504d012b1885002588800058
:10bd1000a500401a21506a004000432a1000a98f54
:10bd20006d0060101400a88f252020012528000137
:10bd3000253040025400aaaf5000abafa000aef7d0
:10bd40009800acf74c00a9afe725410f4800a8af19
:10bd50004c00a98f4800a88f400006242520200110
:10bd6000252800012330d20025984000d825410f16
:10bd70004000a3af4000a78f9800acd7a000aed77b
:10bd80005000ab8f5400aa8f25484000254060002a
:10bd90002c00a28f3c00b28f269042021c00a28f82
:10bda000ac00521421f077022b18d30321b0eb0022
:10bdb00021b076002b10c7020700401401000524b3
:10bdc0000500f654252800002b98d30303006016c5
:10bdd00021a031012528000021a031012b1089026a
:10bde00021180a0121a0b400211843002b28850244
:10bdf00021a8a30025208002fc0f410f2528a002c6
:10be0000ffff5124400006242330d1002520c00329
:10be1000d825410f2528c002253020022520800288
:10be20002528a00225b84000e725410f259860008d
:10be3000253020022520c0032528c00225b8e202b3
:10be4000e725410f25986302251043002b100200bf
:10be5000400010262510e202252040000600401276
:10be600025286002233002002b1806002338130017
:10be70002520c0002328e300000084442330110261
:10be80000000e544c4fbc328ce0060102103a04697
:10be9000c3fb0324cf00c354802d1300ac00401219
:10bea000059d033c70c062d432102c46ab000045a7
:10beb000401d0200059d023c78c040d4059d023c17
:10bec00080c054d40263204620632046216300468c
:10bed0005fff001002653446c0ff5226c0ff5024a9
:10bee00025980000aaff4012253800004000422a91
:10bef000500040105800aaaf4000a48f4000152405
:10bf000023a8b202252860012530a0025400a7af63
:10bf10005000a8af4c00a9afa000aef79800acf756
:10bf2000e725410f4800abaf4800ab8f4000a48f1e
:10bf30002530400225286001d825410f25b843004f
:10bf40005800aa8f252020022530a0022528400174
:10bf50002bb8170025b0600025b8e202e725410f95
:10bf60004800aaaf4800aa8f2558c3022520200206
:10bf700025284001253040024000abafd825410fb5
:10bf800025b8e20225884000255060004000ab8fb4
:10bf90009800acd7a000aed74c00a98f5000a88f56
:10bfa0007bff00105400a78f23900202050040166b
:10bfb0001000b38f1400a78f2548000074ff0010f5
:10bfc000254000004000422a1f0040101000b48f9e
:10bfd0001400b58f400006242330d20025208002b3
:10bfe0002528a0024800aaaf4000abafa000aef7e2
:10bff000e725410f9800acf725104300253040029b
:10c00000252080022528a002d825410f2b98020068
:10c010002598620225386000254800002540000070
:10c020009800acd7a000aed74000ab8f58ff0010ef
:10c030004800aa8f01001724255800002588000019
:10c0400053ff00102550000001001324daff0010f8
:10c050002538000023f0f3022b18fe0223b06701fd
:10c0600023b0c3022b107601010005240600401402
:10c07000253000000400cb56252800000300601482
:10c080002360290225280000236029022ba82c0206
:10c09000231848012318750023a085012b60940103
:10c0a0002318660023a86c001200a106232031018a
:10c0b00023f077022b987e0223b0eb0023b0d3024b
:10c0c0002b10240123180a0125a0d60321a88500de
:10c0d000231862002ba014002b20a4022118660054
:10c0e00023a0b402211883002ba8b40223a8750052
:10c0f0000100522e251095023eff40142510d60354
:10c10000d3fe405021658e4e2520c003fc0f410f09
:10c110002528c002ffff512407002106c01f16007a
:10c1200042101e00251062000100de3325105e0063
:10c1300049ff001042981600253020022520c00338
:10c14000e725410f2528c00243ff00102598600015
:10c15000059d033c54ff001068c062d419006010b4
:10c16000c01f13004220020025206400010042305d
:10c1700042981300254082000040023c0600401215
:10c1800025485300231008002b1802002320090023
:10c19000254040002348830000008844059d023c60
:10c1a0000000e94480c04cd42100a0460000204695
:10c1b0000100224602032c468100204602632c46e1
:10c1c0002163024cc6ff400f00000000a0fe0010db
:10c1d0000605204680250200821202002b20040062
:10c1e0002510a20025108200823d02000448137c25
:10c1f0002528f300060040128022020023100400cc
:10c200002b18020023380500252040002328e300d6
:10c21000000084440000e544eaff00102103a0462a
:020000040000fa
:020000041d00dd
:10c2200098ffbd276400bfaf6000beaf5c00b7af32
:10c230005800b6af5400b5af5000b4af4c00b3af28
:10c240004800b2af4400b1af4000b0af0800908cde
:10c250005c010012259800000400978c5a01e0123e
:10c26000251060022800e28e570140102510600260
:10c270000c00958c5501a0126400bf8f1000968ca5
:10c280005101c012258880000180023c0000888c8a
:10c290001400238ed0e148acd0e14224040057ac16
:10c2a000080050ac0c0055ac100056acc335410f23
:10c2b000140043ac5c8182af0000a38e0100022415
:10c2c00067016210ffffc3262510a002ffff0524af
:10c2d00001000424ffff632425006514259000005d
:10c2e000252800008521410f2520400225a040007f
:10c2f0000180023c24008016f0e154ac2e36410f40
:10c30000010011240b004010000000002c36410fea
:10c310000000000002004012253000000000468ea0
:10c32000029d053c1ce3a52469f2400f2520400036
:10c33000010011242e36410f0000000008004010bb
:10c34000000000002c36410f0000000025302002c4
:10c35000029d053c34e5a52469f2400f25204000ec
:10c36000f8ce400f2598000017010010251060023c
:10c37000080042240000468cd7ffc414ffff63244a
:10c38000d7ff00100400528c0000438e0180023c55
:10c39000f4e143ac0800828e7000062425280002d8
:10c3a00009f840002520800210004014748182affb
:10c3b0002e36410f02001124deff40100000000065
:10c3c0002c36410f00000000c03010002330d00098
:10c3d00000310600029d053c4ce3a52469f2400fa4
:10c3e00025204000d3ff001000000000253000028f
:10c3f0002528e0022619410f252080020e00401456
:10c400000180023c2e36410f03001124c9ff401069
:10c41000000000002c36410f000000002530800293
:10c42000029d053c8ce3a52469f2400f25204000c5
:10c43000c0ff001000000000e8e150a4e8e1422441
:10c44000040056a474819e8f2598000025300000ba
:10c450002528c003637e400f2520e00219004054c8
:10c460007000de272e36410f00000000080040104b
:10c47000000000002c36410f000000002530600253
:10c48000029d053cc0e3a52469f2400f2520400031
:10c490002e36410f04001124a6ff401000000000ba
:10c4a0002c36410f0400112425300002029d053c6a
:10c4b00004e4a52469f2400f252040009dff0010f0
:10c4c0000000000001007326e0ff13164000f7266d
:10c4d0007481938f0180033ceae163942528600214
:10c4e0002540000025200000010084242b3090000e
:10c4f000c300c010253080004400a98c7000a52422
:10c500002538a0004400ea8c040049150100c62427
:10c5100001006324ffff633025404000f9ff061649
:10c520007000e724f1ff0010010084242e36410f33
:10c53000050011247fff4010000000002c36410f41
:10c54000000000000180033ceae16694029d053c86
:10c5500044e4a52469f2400f2520400075ff001037
:10c56000000000001800978cb700d7140100a52424
:10c570002e36410f060011246eff4010000000000f
:10c580002c36410f060011242530e002029d053ca7
:10c5900088e4a52469f2400f2520400065ff0010c3
:10c5a000000000002b205000ab008014010042244a
:10c5b000708180af1800a0af1c00a0af2000a0af1a
:10c5c0002400a0af2800a0af0180023ce8e1429423
:10c5d000220040106700732625b80000059d023c2c
:10c5e00024d042243400a2af029d023ccce4422479
:10c5f0003c00a2af0180023c3800a2aff1ff77a659
:10c60000feff6792803807001800a227211047001c
:10c610003000a2af00005e8c1000beaf3400a38fcc
:10c620000a38677c3c00a68f07000524d800410f1c
:10c6300025206002060060a20100de273000a28fe4
:10c6400000005eac0100f7263800a28fe8e14294ba
:10c650002b10e202e9ff40147000732670020624da
:10c66000252800000180043cb02d410fd0c984244e
:10c67000508180af0180023c0000478e0400468e4e
:10c680000800458e0c00448e1000438e18e247ac23
:10c6900018e24224040046ac080045ac0c0044ac4f
:10c6a000100043ac0180123c5cda52269000532605
:10c6b0001235410f252040020c005226fcff531674
:10c6c000000000002036410f25b80000b435410fae
:10c6d0003c8182a70180023cfee140a07481928fe0
:10c6e0000400318e01801e3c7603410f2000248e11
:10c6f00025984000251840004408037c01000224ce
:10c700000e006210e8e1c4272e36410f0800112404
:10c7100008ff4010000000002c36410f0000000010
:10c7200025306002029d053cd4e4a52469f2400f47
:10c7300025204000fffe001000000000170093a01d
:10c74000100092ac58004296140082a42538c00212
:10c750002530a0022f59400f252820022600401026
:10c7600025984000700052260100f7262b10f00299
:10c77000ddff4014400031261800828e09f8400089
:10c7800025208002258040000008422c0e00401029
:10c79000251060022e36410f000000000200422cde
:10c7a00009004014251060022c36410f00000000e3
:10c7b00025300002029d053c08e5a52469f2400fe2
:10c7c00025204000251060026400bf8f6000be8fee
:10c7d0005c00b78f5800b68f5400b58f5000b48fef
:10c7e0004c00b38f4800b28f4400b18f4000b08f2f
:10c7f0000800e0036800bd27cefe001009001124e8
:10c80000020000110180023ceae143a40180023ce5
:10c81000eae1429445ff40147000632601000224bf
:10c82000a8ff668c5fffc010252060002b285000f9
:10c8300060ffa050708180af1800778c4cffd7103c
:10c84000252840000100a5242b38b00045ffe05406
:10c850007000842401004224f1ff00107000632462
:08c86000c7fe00102510a00224
:020000040000fa
:020000041d00dd
:10c86800a8ffbd275400bfaf5000beaf4c00b7af04
:10c878004800b6af4400b5af4000b4af3c00b3af1a
:10c888003800b2af3400b1af3000b0af25988000a7
:10c898005c00a5af0000848c1c00a4af0000a2803f
:10c8a8002f000324450043502f0004245c00032478
:10c8b800420043502f0004241800828c080062ae06
:10c8c8005c00a28f000042902000422c3d004014e2
:10c8d800059d023c2000a2af059d023c2400a2afaa
:10c8e800049d023c2800a2af5c00a28f1000a2affa
:10c8f8000000628e0c00568c25880000b617410f88
:10c908001000a427ffff0324900043100100033cfc
:10c918002b18430005006014401811002118c302a9
:10c9280002240200000064a401003126ffff5030f9
:10c938002000032e3e006054040010242f0003241e
:10c94800510003122f0004245c0003243100031259
:10c958001000a28f8000032e060060102528000218
:10c968002000a28f0f29410f74d044241a004014cc
:10c9780006000224ff00222e1700401006000224a1
:10c98800401011002110c202000050a4dbff00106b
:10c9980001003126010042245c00a2af5c00a28f96
:10c9a80000004280fbff44505c00a28ff9ff431057
:10c9b8005c00a28fc2ff0010080060aef7ff0010f5
:10c9c8005c00032480ff02242f0062a225280000b7
:10c9d800e9b2400f252060025400bf8f5000be8f7f
:10c9e8004c00b78f4800b68f4400b58f4000b48f15
:10c9f8003c00b38f3800b28f3400b18f3000b08f55
:10ca08000800e0035800bd27010042241000a2af2f
:10ca18001000a28f00005080fcff04520100422445
:10ca2800f9ff0312ff0010322000102e8080100042
:10ca38001000a28f5c00a2af01000224140022168d
:10ca48002e0002240000c3961a0062104010110044
:10ca5800401011002110c202200005242e000424d9
:10ca6800feff439404006550ffff3126390064142b
:10ca780040181100ffff3126f9ff2016feff42245f
:10ca8800320000100000c0a6e1ff00105c00032483
:10ca9800020002242a0022162e0002240200c39655
:10caa800ecff6254401011000000c396e8ff6214c6
:10cab8004010110021b0c2020000c0a625100000dd
:10cac8002e000624200005240b0004242b185100f6
:10cad8002538a0000b38c3002518e0002138620271
:10cae80001004224f9ff44142400e3a0200010367a
:10caf8002f0070a2a76c400f25206002ce004014c2
:10cb08002f00639204006330b4ff60145400bf8f99
:10cb18000600629210004230b0ff40100500022467
:10cb28001c00a48f380085241400628eff01423057
:10cb3800e523410f2128a2006bff0010080062ae18
:10cb4800c4ff2056401011000000c0a6a2ff00102c
:10cb5800060002242110c302fcff2012000040a49a
:10cb68000000c49620000524340085140200c52660
:10cb780025a80000200006240200a524feffa49496
:10cb8800fdff86100100b5260500a05603001036eb
:10cb98002e000524040085542118c3020300103612
:10cba800ff0010322118c302feff64942e000324f4
:10cbb8000500835020000324ffff312621002016a2
:10cbc800feff422420000324240063a2250063a260
:10cbd800260063a2270063a2280063a2290063a29b
:10cbe8002a0063a22b0063a22c0063a22d0063a27b
:10cbf8002e0063a208001e2425b8000025a000000e
:10cc0800401015002110c202000052947c0040120e
:10cc180020000224060042120100b5262e0002243c
:10cc28000d0042162b10fe020b00b112000000008e
:10cc380003001036f2ff0010ff001032d4ff00107e
:10cc480025a80000feff4494dcff8354ffff312633
:10cc5800ddff001020000324200040100b000224f8
:10cc68008300b1128000422e1000401402000236e8
:10cc7800ff0042301800a2afb50105248c0d410f0a
:10cc88002520400225904000800042303c004010a2
:10cc98002800a28f7f005232701942248a91527c58
:10cca8000a0040121800a28f1800b08f25284002f1
:10ccb8002400a28f0f29410f80d044244200401045
:10ccc800bfff42261800b0af1800a28f03005034ef
:10ccd800ff001032380000105f0012241c00c21739
:10cce800000000000300103624006392e5000224cf
:10ccf8004f006210ff0010320c0082320c00032437
:10cd08000400431003008232030003240400431488
:10cd18000200023202001036ff0010320200023216
:10cd280009004014010082320300401004009432cc
:10cd380010001036ff0010326eff80522f0070a2d4
:10cd480008001036ff0010326aff00102f0070a292
:10cd58000600b15280a01400030010362ba835023b
:10cd68002700a016ff00103280a01400ff009432a4
:10cd780025a820020b001e24a1ff0010080017247c
:10cd88000001422ec6ff4014ffffc2272b10e2020b
:10cd9800050040142110770203001036ff001032fe
:10cda80097ff001025b8c003021a1200240043a000
:10cdb8000100f7261800b08f21107702240052a036
:10cdc8008fff00100100f726ffff42301a00422ca7
:10cdd800030040109fff4226f7ff00100200943620
:10cde800ffff42301a00422cf4ff40102110770256
:10cdf80001009436e0ff5226f0ff0010ffff523288
:10ce080024006392e500022404006214080002244e
:10ce180005000224240062a208000224b7ffc217fa
:10ce28000c00823280a01400b3ff0010ff0094327f
:10ce3800f7ff00100b001e2404000424e7fe44142e
:10ce48005400bf8f20006430060080100400633057
:10ce5800a5fe601080ff02242f0062a2defe0010f3
:10ce68002510000005000424dbfe00100a108300d2
:10ce78000b0002249cffc25303001036bbff0010b6
:04ce880080a0140072
:020000040000fa
:020000041d00dd
:10ce8c002518e0000400c78c0000c68c70ffbd277d
:10ce9c008000baf70000864400d080440000e744cc
:10ceac0000d0e0441000a28c3c003a464c00b3afda
:10cebc004800b2af4400b1af4000b0af6400bfafa8
:10cecc006000beaf5c00b7af5800b6af5400b5af52
:10cedc005000b4af7800b8f77000b6f76800b4f73c
:10ceec009000a4af0000b28c0400b18c0800b38c8d
:10cefc002000a2af080001450c00b08c04004232a7
:10cf0c0037004014080057320d00e01225f0600283
:10cf1c0008000010200002240080023c261047006c
:10cf2c001c00a2af1800a6af1800a68f1c00a78f7c
:10cf3c002d000224000002a2ffff7e260100172410
:10cf4c00bfff65242548c00000f0e27c2800c01417
:10cf5c001a00a52cf07f033c26004314f07f0a3cfa
:10cf6c00212017022000a010059d113c059d053cb9
:10cf7c0008d5a524ba2d410f000000000cd524269d
:10cf8c00392b410f000000009000a48f1000b2afad
:10cf9c00253860022528000279ce400f253040004c
:10cfac006400bf8f6000be8f5c00b78f5800b68fd7
:10cfbc005400b58f5000b48f4c00b38f4800b28f23
:10cfcc004400b18f4000b08f8000bad77800b8d73a
:10cfdc007000b6d76800b4d70800e0039000bd27f6
:10cfec00d4ff00102b000224e2ff00100cd52526e4
:10cffc00f07f0a3c010043252b184300050060100c
:10d00c00212017020d004a54000086440b002051c9
:10d01c00000086440700a010059d113c059d053cb1
:10d02c0010d5a524ba2d410f00000000d4ff00102c
:10d03c0014d52426fbff001014d52526300002241d
:10d04c000000e744000082a032013a465800032455
:10d05c0078000224059d093c0b10650025a80000f2
:10d06c00a9000445b0b734d500c086440000342a6a
:10d07c00180009240a48340286a5204600c0e7445b
:10d08c00010082a0010034252510000003c33646a0
:10d09c003000a5af2400a2af1800a6af1c00a7afac
:10d0ac008deb400f059d163c820036462400a28f66
:10d0bc002800b6af1800a68f010042241c00a78fd1
:10d0cc003000a58f01c62246c8b7c2d6040021067f
:10d0dc0082b5224632c53a4603001545059d043cef
:10d0ec00eaff8216059d043cd0b782d482b022465a
:10d0fc003cc62246a000194532c7224608001e45f0
:10d10c00000086440d0020460000044400008044ca
:10d11c00010084300000e044920024460000864464
:10d12c000200f7260000e744000022461800a0f792
:10d13c001c00a38f1800a48f0400801400f0667ce0
:10d14c00f07f043c87ffc41021201702231002003b
:10d15c00feffc6272400a2af25f0e0022510000038
:10d16c0025a0000025b000002000a38ffbff642445
:10d17c002b20c4031c0080102538c0031800a0d736
:10d18c003c00a5af3800a6af030334462c00a2af79
:10d19c008deb400f3000a7af4d0020460008044433
:10d1ac003000a78f2c00a28f3800a68f750080143a
:10d1bc003c00a58f7c00c0522ba01400010042241f
:10d1cc00020034461800a1d72800a38fffffd626f3
:10d1dc00010820461800a0f7c8b760d42400a38f1c
:10d1ec00e1ff761402a520461400801621201e02b1
:10d1fc00a600405010004232a300201a0100473212
:10d20c00a100e0142e000724000087a021385e0046
:10d21c002138070230000924010089a00100842470
:10d22c00feff8754010089a021f05e002710020048
:10d23c000100de272130460021201e02000080a0c4
:10d24c000300a1062510000023a8150001000224ec
:10d25c002000a38fffffc62401000b24ffff7124c5
:10d26c00213811020000e0a00a000a240100072462
:10d27c007400a01621a0c7007200eb102b00032431
:10d28c002d0006240b18c200251060002118110275
:10d29c00ffff62a0feff312650000724700002241d
:10d2ac000a384500212811022a88d10303002012d4
:10d2bc000000a7a0ba2d410f00000000030042326d
:10d2cc00020003240c004314feff91262cff201aad
:10d2dc0025200002392b410f252000022a18570067
:10d2ec00620060102530200230000524b02d410f63
:10d2fc00212017022598000021ff00102520000294
:10d30c00060520460100b52600a0344600088644d8
:10d31c000008e7443c0a2046f9ff0845059d093cf6
:10d32c00b8b720d5059d093cc0b722d506012046cb
:10d33c00000886440008e7443c0c34464bff124579
:10d34c0000c0864482a1204632333a4608000e457e
:10d35c0002a524460008864402a522460008e7449c
:10d36c0042082246000806440008674402a52446e9
:10d37c00efff0010ffffb5260010804467ff001080
:10d38c000010e044090080162558c0030700c012a5
:10d39c002e000924213807020100de27ffffc624d6
:10d3ac000000e9a0010014242558c00321601e02ce
:10d3bc00253840000300001030000d24ffffe72447
:10d3cc0001008c25fdffe05400008da121584b007d
:10d3dc00ffffc6240100de270a0087282330c20085
:10d3ec0021f0c20321580b020200e01057008224e6
:10d3fc00300082241100a050000062a120004734ac
:10d40c009fffe7241a00e72c0c00e050000062a1fb
:10d41c00252040003c00a5af3800abaf2c00a6afd8
:10d42c003732410f3000a0f73c00a58f3800ab8f8e
:10d43c002c00a68f3000a0d7000062a160ff001066
:10d44c00251000001a00aa02f4014001ffff31264a
:10d45c0021601102ffffe72410480000300029254d
:10d46c00000089a182ff001012a8000021180202fe
:10d47c00000064802118820221180302feff64a0c0
:10d48c0096ff0010ffff4224100042326bff405009
:10d49c0021201e022e0002240100de2766ff001050
:04d4ac00000082a05a
:020000040000fa
:020000041d00dd
:10d4b00016008690030003247101c31001000224aa
:10d4c000b0ffbd274c00bfaf4800beaf4400b7afb0
:10d4d0004000b6af3c00b5af3800b4af3400b3afd6
:10d4e0003000b2af2c00b1af2800b0af2580a00053
:10d4f000b080828f54014014259880008500a05090
:10d500004c00bf8f0000b294820040524c00bf8f8d
:10d510001200a3947f0060504c00bf8f2000a38caa
:10d520007c8083af2400a28c03006010788082afdf
:10d530000800405410000296059d023c74ae42243f
:10d540007c8082af059d023ca0ae4224788082aff1
:10d5500010000296ac8082a7010042308e8082a328
:10d560001c000296201e027c75006204ff7f0224cc
:10d570008c8082a725b040020180023c30e140aca3
:10d5800030e14224040040ac080040ac0c0040ac48
:10d59000100040ac140040ac180040ac1c0040ac83
:10d5a000808080af688080af6c8080af708080affb
:10d5b0000e000296a48082af0c000296a88082af73
:10d5c000160002969e8082a7180002969c8082a771
:10d5d0000180043c1235410face284240800648ec3
:10d5e000848084af0800828c6401062409f840001e
:10d5f00025284002c08082af8480848f0200059677
:10d600000400828c09f840000228b270bc8082af0e
:10d610008480848f0800828c5000062409f8400022
:10d62000a880858fa08082af1a000296908082a782
:10d630000a000596988085af8480848f0800828ccc
:10d6400009f8400010000624948082af1200029670
:10d650001600401025a0000014001196100031267d
:10d66000ffff3132080037260180153c8480848f0b
:10d670000400828c09f840002528e0020b004010cd
:10d680002528400014000396040043a4060051a47a
:10d69000612a410face2a4260100942612000296f2
:10d6a0002b108202f2ff40548480848fc080828fce
:10d6b0000a004010bc80828f080040109480828f46
:10d6c00006004010a080828f04004010000000007f
:10d6d000120002961c005410210006242e36410f21
:10d6e0000000000007004010000000002c36410f31
:10d6f00000000000039d053c484aa52469f2400f44
:10d7000025204000ffad400f2520600225100000bd
:10d710004c00bf8f4800be8f4400b78f4000b68fcb
:10d720003c00b58f3800b48f3400b38f3000b28f17
:10d730002c00b18f2800b08f0800e0035000bd27f7
:10d740008cff00108c8082a7039d053c8c84a5244f
:10d750009703410f16000424eaff4010888082af2f
:10d7600002000296ba8082a7c080918f2510200205
:10d7700025180000ffff0524ffff0424460045a4f0
:10d78000140044ac010063242b307600fbffc0146e
:10d7900064014224b48092afac8082971000433081
:10d7a00005006014260014242000423016001424c2
:10d7b000060003240aa06200bc80958f259000001b
:10d7c000039d1e3c039d173c059d023c2000a2af1b
:10d7d000420020a6080007964e0027a61400a0af1e
:10d7e0001000a0af2530000025288002165a400ff7
:10d7f00025200000ffff03240d004314460022a64d
:10d800002e36410f00000000beff40100000000057
:10d810002c36410f00000000039d053c6c4aa524f6
:10d8200069f2400f25204000b6ff00100000000004
:10d83000ac8083970200633004006010010006246e
:10d840000600052436e4400f25204000040006961b
:10d850001000c0100300052436e4400f4600248663
:10d860000d004054060006962e36410f00000000c1
:10d870000200422c08004054060006962c36410f48
:10d8800000000000253040028c4ac52769f2400f95
:10d8900025204000060006961000c0100200052456
:10d8a00036e4400f460024860d0040545c0022966a
:10d8b0002e36410f000000000200422c08004054a8
:10d8c0005c0022962c36410f0000000025304002fb
:10d8d000b44ae52669f2400f252040005c002296fc
:10d8e000010003248431627c5c0022a625380000fc
:10d8f0002000a28ff89f46240002052491b2400f19
:10d90000460024860d004014200022ae2e36410f22
:10d91000000000007bff4010000000002c36410f8b
:10d9200000000000039d053cdc4aa52469f2400f7d
:10d930002520400073ff001000000000180035aee5
:10d94000480032a60200029621a8a2020100522637
:10d950002b1056029eff4014640131262800108ec1
:10d960001800a2271000a2af2538000025300000c3
:10d97000252800009f9c400f252000021000401425
:10d98000748082af2e36410f000000000200422c4e
:10d990005cff4014000000002c36410f0000000026
:10d9a0001800a78f25300002039d053cfc4aa524e2
:10d9b00069f2400f2520400052ff001000000000d7
:10d9c0000180043c1235410fa0e284249880828fac
:10d9d0000c004010258800009480928f0180103c3c
:10d9e000a0e2102625284002612a410f25200002ce
:10d9f000010031269880828f2b102202f9ff4014fb
:10da0000100052260180043c1235410fb8e28424f4
:10da1000a880828f0c004010a080928f2588000083
:10da20000180103cb8e2102625284002612a410fef
:10da30002520000201003126a880828f2b102202af
:10da4000f9ff40145000522600020224b88082a739
:10da5000b080828f01004224b08082afe1040724ad
:10da6000059d063c64c3c624059d053c2ca0a52449
:10da70006523410f0100042425ff0010010002244a
:08da80000800e00300000000b3
:020000040000fa
:020000041d00dd
:10da8800b0ffbd274c00bfaf4800b2af4400b1aff4
:10da98004000b0af0f0005248523410f1400042473
:10daa8002d0040108c81828f0700422c2a004010e4
:10dab8008c81828f80180200019d023cd4da4224b6
:10dac8000a10437c0800400000000000f0da009dc6
:10dad800c4db009d14dc009dbcdc009d94dd009d32
:10dae800ccdf009df4df009d888182931a004014ea
:10daf8000180023cb0e14280180040104c00bf8f0a
:10db0800000d410f25200000140040104c00bf8f6d
:10db18004200439400106330110060144800b28f33
:10db2800812f410f252040000b0040108481838ff6
:10db3800010002240e0062140180053c80e2a52445
:10db48000180043ce185400fb0e1842408004010c6
:10db5800020002248c8182af4c00bf8f4800b28f34
:10db68004400b18f4000b08f0800e0035000bd278b
:10db78008481828f020042381c000524010003249e
:10db88000b2862000180043c0331410fb0e184247a
:10db98000700410401000724ffff0624f5ff0524c0
:10dba8008a17410f05000424ecff00104c00bf8fba
:10dbb80001000224e8ff00108c8182af8481868fe7
:10dbc8000180053c80e2a5240180043c6025410fca
:10dbd800b0e1842401000324e0ff43104c00bf8f10
:10dbe8000700410401000724ffff0624f5ff052470
:10dbf8008a17410f05000424d8ff00104c00bf8f7e
:10dc080002000224d4ff00108c8182afb081848f7f
:10dc18001a2d410fb48184af05004014b481828f5e
:10dc2800000d410f01000424b48182afb481828fba
:10dc38000700401425380000feff0624f4ff0524e1
:10dc48008a17410f05000424c4ff00104c00bf8f41
:10dc5800010005249fd1400f1c8084870180073c68
:10dc680080e2e7247b0006248481858fe8bb400f8f
:10dc78001c808487e7004010b481858ff4fe400f34
:10dc88001c80848725804000253000000200052480
:10dc9800fc49400f1c8084877020410f0000000061
:10dca800df000012a48182af03000224aaff001043
:10dcb8008c8182af300005243431410f1c80848769
:10dcc8000f0040541000a0af7020410f000000006a
:10dcd800a481838f231043009081838f2b106200cf
:10dce8009dff401025380000fdff0624fcff052499
:10dcf8008a17410f0200042498ff00104c00bf8fc0
:10dd08001400a0af1800a0af1c00a0af2000a0af67
:10dd18002400a0af2800a0af2c00a0af3000a0af17
:10dd28003400a0af3800a0af3c00a0af040010241e
:10dd3800c0101000030003240410627c1000a2a38a
:10dd4800aa83043c4475400f807e84242800a2af37
:10dd58000200062407000524fc49400f1c80848724
:10dd6800300006241000a52778ef400f1c80848718
:10dd78009662400f1c8084877020410f00000000cd
:10dd8800a48182af74ff00108c8190afa017410f5f
:10dd98001c80848708004014258040002538000036
:10dda800fdff0624f3ff05248a17410f050004240c
:10ddb8006aff00104c00bf8f2716410f1c80848714
:10ddc80009004014050002247020410f00000000e3
:10ddd800a481838f23104300a081838f2b106200be
:10dde8005dff4010050002248c8182af2588000069
:10ddf800f9ff12242716410f1c8084870a0040145b
:10de08003000062464002016faff02247020410f17
:10de1800808182af252840002e2d410ffcff04246d
:10de28005e000010253000001000a527d894400f90
:10de38001c80848730000324050043141000a2933b
:10de48003800443020000324080083103800a48fd1
:10de58007020410f808192af252840002e2d410f60
:10de6800fbff0424e3ff0010258800023c00a38f79
:10de780025188300090060141100a393f8ff0224f9
:10de88007020410f808182af252840002e2d410f40
:10de9800faff0424d7ff0010258800020900601447
:10dea8000f00632cf6ff02247020410f808182af9f
:10deb800252840002e2d410f25204002cdff0010bf
:10dec8002588000204006010c0004230c00003240e
:10ded8000900431400000000f7ff02247020410fde
:10dee800808182af252840002e2d410ff8ff0424a1
:10def800c0ff0010258800024475400f0180113cc6
:10df080050e13026040002ae4475400f3c00a48f57
:10df18008220410f50e122ae080002ae0c0003ae91
:10df28000400028e557c033c808163342110430039
:10df3800100002ae50e1248ec216040040290400ed
:10df48002318a4002b28a30023104500822f0300c8
:10df5800801002002510a200801803002120640010
:10df68002b1883002110620042270400c010020011
:10df780025108200140002ae1800028e010042240f
:10df8800180002ae252800022e2d410f010004249e
:10df9800060002248c8182af25300000070005248a
:10dfa800fc49400f1c808487010005249fd1400f45
:10dfb8001c8084877020410f00000000e6fe0010de
:10dfc800a48182af7020410f00000000a481838fdc
:10dfd800231043009481838f2b106200defe40548f
:10dfe8008c8180afddfe00104c00bf8f7020410f88
:10dff80000000000a481838f231043009881838f41
:10e008002b106200d4fe40548c8180afd3fe0010e8
:10e018004c00bf8f7020410f00000000a48182af28
:10e0280025380000fdff0624fcff05248a17410f50
:0ce0380005000424c9fe00104c00bf8f3e
:020000040000fa
:020000041d00dd
:10e0440018ffbd27dc00b4afd800b3afd400b2af23
:10e05400d000b1afe400bfafe000b5afcc00b0afcb
:10e06400259080002588c000b800a5af2598000041
:10e07400059d143cb800a58f0000a280e400401068
:10e08400ffff02249c00a2af1800a227a400a2afa5
:10e09400800002249800a0afa000a0afa800a2af07
:10e0a40025800000250003242110b00000004280d8
:10e0b4000300401000000000fbff43540100102641
:10e0c4000600001225300002b8fd400f2520400252
:10e0d400b800a28f21105000b800a2afb800b58fcd
:10e0e400250002240000a382c20062140100b526a8
:10e0f400b800b5af2b0005242d00062430000324fe
:10e104002000072423000824b800a48f0000828084
:10e114001b0045509800a28f2c0049281e00201196
:10e1240000000000180047509800a28f18004850c3
:10e134009800a28f2a0003241e0043500000228e60
:10e144009008410f00000000a000a2afb800a38f08
:10e1540000006280d0ff42240a00422c21004010bb
:10e1640001006324f9ff0010b800a3af010042349a
:10e17400010084249800a2afe3ff0010b800a4af0c
:10e18400fbff001004004234f9ff00100800423481
:10e19400f7ff001010004234f4ff46509800a28f9d
:10e1a400e5ff43542a0003249800a28ff0ff0010d7
:10e1b4000200423401008424b800a4af04004324c4
:10e1c4000000428c000023ae06004104a000a2af70
:10e1d4009800a38f23100200a000a2af01006338af
:10e1e4009800a3af9800a28f010043300200601092
:10e1f4004408027c9800a2afb800a28f2e0003242a
:10e20400000044800d008314010044249c00a0af4e
:10e21400b800a4af010045802a0003242300a314fe
:10e2240002004224b800a2af0000228e040043245e
:10e234000000428c000023ae9c00a2af9218410f54
:10e24400b800a427c000a2afb800a28f3032410f9b
:10e25400000044806900032477004310c000a58fa8
:10e264006a0043282f00601063000324be0043109b
:10e27400640043281800601025000324cb004310d9
:10e28400610003244f00435025302002ffff022485
:10e29400b800b5af9800a0afa000a0af9c00a2af9b
:10e2a4001000a0afc9000010253800009008410fed
:10e2b400000000009c00a2afb800a38f00006280a1
:10e2c400d0ff42240a00422cdcff401001006324ea
:10e2d400f9ff0010b800a3af6400032456004310f4
:10e2e40068004228eaff4010ffff02242530200284
:10e2f400b820410fb000a42797004010b800a28fa7
:10e30400b000a6279800a52701004324b800a3afb6
:10e3140000004780862b400f252040023500001066
:10e3240021800202700003246e0043107100432810
:10e33400130060106e000324830043106f00032455
:10e34400d3ff4314ffff02242538200225300000a8
:10e3540098a6400fb000a4277f004010b800a28ff9
:10e36400b000a6279800a5270100422425204002da
:10e3740019d2400fb800a2af1e0000102180020283
:10e38400750003243a004310780003244600431028
:10e3940073000324bdff4314800002246e00a21402
:10e3a400b800a28f2538000001004224b800a2afb3
:10e3b4000000228e04004324000023ae76000010e7
:10e3c4000000468cb820410fb000a4276200401022
:10e3d400b800a28fb000a6279800a5270100432407
:10e3e400b800a3af00004780a333400f25204002ac
:10e3f40021800202218070022a98130277006012a1
:10e404000180023c4f00032404e343acffff1324c8
:10e41400e400bf8f25106002e000b58fdc00b48fec
:10e42400d800b38fd400b28fd000b18fcc00b08f9e
:10e434000800e003e800bd27253820020100062477
:10e4440098a6400fb000a42743004010b800a28f44
:10e45400b000a6279800a5270100422425204002e9
:10e464004aba400fb800a2afe2ff001021800202b6
:10e47400253820022530000098a6400fb000a427bc
:10e4840035004010b800a28fb000a6279800a52739
:10e494000100422425204002b5e8400fb800a2af95
:10e4a400d4ff00102180020225382002253000000c
:10e4b40098a6400fb000a42727004010b800a28ff0
:10e4c40001004324b800a3af00004780b000a62792
:10e4d4009800a5277c81400f25204002c5ff00102d
:10e4e400218002022538200225300000f000052496
:10e4f40098a6400fb000a42717004010b800a28fc0
:10e50400b400a38f01004224b800a2afb000a28fd0
:10e5140025104300edff401478000724392b410fe8
:10e5240054d784269800a38fa000a78f25304000dd
:10e534001000a3af54d7852679ce400f2520400282
:10e54400acff001021800202253820022130700225
:10e55400acd6400fb000a427b800a28f010042241b
:10e56400a4ff0010b800a2af80000224faffa21496
:10e57400b800a28f01000724b000a627010042249e
:10e58400b800a2af0000228e040043240000428c95
:10e59400000023aeb000a2a39800a5275ff3400fac
:10e5a4002520400293ff00102180020280000224f3
:10e5b400e9ffa214b800a28fa000a78f0100422493
:10e5c400b800a2af9800a28f1000a2af059d053c31
:10e5d40001000624d8ff00105cd7a524a5fe001076
:04e5e4002598000274
:020000040000fa
:020000041d00dd
:10e5e80068ffbd279400bfaf9000b7af8c00b6afef
:10e5f8008800b5af8400b4af8000b3af7c00b2af81
:10e608007800b1af7400b0af258080000500a0107d
:10e618002588a0001000062425280000b02d410ff1
:10e62800252020024900001225180000392b410f2f
:10e638002520000245004010251800001c00a0af4e
:10e648002000a0af2400a0af2800a0af252800021a
:10e6580021100202200004240000a3804700641057
:10e6680023804500f7ff63240500632c43006014f2
:10e6780020000324253000022110b000ffff428053
:10e6880040004310ffff1226f7ff42240500422cea
:10e698003c0040144100022e2c00401025180000b8
:10e6a800c42d410f2c00a4272110b0032c0040a03a
:10e6b8002c00a3835b000224340062145d00042450
:10e6c8002c00a22721105200000045801f00a4142e
:10e6d80025180000000040a0feff10262d00a227ec
:10e6e80025a8400021805000200004240000a282b8
:10e6f8002800441023181502f7ff42240500422c75
:10e70800240040142110a3021800a2af2000042402
:10e718001800a38fffff628020004410f7ff4224f7
:10e728000500422c1d0040143a000224000060a09d
:10e738000000a3821c006214251800000100a482b6
:10e748000200b526190082102598000025106000e7
:10e758009400bf8f9000b78f8c00b68f8800b58f5c
:10e768008400b48f8000b38f7c00b28f7800b18fa3
:10e778007400b08f0800e0039800bd27b6ff0010b2
:10e788000100a524bbff0010ffff1026d4ff0010d6
:10e798002c00a227d5ff00100100b526ffff632437
:10e7a800dbff00101800a3afff0013240000b482a1
:10e7b800ce2e410f25208002e4ff401025180000ce
:10e7c800ff0090323a000224ad0002124429147c62
:10e7d800ad008012d2ff0226ff0042300200422c18
:10e7e800ab0040140d000224ab000212f7ff022612
:10e7f800ff0042300200422c7100401425900000b6
:10e808000100b526100016240180173c3a000224a6
:10e81800cb00021225a00000b80000122e0002242e
:10e82800c20002122f000224b60002120d000224b8
:10e83800b60002120a000224b600021220000224c6
:10e84800b600021209000224b60002121000a42722
:10e858001400ab272510800001000324231864004e
:10e868003a000a242e0009242f0008240d0007244a
:10e878000a000624200005240300001009000424cf
:10e88800b2ff4b5025180000000050a021a06200e4
:10e89800ff0094320000b092a9000a120100b526c8
:10e8a8000e0000522110b403a10009522110b40334
:10e8b8000a0008522110b403080007522110b403bb
:10e8c800060006522110b403040005522110b403b7
:10e8d800ebff0416010042242110b403100040a0ed
:10e8e80004e3e0ae2530c0021800a527632c410fd1
:10e8f8001000a42704e3e38e94ff60542518000059
:10e90800ffff4430050080141000a22721a0540006
:10e918001800a28f8dff5414251800004775400f6a
:10e9280000000000401812002118a3031c0062a474
:10e93800010052261c000012ff0052323a00022445
:10e948004b0002562c0002240000a382040062142b
:10e95800ff000224650062160100b52625984002d2
:10e968000000a282ff0050303a0003240e00031278
:10e978000100b5264429027c0b004010d2ff022674
:10e98800ff0042300200422c070040140d00022410
:10e9980005000212f7ff0226ff0042300200422c57
:10e9a8009bff40103a0002240900422e67ff4010e6
:10e9b800251800000800422e39004010ff000224ec
:10e9c800ff00022461ff621225180000ffff4226a3
:10e9d800ff004230202c137c201c027c2a18650082
:10e9e800140060542390720208000424232092002b
:10e9f800401802001000a6272118c3000c006694d6
:10ea080021184400ff006330401803001000a727b6
:10ea18002118e3000c0066a4ffff4224ff004230e7
:10ea2800201c027c2a186500f2ff601040180200c2
:10ea380023907202070052262b1053021a0040142a
:10ea480001000324401013001000a32721106200c6
:10ea58000c0040a401007326ff0073322b105302f0
:10ea6800f8ff4010010003240f0000100000000010
:10ea7800bbff02162518000035ff001025106000a6
:10ea8800cfff001025900000cdff0010259000005a
:10ea9800cbff001025900000c9ff00102590000052
:10eaa800caff62160100032428ff20121c00a58f4c
:10eab8002000a48f2400a38f2800a28f030025aa7a
:10eac800000025ba070024aa040024ba0b0023aad0
:10ead800080023ba0f0022aa0c0022ba1bff00105c
:10eae8000100032419ff00102518000017ff00106b
:10eaf8002518000015ff00102518000076ff0010eb
:10eb080025a0000274ff001025a0000072ff00106d
:10eb180025a0000070ff001025a000006eff001067
:10eb280025a000006cff001025a000002110b403f0
:10eb3800100040a02e00102469ff00100a001624bf
:10eb48002110b403100040a00a000224e9ffc212f9
:0ceb58003a00102463ff001004e3e0ae5c
:020000040000fa
:020000041d00dd
:10eb640081bf023c4000033c840043ac0180023c72
:10eb740028df42242400428c0a00432c1b0060102e
:10eb840080180200019d023c9ceb42240a10437c45
:10eb94000800400000000000c4eb009df8eb009d5d
:10eba400a0ec009d38ed009d98ed009d04ee009dc5
:10ebb40020ef009d80ef009d0cf0009d68f0009d0b
:10ebc4000100032482bf023c080243ac81bf023c23
:10ebd4004000043c080144ac1000043c080144ac6f
:10ebe4000180023c28df4224240043ac0800e003f7
:10ebf4000000000082bf023c1002428c010042303f
:10ec0400faff40140180023c28df4294ffff4230a7
:10ec14008000422c0c0040140180033c28df632454
:10ec24000100629040100200fe004230f0004234c5
:10ec340082bf043c500282ac02000224240062ac75
:10ec44000800e003000000000180043c28df832466
:10ec54002000658c28df82944010020025104500b6
:10ec640082bf043c500282ac2000628c0500401438
:10ec74002510600005000324240043ac0800e003d1
:10ec8400000000000180023c28df42240600032427
:10ec9400240043ac0800e0030000000082bf023cf3
:10eca4001002428c008042301700401482bf023ca4
:10ecb4001002428c01004230ccff40140180023c1f
:10ecc40028df4394ffff633082bf043c500283accf
:10ecd40028df42242000428c060040140180023cbc
:10ece40028df422405000324240043ac0800e00389
:10ecf4000000000028df422403000324240043ac66
:10ed04000800e003000000000180023c28df4224e8
:10ed140001000324280043ac82bf033c0400042404
:10ed2400080264ac09000324240043ac0800e00397
:10ed34000000000082bf023c1002428c008042307e
:10ed44000900401482bf023c02000324080243acc1
:10ed54000180023c28df422404000324240043ac45
:10ed64000800e003000000000180023c28df422488
:10ed740001000324280043ac82bf033c04000424a4
:10ed8400080264ac09000324240043ac0800e00337
:10ed94000000000082bf023c1002428c010042309d
:10eda4000c0040140180033c28df632401006290be
:10edb40040100200fe004230f100423482bf043ca5
:10edc400500282ac06000224240062ac0800e00376
:10edd400000000000180023c28df422401000324db
:10ede400280043ac82bf033c04000424080264ac42
:10edf40009000324240043ac0800e00300000000e1
:10ee040082bf023c1002428c008042303900401420
:10ee14000180023c28df42241400448c0c00428c04
:10ee24002b1082000f00401082bf023c1002428c63
:10ee3400010042306dff40140180023c28df42246f
:10ee44000400438c8a19647c82bf043c500283ac66
:10ee54001400438c01006324140043ac0800e00355
:10ee6400000000000180023c28df42241000438c93
:10ee74001800428c2b1043001600401082bf023c45
:10ee840002000324080243ac0180023c28df43242f
:10ee940001000424200064ac28df4294ffff4230c8
:10eea4008000422c05004014251060000400032457
:10eeb400240043ac0800e003000000000180023c91
:10eec40028df422401000324240043ac0800e003ab
:10eed4000000000004000324080243ac0180023c4b
:10eee40028df422409000324240043ac0800e00383
:10eef4000000000028df422401000324280043ac62
:10ef040082bf033c04000424080264ac0900032407
:10ef1400240043ac0800e0030000000082bf023c70
:10ef24001002428c008042300900401482bf023c2f
:10ef340008000324080243ac0180023c28df422479
:10ef440007000324240043ac0800e0030000000091
:10ef54000180023c28df422401000324280043ac42
:10ef640082bf033c04000424080264ac09000324a7
:10ef7400240043ac0800e0030000000082bf023c10
:10ef84001002428c0200423018ff40100180033c02
:10ef940028df63241800628c82bf043c6002858ce5
:10efa400ff00a5300800648c21208200000085a0a9
:10efb400010042241000638c0c004314200004243c
:10efc40082bf033c080264ac10000424080264ac51
:10efd4000180033c28df6324180062ac080002248b
:10efe400240062ac0800e0030000000082bf033c80
:10eff400040264ac82bf033c10000424080264ac25
:10f00400f4ff00100180033c0180023c28df42240d
:10f014001000438c1800428c2b1043000900401050
:10f0240082bf023c08000324080243ac0180023c76
:10f0340028df422407000324240043ac0800e00333
:10f044000000000004000324080243ac0180023cd9
:10f0540028df422409000324240043ac0800e00311
:10f06400000000000180023c28df42240a0003243f
:10f07400240043ac81bf033c4000043c040164ac65
:10f084001000043c040164ac34004390ff0063307e
:10f094002c00428c0d00401000000000d3fe6014d0
:10f0a4000180023ce8ffbd271400bfaf28df4224e3
:10f0b4003000448c2c00428c09f840000000000011
:10f0c4001400bf8f0800e0031800bd270800e00308
:04f0d4000000000038
:020000040000fa
:020000041d00dd
:10f0d800d0ffbd272c00bfaf2800b2af2400b1afce
:10f0e8002000b0af258080002590a00036a6400ff4
:10f0f800460084840800038e1000435440000296a2
:10f108007020410f000000000400038e231043000c
:10f118000900401804000224600002a60f0002241f
:10f128002c00bf8f2800b28f2400b18f2000b08f31
:10f138000800e0033000bd274000029601000324c8
:10f148002b014310f5ff4324ffff63300500632cb8
:10f15800e60060140c000324f1ff001009000224eb
:10f168000400a524ffffa530b9df400f25200002c9
:10f178000000038efcff632423106200000002ae2f
:10f188005c000296010003240442627c5c0002a633
:10f19800f40000100100112436a6400f4600048632
:10f1a8000600422cef004014010011245c00029676
:10f1b8000442027c5c0002a6060006241800a5276b
:10f1c8003278400f460004860000038e2310620048
:10f1d800000002ae06000624059d053c30b3a524b8
:10f1e8004627410f1800a427040040100f000224ee
:10f1f800400002a6db00001002001124240000ae2b
:10f208007c80828f09f8400000100424160040100a
:10f21800240002ae00104324280003ae059d033ce1
:10f2280030b3648c030044a8000044b830b36324ae
:10f2380004006490040044a005006390050043a006
:10f248002400028e060042242c0002ae059d043cd8
:10f25800fcb7400f38b384240c000224400002a6f7
:10f26800c0000010020011245c0002960100032473
:10f278004429627c5c0002a662000626f2ff05248f
:10f28800f127410f252000020f000224400002a6aa
:10f29800b40000100200112436a6400f4600048670
:10f2a8002800118e2c00038e238823022a1822029c
:10f2b800090060102720110040010724059d063c25
:10f2c800a8d3c624049d053c8468a524d1fe400f1c
:10f2d800c2270400ffff22320000038e2b206200a9
:10f2e800ffff63300b1064009e00401002001124e1
:10f2f800253040002c00058e3278400f46000486e9
:10f308002c00078e2138e2002c0007ae0000038e87
:10f3180023106200000002ae2800038e0400e350b0
:10f328002400068e90004014020002242400068e59
:10f338002388e600ff013126428a11002538200281
:10f348004a000596a965400f25200000ffff032409
:10f3580009004314300002ae0f000224400002a648
:10f3680062000626f7ff0524f127410f2520000239
:10f378007c000010020011244a0007962188270209
:10f388004a0011a60d000224400002a675000010d4
:10f39800020011243000058effff02240600a2504f
:10f3a8002400048e1b11410f252000006d0040141d
:10f3b800020011242400048e2c0004ae0000118edb
:10f3c8001c0020167880828f09f840000000000099
:10f3d800240000ae1000a0af25380000020006246b
:10f3e800059d053c38b3a524059d043c8d6e400f52
:10f3f80044b38424ffff0324070043106200062659
:10f4080001000524f127410f252000020e000224e7
:10f4180054000010400002a6f6ff0524f127410f12
:10f42800252000020f000224400002a64d00001013
:10f43800030011240c000224400002a64900001019
:10f44800020011246d0040100000000009f840007f
:10f458002520000243000010258840001d002216c8
:10f468000300022436a6400f460004865122410fad
:10f47800080002ae7020410f258840004018110096
:10f488002120710000190400231864002110620073
:10f49800040002ae0000028e0800038e2b106200ea
:10f4a8000900401006000224a81c410f46000486eb
:10f4b800050040500600022401000224000042a278
:10f4c80017ff001008000224400002a614ff0010d5
:10f4d8000900022449002216000000000500022449
:10f4e800600002a60eff00100f0002246aff4310fe
:10f4f8000d00432c260060100b0003241900431450
:10f50800010011245c0002960001423022ff4014e1
:10f51800253800004a0000a625300000059d053c5e
:10f5280028b3a524ada4400f25200002ffff4530d5
:10f53800ffff03340affa314021402000500432c42
:10f548000800601401001124fcff4224ffff45302d
:10f55800b9df400f252000020000038e231062004f
:10f56800000002ae02000224bcff22560100022461
:10f5780036a6400f46000486ffff4224080002ae6c
:10f5880001000224000042a2e5fe00100800022447
:10f598000d0003247fff43100f000324f1ff4314e1
:10f5a800010011242400048e040080107880828fca
:10f5b80009f8400000000000240000ae36a6400f05
:10f5c800460004860000038e23106200000002ae8d
:10f5d8008de5400f460004860000118e9cff312601
:10f5e800ff7f023c9dff4234deff00102b88220281
:10f5f8008080858f93ffa0540400a28c8de5400f76
:0cf6080046000486c6fe00100900022423
:020000040000fa
:020000041d00dd
:10f6140058ffbd27a400bfafa000b7af9c00b6af92
:10f624009800b5af9400b4af9000b3af8c00b2af04
:10f634008800b1af8400b0af259080002580a00081
:10f644002588c0005c00a0a34800062425280000eb
:10f65400b02d410f1400a4271000b2af019d143c3b
:10f66400000005822701a010250002240700a250f3
:10f6740001001582010010263aff400f1000a42754
:10f6840025982002f6ff001025886002300002242d
:10f694001800a2162510000002000582030010269f
:10f6a4002a0003241f00a310d0ffa324ff0063300b
:10f6b4000a00632c1f0060102590000025900000b4
:10f6c400801812002190720040901200219045028f
:10f6d40001001026ffff0582d0ffa324ff00633042
:10f6e4000a00632cf6ff6014d0ff522612000010ab
:10f6f4002e0003242d0002240600a25202000582db
:10f70400020010262528a00220001524e4ff001082
:10f71400251000000300102620001524e0ff00102f
:10f72400020002240000328e00000582040031260b
:10f73400010010262e0003241c00a314ffff16242e
:10f74400000005822a0003241400a310d0ffa32480
:10f7540001001026ff0063300a00632c13006010c0
:10f7640025b0000025b000008018160021b07600f6
:10f7740040b0160021b0c50201001026ffff05822b
:10f78400d0ffa324ff0063300a00632cf6ff60144b
:10f79400d0ffd626060000106c0003240000368e2d
:10f7a4000100058204003126020010266c000324a7
:10f7b4000400a31400000000040042340000058289
:10f7c40001001026cf00a010a8ffa324ff0064307e
:10f7d4002100842c65008010ff0063308018030032
:10f7e400f4f784260a18837c0800600000000000f7
:10f7f40090fa009d70f9009d70f9009d70f9009dcc
:10f8040070f9009d70f9009d70f9009d70f9009ddc
:10f8140070f9009d70f9009df0fa009d78f8009d44
:10f8240080f9009d70f9009d70f9009d70f9009dac
:10f8340070f9009d70f9009d70f9009d70f9009dac
:10f8440070f9009d70f9009d70f9009dd8fa009d33
:10f8540070f9009d70f9009d70f9009d90f8009d6d
:10f8640070f9009d80f9009d70f9009d70f9009d6c
:10f8740090fa009d04003326000025823aff400fd1
:10f884001000a42776ff00102588600204003326a8
:10f894000000378e5c00a3270ab877000000e582d9
:10f8a4000500a01025880000010031268a19f17e88
:10f8b400feff6054010031260200c0062b18d1025d
:10f8c4000b88c302020042300e0040142b10320297
:10f8d400080040500000e5822528a0023aff400fae
:10f8e4001000a42701003126fcff51162528a00290
:10f8f4000000e5820500a0140000000058ff00107d
:10f90400258860020a00a010000000000800c01250
:10f914002b10320225a8e0020100b5263aff400f61
:10f924001000a4270000a5820b00a0142b103202a3
:10f934004bff405025886002010031262000052439
:10f944003aff400f1000a4274eff51120100222657
:10f95400faff0010258840002310b602eeff57146a
:10f964002b103202f2ff0010000000003aff400f9b
:10f974001000a42743ff0010259820020a00042445
:10f98400040043304300601004003326640006245e
:10f994004400a6100000238e7800a5382700072411
:10f9a400070006240a30e5002528c0002538000099
:10f9b400200009241b006400f401800010400000b2
:10f9c4002034087c0a00ca282140a8000a300a0111
:10f9d4000100f1246000a827214011013000c62451
:10f9e4002b18640004006014ffff06a135002916db
:10f9f400121800001f0007240100433004006010a7
:10fa04002d0003242188b103600023a20200f12405
:10fa1400020042300a00401425b020022b103202aa
:10fa2400080040106000a2272528a0023aff400fda
:10fa34001000a4270100d626fcff56162528a00294
:10fa44006000a227ffff31262188510025a840002d
:10fa5400000025823aff400f1000a4271b00351632
:10fa6400ffff22262b10d20206ff40100100d626eb
:10fa7400200005243aff400f1000a42701ff56126e
:10fa84000100c226faff001025b04000bcff0010a0
:10fa940010000424640003240800a3140400332683
:10faa4000000238ebdff63047800a53823180300eb
:10fab400b9ff00100100423404003326b6ff0010e1
:10fac4000000238ebbff001025382002e0ff001049
:10fad4002588400004004330f7ff60100800042428
:10fae40004003326acff00100000238e04004330d2
:10faf400e8ff60100200042404003326a6ff00106f
:10fb04000000238e9b14410f1000a427a400bf8f74
:10fb1400a000b78f9c00b68f9800b58f9400b48f67
:10fb24009000b38f8c00b28f8800b18f8400b08fa7
:08fb34000800e003a800bd2752
:020000040000fa
:020000041d00dd
:10fb3c00a0ffbd275c00bfaf5800b3af5400b2affd
:10fb4c005000b1af4c00b0af059d023c70d7438c58
:10fb5c002000a3af70d74224040042942400a2a733
:10fb6c002800a0a32900a0a32a00a0a32b00a0a3d7
:10fb7c002c00a0a32d00a0a3401002240800821486
:10fb8c00ffff11240080023cf065429001004330dd
:10fb9c000b006010020042300080113cd065312611
:10fbac00251020025c00bf8f5800b38f5400b28f19
:10fbbc005000b18f4c00b08f0800e0036000bd27ef
:10fbcc00f7ff4014ffff11240400b08c0c00028ed0
:10fbdc00f4ff4010251020020800b28cf2ff4012f6
:10fbec005c00bf8f1800428eefff401025102002e2
:10fbfc001c00428eeaff401040010624252800001c
:10fc0c000080043cb02d410fe06584240080023c50
:10fc1c00d0654224ffff0324180043ac140043ac0e
:10fc2c000080033ca0666324000075bc0f0000003c
:10fc3c000080033cb0666324000075bc0f0000001c
:10fc4c000080033cc0666324000075bc0f000000fc
:10fc5c000080033cd0666324000075bc0f000000dc
:10fc6c00100040a4120040a4200043900421037c07
:10fc7c00200043a0990003249c0043ac0c00038e8d
:10fc8c00600043ac0400038e640043ac0800038e98
:10fc9c00680043ac30000396260043a43200039660
:10fcac00280043a41000038e6c0043ac1400038e98
:10fcbc00700043ac1800038e740043ac2800038e14
:10fccc00780043ac1c00038e7c0043ac36000496d9
:10fcdc0001008330fcff0524ffff02240b10a3005e
:10fcec00251840000080023cd06542242c0043ac17
:10fcfc00240044a40000438e04004a8e0800498e60
:10fd0c000c00488e1000478e1400468e1800458e4d
:10fd1c001c00448e300043ac34004aac380049ac73
:10fd2c003c0048ac400047ac440046ac480045acf5
:10fd3c00ffff63300400632c040060104c0044ace3
:10fd4c000080023c04000324006643a40080023cb3
:10fd5c00026642948000442c03008014800003242b
:10fd6c000f004224f0ff43300080113cd065312657
:10fd7c00320023a688bf123c00205226500032ae1f
:10fd8c00b80020ae0e18410f99000424dfc0400fbc
:10fd9c0025202002602d410f9c00248e0006052496
:10fdac00de35410f252040024800328e0000428e85
:10fdbc004c00258e09f8400025200000ffff03248d
:10fdcc00980043100080033ce46562ac1400428e42
:10fddc000300052409f8400025200000ffff032440
:10fdec00900043100080063c180022ae4c00248e7c
:10fdfc00080085943000a5af4000238e3400a3afdb
:10fe0c000c00838c3800a3af0f0003243c00a3af7d
:10fe1c001400838c4000a3af2c00438e5066c62484
:10fe2c003000a52709f8600025204000ffc00534ec
:10fe3c0088bf043c8234410f00208424059d023c81
:10fe4c00a4bb42242528000025180000010007242b
:10fe5c00080006240420670057008430030080103b
:10fe6c00010063240000448c2528a400f9ff6614cb
:10fe7c000400422488bf113c8634410f0020242604
:10fe8c00300005248a34410f00202436020005245a
:10fe9c00e635410f0020243625280000e835410fb7
:10feac00002024368e34410f002024369234410f2a
:10febc00002024369634410f002024363b00028a61
:10fecc003800029a1800a2af3c0002921c00a2a3b8
:10fedc003d0002921d00a2a3060006242000a527c7
:10feec004627410f1800a4270900401006000624dd
:10fefc002800a5274627410f1800a427040040100e
:10ff0c001800a52788bf043c9627410f00208424a5
:10ff1c000080113cd06531261000b1af059d073c27
:10ff2c0040ade7240200062430002596c9c5400fd9
:10ff3c0025202002300023963a004314059d073cef
:10ff4c000080113cd06531261000b1af40ade724e4
:10ff5c000100062434002596c9c5400f2520200237
:10ff6c00340023962f0043140080023c0666519403
:10ff7c003100201203000624252820020080043cb6
:10ff8c002fac400fd0658424260022160080023c42
:10ff9c000866519407002012253000002528200205
:10ffac000080043c2fac400fd06584241e005154bb
:10ffbc000080043c0080113cd06531264c80828f3f
:10ffcc00110022520080023c170040140080043cb7
:10ffdc002000138e2400128e0e18410f9c00248ecc
:10ffec00602d410f9c00248ea00020aea40020aefa
:10fffc00a80020aeac0020aeb00033aeb40032aee0
:020000041d01dc
:10000c004c8091af0080023cd0654224200044908b
:10001c00010003240400647c200044a0e0fe0010d6
:10002c001c0043ac0080043c6bca400fd065842498
:10003c00dbfe0010ffff11240080023c0866519487
:10004c00dcff201202000624d5ff00102528200218
:020000040000fa
:020000041d01dc
:10005c00a0ffbd275c00bfaf5800beaf5400b7afc8
:10006c005000b6af4c00b5af4800b4af4400b3afce
:10007c004000b2af3c00b1af3800b0af2590a0004b
:10008c00240096840000a294c439027c0000a2a42f
:10009c002900b1901c00b48c0400858c7900a01050
:1000ac002580800001000724a2b9400f25304002b2
:1000bc00b3004010f9ff05242900429204005114aa
:1000cc00010013241c00538e269893022b981300c6
:1000dc00010080521c00548e1800038e0100022473
:1000ec000a006214000000000800601204003126af
:1000fc00808811000a88917e040020121c00b1af88
:10010c001c00a5271fe6400f2520800273fb400f23
:10011c002520c0029a004010f6ff0524253000006f
:10012c002528000070fd400f2520c0029523410fab
:10013c002520c0022588400091004010f6ff0524c0
:10014c0013006012010002241800038e990062143f
:10015c00253000001c00478e0400e7240100052414
:10016c00fa82400f2520c00285004010f6ff0524be
:10017c001c00468e1000c6242900429280100200fa
:10018c002130c200010005248bf8400f2520c0024d
:10019c00350005240420410f2520c002d72e410f25
:1001ac000c003426ffff44304775400f240044a652
:1001bc001000a2a74775400f000104241200a2a74b
:1001cc004775400f010004241400a2a71a00a0a731
:1001dc001800a0a71600a0a71000a48f1400a38fce
:1001ec001800a28f030024aa000024ba070023aa37
:1001fc00040023ba0b0022aa080022ba2000538e56
:10020c0025806002059d1e3c059d023c3000a2af7e
:10021c0001001026ffff02829d0040102e000324d7
:10022c00bf0043102f0003246b0043102c00032449
:10023c00a90043103e000324f5ff4314580807247b
:10024c0023801302ffff1026059d063c38d4c624dc
:10025c00059d053c24a9a524d1fe400f0001042ec8
:10026c0001009526000090a2ff00103225300002fc
:10027c0025286002422c410f2520a00267000010a7
:10028c002120b0021c00a0af2000a0af2400a0af22
:10029c002800a0af040007241c00a62772e3400f1f
:1002ac000800858c040007241c00a6271c00458e22
:1002bc0072e3400f252000021836410f00000000a9
:1002cc00040007241c00a6272528400072e3400fd9
:1002dc0025200002b135410f000000000e00401037
:1002ec0025a8400025980000852a410f2520600292
:1002fc00040007241c00a6272528400072e3400fa9
:10030c0025200002050040501c00b5270100732673
:10031c00f5ffb316000000001c00b5272c00a42725
:10032c002510a00225b800000000438c2b180300f8
:10033c0004004224fcff821421b8e302259800003b
:10034c000000a58e0800a010ffffe7262638f3005a
:10035c000100e72c25304002a2b9400f25200002f5
:10036c0056ff4054290042920100732604000224d7
:10037c00f3ff62160400b5261c0040aef9ff0524fd
:10038c002510a0005c00bf8f5800be8f5400b78fa3
:10039c005000b68f4c00b58f4800b48f4400b38f1b
:1003ac004000b28f3c00b18f3800b08f0800e003e2
:1003bc006000bd27be050724059d063cc0cfc624a2
:1003cc00059d053c24a9a524d1fe400f2520000045
:1003dc00ebff0010f5ff052423801302ffff10260e
:1003ec0058080724059d063c38d4c624059d053cb9
:1003fc0024a9a524d1fe400f0001042e010095264e
:10040c00000090a2ff001032253000022528600267
:10041c00422c410f2520a0022120b002000080a018
:10042c00010080a028004292020082a0030080a05c
:10043c0001000224040082a005008424238891007a
:10044c0027201100eb050724059d063cc0cfc624d0
:10045c00059d053c24a9a524d1fe400fc22704000c
:10046c00ffff3132253000002528200270fd400f9f
:10047c002520c0029662400f2520c0022688220249
:10048c00f6ff022401000524bdff00100b285100cb
:10049c0023801302ffff102658080724059d063cf5
:1004ac0038d4c624059d053c24a9a524d1fe400fb3
:1004bc000001042e01009526000090a2ff001032ce
:1004cc002530000225286002422c410f2520a00275
:1004dc00d2ff00102120b00223801302ffff102650
:1004ec0058080724059d063c38d4c624059d053cb8
:1004fc0024a9a524d1fe400f0001042e010095264d
:10050c00000090a2ff001032253000022528600266
:10051c00422c410f2520a002c0ff00102120b00268
:10052c0023a81302ffffb5265808072438d4c62782
:10053c003000a28f24a94524d1fe400f0001a42e27
:10054c0001009726000095a2ff00b5322530a002cd
:10055c0025286002422c410f2520e00221a0f50243
:0c056c000100b5262aff0010219875023e
:020000040000fa
:020000041d01dc
:10057800b8ffbd274400bfaf4000b7af3c00b6afdf
:100588003800b5af3400b4af3000b3af2c00b2af11
:100598002800b1af2400b0af2598a0002588c0007e
:1005a800fa03410f0000a0ac140040040b00032420
:1005b80025904000808002000c8282270a80507caf
:1005c8000e0000120c000324000070ae000002921e
:1005d80016004010fe0031323036410f01000492ff
:1005e8000100433012006054000000a203002012f2
:1005f800040042300a0003240a1802002510600093
:100608004400bf8f4000b78f3c00b68f3800b58fcd
:100618003400b48f3000b38f2c00b28f2800b18f14
:100628002400b08f0800e0034800bd27000000a2a6
:10063800982e410f0100049201004430efff80140e
:10064800030003240300201204004230ebff40148f
:100658000a0003240080023c4018120018024224b9
:100668002110430001005290252800008193400f7b
:100678002520000202000324060043500500422ef4
:100688000300432c2200605004000424250040127b
:100698000500422ed9ff40100d000324fe0111264b
:1006a8003e0214261000b327002c410f25202002fb
:1006b800000062ae10003126fbff341604007326da
:1006c8002b88120023885102808811001000a2276d
:1006d80021885100100053240000258e8800a010a6
:1006e800000000008193400f2520000208004056ba
:1006f800040004240200432c0b00605444000292be
:1007080004003126f5ff71560000258e04000424ec
:10071800baff4410010003240200422cb7ff401026
:100728000d000324440002920012020043000392c9
:10073800251043002016027c00020424afff441455
:100748000d0003244f001292009212004e000292f4
:1007580025904202050040563400148e002c410fab
:100768005c000426259040003400148e200012ae50
:1007780048001792030017a2ffffe226ff0042304d
:100788000200422c9dff40100d00032445001692e4
:10079800ffffc23299ff40100a0002a6ffffc226df
:1007a8002410560096ff4014251060004a0013924a
:1007b800009a13004900029225986202209e137c39
:1007c800ffff75320f00a2328cff4014080015a6f7
:1007d8004c000292001202004b00119225105100a9
:1007e8000400405447000492002c410f580004268e
:1007f800470004920022040046000392252083004b
:100808007eff80100d00032402b8f2720229150041
:100818002128a4002128b7002b30450077ffc014f9
:10082800238845002510c0022bb0360274ffc0563d
:10083800251060001b002202f4014000128800000d
:10084800ff0f023cf6ff42342b102202300040100a
:10085800f6ff02342b1022022e004010030016244b
:10086800f60f222e2d004010020016240200312619
:100878001c0011ae240014ae21209400280004ae00
:1008880021a085025dffa012300014ae2120e402f1
:100898002c0004ae01001624401811002118710024
:1008a80042180300010031320a000010218871004b
:1008b80093ff00100300022450ffa0120d00032430
:1008c8002120970002000224f3ffc2162c0004ae78
:1008d80040881100ff013126428a11002b905102f5
:1008e80046ff40160d000324ffff0224140002ae49
:1008f800100002ae80ff02244e000010050002a284
:10090800ebff40120d0003243dff0010251060008e
:1009180025b0000039ffc0120d0003240200312663
:100928001c0011ae240014ae21209400280004ae4f
:100938002128850203000224dfffc216300005ae1d
:100948006300029200120200620003922510430025
:1009580025986202209e137c28ff60160d00032450
:10096800002c410f640004262c0002ae8088110080
:10097800ff013126428a11002b9051021fff4016b9
:100988000d000324ffff0224140002ae100002ae83
:1009980080ff0224050002a26900029200120200f0
:1009a80068000392251043002016027c01000324ee
:1009b8002000431401008526700d410f25200002f8
:1009c8001d004054000016a2050000a23702029242
:1009d8000012020036020392251043002016027c02
:1009e80055aa032414004354000016a2002c410ffa
:1009f800380004266141033c525263240e004354dc
:100a0800000016a2002c410f1c0204264161033c81
:100a18007272632408004354000016a2002c410f90
:100a280020020426140002ae002c410f24020426e2
:100a3800100002ae000016a20a828297010042242a
:100a4800ffff42300a8282a7060002a60180023c0c
:100a58007cce42240c0002ae180000ae0180023c9d
:100a68007cd04224800143240000448c01000452bd
:100a7800000040ac10004224fcff43540000448caa
:080a8800defe0010251800003d
:020000040000fa
:020000041d01dc
:100a900060ffbd279c00bfaf9800beaf9400b7af0a
:100aa0009000b6af8c00b5af8800b4af8400b3af90
:100ab0008000b2af7c00b1af7800b0af258080007d
:100ac000a400a5af059d173c059d123c18b9522600
:100ad000059d163c049d153c059d143c059d133c4d
:100ae00025380000253000000a000524c02c410fe5
:100af0002520000225884000ffff02342a0022162c
:100b000000000000a81c410f460004861400401499
:100b100005000224400002a65c00029601000324a6
:100b20000421627cc418627c5c0002a609000224d5
:100b30009c00bf8f9800be8f9400b78f9000b68f37
:100b40008c00b58f8800b48f8400b38f8000b28f83
:100b50007c00b18f7800b08f0800e003a000bd27b3
:100b60007020410f000000000400038e231043009a
:100b700008004018010003245c0002960421627cf6
:100b80005c0002a604000224600002a6e8ff001038
:100b90000f00022401000224a400a38f000062a021
:100ba000e3ff0010050002245122410f0000000065
:100bb0007020410f25f0400040181e0021187e00d3
:100bc00000f1030023f0c30321f0c203010002245b
:100bd0000b00221604001eae02000524b9df400ff0
:100be000252000025c00029608004230090004241f
:100bf000060003240b188200cdff001025106000b2
:100c00005c000296080042300600401001002526d4
:100c1000ffffa530b9df400f25200002b1ff001013
:100c20002538000025382002253000003a00052430
:100c3000c02c410f2520000202004224ffff5e303d
:100c40001100c22f0600401401002526ffffa53029
:100c5000b9df400f25200002a2ff00102538000058
:100c60002530c0031000a5273278400f46000486c7
:100c70001000a22721105e00ffff40a050b3e52620
:100c800000f4400f1000a4270f00401058b3852631
:100c900000f4400f1000a4276600401068b36526da
:100ca00000f4400f1000a4279600401001002526f4
:100cb0002328be00ffffa530b9df400f252000022a
:100cc00088ff00102538000025380000253000007e
:100cd00025284002ada4400f25200002ffff51301f
:100ce00018001e8e0c00028e23f0c20327201e0067
:100cf00040010724a8d3c6268468a526d1fe400f4c
:100d0000c2270400ba808297feff422421f05e00d1
:100d1000ffffde332bf03e023300c0130500022438
:100d20002700201225380000253000003b00052454
:100d3000c02c410f2520000225f040002b3051002f
:100d40000a102602ffff46300c00058e3278400f55
:100d5000460004860c00038e21106200010043242b
:100d60000c0003ae260003242b88d1030b002012b5
:100d7000000043a001000524b9df400f2520000238
:100d8000253800002530000020000524c02c410f2c
:100d90002520000223004010010005242538000012
:100da0002530000025284002ada4400f2520000278
:100db000ffff5130dcff20562538000025380000a9
:100dc000253000000a000524c02c410f2520000218
:100dd00001004224ffff4530b9df400f252000020b
:100de00040ff001025380000400002a62538000012
:100df000253000000a000524c02c410f25200002e8
:100e000001004224ffff4530b9df400f25200002da
:100e10005c00029601000324c418627c30ff0010bd
:100e20005c0002a6b9df400f25200002d5ff0010ac
:100e30002538000051000282e0ff4004060005242e
:100e4000b9df400f252000022538000025300000c2
:100e500025284002ada4400f2520000203004224b3
:100e6000fc00423025884000ffff42302500422c24
:100e70000100405024001124ffff313225302002b0
:100e80004c00a5273278400f46000486280007242e
:100e90002000a62725282002b8a2400f4c00a42736
:100ea000258840002110a203200040a03a0005241c
:100eb0000f29410f2000a4270d0040502000a22739
:100ec000000040a0010046248080878fbbffe050d7
:100ed000510000a20c00e28c080040102000a52761
:100ee00009f8400025200002b4ff0010510002a2c2
:100ef00021305100f4ff00100000c0a0afff00102f
:100f0000510000a2253800002530000025284002ad
:100f1000ada4400f25200002ffff46300a00c22c7e
:100f20001100401402000224400002a6000000ae9e
:100f30002588000025380000253000000a0005241f
:100f4000c02c410f2520000201004224ffff453044
:100f5000b9df400f25200002e2fe201625380000f0
:100f6000acff00105c0002962000a5273278400fed
:100f7000460004862110a203200040a02530000274
:100f80000a00052496ec400f2000a4272710020039
:080f9000e8ff0010c28f02000f
:020000040000fa
:020000041d01dc
:100f9800e0ffbd271c00bfaf1800b0afa482828f4e
:100fa8004d004014ffff03247020410f0000000093
:100fb8009882908f5122410f238050006210033c89
:100fc800d34d632419004300101000008219020059
:100fd8004011030023104300801002002110430039
:100fe800c01002002b10020209004014a482828f54
:100ff8007020410f00000000988282afa4828327ee
:101008000400629001004238040062a0a482828f2a
:101018002580839301006254258082a39c82829359
:101028000500422c05004014070002249c8280a37e
:101038007020410f948282af908282af1633410fa5
:1010480002000424c000427c110040109482828f68
:10105800fdff42240400422c0d004010059d073c72
:1010680048d7e724039d063c2475c624039d053c08
:101078002c75a52469f2400f25200000a48280afba
:10108800060002247020410f948282af908282afc2
:101098009482828f0800422c420040109482828ff2
:1010a80080180200019d023cc01042240a10437cb3
:1010b80008004000000000005011019dbc11019d76
:1010c8003012019d8812019d3c13019dac11019db8
:1010d8009c13019d4814019dccff4354a88280a312
:1010e8007020410f000000009882908f5122410f1c
:1010f800238050006210033cd34d63241900430041
:101108001010000082190200401003002110430053
:10111800c010020021104300801002002b100202b0
:10112800bbff4014a482828f7020410f0000000092
:10113800988282afa482832704006290010042381b
:10114800b2ff0010040062a07020410f00000000f0
:101158009082908f5122410f238050006210033cef
:10116800d34d6324190043001010000082190200b7
:101178008010030021104300c01002002310430018
:101188000011020021104300c01002002b100202bf
:1011980004004010010002247020410f948282afa5
:1011a800908282af1c00bf8f1800b08f0800e00348
:1011b8002000bd271633410f02000424c000427ce2
:1011c80013004014059d073c48d7e724039d063cbf
:1011d8002475c624039d053c4c75a52469f2400f6f
:1011e800252000000100062401000524ea2b410ff8
:1011f8002520000001000224a48282af02000224fc
:101208007020410f948282afe6ff0010908282af77
:101218002530000001000524ea2b410f252000009d
:10122800e0ff0010a48280af7020410f0000000092
:101238009082908f5122410f238050006210033c0e
:10124800d34d6324190043001010000082190200d6
:1012580040110300231043008010020021104300b6
:10126800001102002b100202ceff401403000224da
:101278007020410f948282afcaff0010908282af23
:10128800a08282930100423003004010040002242f
:10129800c4ff0010948282af1000a0af2538000070
:1012a80001000624039d053c6075a524039d043cac
:1012b8008d6e400f6c75842409004014a08282272b
:1012c80000004390010004240400837c000043a034
:1012d8008c8280a304000224b2ff0010948282afa3
:1012e8008c82829301004224ff0042308c8282a3c8
:1012f8001500422cabff4014059d073c48d7e72456
:10130800039d063c2475c624039d053c7c75a524d5
:1013180069f2400f252000009c828293010042243c
:101328009c8282a37020410f948280af9dff0010a1
:10133800908282af039d043cbcd3400f6075842427
:101348000d004014059d073c48d7e724039d063c43
:101358002475c624039d053ca475a52469f2400f95
:101368002520000002000224a48282af0500022486
:101378008cff0010948282af9c82829301004224e9
:101388009c8282a37020410f948280af85ff001059
:10139800908282afa08282930100423020004010e8
:1013a800039d043cfcb7400f60758424070040107f
:1013b8008c82829301004224ff0042308c8282a3f7
:1013c8001500422c78ff40141c00bf8f059d073c78
:1013d80048d7e724039d063c2475c624039d053c95
:1013e800bc75a52469f2400f25200000a082822741
:1013f800000043900400037c000043a08c8280a37b
:101408002530000001000524ea2b410f25200000ab
:101418007020410f948280af62ff0010908282afeb
:101428002530000001000524ea2b410f252000008b
:101438007020410f948280af5aff0010908282afd3
:101448003636410f000000001000a2af059d073c92
:1014580048d7e724039d063c2475c624039d053c14
:10146800d475a52469f2400f25200000ffff02244f
:10147800a48282af060002247020410f948282afba
:0814880048ff0010908282afc2
:020000040000fa
:020000041d01dc
:101490003a0180100100022470febd278c01bfaf0d
:1014a0008801b6af8401b5af8001b4af7c01b3afa2
:1014b0007801b2af7401b1af7001b0af2588800080
:1014c0002580a00025a0c0000000928c0f00033ce6
:1014d00040426324df00431202000224030002247e
:1014e0008c00a2a30701c0109000b2af1f00d33040
:1014f0002b981300421106002198620208008224f2
:101500001001a3273800882403004788000047986b
:1015100007004688040046980b0045880800459857
:101520000f0044880c004498000067ac040066accf
:10153000080065ac0c0064ac10004224f2ff4814b3
:10154000100063240300448800004498000064ac49
:1015500004004490040064a005004490050064a0c9
:1015600006004290d900601a060062a025b0000073
:101570007c00268e7800258eebe0400f9400a42797
:10158000dc00401425a84000370006241001a527e0
:10159000a37b400f9400a427d600401425a8400048
:1015a0004801a5275f63400f9400a42725a84000a9
:1015b0005c36410f9400a4273b00a0164801a28f7f
:1015c0006801a2af0000228e0200422cab00401442
:1015d0006801a28f0400238ea80062140100022477
:1015e00080002392c1006210ffff62262610560081
:1015f0000100422c2198620201000224800022a2f4
:10160000260000520100d626230080122000822ee0
:10161000a80040144801a98f4c01a88f5001a78f42
:101620005401a68f5801a58f5c01a48f6001a38f80
:101630006401a28f030009aa000009ba070008aae2
:10164000040008ba0b0007aa080007ba0f0006aa90
:101650000c0006ba130005aa100005ba170004aa68
:10166000140004ba1b0003aa180003ba1f0002aa40
:101670001c0002bae0ff9426200010264601a29327
:1016800001004224ff0042304601a2a34501a327e6
:101690007f0040101001a4270100d6262a10d30293
:1016a000b4ff40547c00268e1001a2274701a327d7
:1016b000000040a001004224fdff43140000000090
:1016c0005d00a016010010247c00268e7800258e77
:1016d000ebe0400f1000a42780004014258040005c
:1016e000010006248c00a527a37b400f1000a4272f
:1016f0007a00401425804000370006240800252683
:10170000a37b400f1000a4277400401425804000e4
:101710009400a5275f63400f1000a4272580400098
:101720005c36410f1000a427400000163e0023261f
:10173000b300a5279400a7272520600025100000ee
:10174000000086900000a8902130c80021104600bb
:10175000000082a0007a427cffff84245d00a71471
:10176000ffffa6241e0024260700252600008690e1
:1017700021104600ffff4230000082a0ffff8424ba
:10178000faffa414021202002510600025200000b8
:1017900000004690370047902130c7002120860086
:1017a000000044a0ffff4224f9ff4514007a847c26
:1017b00002121200ff00043cff00842424104400a5
:1017c0000092120000ff043c00ff84342490440285
:1017d00025905200029432009000b2af9000a427ee
:1017e0008c00a72725100000000066900300889059
:1017f0002130c80021104600000062a0007a427c1f
:10180000ffff8424f8ffe414ffff63243a0023263b
:101810000000649021104400ffff4230000062a0ed
:10182000ffff6324faffa314021202000000228ebd
:1018300001004224000022ae9400a227b400a32796
:10184000000040a001004224fdff431400000000fe
:101850002b1010008c01bf8f8801b68f8401b58fcb
:101860008001b48f7c01b38f7801b28f7401b18f86
:101870007001b08f0800e0039001bd27800020a216
:101880006801a28f5eff0010040022ae2518400000
:101890000000629001004224ff0042307eff4014ad
:1018a000000062a0f9ff8314ffff62247bff001099
:1018b0000100d626253080024801a527422c410f81
:1018c0002520000274ff001025a0000076ff001004
:1018d000010015249aff00102528c0005c36410f36
:1018e0001000a427d2ff00100000228ed2ff0010ab
:1018f000030010245c36410f9400a4276bff0010f6
:101900001001a227080082241001a3273800882490
:10191000030047880000479807004688040046985f
:101920000b004588080045980f0044880c00449837
:10193000000067ac040066ac080065ac0c0064ac49
:1019400010004224f2ff481410006324030044886e
:1019500000004498000064ac04004490040064a0bb
:1019600005004490050064a006004290060062a0b5
:1019700001001424fdfe0010010013240800e00300
:041980000000000063
:020000040000fa
:020000041d01dc
:101984000180023c40cc439033016014ffff0224e9
:101994003101a010000000000000a3900200632c9d
:1019a4002d0160103c020624d8ffbd272400bfafe0
:1019b4002000b3af1c00b2af1800b1af1400b0af39
:1019c4002580a0000180123c40cc5126252800002f
:1019d400b02d410f2520200201001324010033a261
:1019e40068010624252800000180043cb02d410f25
:1019f4007cd3842440cc53a2000002920d014010f9
:101a0400080022a2251000002528200240310200ef
:101a14000400078e0a38e67c1e00e0104020020015
:101a2400212082008020040023208200c0200400a2
:101a34000c0084242518e0002120a4005000e72491
:101a440003006b8800006b9807006a8804006a989a
:101a54000b006988080069980f0068880c00689872
:101a640000008bac04008aac080089ac0c0088ac84
:101a740010006324f2ff67141000842403006888b4
:101a8400000068980700678804006798000088ac25
:101a9400040087ac0400038e211866000400678ce0
:101aa4001e00e0104020020021208200802004005b
:101ab40023208200c0200400640084242518e00050
:101ac4002120a4005000e72403006b8800006b98d9
:101ad40007006a8804006a980b00698808006998fe
:101ae4000f0068880c00689800008bac04008aac76
:101af400080089ac0c0088ac10006324f2ff671462
:101b04001000842403006888000068980700678830
:101b140004006798000088ac040087ac0400038ebe
:101b2400211866000800678c1e00e01040200200a7
:101b3400212082008020040023208200c020040091
:101b4400bc0084242518e0002120a4005000e724d0
:101b540003006b8800006b9807006a8804006a9889
:101b64000b006988080069980f0068880c00689861
:101b740000008bac04008aac080089ac0c0088ac73
:101b840010006324f2ff67141000842403006888a3
:101b9400000068980700678804006798000088ac14
:101ba400040087ac0400038e211866000c00678cc7
:101bb4001e00e0104020020021208200802004004a
:101bc40023208200c0200400140184242518e0008e
:101bd4002120a4005000e72403006b8800006b98c8
:101be40007006a8804006a980b00698808006998ed
:101bf4000f0068880c00689800008bac04008aac65
:101c0400080089ac0c0088ac10006324f2ff671450
:101c1400100084240300688800006898070067881f
:101c240004006798000088ac040087ac0400038ead
:101c3400211866001000678c1b00e0104020020091
:101c440021208200802004002120820080200400c2
:101c54006c0184242518e0002120a4003000e7242e
:101c640003006b8800006b9807006a8804006a9878
:101c74000b006988080069980f0068880c00689850
:101c840000008bac04008aac080089ac0c0088ac62
:101c940010006324f2ff6714100084240300678893
:101ca40000006798000087ac0400038e21186600ca
:101cb4001400678c1b00e0104020020021208200e9
:101cc400802004002120820080200400a0018424bc
:101cd4002518e0002120a4003000e72403006b88cd
:101ce40000006b9807006a8804006a980b006988f2
:101cf400080069980f0068880c00689800008bac95
:101d040004008aac080089ac0c0088ac1000632481
:101d1400f2ff6714100084240300678800006798aa
:101d2400000087ac0400038e211866001800678c3d
:101d34001b00e010402002002120820080200400cb
:101d44002120820080200400d40184242518e0008e
:101d54002120a4003000e72403006b8800006b9866
:101d640007006a8804006a980b006988080069986b
:101d74000f0068880c00689800008bac04008aace3
:101d8400080089ac0c0088ac10006324f2ff6714cf
:101d9400100084240300678800006798000087ac63
:101da4000400038e213066001c00c68c1b00c0108a
:101db4004020020021208200802004002120820093
:101dc40080200400080284242518c0002120a400d7
:101dd4003000c62403006a8800006a9807006988f6
:101de400040069980b006888080068980f006788e9
:101df4000c00679800008aac040089ac080088ac29
:101e04000c0087ac10006324f2ff661410008424d5
:101e14000300668800006698000086ac0100422436
:101e2400ff0042300800a3902b184300f8fe601412
:101e3400403102000180023c40cc42242400bf8f88
:101e44002000b38f1c00b28f1800b18f1400b08f24
:101e54000800e0032800bd270800e003000000009c
:020000040000fa
:020000041d01dc
:101e640050fdbd27ac02bfafa802b7afa402b6af06
:101e7400a002b5af9c02b4af9802b3af9402b2af64
:101e84009002b1af8c02b0af258080002598a000ed
:101e94002001062425280000b02d410f1000a4279e
:101ea4005c0002960700423049004014059d073c3f
:101eb4004000029680100200d48be7240a38e27caa
:101ec400049d063c2cb9c6242c010524d800410fde
:101ed4005801a427258840002720020091080724e0
:101ee400059d063ce4cec624059d053c2ca0a524f6
:101ef400d1fe400fc22704004000039608000224cc
:101f040009006214049d063c1800078e38b9c624e3
:101f14002c0105242328b1005801a227d800410f21
:101f240021205100218822028e80829310004010cb
:101f3400049d063c40b9c6242c0105242328b10085
:101f44005801a227d800410f2120510021882202e4
:101f5400272011009a080724059d063ce4cec624d8
:101f6400059d053c2ca0a524d1fe400fc2270400ea
:101f740025380000ffff26325801a52745fe400ff3
:101f8400252000020e00401401000224000062a279
:101f940009000224ac02bf8fa802b78fa402b68f37
:101fa400a002b58f9c02b48f9802b38f9402b28fb3
:101fb4009002b18f8c02b08f0800e003b002bd27fd
:101fc4005c000296010003240410627c5c0002a6fb
:101fd4005c00029607004430010003243700831498
:101fe4000800423096004014059d023c40001596be
:101ff4000200b42e80181500548b42240a10437c2e
:10200400880040100100943a2c0106245801a527a9
:1020140009f8400025200002820040102588400075
:1020240027200200b1080724059d173ce4cee626cc
:10203400059d163c2ca0c526d1fe400fc2270400e6
:1020440025382002049d063c54b9c62428000524e2
:10205400d800410f3001a42725904000272002001a
:10206400b3080724e4cee6262ca0c526d1fe400ff3
:10207400c2270400ffff4632ffff31322138d1006e
:102084000200b52e9500a012ffffe7303001a5270e
:1020940045fe400f252000025a0040142538000058
:1020a40001000224000062a2baff00100900022409
:1020b400020003240410627c5c0002a6440007961c
:1020c4000d0002240b00e210258800008038070070
:1020d400059d023c94a042240a38477c049d063c9a
:1020e4006cb9c6242c010524d800410f5801a4273b
:1020f400258840007480848f620012260400828c3c
:102104001000a62709f84000252840021b004014af
:102114001800a3930100022418006214049d063cd5
:1021240080b9c6242c0105242328b1005801a22714
:10213400d800410f2120510021882202400003963b
:102144000100022415006210049d063c049d063c17
:10215400b8b9c6242c0105242328b1005801a227ac
:10216400d800410f21205100130000102188510094
:102174000100422c87ff00100a004224400003960d
:102184000100022405006210049d063c7200410f08
:1021940025204002edff4010049d063c9cb9c62456
:1021a4002c0105242328b1005801a227d800410f8f
:1021b400212051002188510027201100ed08072417
:1021c400059d063ce4cec624059d053c2ca0a52413
:1021d400d1fe400fc227040025380000ffff26323d
:1021e4005801a52745fe400f25200002e0ff40547a
:1021f4005000029201000224000062a265ff001058
:1022040009000224253020025801a52745fe400f6d
:10221400252000025c000296020003240410627c64
:102224005c0002a6a2ff80525c0002965c0002964b
:102234000410027c5c0002a656ff00100e0002246b
:102244004000029680180200059d023c548b4224f3
:102254000a10437cf5ff40102c0106245801a527e1
:1022640009f840002520000225884000edff4010b9
:102274000100142427201100b1080724059d153cf2
:10228400e4cea626059d143c2ca08526d1fe400f45
:10229400c227040025382002049d063c54b9c624f4
:1022a40028000524d800410f3001a42725904000c0
:1022b40027200200b3080724e4cea6262ca08526f6
:1022c400d1fe400fc2270400ffff4632ffff313228
:1022d4002138d100ffffe730010014240200e72475
:1022e400ffffe7303001a52745fe400f25200002ff
:1022f4006bff401025380000253020025801a52727
:1023040045fe400f25200002253800000200062467
:10231400059d053c18b9a52445fe400f2520000263
:08232400bdff00105c000296f1
:020000040000fa
:020000041d01dc
:10232c003000e830300003242c010311251000008c
:10233c00c0ffbd273c00bfaf3800beaf3400b7af05
:10234c003000b6af2c00b5af2800b4af2400b3af4b
:10235c002000b2af1c00b1af1800b0af2588e00070
:10236c002590c000de2c410f2598a0002580400050
:10237c004e0000122510000025a840020001522e2c
:10238c000100405600011524ffffb5320400038ef6
:10239c000000028e23186200ffff6324ffff6330ee
:1023ac001800028e1400048e2310440010002432f6
:1023bc0051008014ffff523025a060020001732ee3
:1023cc000100605600011424200024324c008014bb
:1023dc00ffff9432ffff4230211043002120950271
:1023ec002a108200100040502b20a302231044021c
:1023fc00211062000300243204008010ffff4230e1
:10240c000300052435008514020005240100422434
:10241c004210020021a05400ffff943221a8550065
:10242c00ffffb5322b20a30223107500030080148c
:10243c00ffff42302318a302ffff62302000432c21
:10244c0031006014d880848f0400828c09f840001d
:10245c000100a52625b040001400c0122510000074
:10246c002b1892022310540203006014ffff423019
:10247c0023909202ffff42322000522c240040167f
:10248c00d880848f0400828c09f8400001008526d6
:10249c002000401425f04000d880848f0c00828ce2
:1024ac0009f840002528c002251000003c00bf8f11
:1024bc003800be8f3400b78f3000b68f2c00b58f2c
:1024cc002800b48f2400b38f2000b28f1c00b18f72
:1024dc001800b08f0800e0034000bd2704008554ad
:1024ec0021a0540021a85500ceff0010ffffb532eb
:1024fc00ccff0010ffff9432caff001025a0400251
:10250c00ccff001025a86000d5ff001025b00000fe
:10251c0025f00000a100c01208002232a600405095
:10252c001000a0af0800128e0c00058e2b10450277
:10253c004c0040102b10b2000400178e23b8e5029b
:10254c00fffff7320000138e23905302ffff52322d
:10255c002110f2029f0040102a10a20286004014a3
:10256c00d880848f0300e0122530e002422c410f0a
:10257c002520c002040040122530400225286002ac
:10258c00422c410f2120d7021000028e0c00038e2a
:10259c0023204300ffff84302b1043000700401022
:1025ac001000a4af0400028e0000038e2310430021
:1025bc0021108200ffff42301000a2af3100c01783
:1025cc002598000025880000d880848f0c00828c10
:1025dc0009f840000000058e000016ae0100b5267b
:1025ec0021a8d502040015ae0c0016ae2190f20203
:1025fc002190d202080012ae1000a28f21b0c202ac
:10260c00100016ae451a410f252000020b00c01316
:10261c00d880848f0c00828c09f840001400058e41
:10262c0014001eae21a0d403180014ae20001eae60
:10263c002188710221f0d1031c001eae700004929f
:10264c000300032499ff83140100022401000624d3
:10265c00100005240820400f2520000293ff0010d5
:10266c0001000224570040102598a0002390450239
:10267c00ffff5232b6ff001025b800001000a0afcb
:10268c0025b800000400313236002012ffff02246e
:10269c005800038e0c0062101c00118e6400029610
:1026ac0021104300218822021800028e2b185100a1
:1026bc00060060502000058e1400038e231043008a
:1026cc0027100200218822022000058e2b10b10059
:1026dc00180040102598000023882502ffff313296
:1026ec001400a5af211071020c0040102a108202b8
:1026fc0021004014d880848f0300601225306002c2
:10270c00422c410f2520c00304002012253020024a
:10271c001400a58f422c410f2120d303abffc056d0
:10272c00d880848f61ffc01301000224b9ff001010
:10273c00d880848f2b1025020d0040502588000076
:10274c001800138e0100732623986502ffff733265
:10275c001400028e1400a2af23882202e1ff0010a5
:10276c00ffff313225880000ecff00102598000097
:10277c00eaff0010259800000c00828c09f840003c
:10278c002528c003d880848f0c00828c09f8400067
:10279c002528c00245ff001025100000b7ffc01708
:1027ac00259000001000a0af25b80000258800007f
:1027bc00daff001025980000259000007fff001024
:1027cc0025b800001000a0af259000007bff001082
:1027dc0025b8000079ff00101000a0af0800e0033e
:0427ec0000000000e9
:020000040000fa
:020000041d01dc
:1027f000e0ffbd271c00bfaf1800b2af1400b1af9f
:102800001000b0af2590a000422d410f2588c000d8
:10281000258040002b00001225100000008042326d
:1028200006014054847b127c00404232e000401498
:10283000847b127c1100432e2200601080901200d5
:10284000019d023c542842240a90527c0800400218
:10285000000000009828019de428019d4429019d65
:102860007c29019dc829019d082a019d1c2a019de2
:10287000282a019d342a019d4c2a019d582a019d38
:102880000c2b019d202b019d2c2b019d442b019d88
:102890005c2b019d742b019d251800000100312e39
:1028a0003c00028e8410227e3c0002ae05006010c7
:1028b000010002245d000292010042345d0002a288
:1028c000010002241c00bf8f1800b28f1400b18fca
:1028d0001000b08f0800e0032000bd27efff0010bc
:1028e00001000324251800000100312e3c00028e57
:1028f000c418227e3c0002ae010002240a006214c9
:10290000020004245d000292020042345d0002a233
:10291000ecff001001000224f3ff0010020003246a
:10292000f1ff001001000324e6ff641401000224fb
:102930005d0002924408027c5d0002a2e1ff0010eb
:1029400001000224251800000100312e3c00028ef7
:102950000421227e3c0002aedaff60100100022456
:102960005d0002928410027c5d0002a2d5ff00107f
:1029700001000224f4ff0010020003243c00028e38
:102980000408227e3c0002ae0300423008004010e2
:1029900001000324ffff0224140002ae3c00028e5b
:1029a0000442627c3c0002aec6ff0010010002241b
:1029b000140000ae3c00028e0442027c3c0002aed9
:1029c000c0ff0010010002243c00038e00026330af
:1029d000bcff6014251000002b8811003c00038e02
:1029e0008002637cb7ff711001000224c912410ffd
:1029f000252000023c00028e8452227e3c0002ae62
:102a0000b0ff001001000224c912410f252000026e
:102a1000100011a6abff001001000224540011a603
:102a2000a8ff001001000224580011a6a5ff001005
:102a3000010002242b8811003c00028e0484227eb7
:102a40003c0002ae9fff0010010002245e0011a2b4
:102a50009cff0010010002249aff201225100000a4
:102a60000000228e01004430070080100400238ef5
:102a7000010065303c00048ec418a47c0421a47cb1
:102a80008410a47c3c0004ae02004430040080109a
:102a90004070647c3c00058e04a5857c3c0005ae3e
:102aa00004004430040080108068647c3c00058e83
:102ab00044ad857c3c0005ae080044300400801025
:102ac000c060647c3c00058e84b5857c3c0005ae0e
:102ad00010004430040080100059647c3c00058ed6
:102ae0008494857c3c0005ae2000443075ff801046
:102af000010002244051637c3c00028ec49c627c35
:102b00003c0002ae6fff0010010002243c00028e68
:102b100004ee227e3c0002ae6aff00100100022497
:102b20005f0011a267ff0010010002242b88110032
:102b30003c00028e84f7227e3c0002ae61ff001052
:102b4000010002242b8811003c00028e04a5227e85
:102b50003c0002ae5bff0010010002242b88110034
:102b60003c00028e44ad227e3c0002ae55ff0010b8
:102b7000010002240100312e3c00028ec4ff227e9f
:102b80003c0002ae4fff0010010002240100312e74
:102b90003c00028e8410227e3c0002ae5d00029258
:102ba0000400027c5d0002a246ff00100100022426
:102bb0001100432e43ff601025100000809012008a
:102bc000019d023cd42b42240a90527c0800400212
:102bd000000000008c2b019d1829019d7429019d86
:102be0007c29019dc829019d082a019d1c2a019d5f
:102bf000282a019d342a019d4c2a019d582a019db5
:102c00000c2b019d202b019d2c2b019d442b019d04
:102c10005c2b019d742b019d0100312e3c00028e26
:102c20000421227e3c0002ae5d0002920400423488
:102c30005d0002a223ff0010010002241100432eb8
:102c400020ff60102510000080901200019d023cc2
:102c5000602c42240a90527c0800400200000000d0
:102c6000dc28019d2029019d182c019d7c29019db6
:102c7000c829019d082a019d1c2a019d282a019d21
:102c8000342a019d4c2a019d582a019d0c2b019d3f
:102c9000202b019d2c2b019d442b019d5c2b019d24
:042ca000742b019df3
:020000040000fa
:020000041d01dc
:102ca400b8ffbd274400bfaf4000b6af3c00b5af8e
:102cb4003800b4af3400b3af3000b2af2c00b1afc2
:102cc4002800b0af2f009690a000c232000140143b
:102cd400060012240000948c0c00828e00004394a1
:102ce40006006010259800000200422402004224dd
:102cf400feff4394fdff60140100732625808000cd
:102d0400270084882400049a2b00038a2800039a4d
:102d14002f00028a2c00029a1000a4af1400a3af63
:102d24001800a2af0100c2326f004010400002241c
:102d34002f0002a2240011261400a28f030024aa4b
:102d4400000024ba070022aa040022ba1800a293a1
:102d5400080022a21900a293090022a21a00a29339
:102d64000a0022a201001524010002240700032402
:102d74000f0045303000a424023102003a00872cb1
:102d84003700a5240a20a700ffff63241c00a52701
:102d94002128a300df0060100100a4a01000422c31
:102da4002f0040107e0004241000a22721104300ad
:102db4000c0044a024000492200002242a0082145f
:102dc4002510000031000010200006240c00848e21
:102dd4001000a38f1400a28f030023aa000023babb
:102de400070022aa040022ba1800a293080022a213
:102df4001900a293090022a21a00a2930a0022a297
:102e04000600a22e130040102510a002d8ff0010c7
:102e1400070003241000052440100200010068305c
:102e240021100201421803002448460025404000b6
:102e340026104700ffffa524f7ffa0140a1009017c
:102e440000008394f3ff601402008424c8ff001080
:102e5400070003240100063cf9ff00102110c724d9
:102e6400c3ff00102510c0002000042401004224e8
:102e74002b2843000500a010200006248a29227e66
:102e8400fbffa45401004224200006240800642c03
:102e9400050080102528c0001000a42721208300ed
:102ea4000c0085900100632421202202000085a0eb
:102eb400010042240800442cf5ff80140800642c0f
:102ec400a76c400f252000027d0040102590400093
:102ed400640002248900a212040002247d00421628
:102ee400251040022f0016a20200d6328d00c01217
:102ef4000c007326c44e113c4fec3136190071029c
:102f0400108800008288110001002526f9e7400f8f
:102f1400252000026e004014259040000d00732e01
:102f240047006016402911001400028e2328450032
:102f3400e9b2400f252000026500401425904000ae
:102f4400f12a410f2400042625a84000059d133cc6
:102f54001c00058e700d410f252080025c0040147a
:102f6400259040000c00868e2000048e0d0095a054
:102f74000f0002240b0082a00c0080a01a0080a085
:102f84001b0080a0ff002332ffff632440100300d6
:102f9400211043008010020021104300a8d46526ac
:102fa4000d00aa2425180000ffff0934ffff0824a0
:102fb400540069500000a790010047244018020003
:102fc4002118c300000063940000a2902110820025
:102fd400000043a0025a030001004ba00200601449
:102fe4002510e000251820010100a524f0ffaa14f3
:102ff400ffff073406006710ff002532401002006f
:103004002110c2000000429403004054000085a037
:103014004000a534000085a001000224040082a21f
:10302400252800007da8400f252000022800401418
:1030340025904000ffff3126c6ff20561c00058e58
:103044001c00058e700d410f2520800220004014c5
:10305400259040002000062425280000b02d410fb3
:103064002000048e2000028e2400032603006588bd
:10307400000065980700648804006498030045a86c
:10308400000045b8070044a8040044b80800649050
:10309400080044a009006490090044a00a00639059
:1030a4000a0043a02000038e2f0002921800423031
:1030b4000c0062a00100022405000010040082a29a
:1030c4000100b5266400022440ffa2160700122462
:1030d400251040024400bf8f4000b68f3c00b58fde
:1030e4003800b48f3400b38f3000b28f2c00b18f0e
:1030f4002800b08f0800e0034800bd27f4ff00104b
:1031040007001224213887000000e8a0b6ff001051
:103114000100e8a07e0002241c00a2a35aff0010b4
:103124002510600001000524f9e7400f2520000266
:10313400c3ff401025904000e6ff00102510400218
:020000040000fa
:020000041d01dc
:10314400d8ffbd272400bfaf2000b1af7020410fce
:103154001c00b0af5122410f258040000180043c87
:1031640090e1838c0500632c1800601090e1848c3e
:1031740080180400019d043c8c3184240a20837c43
:103184000800800000000000a031019d3c32019d38
:103194008832019d3834019d8834019d0180033caf
:1031a400ace16390010063300d0060104882838fae
:1031b4000180023c90e143241c0064900400047ce0
:1031c4001c0064a00200032490e143ac2400bf8fe0
:1031d4002000b18f1c00b08f0800e0032800bd2739
:1031e400238003024018020021186200c018030063
:1031f40021186200c01803006210023cd34d42241f
:103204001900620010180000821903002b800302c9
:10321400eeff00162080828f0400428cebff4014e6
:103224000180023c030003247020410f90e143ac71
:10323400e6ff0010488282af4c82822707000324f5
:10324400000043a010000324010043a00200062450
:1032540025284000711b410f6f0004240180023cab
:1032640090e143241c006490010005248410a47c94
:103274001c0064a02080838f040060acd3ff001086
:1032840090e140ac4c8285270000a0a40180113c51
:1032940090e1302618000396eb51023c1f8542341e
:1032a40019006200101000004221020040100400c6
:1032b40021104400c01002002110440080100200bc
:1032c40023186200ff006330cccc023ccdcc4234e6
:1032d4001900620010200000c2300400003906000a
:1032e400802006002120860040200400231864006a
:1032f4002518e3000600a3a0160006921900c200d8
:1033040010180000c22003000039040080180400d3
:1033140021186400401803002318c3002518e30093
:103324000500a3a0150006921900c20010180000a1
:10333400c22003000039040080180400211864002e
:10334400401803002318c3002518e3000400a3a0b9
:103354001a0006921900c20010180000c2200300cf
:103364000039040080180400211864004018030088
:103374002318c3002518e3000700a3a01200079236
:103384001900e20010200000c230040000190600f9
:103394008020060021208600402004002320e40031
:1033a4002518640080ff0424251864000300a3a0ea
:1033b400130006921900c20010180000c220030076
:1033c4000039040080180400211864004018030028
:1033d4002318c3002518e3000200a3a014000492dc
:1033e4001900820010100000c21002000031020017
:1033f4008018020021106200401002002310820095
:103404002510c2000100a2a008000624711b410f70
:103414006f0004241c0002924408027c1c0002a2d7
:103424002080828f03000324040043ac67ff001054
:1034340090e120ae54828227000040ac040040a4f6
:10344400060040a04c828227000040ac040040ac3f
:10345400070002241000a2af54828727010006242b
:103464004c828527851b410f6f0004242080828fa6
:1034740004000324040043ac0180023c53ff001009
:1034840090e140ac548287270000e3900180063c21
:1034940090e1c6240011627c8020020021104400c7
:1034a400401002000f006330211043000a00c2a044
:1034b4000100e3900011627c80200200211044008e
:1034c400401002000f006330211043000900c2a025
:1034d4000200e3900009627c802002002110440075
:1034e400401002000f006330211043000800c2a006
:1034f4000300e5900009a27c802002002120440002
:10350400402004000f00a53021208500ff008530f5
:103514000b00c5a00400e4900001827c8018020026
:1035240021184300401803000f0084302118640060
:10353400ff0063300c00c3a00500e29002210200ea
:103544008040040021208800402004000f00423005
:1035540021108200ff0044300180023c58c648908c
:103564004010080021104800c0100200211048003b
:103574008010020021104400ffff42300e00c2a45c
:103584000600e490070084301000c4a0ffffa424c8
:10359400ff0084301f00842c0c008010ffff632484
:1035a400ff0063300c00632c0800601030f84224e4
:1035b400ffff4230e903422c0400401001000424c0
:1035c4001c00c3904408837c1c00c3a02080828f0d
:1035d400040040ac0180023cfcfe001090e140acd1
:020000040000fa
:020000041d01dc
:1035e400d8febd272401b0af256880002570a00354
:1035f4002000af272510a0030000838c000043acfb
:1036040004004224fcff4f14040084242000ac274f
:103614006000a327251080010000a48c000044aca6
:1036240004004224fcff43140400a524c0008625a2
:10363400251880013800648c0400658c4214240031
:10364400c23c2400261047008222040026104400b5
:103654002400648c0000678c212087002110440022
:10366400c2212500823c250026208700c2280500af
:103674002620850021104400400062ac040063242d
:10368400ecff66141c00a88f0c00a28f1800a78ff3
:103694000800a38f1400a68f0400a48f1000aa8f23
:1036a4000000a58f039d0b3ce4376b2500017825b2
:1036b40082492a00c2ca2a002648390142ce2a0079
:1036c400264839010000798d0000908d21c830030f
:1036d4002148390126c8e60024c82a0326c827033e
:1036e40021483901214828012180490082402500d0
:1036f40042132500264002018215250026400201be
:103704002510a4002410430024c8a4002510590047
:1037140021400201214009010400628d0400898dc9
:10372400211049002138470026104601241050007a
:10373400261046002138e20082113000c24a3000cf
:1037440026104900424e3000261049002110e200a4
:1037540021c8620082382800421b28002638e30072
:10376400821d28002638e30025180501241864006a
:1037740024480501251869002138e3002138e200b6
:103784000800628d0800838d21104300213046001b
:10379400261050012410590026104a002130c2007e
:1037a40082113900c21a390026104300421e390022
:1037b400261043002110c2002148820082302700d5
:1037c400421b27002630c300821d27002630c30079
:1037d4002518070124186500242007012518640012
:1037e4002130c3002130c2000c00638d0c00828d97
:1037f4002118620021506a00261819022418690051
:10380400261870002150430182192900c212290090
:103814002618620042162900261862002118430166
:103824002128a3008250260042132600265042017c
:1038340082152600265042012510e6002410480077
:103844002420e60025104400215042012150430168
:103854001000628d1000848d21104400211050004e
:1038640026202903242085002620990021104400c5
:1038740082212500c21a250026208300421e25002d
:1038840026208300212044002140040182102a00c4
:10389400421b2a0026104300821d2a0026104300e2
:1038a4002518ca00241867002480ca00251870004f
:1038b40021104300211044001400638d1400848df2
:1038c400211864002118790026c8250124c828037a
:1038d40026c829032118790082c92800c222280099
:1038e40026c824034226280026c8240321c87900b8
:1038f4002138f9008218220042232200261864008d
:1039040082252200261864002520420124208600f6
:103914002480420125209000211864002118790098
:103924001800648d1800998d2120990021208900a8
:103934002648a8002448270126482501212089007b
:1039440082492700c2ca27002648390142ce2700ef
:1039540026483901214889002130c90082202300ea
:1039640042cb23002620990082cd230026209900f3
:1039740025c8430024c82a032480430025c83003f3
:1039840021209900212089001c00698d1c00998d3b
:103994002148390121282501264807012448260108
:1039a400264828012128a90082492600c2ca2600e7
:1039b4002648390142ce2600264839012148a9006b
:1039c400215049018228240042cb24002628b90032
:1039d40082cd24002628b90025c8640024c8220307
:1039e4002480640025c830032128b9002128a900b7
:1039f40020006b252eff781520008c251c00a8af15
:103a04001000aaaf1800a7af1400a6af0000a5af1e
:103a14000400a4af0800a3af0c00a2af0000a28d65
:103a24000000c38d211043000000a2ad0400ce2588
:103a3400faffcf150400ad25251000002401b08f36
:083a44000800e0032801bd2782
:020000040000fa
:020000041d01dc
:103a4c00b8ffbd274400bfaf4000b7af3c00b6afd6
:103a5c003800b5af3400b4af3000b3af2c00b2af08
:103a6c002800b1af2400b0af0f0005248523410f0f
:103a7c000200042425904000010042300800405010
:103a8c00020052320180133c18de7326c12a410f0a
:103a9c00020004247700401425a04000020052329a
:103aac00690040120180033c18de63241800628c0c
:103abc00d0074224180062ac6210043cd34d84241d
:103acc00190044001010000082110200b135410fa2
:103adc00140062ac5c00401025b040000180023c38
:103aec001cde538c1400732625a800000180123ca8
:103afc00852a410f2520a00225a040001000708ec1
:103b0c00160000122588600218de43261400628c11
:103b1c000800048e231044003400638c2b104300e7
:103b2c00b200405442009796fcff0526552a410fdf
:103b3c00ecff248e3ff8400f10006426ffff072493
:103b4c00253000000400052625ea400f25208002c0
:103b5c001000308e9d00001618de43260000308ebb
:103b6c001c00001218de43261400628c0800048e20
:103b7c00231044003000638c2b104300160040547b
:103b8c00ecff228efcff0526552a410fecff248efc
:103b9c003ff8400f25202002fdff072425300000b0
:103bac000400052625ea400f252080020000308ef7
:103bbc000800001218de43261400628c0800048ee4
:103bcc00231044003000638c2b104300eeff401098
:103bdc00fcff0526ecff228e2400428c2000238e55
:103bec002b104300160040540100b5262400228ef1
:103bfc0012004010258000003ff8400f25202002c5
:103c0c000e00401025b84000fcff4524552a410ffa
:103c1c00ecff248efcff0724253000000400e52671
:103c2c0025ea400f25208002010010262400228e58
:103c3c002b100202f0ff4014000000000100b5261a
:103c4c00abffd5163c0073264400bf8f4000b78fe6
:103c5c003c00b68f3800b58f3400b48f3000b38f72
:103c6c002c00b28f2800b18f2400b08f0800e00325
:103c7c004800bd271800908e6321410f25200002bb
:103c8c00000003960100022446006214f2ff052492
:103c9c000400039606040224430062140200062466
:103cac001b00158a1800159a1c00b5af2800918ec0
:103cbc000400768eff33410f252020021100038a69
:103ccc000e00039a1800a3af0021020023208200eb
:103cdc00802004001800a527b5d9400f0a20c47e07
:103cec000500401025b0400008000626252840009d
:103cfc0050e1400f252020020400228e2900a2163c
:103d0c000200052442002296001042302600401486
:103d1c00020006241600c056060003960400758e99
:103d2c00ff33410f252020020019020023106200ee
:103d3c008010020021a8a2021800a5271fe0400f46
:103d4c000000a48e0a004050060003960000439425
:103d5c000200633018006010080006261400a72625
:103d6c0080000524aa0a410f252040000600039676
:103d7c00010002240b006214020005241100078ac2
:103d8c000e00079a0400268e3c0022261400a2afd7
:103d9c00080010261000b0af9ba9400f2520200270
:103dac000200052402000624b012410f25208002d7
:103dbc0036ff0010000000002528400050e1400fa5
:103dcc0025202002eaff0010060003961400628ce6
:103ddc000800048e231044003400638c2b10430025
:103dec0052ff4010fcff0526420097960010f73258
:103dfc00fcff0496000282302200401018de42269e
:103e0c0042004294120005962b10a200180040109c
:103e1c0018de46261400c38c0800028e231862009c
:103e2c003800c28c0210a2702b106200110040549a
:103e3c000000108e0300e012000184300d00805051
:103e4c000000108e0400078e0400868e1400a0afb4
:103e5c00108082271000a2af010005249ba9400fff
:103e6c00252080021200029601004224120002a6b4
:103e7c000000108edfff0056fcff049638ff001088
:0c3e8c000000308edfff00104000429468
:020000040000fa
:020000041d01dc
:103e9800d8ffbd272400bfaf2000b4af1c00b3afcc
:103ea8001800b2af1400b1af1000b0af2588a00061
:103eb80025a0c0002598e0003800b28f0300a010ac
:103ec8004000b08fffff02240000a2ac0400400fa6
:103ed80000000000140040540400448c2e36410faa
:103ee800000000000300422c080040142400bf8f8b
:103ef8002c36410f00000000049d053c0cdba52476
:103f0800c60f410f252040002400bf8f2000b48f2a
:103f18001c00b38f1800b28f1400b18f1000b08f3f
:103f28000800e0032800bd274400a38f241864007c
:103f38000e006014000000002e36410f0000000043
:103f48000300422cf1ff40542400bf8f2c36410f50
:103f580000000000049d053c2cdba524c60f410f82
:103f680025204000e9ff00102400bf8f10008016b4
:103f7800020003240e000312000000002e36410f39
:103f8800000000000300422ce0ff40542400bf8fd3
:103f98002c36410f00000000049d053c58dba52489
:103fa800c60f410f25204000d8ff00102400bf8f06
:103fb8001800401221387202000044902b40f30090
:103fc8003c00a393120063240180063cc028030030
:103fd80040180400211864008018030023186400a6
:103fe8008018030023186400801803002118a30018
:103ff80068d8c5242118a3000400638c05000015a7
:1040080025280000100005152b3867000f00e01068
:10401800401804002e36410f000000000300422c17
:10402800baff40542400bf8f2c36410f0000000017
:10403800049d053c78dba524c60f410f25204000d0
:10404800b2ff00102400bf8f40180400211864003c
:1040580080180300231864008018030023186400e4
:10406800801803000180053c68d8a5242118650044
:10407800a800659001000324a3ffa31440180400be
:1040880021186400801803002318640080180300b6
:1040980023186400801803000180053c68d8a52413
:1040a80021186500a80060a05400638c0800638c88
:1040b80010006014020003240c0003560300053aa4
:1040c8004010040021104400801002002310440016
:1040d8008010020023204400802004002120850055
:1040e8000100022488ff0010a80082a00100032418
:1040f8000a806500000043900180063c40280300c8
:104108002128a300802805002328a3008028050073
:104118002328a3008028050068d8c6242128c500c4
:104128005c00a58c4700a0100180073c2000a88ceb
:10413800403003002130c300803006002330c30024
:10414800803006002330c3008030060068d8e7249a
:104158002130e6005c00c8ac00004790003a070038
:104168000000a88c2538e8004600c89400440800e0
:104178002538e8000c00a7ac0400a2ac1000b4acd1
:104188001400b3ac1800b2ac1c00b0ac010002249f
:104198000800a2ac2000a0ac4600c6940100c624ca
:1041a800ffffc630ffffc7380a3047000180073cd1
:1041b8004010030021104300801002002310430028
:1041c80080100200231043008010020068d8e72402
:1041d8002110e20003002012460046a40c00a28c25
:1041e800000022ae4010030021104300801002009e
:1041f80023104300801002002310430080100200a7
:104208000180063c68d8c624211046006000428c14
:10421800190040144010030021304300803006008c
:104228002330c300803006002330c30080300600ee
:104238000180073c68d8e7242130c7006000c5ac7e
:104248006400c5ac40100400211044008010020036
:104258002310440080100200232044008020040022
:104268000180023c68d842242120820001000224f7
:1042780025ff0010a80082a00180073c68d8e72429
:1042880021304300803006002330c3008030060010
:104298002330c300803006002130e6006400c68c5d
:1042a8002000c5ac211043008010020023104300f9
:1042b8008010020023184300801803002118e3002f
:0842c800e0ff0010640065ac8a
:020000040000fa
:020000041d01dc
:1042d000c8ffbd273400bfaf3000beaf2c00b7af62
:1042e0002800b6af2400b5af2000b4af1c00b3afb8
:1042f0001800b2af1400b1af1000b0af2598800025
:1043000025a8a0002590c000010002240300a210ef
:1043100025b0e0001300c01425a00000fc04410fec
:10432000ffff112425a040020e00401425904000fc
:10433000251020023400bf8f3000be8f2c00b78fb5
:104340002800b68f2400b58f2000b48f1c00b38fd7
:104350001800b28f1400b18f1000b08f0800e00376
:104360003800bd27c8808293ff004230fdff401017
:1043700000000000c8808293ff0042300b00401014
:10438000d480838f0d32410f00000000c880842745
:1043900000008390ffff6324ff006330000083a0d0
:1043a0001432410f25204000d480838f3f006010dd
:1043b000e480848f0000828c350040142588000042
:1043c0002588000025f00000d880848f0800828caa
:1043d0008c00062409f840000100052425804000d7
:1043e000d880848fcc8085970100a5240400828c1e
:1043f00009f84000ffffa53025b84000d880848f21
:10440000ca8085970100a5240400828c09f8400029
:10441000ffffa53005000012252840000400e0122f
:10442000d880848f2a004014cc808397d880848fd2
:104430000c00828c09f84000ffff1124d880848f83
:104440000c00828c09f840002528e002d880848f77
:104450000c00828c09f84000252800020d32410f23
:1044600000000000c880839301006324c88083a3f8
:104470001432410f25204000aeff0010251020020d
:10448000801011000a10827cd0ff4050d880848fa9
:1044900001003126208e117c2b282302f8ffa01466
:1044a00025f02002c9ff4010d880848f0d32410fc3
:1044b000ffff1124c880839301006324c88083a375
:1044c0001432410f252040009aff001025102002d1
:1044d000ca808297740011a6000017ae0100632401
:1044e00021b8e302040017ae140005ae2128a20093
:1044f000180005ae18020224660002a680f01e0015
:10450000e480828f21f05e000d32410f0000d0afb9
:10451000c880839301006324c88083a31432410fb1
:10452000252040005e0002966e0002a60000028e6a
:10453000080002ae0c0002ae100002ae1400028ea3
:104540001c0002ae200002ae8400028e4440027cb9
:10455000000242348452027c8494027cc4bd027cfa
:10456000c49c027c840002ae380000ae340000ae71
:10457000830000a2500000aeffff0324580003aeea
:1045800001000324600003a66a0003a65c0000a6e5
:104590003c0000ae730000a2000c437c710003a23b
:1045a00025184000c006427c01004050440000ae87
:1045b0000007627c01004050400000ae0100022470
:1045c0001e006216710013a22000073c0600e724bb
:1045d0000400062414000524240f410f780004244d
:1045e0003f004010039d033c44bc6324080043acdf
:1045f0000c0050ac01000324700043a4580043a4f5
:104600000f004010480002ae8400028e048c627ecf
:104610001500a012840002ae5e0012a67020410fa9
:104620005c0014a6240002ae8400028e0100032464
:104630004408627c1d000010840002ae480000aef9
:1046400071000292050040508400028e820e410fdc
:104650002520000236ff0010ffff1124048c627e2b
:104660000900a016840002ae5e0012a68400028e2d
:10467000010003240400627c840002ae700000a2ea
:104680002bff00106e0012a65e0012a67020410fd4
:104690005c0014a6240002ae8400038e01000224f4
:1046a0004408437c06006216840003ae0400c01276
:1046b000000000000000c28e010040543c0002ae29
:1046c000d102410f252000020000422801000424ed
:1046d0000b0003240a18820015ff0010700003a2cb
:0846e000d7ff0010480002aef4
:020000040000fa
:020000041d01dc
:1046e800696e636c75646500736574006563686ff3
:1046f800000000000d0a3430302042616420526509
:1047080071756573743a2063616e27742068616ef1
:10471800646c6520436f6e74656e742d4c656e67ae
:1047280074680d0a000000000d0a34303120556eff
:10473800617574686f72697a65643a205061737341
:10474800776f72642072657175697265640d0a000d
:104758000d0a34313420526571756573742d5552c4
:104768004920546f6f204c6f6e673a204275666619
:104778006572206f766572666c6f77206465746504
:10478800637465640d0a00000d0a35303020496ee7
:104798007465726e616c205365727665722045721d
:1047a800726f723a2045787065637465642064613d
:1047b8007461206e6f742070726573656e740d0a73
:1047c800000000000d0a353031204e6f7420496d0d
:1047d800706c656d656e7465643a204f6e6c7920f7
:1047e80047455420616e6420504f535420737570b0
:1047f800706f727465640d0a000000000d0a343091
:104808003320466f7262696464656e3a20544c5373
:10481800205265717569726564202d207573652055
:1048280048545450530d0a000d0a3c68746d6c3e90
:104838003c626f6479207374796c653d226d617296
:1048480067696e3a3130307078223e3c623e46539a
:10485800205570646174652053756363657373666e
:10486800756c3c2f623e3c703e3c61206872656608
:104878003d222f223e53697465206d61696e207058
:104888006167653c2f613e3c2f626f64793e3c2f27
:1048980068746d6c3e000000323030204f4b0d0aba
:1048a8000000000034303020426164205265717588
:1048b8006573740d0a00000034303120556e61753f
:1048c80074686f72697a65640d0a5757572d417578
:1048d8007468656e7469636174653a2042617369ce
:1048e80063207265616c6d3d2250726f74656374ec
:1048f8006564220d0a000000343034204e6f7420a5
:10490800666f756e640d0a436f6e74656e742d5410
:104918007970653a20746578742f68746d6c0d0a27
:104928000000000034313420526571756573742db0
:1049380055524920546f6f204c6f6e670d0a000066
:1049480035303020496e7465726e616c2053657223
:10495800766572204572726f720d0a00353031200b
:104968004e6f7420496d706c656d656e7465640d6d
:104978000a00000033303220466f756e640d0a4c11
:104988006f636174696f6e3a200000003430332021
:10499800466f7262696464656e0d0a0032303020b9
:1049a8004f4b0d0a436f6e74656e742d54797065a4
:1049b8003a20746578742f68746d6c0d0a000000d5
:1049c80035303020496e7465726e616c20536572a3
:1049d800766572204572726f720d0a436f6e746548
:1049e8006e742d547970653a20746578742f6874e4
:1049f8006d6c0d0a0000000068746d0068746d6cc1
:104a08000000000063676900786d6c007465787455
:104a18002f706c61696e0000746578742f68746d0e
:104a28006c000000746578742f786d6c00000000cd
:104a3800746578742f63737300000000696d616793
:104a4800652f676966000000696d6167652f706e84
:104a580067000000696d6167652f6a70656700000f
:104a68006170706c69636174696f6e2f782d6a610b
:104a78007661736372697074000000006170706c15
:104a880069636174696f6e2f6a6176612d766d0056
:104a9800617564696f2f782d776176650000000075
:104aa800747874006373730067696600706e6700da
:104ab8006a7067006a730000636c617373000000ba
:0c4ac8006a6176610000000077617600f2
:020000040000fa
:020000041d01dc
:104ad400e8ffbd271400bfaf2a27410f1000b0af75
:104ae400240040107882828f7020410f0000000063
:104af4007482908f5122410f238050006210033c36
:104b0400d34d6324190043001010000082190200e1
:104b14004010030021104300c01002002110430084
:104b2400801002002b100202020040140200022432
:104b3400788282af8882828f0600422c380040102f
:104b44008882828f80180200019d023c604b4224bf
:104b54000a10437c0800400000000000244c019d22
:104b6400c44b019d344c019da84c019d644d019d95
:104b7400d84d019df0ff40108882828f7020410f34
:104b8400000000007082908f5122410f238050005a
:104b94006210033cd34d632419004300101000003d
:104ba400821102006c82838f021043702b10020268
:104bb400e0ff401403000224deff0010788282af7d
:104bc4007020410f000000008082908f5122410f1d
:104bd400238050006210033cd34d6324190043002a
:104be400101000008219020040110300231043003a
:104bf4008010020021104300801002002b100202da
:104c0400070040142530000000400524ea2b410f22
:104c14000600042402000224848282af888280afca
:104c24001400bf8f1000b08f0800e0031800bd27e8
:104c34007020410f000000008082908f5122410fac
:104c4400238050006210033cd34d632419004300b9
:104c5400101000008219020000110300211043000b
:104c64008010020021104300801002002310430032
:104c7400c01002002b100202e9ff4014253000008e
:104c840000100524ea2b410f060004247020410f74
:104c940000000000808282af03000224e0ff0010c5
:104ca400888282af1633410f030004244002427c01
:104cb4000c004010059d073ce8d4e724049d063c05
:104cc40080c4c624049d053c88c4a52469f2400f11
:104cd4002520000002000224848282afd0ff00104d
:104ce400888280af7020410f000000008082908f86
:104cf4005122410f238050006210033cd34d6324a2
:104d040019004300101000008219020080100300f3
:104d140021104300c01002002310430000110200c0
:104d240021104300c01002002b100202bcff4014eb
:104d3400059d073ce8d4e724049d063c80c4c624b2
:104d4400049d053cb0c4a52469f2400f2520000051
:104d540004000224848282afb1ff0010888280aff5
:104d64007020410f000000008082908f5122410f7b
:104d7400238050006210033cd34d63241900430088
:104d84001010000082190200401103002310430098
:104d94008010020021104300c0180200231062009a
:104da400801002002b1002029dff401425300000e9
:104db40000100524ea2b410f060004247020410f43
:104dc40000000000808282af0500022494ff0010de
:104dd400888282af1633410f030004244002427cd0
:104de4000c004014059d073ce8d4e724049d063cd0
:104df40080c4c624049d053cd8c4a52469f2400f90
:104e04002520000003000224848282af84ff001066
:104e1400888280af7020410f000000008082908f54
:104e24005122410f238050006210033cd34d632470
:104e34001900430010100000821902004011030001
:104e44002310430080100200211043004019020087
:104e540023106200c01002002b10020270ff4014e5
:104e6400059d073ce8d4e724049d063c80c4c62481
:104e7400049d053c00c5a52469f2400f25200000cf
:104e840004000224848282af65ff0010888280af10
:020000040000fa
:020000041d01dc
:104e94002540c0002518e000255080009800e0144b
:104ea4002510a0002b30a6003500c0100000000023
:104eb400202805710600a0102320050006208a0082
:104ec4000410a2000440a800251082000450aa0087
:104ed400023408001b004600f401c000ffff053146
:104ee40002240a001238000010100000001402000e
:104ef400252044000248a7702b5889000a0060113d
:104f04002510e000212088002b5888000600601539
:104f1400ffffe2242b5889000400605123208900fc
:104f2400feffe22421208800232089001b00860044
:104f3400f401c0001030000000340600122000000c
:104f44000238a470ffff45312528c5002b48a7006f
:104f54000800201125308000212805012b40a800dd
:104f640004000015ffff86242b28a7000100a0548d
:104f7400feff8624001402000800e003251046000a
:104f840004000015010002241b004800f401000184
:104f94001240000020580b712300601520000724e4
:104fa4002328a80001000324023408001b00a600e3
:104fb400f401c000ffff073102240a001228000098
:104fc4001010000000140200252044000248e5707f
:104fd4002b5889000a0060112510a00021208800a8
:104fe4002b58880006006015ffffa2242b58890067
:104ff4000400605123208900feffa22421208800a0
:10500400232089001b008600f401c000ffff4a3101
:1050140010280000002c05002528aa0012200000fa
:10502400caff00100238e4702338eb000440680122
:105034000648e400023408000638e5001b00e600d8
:10504400f401c0000410650125482201ffff02316c
:10505400021c09001228000010380000003c070060
:105064002538e300025045702b60ea000a008011e5
:105074002518a0002138e8002b60e8000600801500
:10508400ffffa3242b60ea00040080512338ea00c8
:10509400feffa3242138e8002338ea001b00e600c1
:1050a400f401c000ffff2531123000001038000069
:1050b400003c07002528e500021046702b48a2009a
:1050c4000a0020112538c0002128a8002b48a80078
:1050d40006002015ffffc7242b48a200040020511e
:1050e400001c0300feffc7242128a800001c0300a5
:1050f400045064012328a200abff001025186700a8
:105104002b40a700251800004e00001525100000b4
:105114002050ea7007004015200009242b28e500e0
:105124004800a014010002242b1086000800e003ac
:105134000100423823482a01061026010438470199
:1051440025384700041845010244070006282501b4
:105154001b00a800f4010001ffffeb30061024013e
:1051640025104300021c0200122800001048000011
:10517400004c090025482301026065712b682c014d
:105184000a00a0112518a000214827012b68270137
:105194000600a015ffffa3242b682c010400a051d6
:1051a40023482c01feffa3242148270123482c0176
:1051b4001b002801f4010001ffff453012400000ec
:1051c40010480000004c0900252825010258687188
:1051d4002b10ab000a004010254800012128a7002d
:1051e4002b10a70006004014ffff09252b10ab006d
:1051f4000400401000140300feff09252128a70025
:105204000014030004304601251049001900c200af
:105214002328ab00103800002b18a70007006014e7
:10522400123000000700a7142518000004204401d0
:105234002b2086000300801000000000ffff4224a2
:10524400251800000800e003000000002548c00005
:10525400251080008b00e0142518a0002b30a60038
:105264003300c01020502a7108004011025c09006c
:105274000418450123280a000628a400044849010b
:105284002518a30004104401025c09001b006b00f4
:10529400f4016001ffff24311218000010280000ff
:1052a40002306470001c0500022c02002518650001
:1052b4002b2866000800a0502318660021186900f6
:1052c4002b2869000300a0142b2866000100a054b9
:1052d40021186900231866001b006b00f4016001ab
:1052e400ffff4230103000001218000002586470b2
:1052f400001c0600251062002b184b0009006050aa
:1053040023104b00211049002b184900050060545c
:1053140023104b002b184b0001006054211049004e
:1053240023104b00061042010800e003251800007a
:1053340004002015010003241b006900f40120016e
:105344001248000020502a711f0040152000072435
:105354002328a900025c09001b00ab00f4016001d2
:10536400ffff243112280000101800000230a4703e
:10537400002c0300021c02002528a3002b18a60001
:10538400080060502330a6002128a9002b18a9008a
:10539400030060142b18a600010060542128a90002
:1053a4002330a6001b00cb00f4016001ffff423054
:1053b40010280000123000000258c47000340500a8
:1053c400cdff00102510c2002338ea00044849012b
:1053d4000618e400023409000638e5001b00e60064
:1053e400f401c00004104501ffff283125186200b4
:1053f400022c030012380000106000000210e87054
:10540400003c0c002538e5002b28e2000800a050e1
:105414002338e2002138e9002b28e9000300a01416
:105424002b28e2000100a0542138e9002338e200cf
:105434001b00e600f401c000ffff653012300000dd
:1054440010380000003c07002528e5000230c87031
:105454002b10a60009004010041044012128a900c3
:105464002b10a90005004014041044012b10a600c1
:10547400010040542128a90004104401b5ff001084
:105484002328a6002b40a7005c0000152070ee70b6
:105494000a00c0152b40e500030000152b408600d0
:1054a4005600001500000000231086002328a700e2
:1054b4002b1882000800e0032318a30020000b240b
:1054c40023586e01066066010438c7012538870138
:1054d4000440c501024c0700062865011b00a90011
:1054e400f40120010610640125104800ffffe83094
:1054f40002640200122800001050000000540a0048
:1055040025504c01021805712b6043010a008011db
:105514002568a000215047012b6047010600801533
:10552400ffffad242b60430104008051235043014d
:10553400feffad2421504701235043011b004901c4
:10554400f4012001124800001050000000540a0029
:1055540002280971ffff4830254048012b1005013e
:105564000a00401025502001214007012b1007019b
:1055740006004014ffff2a252b10050104004010eb
:1055840000640d00feff2a252140070100640d0080
:105594000410c60125608a01190082012340050117
:1055a4000418c401106800002b200d012528a00157
:1055b40012600000050080141230000007000d1571
:1055c4002b206c00060080102330660023308201fb
:1055d4002338a7012b6086012328ec0023306600c2
:1055e4002b186600234005012318030104106301ee
:1055f4000630c601251046000618c3010800e00362
:0456040000000000a2
:020000040000fa
:020000041d01dc
:1056080098ffbd276400bfaf6000b6af5c00b5afc0
:105618005800b4af5400b3af5000b2af4c00b1afb4
:105628004800b0af6c00a5afa1008010090013249a
:105638002588c000258080003f00d23025304002f8
:105648004400a5275e41400f6c00a4279700401432
:10565800259840004400a28f1000a2af6c00a58fcf
:105668001a32400f1000a427bc0040541c003132ed
:105678003f00a283cd004004252840020400057c99
:105688002b280500a3ef400f1000a4271c0023328d
:105698009600601000000000b2004054040003248b
:1056a8001600a29311004230aa00401404003132bf
:1056b800bc00201608000224080042322f004010c7
:1056c8004400a28f7a31410f000000002588400075
:1056d800252840003000a48fd92f410f0e008424c4
:1056e800252820023000a48fd92f410f16008424ca
:1056f8004400b18f3000b48f25288002e523410f84
:105708002520200225a84000200002240b0082a2a8
:10571800253000003000a58ffd2a410f25202002ea
:10572800252800003000a48fd92f410f1c008424a5
:105738004400a28f010003240e00a012040043a01d
:105748003400518c253000002528a00230d0400fad
:105758001000a4279300401425282002700d410f43
:105768004400a48fffffa5264400a38f8d0040149a
:10577800100065ac400052364400a28f3400428cc1
:10578800240002ae3000a28f280002ae2528400275
:105798000400057c2b28050093c0400f1000a427a7
:1057a80063004010100002ae4400b48f3000b18f87
:1057b80025282002e523410f2520800225b040003e
:1057c800080002ae002c410f1c002426258840004a
:1057d8000c0002ae000014ae06008296040002a679
:1057e800140012a2150000a2200000ae180000ae9e
:1057f8002c0015260002062425280000b02d410f94
:105808002520a002200052322a00401225106002f2
:10581800290020126400bf8f180011ae0a0092966a
:10582800409212002b1051020d004010ff0122324d
:105838002528c002e9ac400f2520000225b0400011
:105848000200422c3c004014ffff02243d00c2121b
:10585800238832022b105102f5ff4014ff01223237
:10586800130040101c0016ae4400b28f2528c00259
:10587800e52a410f252040022b004010428a1100e2
:1058880021302202200006ae010007242528a002ac
:105898007184400f010044920600401025106002f8
:1058a8000100132417ff400f1000048e000000ae03
:1058b800251060026400bf8f6000b68f5c00b58f52
:1058c8005800b48f5400b38f5000b28f4c00b18f82
:1058d8004800b08f0800e0036800bd272a00641460
:1058e800100042242d00001012000224efff405443
:1058f800259840001600a29310004330130060144e
:1059080002002332030060100100423025004014d9
:10591800070002240800313296ff20164400a28fa7
:1059280097ff00103400428cdeff001002001324a1
:10593800deff00100200132402001324d9ff001018
:105948001c0016aefdff0010010013241500001006
:105958000400022413000010070002241100201282
:1059680004000324d1ff4354259840000180023ce1
:105978007cd0428c070040100180023c8cd042242d
:1059880001000324180004240000458cd3ffa01450
:1059980001006324294b400f1000a42746ff401044
:1059a80008005236c1ff001025984000fdff001086
:0459b80006000224bf
:020000040000fa
:020000041d01dc
:1059bc00b8ffbd274400bfaf4000b1af120080104c
:1059cc003c00b0af2e36410f000000000300432c0a
:1059dc0008006014ffff02242c36410f0000000069
:1059ec00039d053cb051a524c60f410f2520400056
:1059fc00ffff02244400bf8f4000b18f3c00b08fea
:105a0c000800e0034800bd270180023c68d8438ca5
:105a1c0002000224480062102588a0000180023c8c
:105a2c00bcd8428c0c00428c060040100180033c18
:105a3c0009f84000b0d8649402000324c000431459
:105a4c00000000000180023cbcd8428c0000428c5b
:105a5c00080040100b0005240180103c68d810266b
:105a6c0009f8400048000496ffff0324b4004310db
:105a7c004c0002ae1000a0af1400a0af1800a0aff5
:105a8c001c00a0af2000a0af2400a0af2800a0af46
:105a9c002c00a0af3000a0af3400a0af0180023cbe
:105aac0068d842245400438c1c00638c1000a5273a
:105abc0009f860004c00448ca10040100180043cab
:105acc0068d882241000a38f900043ac1400a38fdd
:105adc00940043ac1c00a38f980043ac2000a58f0e
:105aec009c0045ac3c0043ac2800a38fa00043ac09
:105afc002c00a58fa40045ac400043ac1800032437
:105b0c007c0043ac1800a38f800043ac2400a38f0f
:105b1c00840043ac3000a38f880043ac0180033c6d
:105b2c00f8d863248c0043ac3400a38f200043ac22
:105b3c000200022468d882ac0180023c11d9449046
:105b4c0001000324abff8314ffff02240180023cfd
:105b5c0068d84224a90040a01900429019004010b6
:105b6c000180023c2e36410f000000000300422c45
:105b7c00080040540180023c2c36410f000000000c
:105b8c00039d053c0852a524c60f410f252040005b
:105b9c000180023c0100032411d943a095ff0010a1
:105bac00ffff02242c36410f00000000039d053c32
:105bbc00dc51a524c60f410f252040008dff00109d
:105bcc00ffff0224dcd84290030040100800223270
:105bdc0014004014000000000180023ce0d8448c0a
:105bec000c0080100180023c0180023cd4d8508c07
:105bfc00080002921f004010251800001800022611
:105c0c002518000001006324160064142580400050
:105c1c000180023c0100032411d943a075ff001040
:105c2c00ffff02242e36410f000000000300422c1f
:105c3c00080040540180023c2c36410f000000004b
:105c4c00039d053c4852a524c60f410f252040005a
:105c5c000180023c0100032411d943a065ff001010
:105c6c00ffff022418004224f0ff4590e6ffa054e9
:105c7c000100632401000224080002a2000000a21b
:105c8c00040011ae08003132040020120c0000aeea
:105c9c000180023c0100042481d844a00180023c14
:105cac0068d842247400449001008424740044a0f9
:105cbc00440044940024040025188300100003ae13
:105ccc004400429401004224ffff4230ffff44385d
:105cdc00010003240a1064000180033cacd862a4c8
:105cec001000038effff0224110062100180023ca1
:105cfc000180023cb8d842900d0040100180023c5b
:105d0c000180023cbcd8428c1800438c0700601008
:105d1c00059d053c0180023c68d84224253040009a
:105d2c0058d3a52409f860004c00448c0180023c37
:105d3c000100032411d943a02eff00101000028e85
:105d4c002e36410f000000000300422c95ff40103e
:0c5d5c000000000027ff0010ffff0224e1
:020000040000fa
:020000041d01dc
:105d680058ffbd27a400bfafa000beaf9c00b7afcf
:105d78009800b6af9400b5af9000b4af8c00b3af45
:105d88008800b2af8400b1af8000b0af0f00052427
:105d98008523410f0e000424259040000200423064
:105da800090040100180023ca0e050842716410ff2
:105db800252000028f0040140180023ca4e0429498
:105dc800a100401425880000000152327e004012d4
:105dd800a400bf8f000105248523410f0e00042471
:105de8000180023ca0e042241400448c0400838c0f
:105df80009f86000020045947200401025984000a0
:105e08000180023ca0e044847800a4afa0e04224d2
:105e18000800468cfc49400f0300052425a000001b
:105e280001801e3ca0e0d027059d173c0600049683
:105e38000c00028e06108200010042304e004050d5
:105e480006000296852a410fa0e0d18725904000e0
:105e58001a2d410f25204000520040102530000027
:105e680073fb400f25202002020003962b104300ed
:105e78004b0040147cc4f6261000b3af1800b2af34
:105e88001c00a0a71e00a3a72000b3af1c00028e11
:105e98002400a2af25a800001400b5af0000c28ef0
:105ea80009f840001000a42789004004ffff45308e
:105eb8001c00a4972120a4001c00a4a71e00a397df
:105ec800231865001e00a3a72000a38f21186200d5
:105ed800060040102000a3af0d000224feff62a0c0
:105ee8002000a28f0a000324ffff43a00100b5266b
:105ef80007000224e8ffa2160400d6261c00a29779
:105f0800fdff42241c00a2a725284002f4fe400ff2
:105f1800252020020400428e6400a2af6400a62758
:105f2800010005243c06410f252020021c00a697ed
:105f38000300652678ef400f252020021c00028e02
:105f4800030040102528200209f8400025204002bf
:105f58009662400f252020020600039601000224c5
:105f680004106200271002000c00038e2410430066
:105f78000c0002ae0600029601004224ffff4230e8
:105f8800060002a60400039601004350060000a67e
:105f980001009426ffff9432a5ff7454060004966e
:105fa8002530000001000524fc49400f7800a48f2b
:105fb8000180023cb4e0448c0c00828c09f840005b
:105fc80025286002a400bf8fa000be8f9c00b78f59
:105fd8009800b68f9400b58f9000b48f8c00b38f63
:105fe8008800b28f8400b18f8000b08f0800e00372
:105ff800a800bd276400a5273b31410f25200002da
:106008006400a393440002240b0062145400062485
:1060180025280000b02d410f1000a4271000a52747
:1060280077c7400f25200002020006240800052437
:106038009f09410f5800a48fa523410f2520000276
:106048005aff0010000000000180103ca0e010265c
:10605800852a410f25202002259840007328410fea
:10606800252040000d0040140100022404102202e3
:10607800271002001000038e24104300100002ae07
:1060880001003126040002962b102202f0ff401472
:10609800000000004dff0010000152321000048e75
:1060a8000618240201006330f5ff60140410220270
:1060b80025104400100002ae253000000800052419
:1060c8009f09410f25206002eeff001001003126d4
:1060d80025284002f4fe400f252020020400428ead
:1060e8006400a2af6400a627010005243c06410f06
:1060f800252020021c00a6972528600278ef400f73
:0c6108002520200292ff00100000000083
:020000040000fa
:020000041d01dc
:10611400c0ffbd273c00bfaf3800b6af3400b5aff9
:106124003000b4af2c00b3af2800b2af2400b1af3d
:106134002000b0af258880000100142425a8a00009
:106144000ba88600020002240aa046004000848caa
:1061540077008010251000002580a0009712410fc1
:106164003c00252631004010259040003c0042248c
:1061740003004388000043981000a3af0400439039
:106184001400a3a3050042901500a2a3400032ae60
:106194001000b2272598000025280002cb15410fd6
:1061a4004000248e25884000610020122510000044
:1061b400280011ae1800028e0000458cf880828ff2
:1061c400650040104013a57c09f8400025202002fa
:1061d4002f0002a2000807243c002626252840029e
:1061e40040f2400f25200002a90060522000028ed8
:1061f400d42b410f25200002f2ff42245e00239697
:10620400ffff42302b186200490060142510000083
:1062140061004012252800028314410f252020022a
:106224002710020042000010c21702003c00338e07
:10623400ffff0224070062521000a2af4000368e16
:10624400912a410f2520c00206006216ffff022496
:106254001000a2af1400a2a71000b227ceff0010b6
:10626400010013240800c012030002246500c39235
:1062740005006214010013241000a0af1400a0a7ad
:10628400c5ff00101000b2273c00229220004224d7
:10629400ff0042301000422c0f0040100100022485
:1062a4001000a2a31100a0a35e0002241200a2a366
:1062b4003d0022927f0042301300a2a33e002292ae
:1062c4001400a2a33f0022921500a2a31000b2273b
:1062d400b1ff0010010013243c00238e0400c28e81
:1062e400261062000800c48e2410440003004010ed
:1062f400010013240c00c38e020013241800a3af62
:10630400010007241000a6271800a527f202410f58
:106314002520c00202000324650043100100032469
:106324004408027c9dff431025280002251000002c
:106334003c00bf8f3800b68f3400b58f3000b48f67
:106344002c00b38f2800b28f2400b18f2000b08faf
:106354000800e0034000bd2762002292021045704d
:106364004992053c9324a5241800450010280000f8
:106374002128a20083280500c31702002328a200b5
:10638400ffffa33092ff601025100000ffffa5243b
:106394008fff0010ff00a2300481828f140040148c
:1063a40025300000039d053c5097a5240617410f96
:1063b400252000000e004014048182af2e36410fc8
:1063c400000000000200432cd9ff601425100000d7
:1063d4002c36410f00000000049d053cb469a5243f
:1063e40069f2400f25204000d1ff00102510000065
:1063f400580031960180043c010b410f60e2842473
:106404000180043c7e25410fdce2842411004054c9
:10641400040054a02e36410f000000000200422c5c
:10642400080040540180043c2c36410f0000000059
:10643400049d053ce469a52469f2400f2520400031
:106444000180043cf91a410f60e28424b8ff001073
:1064540025100000050051a0080055ac1800a38fba
:106464000c0043ac252840000180113c612a410ff7
:1064740060e22426f91a410f60e224262000028eed
:1064840008004234200002aea9ff001001000224db
:1064940010004234200002ae010006242528000228
:1064a400c8f4400f25202002a1ff0010010002249f
:0864b40039ff00101000b227af
:020000040000fa
:020000041d01dc
:1064bc0080ffbd277c00bfaf7800b6af7400b5afce
:1064cc007000b4af6c00b3af6800b2af6400b1af92
:1064dc006000b0af258880002590c00025a8e000a2
:1064ec001000908c14008294580002a64200029670
:1064fc0017008390845a627c420002a64400138edb
:10650c000c00c0105400168e0b00e05017002392a4
:10651c00000064960000c28cca008210ffffe324c6
:10652c002510c000ffff0524ffff63245d006514e8
:10653c0008004224170023920100022494006254a4
:10654c00049d133c1000348e3800a0af4000a0af67
:10655c004400a0af4800a0af4c00a0af00002296b2
:10656c003c00a2a7059d023c44bd42241000a2aff2
:10657c00059d023c64bd42241400a2af059d023c63
:10658c0084bd42241800a2af0800228e1c00a2afca
:10659c00039d023cd42e42242000a2af049d023c59
:1065ac00f01642242400a2af049d023cc04a4224af
:1065bc002800a2af039d023c841a42242c00a2aff7
:1065cc00049d023c701542243000a2af3400b4afdd
:1065dc00140022963e00a2a73c8182972236410fde
:1065ec004000a2a74200a2a7160022924400a2a338
:1065fc00170022924500a2a3010002244600a2a784
:10660c003f00828a3c00829a4800a2af40008292ee
:10661c004c00a2a3410082924d00a2a35000a0a363
:10662c001000a2275400a2af5800b6af0800628e2b
:10663c005000a52709f8400000006496ffff0324d2
:10664c001e0043144c0002ae2e36410f4c0000ae1f
:10665c0009004010258800002c36410f0000000076
:10666c000400668e049d053c8c8ea52469f2400fb7
:10667c002520400025880000251020027c00bf8fbb
:10668c007800b68f7400b58f7000b48f6c00b38f28
:10669c006800b28f6400b18f6000b08f0800e00317
:1066ac008000bd270000468ca0ff8614ffff6324ea
:1066bc000400568c9fff0010540016ae1c00628e16
:1066cc000300052409f8400000006496ffff032432
:1066dc002e004314500002ae500000ae2e36410f77
:1066ec004c0000aee4ff4010258800002c36410f12
:1066fc00000000000400668e049d053cbc8ea524a1
:10670c0069f2400f25204000dcff0010251020020c
:10671c000000468c2b008614ffff63242c00001015
:10672c000400458c640f82261b00621600000000da
:10673c005000048e3f008010010006244400028e9d
:10674c004c00428c09f84000960705243200401496
:10675c00258840002e36410f00000000c7ff405036
:10676c00251020022c36410f000000004400038e3f
:10677c000400668c049d053c148fa52469f2400f1f
:10678c0025204000bdff001025102002049d133c65
:10679c00e00e7326049d143c0d0040122528400287
:1067ac000b00a01225280000000064960000428e09
:1067bc0022008210ffffa32625104002ffff0524b4
:1067cc00ffff6324d2ff6514080042242528000033
:1067dc000400628e09f8400025202002d1ff4054ad
:1067ec000c0073262e36410f01001124a2ff4050dd
:1067fc000100313a2c36410f000000000000669673
:10680c00049d053ce08ea52469f2400f2520400034
:10681c0099ff00100100313a420002960100032456
:10682c008473627cc47b027c420002a6f8ff0010d9
:10683c0025880000f6ff001025880000b7ff001027
:0c684c00251040029aff00102510c0002b
:020000040000fa
:020000041d01dc
:10685800c8ffbd273400bfaf3000beaf2c00b7afb4
:106868002800b6af2400b5af2000b4af1c00b3af0a
:106878001800b2af1400b1af1000b0af4000a6af1f
:106888000180023c48cc42902b1082001200401438
:106898004c00b28f04004012ffff0224fdff0224c7
:1068a800000042aeffff02243400bf8f3000be8fcd
:1068b8002c00b78f2800b68f2400b58f2000b48f26
:1068c8001c00b38f1800b28f1400b18f1000b08f66
:1068d8000800e0033800bd2725a0a00025f0e0004f
:1068e8000500a2300500032417004314ffffb3304e
:1068f800401004002180440080801000238004029e
:10690800c0801000640010260180113c40cc312664
:106918002180300221104400801002002110440020
:1069280080100200a0014224218822020000028e69
:106938004400405430008232dbff4012ffff022443
:10694800d9ff0010000042ae0600623206000324a0
:10695800100043144010040021804400808010007f
:1069680023800402c08010000c0010260180113c16
:1069780040cc3126218030022110440080100200d2
:1069880021104400801002006c014224e7ff00102f
:1069980021882202090062320900032410004314ee
:1069a80040100400218044008080100023800402ed
:1069b800c0801000140110260180113c40cc312603
:1069c8002180300221104400801002002110440070
:1069d8008010020008024224d4ff001021882202fd
:1069e8000a0062320a000324100043140180113c9b
:1069f800401004002180440080801000238004029d
:106a0800c0801000bc00102640cc31262180300206
:106a18002110440080100200211044008010020060
:106a2800d4014224c1ff0010218822029eff401297
:106a3800ffff0224fdff0224000042ae9aff00106f
:106a4800ffff022411004054200073325400028ecc
:106a58000e0040502000733209f840002520c00382
:106a68000a0040502000733220009436ffff943211
:106a78000800228e07004014010017248aff4012e4
:106a8800ffff022488ff0010000042aef8ff6016e6
:106a980025b800000180023c41cc4390010002244b
:106aa80019006214000000000180023c7cd356905b
:106ab8001b00c012259800000180033ca0d363246a
:106ac800010002240a000424ff00563000006590eb
:106ad8001300a0102598400001004224faff441436
:106ae800240063240180023c0100032441cc43a01c
:106af8006dff4012ffff0224feff0224000042ae99
:106b080069ff0010ffff022467ff4012ffff022405
:106b1800fcff0224000042ae63ff0010ffff0224c6
:106b2800c0a8130021a8b30280a815000180023c68
:106b38007cd3422421a8a202010002240000a2a2c0
:106b48000180033c41cc62a00000028e4800a68f61
:106b58002528c00309f840004000a48fffff032444
:106b6800060043140600a2a64fff40120000a0a290
:106b7800fcff03244cff0010000043aec0101300bc
:106b880021105300801002000180033c7cd3632451
:106b980021104300080050ac0c0051ac040054a470
:106ba80002004012030040a0000040ae0800e012be
:106bb800c01813000180023c21987300801813004c
:106bc8007cd353242198630201000224020062a2ac
:086bd80035ff00100100c22688
:020000040000fa
:020000041d01dc
:106be000e0ffbd271c00bfaf1800b1af1400b0af6d
:106bf0000180023cd0dd42240400438c0b00632c56
:106c0000220060500180023c0400428c8018020087
:106c1000019d023c246c42240a10437c0800400081
:106c200000000000506c019dcc6c019df86c019d32
:106c3000506d019d8c6d019ddc6d019d446e019d2b
:106c40009c6e019d386f019d386f019d386f019dcd
:106c50000180103cd0dd10261c00038e2000028e27
:106c60003c0000ae400000ae380003ae440002ae6f
:106c70000180053c08dea5246510410f2520000297
:106c800001000224040002ae0180023cd0dd422457
:106c90000800428c080040100180023cfcdd438c5f
:106ca000050060100180023cd0dd42240800448cc5
:106cb00009f860003000458c1c00bf8f1800b18fb0
:106cc0001400b08f0800e0032000bd270180103cb5
:106cd000d0dd10262800048e0f008530010011241d
:106ce0000428b1005031410f02210400080011ae08
:106cf000e6ff00100180023c0180103cd0dd102630
:106d00002800048e0f00823001000524042845006d
:106d10005031410f022104001800058e7c04410f00
:106d20002400049204004010030003240180023c6c
:106d3000d5ff0010d4dd43ac0180023cd0dd4224fd
:106d400002000324080043acd0ff00100180023c85
:106d50000180103cd0dd10262000028e1c00038e26
:106d60003c0003ae400002ae380000ae440000ae6e
:106d70000180053c08dea5246510410f2520000296
:106d800004000224c0ff0010040002ae0180023c97
:106d9000f8dd448c0f0082300100052404284500f2
:106da0005031410f022104002314410f0000000064
:106db00004004010050003240180023cb2ff0010d3
:106dc000d4dd43ac0180023cd0dd42240200032428
:106dd000080043acadff00100180023c0180023c82
:106de000f8dd448c0f0082300100052404284500a2
:106df0005031410f0221040000a0023ca55d4290e9
:106e0000010042300a0040100180023c2314410f6f
:106e1000000000009cff40140180023cd0dd4224b1
:106e200002000324080043ac98ff00100180023cdc
:106e3000d0dd422401000324080043ac93ff00107e
:106e40000180023c0180103cd0dd10262800048e19
:106e50000f00823001000524042845005031410f05
:106e6000022104001800058e7c04410f24000492c6
:106e700004004010040003240180023c82ff001043
:106e8000d4dd43ac0180023cd0dd42240200032467
:106e9000080043ac7dff00100180023c0180103ce3
:106ea000d0dd10262800048e0f008530010011244b
:106eb0000428b1005031410f022104002400029245
:106ec0001300511400a0023c01000324b45d43a050
:106ed000b45d4224010040a03c0002ae0200022446
:106ee000400002ae0180103cd0dd1026380000ae1c
:106ef000440000ae0180053c08dea5246510410f6a
:106f000025200002080002245fff0010040002aeea
:106f100000a0033c98ff0224b45d62a00180023c03
:106f2000d0dd4224b45d63243c0043ac0100032463
:106f3000ecff0010400043ac0180103cd0dd102677
:106f40002800048e0f008530010011240428b100b0
:106f50005031410f02210400080011ae4bff001018
:046f60000180023c6e
:020000040000fa
:020000041d01dc
:106f6400b8ffbd274400bfaf4000beaf3c00b7af81
:106f74003800b6af3400b5af3000b4af2c00b3afb7
:106f84002800b2af2400b1af2000b0af1600839048
:106f940003000224190062140180023c28de509090
:106fa400cb0000120180023c1cde518cff33410fe8
:106fb4001000848c00210200232082008020040021
:106fc400ce1c410f21202402251000024400bf8f53
:106fd4004000be8f3c00b78f3800b68f3400b58fa9
:106fe4003000b48f2c00b38f2800b28f2400b18fef
:106ff4002000b08f0800e0034800bd2725988000da
:107004000180023c24de428c9d0040142588a000af
:10701400edffa010258000000400a3900180023c35
:1070240018de4224100043a00400428c08004010e3
:1070340000009094040060140180023c18de428c2d
:10704400040050500800648e2ac1400f0000000064
:107054000800648e0180033c18de6224080044acfe
:1070640018de70ac0800238e300043ac0c00238e75
:10707400340043ac1000238e380043ac1400238e3c
:107084003c0043ac2000238e400043a42400238e04
:10709400420043a40400428c790040143c000624be
:1070a4000800828c09f84000252800022590400041
:1070b4000180023c1cde52acc3ff4012258000005c
:1070c4000180023c18de428c510040100000000098
:1070d4000000238e4010030021104300c010020062
:1070e400280042241000a2af25a000000180153c16
:1070f40018debe26059d173c049d163c059d023cea
:107104001400a2af059d023c1800a2af0800c48f72
:107114000400828c09f840001000a58f050040147b
:10712400258040002ac1400f00000000a7ff001086
:107134002510000228004224000002ae040012ae12
:1071440018000224080002ae0000228e0c0002aed9
:1071540001000224100002ae9094e226140002ae54
:107164003049c226180002ae1400a28f80c3422404
:107174001c0002ae1800a28fd8d34224200002ae15
:107184006f25410f25200002000050aee51a410f83
:10719400040044260900401000000000e51a410fd5
:1071a400140044260500401000000000e51a410fb9
:1071b40024004426050040540000428e2ac1400f9a
:1071c4002580000081ff0010251000020c00428c75
:1071d4001800238e0210437063004224eb51033cd9
:1071e4001f8563341900430010100000421102008f
:1071f400340042ae1c00228e380042ae01009426b8
:1072040018dea28e2b108202c0ff40143c005226ce
:107214001525410f0180103c18de1026440002aef3
:10722400d0070624019d053c4c3aa5249703410f41
:10723400020004241c0002ae0180043c1831410ffa
:1072440038de84244400038e060060100180033c71
:1072540034de638c0300601000000000050040541d
:107264000180023c2ac1400f2580000057ff001016
:107274002510000218de4224180040ac140040ac73
:107284000180103c18de10260400118eff33410fdc
:107294001000648e10000392070060500180023ccd
:1072a400002102002320820080200400ce1c410f14
:1072b400212024020180023c18de42240c00438c6d
:1072c400010063240c0043ac3fff001001001024b4
:0872d4003dff00100100102431
:020000040000fa
:020000041d01dc
:1072dc00d0ffbd272c00bfaf2800b6af2400b5af40
:1072ec002000b4af1c00b3af1800b2af1400b1afa4
:1072fc001000b0af16008390030002241400621437
:10730c00259080001000848c420083940800633028
:10731c00050060100100022425300000eef1400f42
:10732c0025280000010002242c00bf8f2800b68ff6
:10733c002400b58f2000b48f1c00b38f1800b28fbf
:10734c001400b18f1000b08f0800e0033000bd278f
:10735c003481828fa90040142588a0000180023c52
:10736c0000e040ac00e04224040040ac080040ac1b
:10737c000c0040ac100040ac140040ac180040ac09
:10738c001c0040ac200040ac240040ace6ffa01038
:10739c00251000001000a48c02000324e3ff8310ce
:1073ac002c00bf8f0800448e0180023c10e044acde
:1073bc000400a28c409802002198620200991300ec
:1073cc00280073260400828c09f8400025286002ee
:1073dc0025804000d4ff00122510000025306002eb
:1073ec0025280000b02d410f252000022800022680
:1073fc00000002ae040010ae30000224080002ae01
:10740c000400228e0c0002ae01000224100002ae19
:10741c00049d023c446b4224140002ae049d023cc9
:10742c0088c24224180002ae059d023cc4bd422411
:10743c001c0002ae049d023c8c254224200002aeae
:10744c006f25410f252000020180023c00e050ac6a
:10745c0000e04224ffff0324240043a40800238ef1
:10746c00140043ac0c003596200055a40e00239656
:10747c00220043a41000248e180044ac0400228e79
:10748c002d004010801803001000b52621a87500af
:10749c0080a8150025b000000180133c00e0732685
:1074ac002528c002062d410f2520000225a04000f2
:1074bc001000648e0400828c09f840002528a0027c
:1074cc0006004014040082ae0180043cd9ea400f4f
:1074dc0000e0842494ff001025100000200080aef2
:1074ec00100080ae140080ae200063960600605041
:1074fc0022006396100082ae200063968018030071
:10750c00211043002200639606006050200082aeda
:10751c00140082ae22006396001903002110430070
:10752c00200082ae0100d6260400228e2b10c2024f
:10753c00dcff40142528c002c8000624029d053c2f
:10754c00745aa5249703410f0f0004240180033cb7
:10755c00380040100ce062ac0180023c24e0438413
:10756c00ffff0224220062142530000035000524a0
:10757c000180023c2d31410f18e0448c25804000e5
:10758c00ffff02242c0002120180043c530005244e
:10759c003431410f252000025300422c06004010cc
:1075ac005300062405000524fc49400f2520000249
:1075bc001e004010000000002530000002000524d1
:1075cc00fc49400f2520000225380000059d063c93
:1075dc0064a1c624000105245a0f410f2520000286
:1075ec0012004010000000000180023c24e050a476
:1075fc000180023c00e04224388182af1000448eae
:10760c0042008294080042300300401025300000f4
:10761c00eef1400f252800003481828f01004224b6
:10762c00348182af40ff00100100022465f8400f46
:10763c00252000020180043c6b14410f00e08424df
:08764c0039ff001025100000b9
:020000040000fa
:020000041d01dc
:107654000180023c28e042241c004290ff0042309a
:10766400cc004014000000000300a0100000000043
:10767400ca0080540180023cd000e01000000000e9
:10768400ce00c010000000000180023c28e044aca1
:1076940028e04224040046ac140040ac180040ac7e
:1076a400100040ac090080100180023c28e0422414
:1076b400080045ac0700c0140180023c28e04224c5
:1076c4000c0040ac070000100180023c28e042247a
:1076d400080040ac0180023c28e042240c0047ac86
:1076e4000180023c28e04224010003241c0043a042
:1076f4000800438c0c00428c2b10620005004010e3
:107704000180023c28e042240c00448c23208300a6
:10771400100044ac82bf023c40000424141844ac62
:1077240082bf023c1018428c2000423007004014f3
:1077340082bf053c82bf043c2018a28c1018828ca6
:1077440020004230fcff40100000000082bf023cd9
:1077540003000424041844ac82bf043c0100052443
:10776400081885ac0c000424041844ac81bf023c06
:107774000200053c140145ac0400043c140144ac73
:1077840081bf023c940045ac940044ac82bf023cef
:107794000018428c000842302b0040100180023c4b
:1077a40028e042240800438c82180300080043acfc
:1077b4001000438c82180300100043ac0c00438c6f
:1077c400821803000c0043ac0800438c1800428c60
:1077d4002b1043000f0040100180023c28e0448c31
:1077e4000000858c82bf043c201885ac28e042242c
:1077f4001800448c01008424180044ac5900e010a3
:1078040081bf023c0200033c180143ac0800e003c2
:107814000100022428e042241000428cf7ff4010ab
:1078240082bf023cff000424201844ac0180023cc7
:1078340028e042241000448cffff8424100044ac50
:10784400eeff00100000000082bf023c0018428cd2
:1078540000044230270040100180023c28e042240a
:107864000800438c42180300080043ac1000438c0a
:1078740042180300100043ac0c00438c4218030070
:107884000c0043ac0800438c1800428c2b104300be
:107894000b0040100180023c28e0448c00008594d9
:1078a40082bf043c201885ac28e042241800448c94
:1078b40001008424180044acd0ff00100000000034
:1078c40028e042241000428cccff401082bf023cce
:1078d400ff000424201844ac0180023c28e0422428
:1078e4001000448cffff8424100044acc3ff00103c
:1078f4000000000028e042241800428c2b104300b2
:107904000b0040100180023c28e0448c000085906c
:1079140082bf043c201885ac28e042241800448c23
:1079240001008424180044acb4ff001000000000df
:1079340028e042241000428cb0ff401082bf023c79
:10794400ff000424201844ac0180023c28e04224b7
:107954001000448cffff8424100044aca7ff0010e7
:10796400000000000180023c28e042241800428c00
:10797400030043100400032482bf023c081843acf4
:1079840081bf023c0400033c180143ac0800e0033f
:10799400010002240800e0032510000028e044aca4
:1079a40028e04224040046ac140040ac180040ac6b
:1079b400100040ac3dff00100180023c0800e003d1
:0479c40000000000bf
:020000040000fa
:020000041d01dc
:1079c8000180023c50e042241c004290ff004230fb
:1079d800cc004014000000000300a01000000000cc
:1079e800ca0080540180023cd000e0100000000072
:1079f800ce00c010000000000180023c50e044ac02
:107a080050e04224040046ac140040ac180040acde
:107a1800100040ac090080100180023c50e0422474
:107a2800080045ac0700c0140180023c50e0422425
:107a38000c0040ac070000100180023c50e04224da
:107a4800080040ac0180023c50e042240c0047ace6
:107a58000180023c50e04224010003241c0043a0a2
:107a68000800438c0c00428c2b106200050040106b
:107a78000180023c50e042240c00448c2320830007
:107a8800100044ac82bf023c40000424141244acf1
:107a980082bf023c1012428c200042300700401482
:107aa80082bf053c82bf043c2012a28c1012828c3b
:107ab80020004230fcff40100000000082bf023c62
:107ac80003000424041244ac82bf043c01000524d2
:107ad800081285ac0c000424041244ac81bf023c9b
:107ae80000800534040145ac0100043c040144aca9
:107af80081bf023c840045ac840044ac82bf023c98
:107b08000012428c000842302b0040100180023cd9
:107b180050e042240800438c82180300080043ac5c
:107b28001000438c82180300100043ac0c00438cf7
:107b3800821803000c0043ac0800438c1800428ce8
:107b48002b1043000f0040100180023c50e0448c91
:107b58000000858c82bf043c201285ac50e0422492
:107b68001800448c01008424180044ac5900e0102b
:107b780081bf023c00800334080143ac0800e003e5
:107b88000100022450e042241000428cf7ff40100c
:107b980082bf023cff000424201244ac0180023c56
:107ba80050e042241000448cffff8424100044acb1
:107bb800eeff00100000000082bf023c0012428c61
:107bc80000044230270040100180023c50e042246b
:107bd8000800438c42180300080043ac1000438c93
:107be80042180300100043ac0c00438c42180300f9
:107bf8000c0043ac0800438c1800428c2b10430047
:107c08000b0040100180023c50e0448c0000859439
:107c180082bf043c201285ac50e042241800448cfa
:107c280001008424180044acd0ff001000000000bc
:107c380050e042241000428cccff401082bf023c2e
:107c4800ff000424201244ac0180023c50e042248e
:107c58001000448cffff8424100044acc3ff0010c4
:107c68000000000050e042241800428c2b10430012
:107c78000b0040100180023c50e0448c00008590cd
:107c880082bf043c201285ac50e042241800448c8a
:107c980001008424180044acb4ff00100000000068
:107ca80050e042241000428cb0ff401082bf023cda
:107cb800ff000424201244ac0180023c50e042241e
:107cc8001000448cffff8424100044aca7ff001070
:107cd800000000000180023c50e042241800428c61
:107ce800030043100400032482bf023c081243ac83
:107cf80081bf023c0100033c080143ac0800e003db
:107d0800010002240800e0032510000050e044ac04
:107d180050e04224040046ac140040ac180040accb
:107d2800100040ac3dff00100180023c0800e00359
:047d38000000000047
:020000040000fa
:020000041d01dc
:107d3c00b0ffbd274c00bfaf4800beaf4400b7af8b
:107d4c004000b6af3c00b5af3800b4af3400b3afb1
:107d5c003000b2af2c00b1af2800b0af0f0005243b
:107d6c008523410f0300042401004230060040101b
:107d7c000180123c059d133cc12a410f03000424d1
:107d8c000d004014258040004c00bf8f4800be8f72
:107d9c004400b78f4000b68f3c00b58f3800b48fcd
:107dac003400b38f3000b28f2c00b18f2800b08f0d
:107dbc000800e0035000bd271800118e000022922d
:107dcc00f000423040000324ad004314f2ff0524c0
:107ddc000000348e80a014003c0094321400822edb
:107dec00a7004014ffff97321000028e0c00429443
:107dfc002b105700a3004014030006244775400fb6
:107e0c000200249625f040002b1057009c004014d3
:107e1c00f2ff0524d42b410f252000022b105e000d
:107e2c0097004014f2ff05242800168e9400c0120f
:107e3c00ecff05244200c29640004230580040102e
:107e4c00ffff02240c00238e8d006210f5ff052429
:107e5c000800c28e271002000400c48e25104400b6
:107e6c0088006210030006241000358e8500a012d5
:107e7c00f4ff05240000268e0400248e0800258eb5
:107e8c001000a6af1400a4af1800a5af1c00a3af40
:107e9c002000b5af1200bea74775400f02240400a6
:107eac001600a2a71400a28fff3f033c241043002e
:107ebc0073004014f2ff05242000028e00014230b2
:107ecc0006004014253000002528e0024f75400fb5
:107edc00252020026a004014f6ff05240400c38efe
:107eec000800c28e242062000f00a412ffff04249d
:107efc003900a41227100200251043003600a212ec
:107f0c002000a293f0004230e00004243200441020
:107f1c000001023c7f0042243000a2521800148e53
:107f2c002e00a3521800148efc80838ffc80828f4d
:107f3c00fdff62140000000051004010ecff05240e
:107f4c00010b410f50e2442650e2518e0c002012de
:107f5c000000000008002292060040102528800234
:107f6c000400228e09f8400025200002180040145d
:107f7c00000000000000318ef7ff2056080022920e
:107f8c00f91a410f50e244263d000010ecff052485
:107f9c003b000010f2ff052439000010f2ff05240d
:107fac0037000010ecff052435000010f5ff052408
:107fbc0033000010f2ff052431000010f1ff0524fe
:107fcc00210000100a0015241f00001009001524c0
:107fdc00f91a410f50e244261800148e0000918ebd
:107fec00808811003c003132211091021c0002ae3d
:107ffc001000038effff31320c00629423105100ed
:10800c000c0062a44775400f02008496020082a601
:10801c00231051002c0002a64775400f06008496d1
:10802c00060082a60900829206000324e4ff431096
:10803c0011000324e4ff4310010003241000431437
:10804c00f1ff0524060015240400918eff3f023c2d
:10805c0024882202d90b0624b8c365264225410f79
:10806c000100242e44ff20160100062425280002be
:10807c007907410f2520a0023fff4014f1ff052492
:10808c0003000624b012410f252000023aff001015
:04809c0000000000e0
:020000040000fa
:020000041d01dc
:1080a000b8ffbd274400bfaf4000beaf3c00b7af34
:1080b0003800b6af3400b5af3000b4af2c00b3af6a
:1080c0002800b2af2400b1af2000b0af25808000ff
:1080d00025b0a0002598c00025f0e0000000e0ac2d
:1080e0001800a4afb1f8400f1000a52728004014d5
:1080f00025904000150012922600401625104002df
:108100001400029202004230210040500700122465
:108110001800028e211853002b186200271002004d
:108120000b9843008d006052140002921800028eda
:10813000ff0143309f0060141000a38f0a00759464
:10814000ffffb526421a020024a8a3022b00a05666
:10815000140002821b0040541c00058e0800028e91
:108160000500401425280000f47f400f1800a48f5c
:108170007a004050140002920100032415004314b9
:10818000ffff032402000224150002a202001224b1
:10819000251040024400bf8f4000be8f3c00b78fc7
:1081a0003800b68f3400b58f3000b48f2c00b38ff9
:1081b0002800b28f2400b18f2000b08f0800e003a8
:1081c0004800bd27f47f400f1800a48fe8ff00107f
:1081d00000000000050043541c0002ae0100022410
:1081e000150002a2eaff0010010012240800038e0d
:1081f00001006050080002ae140002820e0041042b
:10820000010007242000068e2c0005261000a28ff6
:10821000e97e400f01004490040040100100022458
:10822000150002a2daff00100100122414000292cd
:108230007f004230140002a21000b78f1c00058e90
:10824000e52a410f2520e0020500401421a0a202ea
:1082500002000224150002a2cdff00100200122429
:108260000002622e40004014428a13000a00e29687
:108270002118b1022b18430023a855000b88a30234
:1082800025382002253080022528c002e97e400fd3
:108290000100e4920400401001000224150002a233
:1082a000bbff0010010012242000028e23a0540006
:1082b0002b1091021a0040102c00022640a214003c
:1082c00021a0d402000287260300868a0000869a35
:1082d0000700858a0400859a0b00848a0800849a26
:1082e0000f00838a0c00839a030046a8000046b85a
:1082f000070045a8040045b80b0044a8080044b88e
:108300000f0043a80c0043b810009426eeff871618
:1083100010004224140002927f004230140002a296
:10832000408a1100239871020000c28f2110510071
:108330000000c2af21b0d1021800028e21882202b3
:10834000180011ae0c00038e2b1071000a88620019
:1083500076ff60160c0011ae140002924000423409
:108360008bff0010140002a22000028e1000545057
:10837000200014ae1800028e0c00038e2b10430058
:108380000a00401025308002010007242c00052639
:108390007184400f0100e4920400401001000224a7
:1083a000150002a27aff001001001224200014ae72
:1083b0001800028eff01423000021124238822029d
:1083c0002b1871020b8863022c0004262530200232
:1083d0002528c002422c410f212082001400029265
:1083e00080ff032425104300ceff0010140002a2da
:020000040000fa
:020000041d01dc
:1083f000ffff0224cb0082100000000040100400a8
:10840000211044008010020023104400801002005c
:1084100023104400801002000180033c68d86324cc
:108420000a10627c02000324be0043140000000016
:10843000401004002110440080100200231044006a
:108440008010020023104400801002000180033cd1
:1084500068d8632421104300a8004390010002243f
:10846000b000621400000000e0ffbd271c00bfaf99
:108470001800b1af1400b0af401004002110440048
:1084800080100200231044008010020023104400da
:10849000801002000180033c68d86324211043004f
:1084a000a80040a0500042901c0040100180033cf6
:1084b00040100400211044008010020023104400ea
:1084c00080100200231044008010020068d863244a
:1084d0002110620051004290ff0042300f00401412
:1084e00001000224408004002180040280801000ea
:1084f000238004028080100023800402808010000a
:1085000021800302a80002a21c00bf8f1800b18fb7
:108510001400b08f0800e0032000bd270180033c59
:108520004010040021104400801002002310440079
:1085300080100200231044008010020068d86324d9
:10854000211062001400428c110040102580800030
:10855000010003243a004310402010004020100086
:10856000212090008020040023209000802004001f
:1085700023809000808010000180023c68d8422453
:108580002180020201000224dfff0010a80002a2e5
:108590004010040021104400801002002310440009
:1085a0008010020023104400801002000180033c70
:1085b00068d86324211043006000448c0d008014af
:1085c000680044ac0180033c4010100021105000b2
:1085d0008010020023105000801002002310500071
:1085e0008010020068d8632421106200dbff0010b5
:1085f000640040ac0180033c40101000211050008a
:108600008010020023105000801002002310500040
:108610008010020068d8632421106200040040ac7e
:10862000080040ac0c0040ac100040ac010003243a
:10863000140043ac02000224080082ac4020100069
:10864000212090008020040023209000802004003e
:1086500023209000802004000180023c68d842243e
:10866000212082006800918c1c00228e801802005c
:10867000059d023c68d342240a10437c1800278ed3
:108680001400268e09f840001000258e01000324f6
:108690001e00431425200000080020ae0400258e93
:1086a0000180033c40101000211050008010020097
:1086b0002310500080100200231050008010020090
:1086c00068d863242110620001000324510043a0f4
:1086d000140040ac6000438c2000638c600043ac0d
:1086e0005c00438c200023ae5c0051ac0c00a28cdb
:1086f0009bff4050402010001400a68c09f8400059
:108700000c00258e96ff0010402010000200422c25
:1087100092ff4014ffff0224080022aedfff00108a
:0c872000010004240800e0030000000039
:020000040000fa
:020000041d01dc
:10872c00b0ffbd274c00bfaf4800beaf4400b7af91
:10873c004000b6af3c00b5af3800b4af3400b3afb7
:10874c003000b2af2c00b1af2800b0af0f00052441
:10875c008523410f090004240100423051004014cc
:10876c000200163c4c00bf8f4800be8f4400b78ff0
:10877c004000b68f3c00b58f3800b48f3400b38ff7
:10878c003000b28f2c00b18f2800b08f0800e003ae
:10879c005000bd27252800024f75400f25204002b0
:1087ac0077000010f6ff052428000496000043967d
:1087bc001300831404004330020073362400038e2c
:1087cc002000a48f120083140000000004007336f4
:1087dc001c001e8e0300c01310004230130040100a
:1087ec000000000008009436259874020f00022443
:1087fc008a00621601000224140000105c0002a220
:10880c002520800202009436ecff00100aa08300a1
:10881c00efff60500400943608004330edff6050c9
:10882c001c001e8eeaff001004009436ab35410f7d
:10883c00252020020000428c7800c2170f00022471
:10884c0008007336eaff6256259874023c00028ecb
:10885c008005427c05004010e00003240000e292f9
:10886c00f000423072004314f1ff05242528200249
:10887c00612a410f400004265a0002960001423042
:10888c0008004010000000004c00028e0500401053
:10889c00000106245000078e2800258e09f84000a0
:1088ac0012000486c12a410f09000424adff4010b8
:1088bc00258840002c0022960800422c5c004014b5
:1088cc00f2ff05242000228e24105600580040147c
:1088dc00f1ff05241c00328e4775400f04004496ae
:1088ec00258040002c00229651005014f2ff0524e4
:1088fc00ab35410f2520200225984000a835410fab
:10890c002520200225b84000060042961e0040108b
:10891c00000000002000228e000442301a00401497
:10892c00253000000000628e1000a2af0000e28e25
:10893c001400a2af1800a0a3110002241900a2a3d6
:10894c00040042961a00a2a70c0005244f75400f94
:10895c001000a42727100200ffff46302000228eb3
:10896c00040042308bff40102538c0002530000237
:10897c00252840025dc9400f25202002f6ff052462
:10898c002c004014090006244775400f0000449643
:10899c00000042a64775400f02004496020042a612
:1089ac00f8ff1026040050a6d081828f20004018ba
:1089bc00f1ff05242800228e2000a2af25a800007c
:1089cc0080801500d481828f0a80507c1400005264
:1089dc000100b5263c00028e241856001000605091
:1089ec000100b52658000396480004962b18830006
:1089fc000b0060500100b5262a0004960200439635
:108a0c0006008314010003245c00139266ff63527a
:108a1c0025a0000064ff6012010014240100b5269b
:108a2c00d081828f2a10a202e5ff4014f1ff0524a9
:108a3c0009000624b012410f2520200299ff0010d6
:0c8a4c0000000000faff0010f2ff0524fb
:020000040000fa
:020000041d01dc
:108a5800c0ffbd273c00bfaf3800b6af3400b5af8c
:108a68003000b4af2c00b3af2800b2af2400b1afd0
:108a7800422d410f2000b0af94004010258800001f
:108a8800258040009a28410f252040009000401082
:108a9800251020023c00078e0002e2309600405468
:108aa8000c00028e0800118e0000028e238822021c
:108ab800ffff313285002012010002245c0015926c
:108ac8008200a216258800001400028e7f00401044
:108ad8008000e230040040108001e77c2400028e10
:108ae8000e0040543c00028e18000626140005268d
:108af80078f0400f2400048e240002ae730040106a
:108b0800258800003c00028e8000423401000324c6
:108b18008431627c3c0002ae3c00028e030042308d
:108b280002000324050043540c00128e912a410fc1
:108b38002400048e140002ae0c00128e1800028e5f
:108b4800380042ae1400028e3c0042ae2400028e71
:108b5800400042ae3c00028e0002423068004050a5
:108b68000800118e48005626540051960800022429
:108b78001c00538e1000438e0c0064942110440096
:108b88000c0062a408003426ffff94324775400f9a
:108b98002a000496000062a64775400f2800049634
:108ba800020062a64775400f25208002040062a6d5
:108bb800060060a62400028e600042900200423047
:108bc8001e004014253000003800428e1000a2af6d
:108bd8003c00428e1400a2af1800a0a3110002248a
:108be8001900a2a3040062961a00a2a70c0005248b
:108bf8004f75400f1000a42727100200ffff4630d2
:108c08003c00028e00024230440040100800052457
:108c18004f75400f2520600227100200ffff4630e5
:108c2800252820024f75400f0800c48e2710020027
:108c3800ffff423027100200060062a63c00429265
:108c4800f0004230e00003243a0043141c00a72738
:108c58005e0002920ba842001d00b5a33c00028ee4
:108c6800002e437c1c00a3a38007427c1e00a2a305
:108c780025308002110005246b70400f252040022a
:108c8800000040ae3c00028e8004427c340042a6c4
:108c9800412f410f252040020d00401425102002cd
:108ca8001000428e0c0040a43c00028e00024230ac
:108cb8002e0040500000028e540040a62000428e34
:108cc800c418027c200042ae25880000251020022e
:108cd8003c00bf8f3800b68f3400b58f3000b48f9a
:108ce8002c00b38f2800b28f2400b18f2000b08fe2
:108cf8000800e0034000bd276eff001054005194a7
:108d08000000028e23882202ffff3132080022264b
:108d1800ffff423096ff001025b000002528800292
:108d28004f75400f2520600227100200c1ff001078
:108d3800ffff42305e0002921d00a2a33c00028e9b
:108d4800002e437c1c00a3a38007427c1e00a2a324
:108d580025308002110005246b70400f2520400249
:108d6800000040aec9ff001025100000d3ff00101e
:048d7800080002ae3f
:020000040000fa
:020000041d01dc
:108d7c00d8ffbd272400bfaf2000b4af1c00b3af99
:108d8c001800b2af1400b1af1000b0afb500801036
:108d9c0053ff1224b300a0102588a0007000838c10
:108dac00feff022409006210258080002538a000f7
:108dbc00253000007edd400f252800002590400066
:108dcc00f1fe0224a80042162510400220001426b1
:108ddc006000028e01004324600003ae2110820269
:108dec0080ff0324000043a06000048e3900822c15
:108dfc001e00401425280000400012242330440299
:108e0c00b02d410f21208402600012ae252080027b
:108e1c0060000726ff00063cff00c62400ff053c4f
:108e2c0000ffa5340000838c0212030024104600be
:108e3c00001a0300241865002510430002142200b8
:108e4c00000082ac04008424f7ff87540000838c5c
:108e5c0025288002794d400f252000028100401406
:108e6c0025904000600000ae6000048e380006249f
:108e7c002330c40025280000b02d410f212084028e
:108e8c006400038e6800028ec010020042270300ab
:108e9c0021104400680002aec0180300640003ae49
:108eac00200004262598000260000726ff00063cdf
:108ebc00ff00c62400ff053c00ffa5340000838c96
:108ecc000212030024104600001a03002418650047
:108edc002510430002142200000082ac04008424fc
:108eec00f6ff8714580002266800042603008388c6
:108efc00000083985b0003aa000043b85c000226c4
:108f0c006400042603008388000083985f0003aa92
:108f1c00000043b825288002794d400f252000021f
:108f2c005000401425904000251000022000072618
:108f3c00ff00063cff00c62400ff053c00ffa534e3
:108f4c000000648e021a040024186600002204003b
:108f5c002420850025186400021c2300000063ae49
:108f6c0004007326f7fff3540000648e03004a8854
:108f7c0000004a9807004988040049980b0048886b
:108f8c00080048980f0047880c0047981300468843
:108f9c001000469817004588140045981b0044881b
:108fac00180044981f0043881c00439803002aaa09
:108fbc0000002aba070029aa040029ba0b0028aa23
:108fcc00080028ba0f0027aa0c0027ba130026aafb
:108fdc00100026ba170025aa140025ba1b0024aad3
:108fec00180024ba1f0023aa1c0023ba096a023ce9
:108ffc0067e64234000002ae67bb023c85ae4234e9
:10900c00040002ae6e3c023c72f34234080002ae25
:10901c004fa5023c3af542340c0002ae0e51023c14
:10902c007f524224100002ae059b023c8c68422405
:10903c00140002ae831f023cabd94234180002aebe
:10904c00e05b023c19cd42341c0002ae600000ae65
:10905c00640000ae680000ae5a36410f780000aed6
:10906c00700002ae251040022400bf8f2000b48f88
:10907c001c00b38f1800b28f1400b18f1000b08f8a
:08908c000800e0032800bd27e5
:020000040000fa
:020000041d01dc
:1090940082bf023c1018428c20004230430040142e
:1090a40082bf023c2018458c0180043c28e08424c3
:1090b4001400838c1800828c0c00848c2b20640098
:1090c4002100801082bf043c0018848c0008843086
:1090d4003b0080100180043c28e084240400848c3c
:1090e4008030030021208600000085ac0100632449
:1090f4000180043c28e08424140083ac0c00848c9c
:10910400110083140180043c28e084240800848c2a
:109114002b2044000c00801081bf043c0200053c5d
:10912400140185ac82bf043c0c000524041885acf2
:1091340082bf043c04000524081885ac81bf043cac
:109144000400053c180185ac0180043c28e084241b
:109154000c00848c2b2064006f0080500180043c40
:1091640082bf033c0018638c000863303300601036
:109174000180033c28e063240800638c2b1843001f
:10918400210060100180033c28e0638c80200200f1
:109194000a18647c82bf043c201883ac010042247a
:1091a4000180033c28e06324180062ac81bf023cc8
:1091b4000200033c940043ac0800e00300000000fc
:1091c40082bf043c0018848c0004843008008010a2
:1091d4000180043c28e084240400848c4030030093
:1091e40021208600000085a4c1ff00100100632433
:1091f40028e084240400848c21208300000085a0be
:10920400bbff00100100632428e063241000638c7a
:10921400e3ff601082bf033cff000424201864ac09
:109224000180033c28e063241000648cffff842445
:10923400100064acdbff00100180033c82bf033ce0
:109244000018638c000463301b0060100180033c31
:1092540028e063240800638c2b1843000900601085
:109264000180033c28e0638c402002002118640044
:109274000000649482bf033c201864acc8ff001053
:109284000100422428e063241000638cc4ff6010b2
:1092940082bf033cff000424201864ac0180033c1b
:1092a40028e063241000648cffff8424100064ac65
:1092b400bcff00100180033c28e063240800638c99
:1092c4002b184300070060100180033c28e0638ce6
:1092d4008a19627c82bf043c201883acb0ff001062
:1092e4000100422428e063241000638cacff60106a
:1092f40082bf033cff000424201864ac0180033cbb
:1093040028e063241000648cffff8424100064ac04
:10931400a4ff00100180033c28e084240c00848c0a
:10932400a2ff83140180033c28e063240800638cbb
:109334009eff621482bf023c40000324141843ac15
:1093440081bf023c0200033c140143ac0180023c97
:1093540028e042241c0040a02000428c93ff4010cf
:109364000180023ce8ffbd271400bfaf28e042247f
:109374002400448c2000428c09f8400000000000c6
:1093840081bf023c0200033c940043ac1400bf8f35
:089394000800e0031800bd27ea
:020000040000fa
:020000041d01dc
:10939c0082bf023c1012428c200042304300401429
:1093ac0082bf023c2012458c0180043c50e0842496
:1093bc001400838c1800828c0c00848c2b2064008d
:1093cc002100801082bf043c0012848c0008843081
:1093dc003b0080100180043c50e084240400848c09
:1093ec008030030021208600000085ac010063243e
:1093fc000180043c50e08424140083ac0c00848c69
:10940c00110083140180043c50e084240800848cf7
:10941c002b2044000c00801081bf043c00800534dc
:10942c00040185ac82bf043c0c000524041285acfd
:10943c0082bf043c04000524081285ac81bf043ca7
:10944c000100053c080185ac0180043c50e08424fb
:10945c000c00848c2b2064006f0080500180043c35
:10946c0082bf033c0012638c000863303300601031
:10947c000180033c50e063240800638c2b184300ec
:10948c00210060100180033c50e0638c80200200be
:10949c000a18647c82bf043c201283ac0100422475
:1094ac000180033c50e06324180062ac81bf023c95
:1094bc0000800334840043ac0800e003000000008b
:1094cc0082bf043c0012848c00048430080080109d
:1094dc000180043c50e084240400848c4030030060
:1094ec0021208600000085a4c1ff00100100632428
:1094fc0050e084240400848c21208300000085a08b
:10950c00bbff00100100632450e063241000638c47
:10951c00e3ff601082bf033cff000424201264ac04
:10952c000180033c50e063241000648cffff842412
:10953c00100064acdbff00100180033c82bf033cd5
:10954c000012638c000463301b0060100180033c2c
:10955c0050e063240800638c2b1843000900601052
:10956c000180033c50e0638c402002002118640011
:10957c000000649482bf033c201264acc8ff00104e
:10958c000100422450e063241000638cc4ff60107f
:10959c0082bf033cff000424201264ac0180033c16
:1095ac0050e063241000648cffff8424100064ac32
:1095bc00bcff00100180033c50e063240800638c66
:1095cc002b184300070060100180033c50e0638cb3
:1095dc008a19627c82bf043c201283acb0ff00105d
:1095ec000100422450e063241000638cacff601037
:1095fc0082bf033cff000424201264ac0180033cb6
:10960c0050e063241000648cffff8424100064acd1
:10961c00a4ff00100180033c50e084240c00848cd7
:10962c00a2ff83140180033c50e063240800638c88
:10963c009eff621482bf023c40000324141243ac10
:10964c0081bf023c00800334040143ac0180023c26
:10965c0050e042241c0040a02000428c93ff40109c
:10966c000180023ce8ffbd271400bfaf50e042244c
:10967c002400448c2000428c09f8400000000000bb
:10968c0081bf023c00800334840043ac1400bf8fc4
:08969c000800e0031800bd27df
:020000040000fa
:020000041d01dc
:1096a4000200832cbe006010ffff0224b0ffbd2720
:1096b4004c00bfaf4800beaf4400b7af4000b6afe8
:1096c4003c00b5af3800b4af3400b3af3000b2af34
:1096d4002c00b1af2800b0af25b0a0002588c00091
:1096e4004080040021800402808010002380040252
:1096f400808010000080023c4867448c21809000e8
:109704001400028effff03244f0043102590e00055
:109714002800028e1000428c0800538c0102622e35
:109724003000401442ba1300010002243500e21252
:109734000080023c010003248b00e0105e6743a01c
:10974400000802241800a2af00a0023c1c00a2af33
:109754001b00d702f401e00210a800001218000058
:109764002400a3af2000a3af23f0f5022ba05e02d8
:10977400251040020a10d4036300e21225a0400021
:1097840002000224240002ae0008622e1800a48ff6
:109794000b206202252880001800a4af1400048e58
:1097a4000800028e1000a5af0800428c02386372d4
:1097b4001c00a38fc45d662409f840001c00052624
:1097c4002400028e020003242b0043500800038e61
:1097d400300040100080023c5e6740a01a00001078
:1097e400ffff022400020224070062524217110004
:1097f4001b005300f40160021210000002b0a270ba
:109804000290e27042171100040003240300431481
:1098140002285372eb21410f25202002020002246a
:10982400240002ae1400048e0800028e1000b2afb1
:109834000c00428c2538c0022530200209f8400073
:109844001c0005261c00028e4c00bf8f4800be8ff2
:109854004400b78f4000b68f3c00b58f3800b48ffa
:109864003400b38f3000b28f2c00b18f2800b08f3a
:109874000800e0035000bd272c00638cd2ff605029
:109884000200032409f860001000048ecdff0010cc
:109894002400028e402215001c00a28fc45d5524b2
:1098a4004032140025282002422c410f2120a4021a
:1098b4002530a0022bf0d2032800c013010003249a
:1098c40002000224240002ae1400048e0800028e5a
:1098d4001000a3af0c00428c2400a78f09f84000ad
:1098e4001c000526020015242400028e0f0055508a
:1098f4000800038e140040100080023c5e6740a004
:10990400d1ff0010ffff02244217110004000324ba
:10991400e8ff43142530200225286002eb21410f83
:1099240025202002e3ff0010253020022c00638c48
:10993400eeff60100000000009f860001000048ec3
:10994400eaff00102400028e2390540221b0d402b6
:1099540040a214007eff0010218834022000b28f40
:109964002588c0000080023c5e6740a002000224fb
:10997400240002ae1400048e0800028e01000324a9
:109984001000a3af0c00428c253840022530200281
:1099940009f840001c000526abff00101c00028ed5
:0899a4000800e00300000000d0
:020000040000fa
:020000041d01dc
:1099ac00d0ffbd272c00bfaf2800b1af2400b0af53
:1099bc00258880002580a0001400a0a71800a0af67
:1099cc004800828c1000a52709f8400025200002d1
:1099dc00280040041800a6272800228e2528000005
:1099ec0009f84000252000021000a3970800632c02
:1099fc0020006010f4ff02241000a29780180200cf
:109a0c00029d023c209a42240a10437c080040002c
:109a1c0000000000409a019d949a019df89a019dc6
:109a2c00409b019d849b019dd89b019d289c019d81
:109a3c006c9c019d5000228e1800a68f25280000da
:109a4c0009f84000252000020a004004010003240c
:109a5c00090043102c00bf8f010002241000a2a7a4
:109a6c004c00228e1000a58f09f840002520000222
:109a7c00010002242c00bf8f2800b18f2400b08f6e
:109a8c000800e0033000bd275400228e1400a527e7
:109a9c0009f8400025200002f6ff400401000324d1
:109aac00f5ff43102c00bf8f1400a287090042045d
:109abc001000a0af020002241000a2a74c00228ebe
:109acc001000a58f09f8400025200002e9ff0010c6
:109adc00010002244c00228e2528000009f84000c9
:109aec0025200002e3ff0010010002245800228e02
:109afc001800a78f380006962528000009f84000aa
:109b0c0025200002dbff400401000324daff431090
:109b1c002c00bf8f030002241000a2a74c00228e41
:109b2c001000a58f09f8400025200002d1ff00107d
:109b3c00010002245000228e1800a68f2528000058
:109b4c0009f8400025200002caff4004010003244c
:109b5c00c9ff43102c00bf8f040002241000a2a7e1
:109b6c004c00228e1000a58f09f840002520000221
:109b7c00c0ff0010010002245400228e1400a527ff
:109b8c0009f8400025200002baff4004010003241c
:109b9c00b8ff43101400a3973800049624286400df
:109bac00b4ffa414ffff02241200a3a70500022493
:109bbc001000a2a74c00228e1000a58f09f84000bf
:109bcc0025200002abff0010010002241200a69712
:109bdc00380003965800228e1800a78f2630c30039
:109bec002528000009f8400025200002a1ff4004b0
:109bfc0001000324a0ff43102c00bf8f0600022499
:109c0c001000a2a74c00228e1000a58f09f840006e
:109c1c002520000297ff0010010002245000228e24
:109c2c001800a68f2528000009f840002520000206
:109c3c0090ff4004010003248fff43102c00bf8fc2
:109c4c00070002241000a2a74c00228e1000a58f42
:109c5c0009f840002520000286ff001001000224b4
:109c6c005400228e1400a52709f84000252000027c
:109c7c0080ff4004010003247fff43102c00bf8fa2
:109c8c001400a2973800039624104300feff03240f
:0c9c9c000a18020077ff0010251060007d
:020000040000fa
:020000041d01dc
:109ca800c0ffbd273c00bfaf3800beaf3400b7af20
:109cb8003000b6af2c00b5af2800b4af2400b3af66
:109cc8002000b2af1c00b1af1800b0af25808000f3
:109cd8002598a0002590c00025a0e0000000e0ac79
:109ce80025a88000b1f8400f1000a52723004014d4
:109cf8002588400015001192210020162510200209
:109d080014000292010042301c0040100700112488
:109d18000c00118e1800028e231022022b8842029a
:109d28000a90510015004012258840021800028e42
:109d3800ff0143308d006054ff0142301000a38fb3
:109d48000a007794fffff726421a020024b8e302bc
:109d58002200e0161000be8f150040541c00058e2e
:109d68000800028e0200432c15006010ffff032438
:109d780002000224150002a202001124251020026c
:109d88003c00bf8f3800be8f3400b78f3000b68fcd
:109d98002c00b58f2800b48f2400b38f2000b28f19
:109da8001c00b18f1800b08f0800e0034000bd27e9
:109db800e9ac400f2520a002ebff00100200432c65
:109dc800050043541c0002ae01000224150002a243
:109dd800eaff0010010011241000be8f1c00058e40
:109de800e52a410f2520c0030500401421b0e202f6
:109df80002000224150002a2e0ff00100200112454
:109e08000002222e3a004014429211000a00c29722
:109e18002118f2022b18430023b857000b90e302d5
:109e2800253840022530c002252860027184400f81
:109e38000100c4930400401001000224150002a28e
:109e4800ceff001001001124140002821d004304fb
:109e5800409212002000028e231056002b18520048
:109e680017006010401202002c0003262110620225
:109e78002c02082603006788000067980700668898
:109e8800040066980b006588080065980f006488d0
:109e98000c006498030047a8000047b8070046a8cc
:109ea800040046b80b0045a8080045b80f0044a8b0
:109eb8000c0044b810006324eeff6814100042241c
:109ec80040921200238832020000828e2110520034
:109ed800000082ae219872021800028e2190520072
:109ee80092ff2016180012aea5ff001025102002c0
:109ef8002000068e1b00d650200016ae14000282e9
:109f08000c004104010007242c000526e97e400fbf
:109f18000100c4930400401001000224150002a2ad
:109f280096ff001001001124140002927f004230b5
:109f3800140002a2010007242530c0022c000526c7
:109f48001000a28f7184400f01004490040040105b
:109f580001000224150002a288ff0010010011244c
:109f6800200016ae1800028eff01423000021224b3
:109f7800239042022b1832020b9023022c00052654
:109f8800253040022128a200422c410f25206002e2
:089f9800cdff00102388320206
:020000040000fa
:020000041d01dc
:109fa00088febd277401bfaf7001b4af6c01b3afc1
:109fb0006801b2af6401b1af6001b0af2588800025
:109fc0002590a0002598c00025a0e000248190875e
:109fd00073fb400f252000022c01422c0c00401086
:109fe000252840029662400f25200002251000001f
:109ff0007401bf8f7001b48f6c01b38f6801b28f91
:10a000006401b18f6001b08f0800e0037801bd27c3
:10a01000f4fe400f25200002253000000100052439
:10a02000fc49400f25200002010082320400401448
:10a03000253040023000228e220040543000262677
:10a0400001000524f6f0400f2520000202009432a2
:10a0500002008016251000000400428e1000a2affe
:10a060001000a627010005243c06410f2520000210
:10a0700025186002c418037c010002241c00621031
:10a080000300022423006216020002245c002396cf
:10a09000170062102a00062425280000b02d410f69
:10a0a0001600a427010002241400a2a31500a2a3f5
:10a0b000060002241600a2a34800228e26000010eb
:10a0c0001800a2af010005248bf8400f25200002e4
:10a0d000dfff001002009432253000002528000028
:10a0e00070fd400f25200002c1ff00102510000068
:10a0f000600022820500420460002292d72e410fa8
:10a1000000000000480022ae600022928410027c11
:10a11000600022a22a00062425280000b02d410f4d
:10a120001600a427010002241400a2a31500a2a374
:10a13000060002241600a2a34800228e1800a2af37
:10a14000f9ff62264408027c040040143c004226c9
:10a150003400228e2000a2af3c0042260a101200da
:10a1600003004388000043983000a3af04004390ed
:10a170003400a3a3050042903500a2a32c000624be
:10a180001400a52778ef400f25200002c000062408
:10a1900025280000b02d410f1400a427c00006247c
:10a1a0001400a52778ef400f25200002380106246f
:10a1b00025280000b02d410f1400a427059d023c66
:10a1c00094d9428c1400a2af1800a2274c01a2af70
:10a1d00073fb400f25200002fcff42245001a2af78
:10a1e000040002245401a2af5801b3af059d113cf5
:10a1f000f0c33126059d133c0000228e4c01a5279b
:10a2000009f8400025204002b3ff40045001a38f0d
:10a21000231862005001a3af5401a38f21184300fb
:10a220005401a3af4c01a48f211082004c01a2afb6
:10a23000040031260cc46226efff2216ec006324d2
:10a240002c01632c040060105401a69740000224e6
:10a250005401a2af5401a6971400a52778ef400f30
:10a26000252000029662400f2520000260ff0010aa
:04a2700001000224c3
:020000040000fa
:020000041d01dc
:10a27400c8ffbd273400bfaf3000b5af2c00b4af6a
:10a284002800b3af2400b2af2000b1af1c00b0afc0
:10a29400258080002598a00025a88000b1f8400ff3
:10a2a4001000a5274200401425904000150012928a
:10a2b40040004016251040020c00038e2b10730042
:10a2c400050040501800028e140002920200423031
:10a2d4000a9862001800028e97006012180000aeff
:10a2e4001000a38f0a0074942500401040a21400ab
:10a2f400ffff4224ffff63261b007400f401800269
:10a30400121800001b005400f40180021220000007
:10a314002b1864001a00601423181400241062001f
:10a32400180002ae239862021c00118e5400201201
:10a334002b109302440040501800028e1800028e25
:10a3440021105400180002ae1400029202004230a0
:10a354002a00401025282002f47f400f2520a00267
:10a364004700401025884000ffff022427002216e2
:10a3740001000224150002a20d00001001001224a5
:10a384000800118ee9ff20561c0011ae252800009c
:10a39400f47f400f2520000225884000010002249c
:10a3a4000d00221602000224150002a2020012244b
:10a3b400251040023400bf8f3000b58f2c00b48fbd
:10a3c4002800b38f2400b28f2000b18f1c00b08fff
:10a3d4000800e0033800bd27ffff02240400221612
:10a3e40001000224150002a2f1ff00100100122452
:10a3f400080011aecdff00101c0011aee9ac400ff7
:10a404002520a002d8ff0010258840000200222e3b
:10a41400050040141000a28f1c00428c2b10220255
:10a42400050040142398740202000224150002a2bd
:10a43400dfff0010020012242b109302bfff401410
:10a444001c0011ae1800028e21105300180002ae39
:10a45400ff0162322500401025282002e52a410f21
:10a464001000a48f05004014428a13000200022445
:10a47400150002a2ceff001002001224218822023d
:10a484001800028e0c00038e2b1862000600605028
:10a49400ff0142300c0002ae14000392400063340a
:10a4a400140003a2ff014230c1ff40502590400038
:10a4b4002000068ebfffd110251040021400028236
:10a4c4000f004104010007242c0005261000a28f70
:10a4d400e97e400f01004490060040100100022470
:10a4e400150002a2b2ff001001001224e4ff0010c4
:10a4f40025884000140002927f004230140002a21a
:10a5040001000724253020022c0005261000a28f0c
:10a514007184400f010044900500401025904000d4
:10a5240001000224150002a2a1ff00100100122460
:10a534009fff0010200011ae9dff001025906002c7
:020000040000fa
:020000041d01dc
:10a54400d0ffbd272c00bfaf2800b5af2400b4afa7
:10a554002000b3af1c00b2af1800b1af1400b0af0d
:10a564004000b28f0300a0104400b58fffff022407
:10a574000000a2ac8600c0102c00bf8f84004012e3
:10a584002580e00025a0c0002588a00048f9400fe0
:10a59400259880007d0040100180043c0000489410
:10a5a400001a0800ecd58424211864005000648c3f
:10a5b40001000324760083142c00bf8f5d00a016d5
:10a5c4000400438c010063307100601021281202e2
:10a5d4002b30b0000180043c001a0800ecd5842420
:10a5e40021188300ec00638c6900c014252000004e
:10a5f4000300c4142b2865006600a0542800b58ffe
:10a60400001a08000180043cecd58424211864005d
:10a61400d0006490010003245c008314002208002d
:10a624000180033cecd5632421208300d00080a06a
:10a634000000469400220600211864005c00678c28
:10a644006200e05000420800251880000180043cac
:10a65400ecd58424211864006000658c0000a4906b
:10a66400600080142518a00001000524000065a0e6
:10a67400240060ac0180073c002a0600ecd5e724e6
:10a684002138e5001400e594002c050000004290f8
:10a69400001202002528a200ff0084302520a40017
:10a6a4000c0064ac1400e29401004224ffff423029
:10a6b400ffff4538010004240a1085001400e2a4b9
:10a6c400040073ac100074ac140070ac180072accd
:10a6d400200075ac0100022445002016080062ac7d
:10a6e400002a08000180043cecd584242120850044
:10a6f4006400828c34004050640083ac0180023cce
:10a7040050d642240a10457c3000405000420800d4
:10a714002400448c2c008050240043ac2400828c00
:10a72400feff405425204000251080002600001024
:10a73400240043ac0200633014006010212812028c
:10a744002b30b0000180043c001a0800ecd58424ae
:10a7540021188300f400638c0c00c0142520000031
:10a764000300c4142b2865000900a0142c00bf8f1b
:10a774000180043c001a0800ecd5842421188300cd
:10a78400540063909fff6010001a08002c00bf8fd4
:10a794002800b58f2400b48f2000b38f1c00b28f23
:10a7a4001800b18f1400b08f0800e0033000bd27fb
:10a7b40000006990acff20112800a5240100842426
:10a7c400fbff87542518a000004208000180023cca
:10a7d400ecd542242140020101000224ebff0010c9
:10a7e400d00002a12800a524f4ff001025200000b9
:10a7f4000c00628cbaff0010000022aec7ff0010ec
:04a8040025204000cb
:020000040000fa
:020000041d01dc
:10a8080088ffbd277400bfaf7000b3af6c00b2af54
:10a818006800b1af6400b0af7800a4af02000624ae
:10a828001000a5275e41400f7800a4274d00401472
:10a83800258040002020023c202042244800a2af6e
:10a848004c00a2af202002245000a2a7200002241e
:10a858005200a2a37800a28f000042902000422c50
:10a8680079004014059d133c88d07326b617410f14
:10a878007800a4270100033c2b18430039006050de
:10a8880006001024cfbd400f25204000b501052447
:10a898008c0d410f2520400061004010259040009c
:10a8a800252840000f29410f252060025e00401432
:10a8b8000001422e6a0040100b00022e600040107a
:10a8c800258800026d000010ff0052328a29827c20
:10a8d8000500a3541000a28f25884000fbff201616
:10a8e800ffff22261000a28f1400a2af1c00a0af09
:10a8f80025280000e9b2400f1400a42719004014cd
:10a908002580400001000524c27c400f1400a427c4
:10a918001f004014258040001a0020123400a28f26
:10a928004800a48f4c00a38f030044a8000044b83b
:10a93800070043a8040043b85000a393080043a0ad
:10a948005100a393090043a05200a3930a0043a017
:10a958001000a48f01000224ecd9400f040082a04b
:10a9680025804000251000027400bf8f7000b38f4f
:10a978006c00b28f6800b18f6400b08f0800e003ec
:10a988007800bd27e5ff0324f1ff0010000043a075
:10a9980004000224f4ff021625100002f1ff201221
:10a9a8002580200201000524f9e7400f1400a427a0
:10a9b800ecff4014258040002000062425280000d4
:10a9c800b02d410f3400a48f3400a28f0800032457
:10a9d8000b0043a03400a28f4800a48f4c00a38f23
:10a9e800030044a8000044b8070043a8040043b883
:10a9f8005000a393080043a05100a393090043a06b
:10aa08005200a3930a0043a01000a48f010002245f
:10aa1800ecd9400f040082a0d2ff0010258040002e
:10aa2800d0ff001006001024ceff001006001024ee
:10aa3800ccff001006001024caff001006001024e6
:10aa4800c8ff0010060010244800a393e500022464
:10aa5800a4ff621425880002c2ff0010060010241b
:10aa68000a00022ef4ff4010010011262180b003d5
:10aa780002121200480002a2ff0052322110b10354
:10aa8800480052a07800a28f000042902000422c7b
:10aa980076ff4010010030264800a393e500022409
:10aaa800e3ff6210200002244800a4278bff421213
:0caab800200003248bff00102588000202
:020000040000fa
:020000041d01dc
:10aac400d0ffbd272c00bfaf2800b6af2400b5af20
:10aad4002000b4af1c00b3af1800b2af1400b1af84
:10aae4001000b0af0000968c1600a0a01c00828c51
:10aaf400420040102580a0003000838cffff022418
:10ab040072006214259080002510000025200000aa
:10ab140020000b2405000a24e50009240900082468
:10ab24002e0007240b0006242000438e8a19647c1f
:10ab34000c006b100100852426206a000600a8146e
:10ab44000a1824010c00442c040080102120020265
:10ab5400090087a00100422421200202090083a0e9
:10ab640001004224f0ffa6142520a00021180202af
:10ab7400090060a0160003820d0060542000428e7c
:10ab840058004050010043240900028259004054f7
:10ab94000a00042621180302160060a02000428e39
:10aba4000c00429001004050090000a22000428e97
:10abb4000b0042903f004230080002a22000448e65
:10abc400002c410f1c008424000002ae2000438ea0
:10abd40017006290001202001600639025104300d3
:10abe400060002a62000438e1900629000120200a3
:10abf4001800639025104300040002a62c00bf8fa8
:10ac04002800b68f2400b58f2000b48f1c00b38faa
:10ac14001800b28f1400b18f1000b08f0800e00349
:10ac24003000bd270500801600284324ffff633051
:10ac34000008632c140060540200b526ff001124a0
:10ac44002388330200241400b50105248c0d410f20
:10ac5400252082000001432c150060140000000030
:10ac64000200312e1d0020162118130202220200b8
:10ac7400160064a0170062a0020002242198620258
:10ac8400251000000200b52625a040000c00c28e4d
:10ac94002110550000004294e2ff40142588600210
:10aca4000b8814002188110297ff0010160020a2bf
:10acb400fbff405025880000f9ff201221181302e1
:10acc400160062a0edff00100100022425a8000078
:10acd40025a00000edff001025980000f0ff0010f3
:10ace40025880000211002023f000424a9ff00105f
:10acf400160044a0080006242e000824100007248f
:10ad0400f7ff05242328b000ffff42301400481049
:10ad1400bfff4324ffff63301a00632c0900605017
:10ad24000c0082a02000438e0c0063902418c30002
:10ad3400040060500c0082a020004224ffff423037
:10ad44000c0082a02118a40001008424ffff82804b
:10ad5400edff40142118030290ff0010160060a0bc
:08ad6400f7ff00102530e000ac
:020000040000fa
:020000041d01dc
:10ad6c0058febd27a401bfafa001b4af9c01b3af87
:10ad7c009801b2af9401b1af9001b0af25808000c3
:10ad8c002598a000248192871000a0a32c000624f3
:10ad9c001000a527d894400f252040021000a39343
:10adac000200022465006214c0000624252800005d
:10adbc00d894400f25204002c000032461004314a6
:10adcc00380106243c00a527d894400f25204002ca
:10addc0025884000040042285c004014040006242e
:10adec00059d053c94d9a5244627410f3c00a4277a
:10adfc0058004014030003245e000296f7ff423013
:10ae0c0003004310050003245500431425280000bb
:10ae1c001400a38f4800028e500062143c0065267b
:10ae2c00060006240a2813004627410f2c00a427ed
:10ae3c004b004014252800006000029204004230b0
:10ae4c00060040142000a28f340002ae640002926f
:10ae5c00010003240400627c640002a27c01a0af08
:10ae6c008001a0af8401a0af8801a0af8c01a0af7e
:10ae7c004000a2277401a2affcff31267801b1afcc
:10ae8c00049d143c049d133c049d113c7801a48f3b
:10ae9c00190080187401a38f0000659035000224fe
:10aeac001100a210f07e2626b07e62260000478c90
:10aebc001300a754080042240400428c7401a527f7
:10aecc0009f8400025200002090040187401a38fe6
:10aedc00211862007401a3af7801a38f23106200c4
:10aeec00eaff00107801a2aff3ff0010a87e8226c3
:10aefc001f0040507c01b18f3100001025880000ec
:10af0c00ebff46540000478c010062900200422483
:10af1c00211862007401a3af23208200dbff001014
:10af2c007801a4af2400038e8001a28f1f00621051
:10af3c0005000224220000102588000020000010cb
:10af4c00258800001e000010258800001c00001041
:10af5c00258800001a000010258800002528000014
:10af6c00b707410f2520400217000010258800006c
:10af7c00020002240600221205000224e9ff221618
:10af8c00020002245c000396180062148001a38f57
:10af9c008001a28f240002ae600002920100032403
:10afac008410627c600002a20500022404002216b8
:10afbc007401a5274ac8400f252000020500112462
:10afcc00a523410f2520400225102002a401bf8f8c
:10afdc00a001b48f9c01b38f9801b28f9401b18ff3
:10afec009001b08f0800e003a801bd272400028e59
:10affc00f3ff621425880000eeff00107401a527f2
:020000040000fa
:020000041d01dc
:10b00c0028ffbd27d400bfafd000b7afcc00b6af80
:10b01c00c800b5afc400b4afc000b3afbc00b2af92
:10b02c00b800b1afb400b0afe800b38f65008010ca
:10b03c0053ff11240900a054080087ac6100c01410
:10b04c0034001224080087ac140093ac040093acb9
:10b05c000c0080ac08000010100080a0140093ac11
:10b06c00040093ac0c0080ac100080a024001224cf
:10b07c00340002240a90460025a0c00025b0a00090
:10b08c0025808000800002241800a2af3000a22787
:10b09c001400a2af1000a0af253800003000062429
:10b0ac00059d053c84aca524e91b410f252000001f
:10b0bc006c0040143000b527049d113c701b3126e8
:10b0cc00b000b727252020022518a00200006590ab
:10b0dc00000086902628a600251045000100632458
:10b0ec00faff7714010084245e004014feff022452
:10b0fc002800a2af2400a0af800002242000a2af41
:10b10c003000a2271c00a2af1800a0af1400a0af03
:10b11c00200002241000a2af059d073c84ace7245c
:10b12c0010000624059d053ca4aca524b9cd400f08
:10b13c00252000004c004054030002240000a39280
:10b14c000000249226186400251043000100b52647
:10b15c00faffb71601003126430040140300022405
:10b16c009eed400f840004240a0040100c0002ae37
:10b17c00253040023000a5274fe6400f2520000265
:10b18c001c00401002000224100002a21e0000103d
:10b19c000100112402000224100002a283ff1124da
:10b1ac003000a22721905200000040a00100422450
:10b1bc00fdff52140000000027002016010002249d
:10b1cc00100002a225102002d400bf8fd000b78f30
:10b1dc00cc00b68fc800b58fc400b48fc000b38f3d
:10b1ec00bc00b28fb800b18fb400b08f0800e00380
:10b1fc00d800bd27252840021b04410f3000a4278e
:10b20c0008004010258840000c00048ee4ff80509c
:10b21c000c0000aec40d410f00000000e0ff001058
:10b22c000c0000ae1800b3af0800028e1400a2afe1
:10b23c001000b4af2538c002fcff46263400a52709
:10b24c008ed5400f0c00048ed5ff40102588400091
:10b25c00eeff00100c00048e0300022405002216e1
:10b26c000100022403000224100002a2d5ff0010ea
:10b27c002fff11240400221602000224100002a247
:10b28c00d0ff001039ff1124ceff0010100002a2d5
:020000040000fa
:020000041d01dc
:10b29c00b8ffbd274400bfaf4000beaf3c00b7af06
:10b2ac003800b6af3400b5af3000b4af2c00b3af3c
:10b2bc002800b2af2400b1af2000b0af25808000d1
:10b2cc0000009e8ce9b2400f25280000220040149b
:10b2dc0025a04000ffff0224300002aeff0017241f
:10b2ec00ff001124059d023c1800a2af1c00058e26
:10b2fc00700d410f2520c0031700401425a04000fd
:10b30c002000128e0000539213006052040014248b
:10b31c000b0042923f004330e50004240600641207
:10b32c00060003a208004230180040100f0002244f
:10b33c00190062502f000292ffff0224300002ae6f
:10b34c00ff001124252800007da8400f25200002b5
:10b35c00e6ff401025a04000251080024400bf8f5e
:10b36c004000be8f3c00b78f3800b68f3400b58fcd
:10b37c003000b48f2c00b38f2800b28f2400b18f13
:10b38c002000b08f0800e0034800bd275000621475
:10b39c00000000002f00029240004230e9ff4014f0
:10b3ac004000623241004010000000000d00579236
:10b3bc00bf0073321400028e300002ae0d004292b8
:10b3cc00e0ff5714ff0011241b00429200120200f0
:10b3dc001a004392251043003b0040140100032443
:10b3ec000c00d68f000051923f003132ffff222615
:10b3fc0040880200218822028088110021882202c4
:10b40c001800a28fa8d455240d00a2261000a2afbc
:10b41c000000a292211042020100549000a21400dc
:10b42c00000042902500601025a082020001222e0f
:10b43c00c4ff4050ff001124cfbd400f25208002d7
:10b44c001400a2af401011002110c202cfbd400f5a
:10b45c00000044941400a38f1b0062142518800272
:10b46c00010031260100b5261000a28fe9ff5554ca
:10b47c000000a2920000429240004230090040506d
:10b48c00ffff732607006050ffff732640881100f2
:10b49c002188d10200002296aaff4014ff0011243b
:10b4ac00ffff7326a7ff0010ff007132c4ff335259
:10b4bc000d004292a3ff0010ff001124ffff023485
:10b4cc00e9ff82520100b5269eff0010ff001124f7
:10b4dc00060020562f000292f12a410f252040022f
:10b4ec009eff5710251080022f000292010042305f
:10b4fc00060040140b000624240005264627410fa5
:10b50c002520400295ff401025108002ffff0224e9
:0cb51c00300002ae8bff0010ff00112475
:020000040000fa
:020000041d01dc
:10b52800c8ffbd273400bfaf3000beaf2c00b7af97
:10b538002800b6af2400b5af2000b4af1c00b3afed
:10b548001800b2af1400b1afe9f6400f1000b0af69
:10b558001200401025884000059d133c059d123cb3
:10b56800bcce5226059d173c059d163c059d153cf5
:10b57800059d143c9000308e140000561000028e79
:10b588000d32410f000000000000239201006324e7
:10b59800000023a21432410f252040003400bf8f41
:10b5a8003000be8f2c00b78f2800b68f2400b58fcf
:10b5b8002000b48f1c00b38f1800b28f1400b18f15
:10b5c8001000b08f0800e0033800bd270400448c49
:10b5d800262024021f040624d0c96526bb24410f57
:10b5e8000100842c0f0004920200843820040624f1
:10b5f800d0c96526bb24410f0100842c0c0002929f
:10b60800ffff4224ff0042300500422c3f0040105b
:10b618002c0406240e000392010002240400625444
:10b628000c0002920036410f1000248e0c0002928a
:10b63800ffff4224801002000a10427e25280002e3
:10b6480009f84000252020020e0002920600422c34
:10b6580033004010000000000e0002920500422c4a
:10b66800c7ff40142105062410001e8e0400c48f55
:10b67800262024026ccee526bb24410f0100842c31
:10b688000d00029201004230170040540c00039252
:10b698000800c28f2c0040500c0003920e00039249
:10b6a800ffff6224ff0042300400422c08004014cf
:10b6b800010006240700622c1d004010050002242a
:10b6c8000300621425300000040002240e0002a2c8
:10b6d8000800c28f080007962528000209f84000d4
:10b6e8002520c0030c00039203000224a4ff62106b
:10b6f80002000724900026262528000256d2400f73
:10b70800252020029cff00109000308ed0c96526ad
:10b71800bb24410f25200000070002240e0002a2ce
:10b728000236410f1000248eccff00100e0002924a
:10b738005b05062458ce8526bb24410f2520000032
:10b74800e3ff0010ecff0624030002248cff6210c4
:10b7580000000000ca24410f900024260700401072
:10b7680025f040000f00c4930200843860010624cd
:10b77800e8c9a526bb24410f0100842c26201e02ff
:10b78800b702062478d3c526bb24410f0100842cb8
:10b798002528c0038929410f9c0024260300022480
:08b7a80074ff00100f00c2a3a2
:020000040000fa
:020000041d01dc
:10b7b00058ffbd27a400bfafa000b0afa800a4af42
:10b7c000ac00a5affa03410fac00a4270200062489
:10b7d0001000a5275e41400fa800a4274600401492
:10b7e000a400bf8f1000a28f1400a2afa800a58fe5
:10b7f0001a32400f1400a4273e0040144300a393c4
:10b80000a00063303b0060140600022402000524ff
:10b81000a3ef400f1400a42737004014a400bf8feb
:10b820003400a28f03004a8800004a980700498824
:10b83000040049980b004888080048980f00478882
:10b840000c0047981300468810004698170045885a
:10b85000140045981b004488180044981f00438832
:10b860001c0043987c00aaaf8000a9af8400a8af59
:10b870008800a7af8c00a6af9000a5af9400a4af3e
:10b880009800a3af1400a2274800a3274400a427d0
:10b890000000488c0400478c0800468c0c00458c46
:10b8a000000068ac040067ac080066ac0c0065ac36
:10b8b00010004224f6ff4414100063240000428c60
:10b8c000000062acac00a58f1a32400f4800a427dc
:10b8d0000c0040145000a48f1c00a38f050083149b
:10b8e000080002245c00a38f2800a28f08006210c9
:10b8f00008000224a400bf8fa000b08f0800e0035e
:10b90000a800bd2704000324fbff4314a400bf8f3d
:10b91000294b400f4800a427f6ff40146800a58f6c
:10b920000d00a2248c00a78b8900a79b9000a68bfa
:10b930008d00a69b9400a48b9100a49b9800a38be0
:10b940009500a39b030047a8000047b8070046a83e
:10b95000040046b80b0044a8080044b80f0043a8f0
:10b960000c0043b89900a393100043a09a00a3933e
:10b97000110043a09b00a393120043a08700a29351
:10b980001000433029006050200042340b00a2a078
:10b990001000b08f01000224040002a20b00a2904c
:10b9a00010004230190040101c00a38f5000a28fdd
:10b9b0001600621000000000e523410f2520000260
:10b9c00025284000e52a410f2520000225284000b7
:10b9d000c8ffa01002000224700d410f25200002b4
:10b9e000c4ff40141000a48f590083902e0002243d
:10b9f000060062145000a68ffd2a410f58008524ce
:10ba00001000a28f01000324040043a0bbf2400fea
:10ba10001400a427b8ff4054a400bf8fecd9400ff6
:10ba20001000a48fb4ff0010a400bf8fd8ff001037
:04ba30000b00a2a0c5
:020000040000fa
:020000041d01dc
:10ba3400d0ffbd272c00bfaf2800b3af2400b2afa6
:10ba44002000b1af060080101c00b0af0400a010ad
:10ba5400ffffc2240400422c0b0040142588c000c0
:10ba640013000224188282afffff02242c00bf8f30
:10ba74002800b38f2400b28f2000b18f1c00b08f38
:10ba84000800e0033000bd272590a000dcd1400f62
:10ba9400258080000400401403000224188282af31
:10baa400f2ff0010ffff0224188280af0180023ce5
:10bab40090e2428c070022120180023c98e2428c00
:10bac4000d00511015000224188282afe7ff001008
:10bad400ffff0224259800001000a52785e0400ff1
:10bae400252000020600401401000224188282afbf
:10baf400deff0010ffff0224f7ff001001001324f3
:10bb04001400a28f060051101c828393040040107d
:10bb140016000224188282afd4ff0010ffff022413
:10bb2400010002240400621007000224188282af7c
:10bb3400ceff0010ffff02241c8280a30180023c80
:10bb440078e04290570040100180023c8ce0429023
:10bb54004e0040140180103c8ce01026040011ae0d
:10bb64000180023cc098130090e24224211053004b
:10bb74000400458c080005ae100000a205004282b6
:10bb84002f0003240d004310050044260b00401031
:10bb9400251080002f000624010042241000039287
:10bba40001006324100003a20000438004006650d7
:10bbb4000c0004aef9ff6014010042240c0004ae32
:10bbc4001000a493110004a21200039201000224a5
:10bbd4000800621407000224120000a24800a28c8c
:10bbe400090040140000000017000224080000109f
:10bbf400188282af188282af010002241c8282a3c1
:10bc04009aff0010ffff022409f840000000000022
:10bc14000800028e0000428c1000405017000224dd
:10bc240009f84000110004920d000324140043108d
:10bc3400188282af010003240d004014120003a2f5
:10bc440001000324000003a220828227000043a0f5
:10bc5400040050ac0600001025100000188282afca
:10bc640001000224120002a2ffff022401000324a7
:10bc74001c8283a32b1002007cff001023100200ff
:10bc840001000224eeff0010120002a201000224af
:10bc94001c8282a314000224188282af73ff001056
:10bca400ffff02240180103cacff001078e0102656
:020000040000fa
:020000041d01dc
:10bcb4009c008014ffff02240180023cecd54390d9
:10bcc40098006014ffff0224e0ffbd271c00bfaff3
:10bcd4001800b2af1400b1af1000b0af2588a000b7
:10bce4000180123cecd550260001062425280000d2
:10bcf400b02d410f2520000201000224d00002a231
:10bd0400d10002a20000238e680003ae0c00238e33
:10bd1400740003ae0800238e700003ae0400238e6b
:10bd24006c0003ae1400238e7c0003ae1000238e3f
:10bd3400780003ae1800238e800003ae1c00238e0f
:10bd4400840003ae040000aeecd542a20c0000aea9
:10bd54002400228e100002ae4400228e600002ae47
:10bd64004000228e5c0002ae2800228e080002ae43
:10bd7400640000ae3000228ea40002ae2c00228e9d
:10bd8400a00002ae3800228e3c0002ae3c00228e9f
:10bd9400400002ae01000224140002a6480000aed6
:10bda4004c0000ae500000aeac0000aeb40000aedb
:10bdb400b80000aec00000ae01000224a80002ae2c
:10bdc40000a0023c845d42242c0002ae00a0023c90
:10bdd400705d4224340002ae00a0023c5c5d42244b
:10bde400380002ae00a0023cc4654224300002ae1a
:10bdf4002510000025180002ffff06240a00052470
:10be04003000648c2120820001004224fcff451490
:10be1400000086a00180103cecd51026a000048e02
:10be24000f00823001000524042845005031410fe1
:10be34000221040000a0023c285542249c0002aeca
:10be44007800038effff02242e0062100180053c5f
:10be54000180023c68d6448cffff02242a00821031
:10be6400ecd5a524d12f410f010005240180103cfd
:10be7400ecd5102601000524d12f410f7800048e43
:10be840001000624252800008f2e410f7c00048e1b
:10be940025300000010005248f2e410f7800048e08
:10bea40025300002059d053c10d8a5240930410f1a
:10beb4007800048e25300002039d053cf0c1a524c2
:10bec4000930410f7c00048e2000229204004010af
:10bed4000180023ca22c410f252000000180023c7d
:10bee40002000324f0d543ac251000001c00bf8fd2
:10bef4001800b28f1400b18f1000b08f0800e00357
:10bf04002000bd27ecd5a5246800a28c1400428c27
:10bf1400059d043c09f8400044a78424ebff00106d
:0cbf2400200022920800e0030000000052
:020000040000fa
:020000041d01dc
:10bf30001800828c100082ac500082909900401052
:10bf400000000000f8febd270401bfaf0001beaf36
:10bf5000fc00b7aff800b6aff400b5aff000b4af77
:10bf6000ec00b3afe800b2afe400b1afe000b0afb7
:10bf7000dc00a5af25888000049d163c7468d5269a
:10bf80000400b78e1000b327059d143ca8d3942657
:10bf9000049d023c84684224d800a2af7468c38e1a
:10bfa0000800a28e1000a3af1400b7af1800a2af14
:10bfb0000c00a2921c00a2a3392b410f2520600285
:10bfc000219062022b001e241000228e01004324c7
:10bfd000100023ae000050902b0000163d000224fc
:10bfe00001005026000042a22b001e241000228ec9
:10bff00001004324100023ae00005290420040167e
:10c000000d000224000002a20a000224010002a284
:10c01000020010262380130227201000400107246d
:10c0200025308002d800a58fd1fe400fc227040022
:10c0300025380000ffff06322528600245fe400f2c
:10c04000252020025000401401000224dc00a38fb0
:10c05000000062a00a0002240401bf8f0001be8f0d
:10c06000fc00b78ff800b68ff400b58ff000b48fe6
:10c07000ec00b38fe800b28fe400b18fe000b08f26
:10c080000800e0030801bd27201c107c20000224ca
:10c09000040062140100442600005ea2caff0010e2
:10c0a00025908000300062280b004014c6ff022655
:10c0b000ff0042300700422c07004014a5ff022673
:10c0c000ff0042300600422c030040147b0062282f
:10c0d0000b0040540100442625000224000042a227
:10c0e0008032410f25200002010042a28632410f1a
:10c0f0002520000203004426e8ff0010020042a2af
:10c10000e6ff0010000043a2201c127c2000022445
:10c11000040062140100042600001ea2b3ff0010f8
:10c1200025808000300062280b004014c6ff4226a4
:10c13000ff0042300700422c07004014a5ff4226b2
:10c14000ff0042300600422c030040147b006228ae
:10c150000b0040540100042625000224000002a226
:10c160008032410f25204002010002a28632410f99
:10c170002520400203000426e8ff0010020002a26e
:10c18000e6ff0010000003a250002292ffff4224ad
:10c19000ff00423081ff4014500022a2aeff001089
:0cc1a0000b0002240800e0030b00022446
:020000040000fa
:020000041d01dc
:10c1ac00c8ffbd273400bfaf3000b7af2c00b6af0f
:10c1bc002800b5af2400b4af2000b3af1c00b2af61
:10c1cc001800b1af1400b0af2588800025b0a000d6
:10c1dc0025a8c00025a0e0001800908c4400929087
:10c1ec00140052260a0a0624059d053cd4c3a52436
:10c1fc004225410f3d00442e00000292040003240e
:10c20c000439627c821812000418627c000002a2bd
:10c21c004600229601004230190040100100032410
:10c22c00140013264500229280100200219862020d
:10c23c0000006292c439627c4431027c14000324f5
:10c24c000420627c000062a204000224010062a2ad
:10c25c00020060a6040077262110120223b8e20225
:10c26c0020be177c1c0a0624059d053cd4c3a524be
:10c27c004225410f0100e42a0100e206040060a2fd
:10c28c0056008012010000a2000082922000423071
:10c29c000400401025100000010003248410627c6f
:10c2ac00010002a2000082921000423004004010f3
:10c2bc000100032401000292c418627c010002a256
:10c2cc000000829208004230040040100100032458
:10c2dc00010002920421627c010002a20000839200
:10c2ec000700623004004010212055020100029228
:10c2fc004439627c010002a24775400fffff843075
:10c30c00020002a61481849701008424ffff84306c
:10c31c004775400f148184a7040002a64775400f8f
:10c32c0025200000060002a60200829204004010a4
:10c33c0001000324060002968473627c060002a6a8
:10c34c0001008292640003240a106200080002a219
:10c35c00090016a20a0000a63800228e0c0002aebc
:10c36c003c00228e100002ae4000228e60004290f3
:10c37c0004004230050040142530000025284002fe
:10c38c004f75400f252000020a0002a61000238ed4
:10c39c000c006294211042020c0062a41800228e40
:10c3ac00219052001c0032ae4000228e280022ae9a
:10c3bc003400bf8f3000b78f2c00b68f2800b58f9c
:10c3cc002400b48f2000b38f1c00b28f1800b18fe3
:10c3dc001400b08f0800e0033800bd27212055025f
:10c3ec004775400fffff8430020002a6148184972a
:10c3fc0001008424ffff84304775400f148184a70b
:10c40c00040002a64775400f25200000060002a676
:08c41c00ceff001064000224b1
:020000040000fa
:020000041d01dc
:10c42400c0ffbd273c00bfaf3800beaf3400b7af7c
:10c434003000b6af2c00b5af2800b4af2400b3afc2
:10c444002000b2af1c00b1af1800b0af4000a4afe1
:10c4540025b8a0004800a6af25a8e0001000a62734
:10c464007c06410f010005247700401401000324d9
:10c474001000b48f0700023cf8e142342b10820212
:10c484007e0040100002062425280000b02d410f34
:10c494002520a0024000822e6100401408001024d0
:10c4a4000f000010eb51163c40801000ff001032ca
:10c4b40075000012252800001b009002f401000200
:10c4c400121000002b104300f7ff40100002062456
:10c4d40025280000b02d410f2520a002eb51163c69
:10c4e4001f85d6361900960210b0000042b116001e
:10c4f400c601b226f601be263f0011240000f38ec9
:10c504006500622e0400401064000224020062529e
:10c514002598800202987672211071022b188202eb
:10c52400030060142b1051000200401000000000b2
:10c53400239891023a00601225282002d92f410f36
:10c544002520400225286002d92f410f04004426eb
:10c554004800a28ffcff42a21004023c0541422481
:10c564001900220210180000232023024220040094
:10c5740021186400421903001b007000f40100023a
:10c584001020000012300000f9ff44a282280600a7
:10c594000428057c80210300231883002318230228
:10c5a400010063242518a300faff43a2fbff46a25f
:10c5b40021883302ffff23261900620010100000b7
:10c5c4002320620042200400211044004211020092
:10c5d4001b005000f4010002102000001230000083
:10c5e400fdff44a2822006000428047c8029020066
:10c5f4002310a2002318620001006324251883007d
:10c60400feff43a206005e12ffff46a204002012b2
:10c614000400f7262b103402b8ff401410005226f1
:10c6240055000224fe01a2a2aaff0224ff01a2a235
:10c6340001000724253000002528a002e97e400fd0
:10c644004000a48f2b180200251060003c00bf8f0f
:10c654003800be8f3400b78f3000b68f2c00b58ff2
:10c664002800b48f2400b38f2000b28f1c00b18f38
:10c674001800b08f0800e0034000bd27100010240c
:10c684008dff00103ffc0334b02d410f2520a00284
:08c6940092ff0010ff001024ca
:020000040000fa
:020000041d01dc
:10c69c00e0ffbd271c00bfaf1800b1af5636410fed
:10c6ac001400b0af03000324080043140200032459
:10c6bc00fb14410f000000001c00bf8f1800b18f4d
:10c6cc001400b08f0800e0032000bd27faff4314cc
:10c6dc006882908ff8ff0012f3ff02260200422cb2
:10c6ec00f5ff401465828293330040146482829378
:10c6fc00170040146082848f0df3400f0100042456
:10c70c00edff4010029d033cc02810002128b00012
:10c71c0080280500101d6324211865000400688c16
:10c72c0019000011029d073c101de7240a38e57c16
:10c73c00001006242528400009f800016882848f27
:10c74c00608282af01000224648282a36082848fa3
:10c75c00d9ff8018c010100021805000808010007c
:10c76c00029d023c101d422421800202d7f8400f8a
:10c77c001000058ed0ff401001000224658282a3b8
:10c78c00cdff0010648280a3c01810002118700027
:10c79c0080180300101de7240a38e37c059d063c35
:10c7ac009cd9c62400100524e02e410f2520400002
:10c7bc00e4ff0010608282af5436410f000000008d
:10c7cc000200032441004314030003240df3400f23
:10c7dc0002000424b8ff401025884000658280a325
:10c7ec006882908fc0101000211050008010020041
:10c7fc00029d033c101d6324211043000800458c4e
:10c80c000a02410f252020021d004010c01010000c
:10c81c002110500080100200029d033c101d632467
:10c82c00211043001800428c060040100010062412
:10c83c002528200209f84000252000020c00401099
:10c84c00000000005c8280a36882848f029d023c01
:10c85c00c01804002118640080180300101d422425
:10c86c00211043001c00428c93ff0010688282afa1
:10c87c00b8e0400f0000000090ff00101c00bf8fbc
:10c88c00029d023cc018100021807000801810001e
:10c89c00101d5024218003020c00058e0a02410f4a
:10c8ac00252020020500401000000000b8e0400fd9
:10c8bc000000000081ff00101c00bf8fb8e0400f8b
:10c8cc00000000007dff00101c00bf8f7aff431496
:10c8dc00059d073cecd0e724039d063c284cc62460
:10c8ec00059d053cd8d0a52469f2400f25200000f9
:10c8fc00b8e0400f0000000070ff00101c00bf8f5c
:020000040000fa
:020000041d01dc
:10c90c00d0ffbd272c00bfaf2800b5af2400b4afbb
:10c91c002000b3af1c00b2af1800b1af1400b0af21
:10c92c007d00c0102588c00025a8a0002590c0005f
:10c93c007900a01025880000de2c410f00000000bb
:10c94c0075004010258040004800428c7300401058
:10c95c00251020028615410f25200002680040108a
:10c96c00258840002b1052000b902202ffff523200
:10c97c000800048e0400028e211892002b1862000d
:10c98c00259840020c00601425a000002398440058
:10c99c00ffff7432ffff733225306002422c410fcf
:10c9ac002528a00221a8b30223985402ffff73325a
:10c9bc000000028e080002ae253060022528a0027d
:10c9cc00422c410f0800048e0800028e21105300e7
:10c9dc00080002ae1000058e2d0045508400028e1a
:10c9ec008400048e4007837c0b0060102000833091
:10c9fc0009006014238832020400038e0000068ea6
:10ca0c00231866004078727cffff31322b8851026c
:10ca1c004f002012000000002b18a20032006050c2
:10ca2c000400038e23104500ffff42306000069681
:10ca3c002b184600253840000a38c3002518e000a2
:10ca4c00660007962b3867003d00e01000000000e0
:10ca5c006a000796423807002b18670038006010f0
:10ca6c002b10c200090040144006827c3400401494
:10ca7c000000000000808430050080548400028e89
:10ca8c000c00028e2e00a210000000008400028e0a
:10ca9c000400423011004014010003248400028e73
:10caac008410627c5122410f840002ae7020410f31
:10cabc00258840008018110021187100c01803004f
:10cacc006210043cd34d842419006400101800003b
:10cadc008219030021106200280002ae2188740222
:10caec000d000010ffff3132231865000000068e88
:10cafc002310460021106200ccff0010ffff4230d3
:10cb0c00710003920100022404006214251020021b
:10cb1c005221410f25200002251020022c00bf8f2e
:10cb2c002800b58f2400b48f2000b38f1c00b28f67
:10cb3c001800b18f1400b08f0800e0033000bd273f
:10cb4c005221410f25200002e5ff001021887402bc
:10cb5c005221410f252000028400028e0100032483
:0ccb6c004429627cddff0010840002ae52
:020000040000fa
:020000041d01dc
:10cb780090ffbd276c00bfaf6800b2af6400b1afd3
:10cb88006000b0af7000a4af020006241000a52713
:10cb98005e41400f7000a4277700401425804000b4
:10cba8001000a28f1400a2af7000a58f1a32400f98
:10cbb8001400a4277f0040102580400004000224b0
:10cbc8006d0002164300a293200042306a00401410
:10cbd800060010241000a28f4800a2af25280000ec
:10cbe800f47f400f4800a4277800401025884000b3
:10cbf800010002247100221200000000ffff02243d
:10cc080064002212000000007a31410f0000000089
:10cc18002590400025282002cae7400f1000a48f65
:10cc28005e004014258040001000a48f20000324db
:10cc3800390083a03a0083a03b0083a03c0083a076
:10cc48003d0083a03e0083a03f0083a0400083a056
:10cc5800410083a0420083a02e001024380090a039
:10cc680010000224430082a025284002d92f410f3a
:10cc78004e0084241000a48f25302002fd2a410f85
:10cc8800380085241000a48f580085243800822499
:10cc980003004c8800004c9807004b8804004b9810
:10cca8000b004a8808004a980f0049880c004998e8
:10ccb80013004888100048981700478814004798c0
:10ccc8001b004688180046981f0043881c0043989c
:10ccd8000300aca80000acb80700aba80400abb8d0
:10cce8000b00aaa80800aab80f00a9a80c00a9b8a8
:10ccf8001300a8a81000a8b81700a7a81400a7b880
:10cd08001b00a6a81800a6b81f00a3a81c00a3b85b
:10cd1800590090a0fd2a410f1c00a68f1000a28f79
:10cd280001000324040043a0294b400f1400a4274a
:10cd38001a00401425804000252840023400a48fa2
:10cd4800d92f410f16008424253020023400a58fe6
:10cd5800fd2a410f1000a48f3400a28f1000032475
:10cd68000b0043a01000a48f01000224ecd9400f4f
:10cd7800040082a025804000251000026c00bf8faf
:10cd88006800b28f6400b18f6000b08f0800e003c4
:10cd98007000bd277a31410f0100102425300000b2
:10cda8002528200230d0400f4800a427f3ff0010a8
:10cdb80025100002f0ff0010080010247a31410ffe
:10cdc80002001024f6ff0010253000007a31410fd0
:0ccdd80007001024f2ff001025300000be
:020000040000fa
:020000041d01dc
:10cde400d0ffbd272c00bfaf2800b6af2400b5afdd
:10cdf4002000b4af1c00b3af1800b2af1400b1af41
:10ce04001000b0af2014047c1d00401825880000d9
:10ce14002598a000ff0082300b00422c84004010b3
:10ce24002588c000ffff84242086047cc0101000e5
:10ce340021105000801802000180023c7cd342245f
:10ce44008a11437c7c004010251060000180033c63
:10ce54007cd36324211043000800428c5000458c8d
:10ce64001200a014c0201000218090008020100027
:10ce740021806400ffff0224030002a22588000031
:10ce8400251020022c00bf8f2800b68f2400b58ff8
:10ce94002000b48f1c00b38f1800b28f1400b18f20
:10cea4001000b08f0800e0033000bd270180023c71
:10ceb400c018100021187000801803007cd342248d
:10cec40021104300040052942000523248004012c2
:10ced4000180023cc0181000211870008018030063
:10cee4007cd3422421104300020043900400022416
:10cef4000d0062140180023cc0181000211870005b
:10cf0400801803007cd34224211043000c00428c7f
:10cf14001800568c0500c0520180023c2c00558c30
:10cf24000b00a0160180123c0180023cc0201000be
:10cf340021809000802010007cd3502421800402a2
:10cf4400ffff0224030002a2cdff00102588000089
:10cf54007cd35226c0101000211050008010020013
:10cf64002110420209f8a0000600448425a04000d4
:10cf7400c020100021809000808010001c0010262a
:10cf840021805002253000002528600209f8c002e3
:10cf940025200002070040102528600209f8a0029d
:10cfa40025200002ffff42302b108202b4ff4050c4
:10cfb40025886002b3ff20122510200225300000ce
:10cfc4002528200209f8c00225200002acff4050a9
:10cfd400258840002528200209f8a0022520000207
:10cfe400ffff42302ba08202a5ff00100b88140023
:10cff400c020100021809000802010007cd3502499
:10d004002180040209f8a000060004862b9853002e
:10d014009bff6052258840009aff20522510200271
:10d024002b8851000b10510295ff001025884000f9
:10d0340093ff00102588000091ff00102588000050
:08d044008fff00102588400059
:020000040000fa
:020000041d01dc
:10d04c009600a010ffff0324c8ffbd273400bfaf1c
:10d05c003000beaf2c00b7af2800b6af2400b5af80
:10d06c002000b4af1c00b3af1800b2af1400b1afc6
:10d07c001000b0af259880002580a0002590c0003e
:10d08c0025a0e000392b410f2520a0002d004010d9
:10d09c00ffff032456007196000003822e00042427
:10d0ac005900641459017526010002822f000324d3
:10d0bc00310043140000000002001026392b410ff0
:10d0cc0025200002ffff94265400639621102202b3
:10d0dc00211062002b1082021a004014feff032460
:10d0ec0059006526ba2d410f25204002050020125b
:10d0fc0001002626540064962528a002c42d410f59
:10d10c00212044025400649621209100252800021d
:10d11c00ba2d410f2120440221a05402000080a20c
:10d12c00392b410f25204002ffff4224219042025f
:10d13c00000044822f0002240200821425180000f3
:10d14c00000040a2251060003400bf8f3000be8f5d
:10d15c002c00b78f2800b68f2400b58f2000b48f19
:10d16c001c00b38f1800b28f1400b18f1000b08f59
:10d17c000800e0033800bd27030040142e000424ef
:10d18c00ceff001001001026eeff4414ffff032415
:10d19c00020004822f000224eaff82142188b102cb
:10d1ac00059d163c44c0d6262f001e2402001724d1
:10d1bc002528c0020a02410f25200002030002129a
:10d1cc0023103502bdff00102388350226004018bd
:10d1dc000300102625100000ffff238205007e545b
:10d1ec00ffff312601004224f2ff57102528c00210
:10d1fc00ffff312623183502f7ff601cfcff0324c8
:10d20c00d1ff0010251060002f000424abff641424
:10d21c00000000005800649201008430140080105b
:10d22c0059006526ba2d410f25204002392b410f9c
:10d23c0025204002211042022f000324000043a0ad
:10d24c00010040a0252840020a02410f25200002bf
:10d25c00bcff0216fbff0324392b410f2520400293
:10d26c0096ff001021800202b6ff0010fcff032481
:10d27c00ffff942654006396211062002b1082024b
:10d28c00b0ff4014feff032459006526ba2d410f50
:10d29c00252040029bff0010258800000800e003b9
:04d2ac0025106000e9
:020000040000fa
:020000041d01dc
:10d2b000b8ffbd274400bfaf4000b6af3c00b5afdc
:10d2c0003800b4af3400b3af3000b2af2c00b1af10
:10d2d0002800b0af258080002598a000ff33410fc3
:10d2e0003081918f401802002118620080180300dd
:10d2f00021186200c0180300218823024c00228eee
:10d300004e0040502590000209f840002520000200
:10d310004900401025904000392b410f2520400046
:10d320000200432c4400601401004224600031924a
:10d33000400031320a101100258840001000a0afd3
:10d340001400a0af1800a0af1c00a0af2000a0af39
:10d350002400a0a314004726251040021000a32794
:10d360002000062401004224ffff4490060086109e
:10d37000f7ff85240500a52c0300a0140000000081
:10d38000000064a001006324f7ff47140100422459
:10d39000392b410f1000a427490040102580400080
:10d3a0001000a22721b0500025a0400078001524cd
:10d3b00000008492d3ff8224ff0042300200422cfe
:10d3c0000600405401009426c52e410f00000000c5
:10d3d00001004050000095a201009426f4ffd416ed
:10d3e0001000a293200042349fff42241a00422cd6
:10d3f00002004014780002241000a2a321a0b00370
:10d400000f008492c52e410f0f0094260200401495
:10d4100078000224000082a23600201603000226b3
:10d420000400638e2a104300290040540000648edb
:10d4300019000010ffff022425900002bfff001218
:10d4400025880000bdff00102c0012260000648e0d
:10d450000c000224000082a0010090a025300002f0
:10d460001000a527422c410f02008424090020123d
:10d47000010003262b1023020a88620025302002b7
:10d480001000a527422c410f25204002218851027f
:10d49000ffff20a2020002264400bf8f4000b68f8b
:10d4a0003c00b58f3800b48f3400b38f3000b28f9a
:10d4b0002c00b18f2800b08f0800e0034800bd2782
:10d4c000f5ff201225100000f3ff0010000040a21d
:10d4d0000c000224000082a0010090a02530000270
:10d4e0001000a527422c410f02008424eaff0010ff
:10d4f00002000226000040a20400638e2a104300ae
:10d50000d2ff4014ffff0224e4ff00104400bf8f4d
:020000040000fa
:020000041d01dc
:10d51000a020047c0800e00302142400a020047c66
:10d520000800e00325108000a020047ca028057cd2
:10d53000021425000800e003021c2400fcffa824bc
:10d540001b000105010007348500a0102518c0004c
:10d55000ffffa824040000150000000000008390d5
:10d560000f00001021186600ffff082506000015b7
:10d570000100839000008890001a030025186800bd
:10d5800007000010211866000000899002008890b2
:10d59000001a030025186900211868002118660088
:10d5a000024c0300ffff6a306d00001021182a01b1
:10d5b000110000001300c000010082300300893018
:10d5c0000f00201104000b3423586901254000008e
:10d5d00000008898ffff29250500201108000a3463
:10d5e000ffff29250200201108004a2508004a25ce
:10d5f00004404801010007712328ab0021208b0063
:10d600004219050040310300130060100000888caf
:10d610000400898c0100077108008a8c01002771c1
:10d620000c008b8c0100477110008c8c010067711d
:10d6300014008d8c0100877118008e8c0100a77179
:10d640001c008f8c0100c771ffff63240100e7718c
:10d65000edff0010200084242328a60002190500f5
:10d66000003103000b0060100000888c0400898cde
:10d670000100077108008a8c010027710c008b8c57
:10d6800001004771ffff632401006771f5ff00107f
:10d69000100084242328a600c2180500c03003000f
:10d6a000070060100000888c0400898c010007715d
:10d6b000ffff632401002771f9ff00100800842494
:10d6c0002328a600821805008030030003006010a4
:10d6d0000000888c04008424010007712328a60020
:10d6e0000f00a0100100a6300400c01400000000cc
:10d6f0000100888809000010024408000200a630da
:10d700000400c0140000000000008888030000101e
:10d7100002460800020088880242080001000771e2
:10d720001048000012400000211828012b58680002
:10d73000020060110000000001006324024c03009d
:10d74000ffff6a3021182a01024c0300ffff6a30f4
:10d7500021182a010200401000000000a018037cdc
:0cd76000271060000800e003ffff4230cb
:020000040000fa
:020000041d01dc
:10d76c00b8ffbd274400bfaf4000b7af3c00b6af19
:10d77c003800b5af3400b4af3000b3af2c00b2af4b
:10d78c002800b1af2400b0af25a8800025b0a000c0
:10d79c002580c000392b410f0400c48c1600422494
:10d7ac00ffff57301000f1267c80828f09f8400073
:10d7bc00252020021600401425382002059d063c29
:10d7cc001cb9c62410000524d800410f1000a42752
:10d7dc001000a627ecff0524f127410f2520a002fd
:10d7ec00f7ff02244400bf8f4000b78f3c00b68f78
:10d7fc003800b58f3400b48f3000b38f2c00b28f4b
:10d80c002800b18f2400b08f0800e0034800bd272a
:10d81c0025a040000b00c29236004014059d053c2b
:10d82c000000118e20b9a5244d2c410f252020027b
:10d83c0054004014259040006480848f0600805072
:10d84c000400118eb5d9400f0400058e24004054fd
:10d85c00140043800400118e25100000088012343f
:10d86c00010003240b00c3a2490040100a009326b8
:10d87c001400502425280002ba2d410f25206002e7
:10d88c00392b410f25200002ffff503025280002c4
:10d89c00b7f9400f2520600225b84000010005248f
:10d8ac00e0fc400f212070022180170221805000e3
:10d8bc00ffff103225300000252800027973400f3d
:10d8cc004600a4862b105000130040107880828fe5
:10d8dc0009f8400025208002c2ff0010020002243b
:10d8ec00dfff6014258800000400118edcff00109f
:10d8fc00098012346480918f240020520a009326f0
:10d90c000400058eb5d9400f25202002259000007b
:10d91c00d5ff00102588000025300002232877024f
:10d92c0039b2400f4600a486261002029c1507242b
:10d93c00059d063cb8d3c624059d053c2ca0a5240a
:10d94c00d1fe400f0100442c060040527880828f9b
:10d95c002530200225284002f127410f2520a00266
:10d96c007880828f09f84000252080023000c29612
:10d97c0001004224ffff42303000c2a699ff001084
:10d98c0001000224f2ff00100580123425900000e3
:10d99c000400078e059d063c24b9c6240600e52626
:10d9ac00d800410f25206002392b410f2520600241
:08d9bc00b6ff0010ffff503020
:020000040000fa
:020000041d01dc
:10d9c400c0ffbd273c00bfaf3800b4af3400b3afd5
:10d9d4003000b2af2c00b1af2800b0afb600410f99
:10d9e4002580800082004014000000001c07410fc5
:10d9f40025200002259040000300022476004216f0
:10da0400060011241800a0af1c00a0a76c00148eff
:10da14002c0005245427410f252080024b0040147c
:10da240025984000280005245427410f2520800212
:10da3400080040102000a6272000a0af0a000524fb
:10da4400c2ec400f010044242188b1032000a28fbe
:10da5400170022a2010002243c0002ae1c00a7838e
:10da6400003a07001d00a2832138e200ffffe730df
:10da7400400007a62c0011261800a28f2f0002aa2e
:10da8400000022baa400028ef6ff42240400422cb5
:10da94004a004010ffff02240e0003862200621495
:10daa400010006241400a0af1000a0af0500052457
:10dab400165a400f25200000ffff03243c004310aa
:10dac400253800020e0002a6049d063cd056c6244a
:10dad4000006052491b2400f2520400075c1400f77
:10dae4002520000225382002400006963c00058ec1
:10daf40005e4400f0e000486280040100a000224aa
:10db04002be5400f0e0004861d0040100b0002247c
:10db140023000224080002ae0180023c48e2458c46
:10db2400f41c410f25200002251040023c00bf8f49
:10db34003800b48f3400b38f3000b28f2c00b18f13
:10db44002800b08f0800e0034000bd272000a0afec
:10db54002000a6270a000524c2ec400f010044243b
:10db6400ffff31262110b1032000a38f180043a02a
:10db7400a6ff2016000060a2b7ff001001000224d7
:10db8400a00002ae3c05410f25200002861f410f74
:10db940025200002e5ff001025104002a00002ae7f
:10dba4003c05410f25200002f8ff00100000000092
:10dbb40009000224f5ff0010a00002ae2538000081
:10dbc4002530000001000524ac26410f2520000269
:10dbd400d5ff0010080000ae01000224a00002ae30
:10dbe400861f410f25200002cfff0010ffff1224e3
:10dbf4003f28410f25200002cbff401001001224d2
:10dc040002000224a00002ae861f410f252000025c
:08dc1400c5ff0010ffff122400
:020000040000fa
:020000041d01dc
:10dc1c0080febd277c01bfaf7801b6af7401b5aff4
:10dc2c007001b4af6c01b3af6801b2af6401b1afb6
:10dc3c006001b0af8001a4af25a0a00025908000aa
:10dc4c00000080a0253000004400a5275e41400f55
:10dc5c008001a42770004014259840004400a28f36
:10dc6c001000a2af1800568c5400c0121800b6afaa
:10dc7c00258880022f00152420000524e9b2400fce
:10dc8c001000a42772004014258040002c00a58fa2
:10dc9c00700d410f4400a48f6d004014258040008e
:10dcac003000a58fe523410f4400a48f1800a2afcc
:10dcbc0025280000e9b2400f1000a427640040148e
:10dccc002580400025280000c27c400f1000a427ae
:10dcdc000a004014258040003000a58fe523410f39
:10dcec004400a48f09005610252800007da8400f81
:10dcfc001000a427f3ff4010258040000400033ad5
:10dd0c0002000224520000100a8043004800a5279c
:10dd1c00b16a400f1000a4275e00a2834e00401091
:10dd2c0000000000010003264800a2272110430038
:10dd3c00160042801f004014020002262b10220203
:10dd4c0043004054110010240f0060104800a2271b
:10dd5c0016001026218050005d00a52723102202fa
:10dd6c00eaff422423104300000006828001a48fa6
:10dd7c002120900021208200ffff1026faff0516bb
:10dd8c00000086a023882302ffff31268001a28f8a
:10dd9c0021105100000055a01800b68fb7ffc056d7
:10ddac0020000524060091120300222e0a00001008
:10ddbc0000000000dbff0010258060002588800239
:10ddcc00ffff31268001a28f211051002f00032468
:10dddc00000043a00300222e1b00401408828293f3
:10ddec0030004224000042a23a000224010042a268
:10ddfc000200522601002226010052268001a38f28
:10de0c002188710000002382258840002b105400cb
:10de1c00f8ff4014ffff43a2000040a2251060024f
:10de2c007c01bf8f7801b68f7401b58f7001b48ff0
:10de3c006c01b38f6801b28f6401b18f6001b08f38
:10de4c000800e0038001bd27f3ff0010110013242c
:10de5c00f1ff001025980002ccff2016ffff3126a1
:08de6c00fbff0010110010245f
:020000040000fa
:020000041d01dc
:10de7400d0ffbd272c00bfaf2800b3af2400b2af42
:10de84002000b1af1c00b0af0080023cd06542243a
:10de94007500821425800000730080102588c0005e
:10dea4001000a0af1400a0af0080023c4c66428c6e
:10deb400050040102580a000050005240080043cd6
:10dec40009f84000f06684241000a7271400a62750
:10ded4000080053c8866a5240080123c5bae400fa0
:10dee400d065442625984000d06552267c00428e99
:10def40004004010060005240080043c09f840009a
:10df0400f0668424ffff62260200422c1300405472
:10df1400010002245c0060160080023c1000a28f05
:10df2400060043902024037c060081041000633023
:10df340003004290010042302510430023004010aa
:10df44000080023c0080023cd06542243401438cb2
:10df540001006324340143acf5ff022404000052a1
:10df64000080023c1e004010000002ae0080023c13
:10df74009066508c3c0000120080023c4c66428c3f
:10df840004004010050005240080043c09f840000a
:10df9400f06684240080103cd0651026c000058ef5
:10dfa4000a9d400f252000027c00028e2e004010a6
:10dfb40025800000060005240080043c09f8400088
:10dfc400f06684242900001025100002d065422444
:10dfd4002801438c0100632438000016280143ac57
:10dfe4000080123cd065522601000624c000458ef4
:10dff4009522410f25204002258040001000428ccc
:10e00400000040acc4004296fcff4224ffff4230b3
:10e01400c40042a61000038e7020410f0c0062a4bd
:10e02400240002ae2000028e0431027c0800433436
:10e03400200003ae1000a48f0300839040006530dd
:10e044001700a050201c037c28004234200002ae9c
:10e0540006002012251000020000838c0400828c2c
:10e06400000023ae040022ae251000022c00bf8f56
:10e074002800b38f2400b28f2000b18f1c00b08f12
:10e084000800e0033000bd27d06542243801438cea
:10e0940001006324380143acb0ff0010f6ff0224f2
:10e0a400040063041800423448004234e8ff0010be
:10e0b400200002aee6ff0010200002aec8ff0010f0
:04e0c400000000aeaa
:020000040000fa
:020000041d01dc
:10e0c80068ffbd279400bfaf9000b6af8c00b5af16
:10e0d8008800b4af8400b3af8000b2af7c00b1afaa
:10e0e8007800b0af2014047c260040182588000072
:10e0f800ff0082300b00422c22004010ffff8424d6
:10e108002086047cc01010002110500080180200e6
:10e118000180023c7cd342248a11437c19004010c0
:10e128000180023cc01810002118700080180300fc
:10e138007cd3422421104300040051942000313242
:10e14800590020122598c0000180023cc018100018
:10e1580021187000801803007cd34224211043004a
:10e168000c00428c1c00528c110040160180023cad
:10e178007cd3502421800302ffff0224030002a263
:10e1880025880000251020029400bf8f9000b68fcc
:10e198008c00b58f8800b48f8400b38f8000b28f55
:10e1a8007c00b18f7800b08f0800e0039800bd278d
:10e1b8003300a0146400c22c180040142588000005
:10e1c800c010100021105000801002001c004224d2
:10e1d8000180163c7cd3d62621b0c202eb51143cf8
:10e1e8001f8594361900d40010a0000042a1140025
:10e1f80025a80000640006241000a52709f840029d
:10e208002520c002218822020100b526ffffb53271
:10e218002b10b402f7ff4014ffff3132eb51063cdc
:10e228001f85c6341900660210300000423106000e
:10e238004010060021104600c010020021304600a0
:10e248008030060023306602ffffc630cdffc010c5
:10e25800c020100021809000808010001c00102633
:10e268001000a5270180043c7cd3842409f84002cf
:10e278002120900021882202c2ff0010ffff3132c6
:10e28800c020100021809000808010001c00102603
:10e298000180043c7cd3842409f8400221209000aa
:10e2a800b8ff0010ffff5130c010100021105000bf
:10e2b800801002000180033c7cd3632421104300ba
:10e2c8000800428c4400438c090060140180023c21
:10e2d800c020100021809000802010007cd35024a2
:10e2e80021800402ffff0224a6ff0010030002a2ff
:10e2f800c020100021809000802010007cd3502482
:10e308002180040209f86000060004869dff0010c1
:04e318002588400014
:020000040000fa
:020000041d01dc
:10e31c005443502f495020537461636b3a20486525
:10e32c006170206372656174696f6e206661696cdf
:10e33c0065642c20747970653a2025640d0a000000
:10e34c005443502f495020537461636b3a204e65ef
:10e35c0074776f726b20636f6e6669677572617428
:10e36c00696f6e20616c6c6f636174696f6e20668f
:10e37c0061696c65643a20256c750d0a000000001b
:10e38c005443502f495020537461636b3a205061b1
:10e39c00636b657420696e697469616c697a617408
:10e3ac00696f6e206661696c65643a2030782578f7
:10e3bc000d0a00005443502f495020537461636b75
:10e3cc003a2044656661756c7420466c61736820f4
:10e3dc004e6574776f726b20636f6e6669677572ca
:10e3ec006174696f6e206c6f6164206661696c6525
:10e3fc006420257a750d0a005443502f4950205340
:10e40c007461636b3a204e6574776f726b20636f27
:10e41c006e66696775726174696f6e20696e697476
:10e42c0069616c697a6174696f6e206661696c658b
:10e43c00643a2025640d0a005443502f4950205350
:10e44c007461636b3a204e6574776f726b20636fe7
:10e45c006e66696775726174696f6e3a20416c699a
:10e46c0061736573206e6f7420737570706f727446
:10e47c0065643a2025640d0a000000005443502fb7
:10e48c00495020537461636b3a204e6574776f72f8
:10e49c006b20636f6e66696775726174696f6e3a33
:10e4ac0020696e76616c69642049502061646472e5
:10e4bc006573733a2030782538780d0a0000000017
:10e4cc002573257a750000005443502f4950205372
:10e4dc007461636b3a20506f776572204d6f646581
:10e4ec0020696e697469616c697a6174696f6e20f8
:10e4fc006661696c3a2025640d0a00005443502f64
:10e50c00495020537461636b3a2044796e616d6994
:10e51c0063206d656d6f7279206973206c6f773a2b
:10e52c0020256c750d0a00005443502f4950205380
:10e53c007461636b3a20496e697469616c697a61c4
:10e54c0074696f6e206661696c6564202564202d8a
:10e55c002041626f7274696e6721200d0a00000001
:020000040000fa
:020000041d01dc
:10e56c00c8ffbd273400bfaf3000b7af2c00b6af2b
:10e57c002800b5af2400b4af2000b3af1c00b2af7d
:10e58c001800b1af1400b0afd481828f640040107a
:10e59c00ffff172425a080002590a00025a8c0000f
:10e5ac0025b0e0000200a2300300401425980000c2
:10e5bc002598c00025a80000bc818293ff00423042
:10e5cc00fdff401000000000bc818293ff00423030
:10e5dc000a004010000000000d32410f0000000046
:10e5ec00bc81842700008390ffff6324ff0063300d
:10e5fc00000083a01432410f252040000600601655
:10e60c00d081918f1c06410f000000005e0040106d
:10e61c0025984000d081918f5b00201a00000000eb
:10e62c00d481828f0000448c0400422407008014a3
:10e63c00251800002518000009000010258860002e
:10e64c00fcff448c06008050258860000100632488
:10e65c00fbff7114040042244b00801400000000e6
:10e66c00cc81848f0800828c6000062409f840005d
:10e67c0001000524440040102580400020be117c80
:10e68c00120057a480881100d481828f21885100f8
:10e69c000d32410f000030aebc8183930100632426
:10e6ac00bc8183a31432410f252040002a0013a6fd
:10e6bc00280015a65c0014a203000224540002a634
:10e6cc00580002a63c00028e046b827e3c0002ae17
:10e6dc00800042321e00401001000324100000a6ee
:10e6ec003c00028e444a627c3c0002ae0001423285
:10e6fc0004004010010003243c00028ec45a627cca
:10e70c003c0002ae010052321400401201000324fe
:10e71c003c00028e1c004234c4bd627c3c0002ae44
:10e72c002510e0023400bf8f3000b78f2c00b68f5d
:10e73c002800b58f2400b48f2000b38f1c00b28f3b
:10e74c001800b18f1400b08f0800e0033800bd270b
:10e75c00c4818297e5ff0010100002a6010002247c
:10e76c00f0ff82162510e002eeffc0120100032418
:10e77c000000c28e140002ae3c00028e0442627c89
:10e78c00e7ff00103c0002ae0d32410fffff1724d3
:10e79c00bc81839301006324bc8183a31432410f99
:0ce7ac0025204000dfff00102510e002d7
:020000040000fa
:020000041d01dc
:10e7b800e0ffbd271c00bfaf1800b1af1400b0af19
:10e7c8002588a000422d410f2580c0002518400053
:10e7d80020006010251000001e0000121100242ed9
:10e7e8001c00801080881100029d053c04e8a524c7
:10e7f8000a28b17c0800a0000000000048e8019d3c
:10e8080070e8019d88e8019da0e8019db4e8019d9c
:10e81800c8e8019dd8e8019de8e8019df8e8019d58
:10e828000ce9019d1ce9019d88e9019d9ce9019d78
:10e83800ace9019dc0e9019dd4e9019de8e9019d8c
:10e848003c00628c040042388000427c000002a236
:10e85800010002241c00bf8f1800b18f1400b08f74
:10e868000800e0032000bd273c00628c0800423805
:10e87800c000427c000002a2f6ff00100100022442
:10e888003c00628c100042380001427c000002a269
:10e89800f0ff0010010002243c00628c03004230ab
:10e8a800000002aeebff0010010002243c00628c65
:10e8b8008002427c000002a2e6ff00100100022450
:10e8c80010006294000002a6e2ff0010010002247a
:10e8d80054006294000002a6deff0010010002242a
:10e8e80058006294000002a6daff0010010002241a
:10e8f8003e00629401004230000002a2d5ff0010e1
:10e90800010002245e006290000002a2d1ff001004
:10e91800010002243c00638c1c0062301c00423859
:10e928000100422c0005657c25204000020042348d
:10e938000a1085004005657c25204000040042340b
:10e948000a1085008005657c2520400008004234b7
:10e958000a1085008004657c2520400010004234a0
:10e968000a108500c004637c252040002000423442
:10e978000a108300000002aeb6ff00100100022456
:10e988003c00628c002e427c000002a2b1ff001005
:10e99800010002245f006290000002a2adff001097
:10e9a800010002243c00628c8007427c000002a225
:10e9b800a8ff0010010002243c00628c0005427c84
:10e9c800000002a2a3ff0010010002243c00628c98
:10e9d8004005427c000002a29eff001001000224b4
:10e9e8003c00628c27100200c2170200000002a23d
:08e9f80098ff00100100022449
:020000040000fa
:020000041d01dc
:10ea000020ffbd27dc00bfafd800b7afd400b6af42
:10ea1000d000b5afcc00b4afc800b3afc400b2af44
:10ea2000c000b1afbc00b0af25988000f800b48f33
:10ea3000fc00b58fec00a7a340b9c27cff00033ceb
:10ea4000ff00632424104300c01a060000ff043caa
:10ea500000ff8434241864002510430002142200af
:10ea60001400a2af1f00d6302bb0160042110600d2
:10ea700021b0c202010002241000a2a35700c01a54
:10ea8000010011242580a0002590c00025b80000b9
:10ea90007c00668e7800658eebe0400f1800a4279e
:10eaa0004e00401425884000010006241000a527d0
:10eab000a37b400f1800a4275f0040142588400066
:10eac0001000a293010042241000a2a30400062417
:10ead0001400a527a37b400f1800a427560040145c
:10eae00025884000ec00a393040002240600621075
:10eaf00001000624ec00a527a37b400f1800a427e3
:10eb00004d00401425884000f400a68ff000a58f2a
:10eb1000a37b400f1800a42747004014258840001d
:10eb2000090080129400a5270700a0122530a0023a
:10eb300025288002a37b400f1800a4273e00401424
:10eb4000258840009400a5275f63400f1800a42784
:10eb5000258840005c36410f1800a4271c002016b1
:10eb60002100422e2e0040149400a98f9800a88ff7
:10eb70009c00a78fa000a68fa400a58fa800a48f3b
:10eb8000ac00a38fb000a28f030009aa000009ba4d
:10eb9000070008aa040008ba0b0007aa080007ba71
:10eba0000f0006aa0c0006ba130005aa100005ba49
:10ebb000170004aa140004ba1b0003aa180003ba21
:10ebc0001f0002aa1c0002bae0ff522620001026f5
:10ebd0000100f726afffd7567c00668e9400a2276f
:10ebe000b400a327000040a001004224fdff43140d
:10ebf000dc00bf8f2b101100d800b78fd400b68f68
:10ec0000d000b58fcc00b48fc800b38fc400b28fd2
:10ec1000c000b18fbc00b08f0800e003e000bd274a
:10ec2000253040029400a527422c410f25200002e8
:10ec3000e8ff00100100f7265c36410f1800a427fa
:08ec4000e4ff00100100f726bb
:020000040000fa
:020000041d01dc
:10ec4800d0ffbd272c00bfaf2800b4af2400b3af5e
:10ec58002000b2af1c00b1af1800b0af25988000fb
:10ec68002590a0000200e22c140040101000a0af74
:10ec78000c00b18cfaff102406800534300042964f
:10ec88002138e200ffffe730300047a62530200298
:10ec9800f127410f25206002251000022c00bf8fac
:10eca8002800b48f2400b38f2000b28f1c00b18fce
:10ecb8001800b08f0800e0033000bd272580c00091
:10ecc8000000d18c059d053c20b9a5244d2c410f91
:10ecd8002520200239004054faff1024059d053ce8
:10ece80020d8a5244d2c410f0800048e360040146e
:10ecf8006480828f0b0040141000a5279400410ff8
:10ed08000000000006004014648082af34005126e1
:10ed1800f9ff10240a800534d8ff001002000724e8
:10ed28001000a5273312410f0c00048e0f00401469
:10ed380025a040000400058eb5d9400f6480848f5b
:10ed48000600401008800534090040a0252840002e
:10ed5800552a410f6480848f0b8005340400118e7e
:10ed680001001024c5ff0010020007240c00058ec6
:10ed78000000a38024000224290062140100a524b5
:10ed88001fe0400f6480848f1300401425884000e2
:10ed98000400118e0100312601001024088005347a
:10eda800b6ff0010020007240400118efaff102499
:10edb80007800534b1ff00100200072405800534e0
:10edc800aeff001002000724faff10240580053466
:10edd800aaff0010020007240400058e1fe0400f60
:10ede8006480848ff1ff40500400118e0800239244
:10edf800080043a00400238e040043ac1400252619
:10ee0800ba2d410f140044243000429602004224d7
:10ee1800ffff4230300042a69fff0010010010247f
:10ee28000400058e1fe0400f6480848fdeff4010d1
:10ee380025884000080034a20c00028e000044809f
:10ee48005c0003240500831424000324010044808b
:10ee580002008314010042240c0002ae0a000624ba
:10ee68000c00058ec42d410f140024260100022435
:10ee7800e5ff82161e0020a21000a28fe2ff0010fc
:04ee8800040022aeb2
:020000040000fa
:020000041d01dc
:10ee8c008e00801053ff0224d0ffbd272c00bfaf93
:10ee9c002800b5af2400b4af2000b3af1c00b2af54
:10eeac001800b1af1400b0af258080002590a000f1
:10eebc002588c0007800a0100a1006007000838c12
:10eecc00feff0224070062506000048e7edd400fbe
:10eedc0025380000f1fe0324700043142c00bf8f72
:10eeec006000048e4000832c6b0060107cff0224b9
:10eefc006400028e211822022b10620004004010c4
:10ef0c00640003ae6800028e01004224680002ae69
:10ef1c002700801020001326400015242310a40283
:10ef2c002ba022020b10340225a0400025304000fb
:10ef3c0025284002422c410f212064026000028ee1
:10ef4c0021108202600002ae219054021800551468
:10ef5c00238834022520600260000726ff00063c4f
:10ef6c00ff00c62400ff053c00ffa5340000838c85
:10ef7c000212030024104600001a03002418650036
:10ef8c002510430002142200000082ac04008424eb
:10ef9c00f7ff87540000838c25286002794d400fc1
:10efac00252000023d0040142c00bf8f600000aef5
:10efbc004000222e300040140000000025184002b2
:10efcc0025106002400048260300678800006798ff
:10efdc0007006688040066980b0065880800659831
:10efec000f0064880c006498030047a8000047b821
:10effc00070046a8040046b80b0045a8080045b811
:10f00c000f0044a80c0044b810006324eeff6814f1
:10f01c00100042242000042660000726ff00063c56
:10f02c00ff00c62400ff053c00ffa5340000838cc4
:10f03c000212030024104600001a03002418650075
:10f04c002510430002142200000082ac040084242a
:10f05c00f7ffe4540000838c25286002794d400fa3
:10f06c00252000020c004014c0ff31264000222e47
:10f07c00d2ff40104000522607002012251000003d
:10f08c002530200225284002422c410f2520600209
:10f09c00600011ae251000002c00bf8f2800b58f2a
:10f0ac002400b48f2000b38f1c00b28f1800b18fd6
:10f0bc001400b08f0800e0033000bd270800e00307
:04f0cc000000000040
:020000040000fa
:020000041d01dc
:10f0d000d0ffbd272c00bfaf2800b3af2400b2afd4
:10f0e0002000b1af1c00b0af1600839003000224d3
:10f0f00010006214258880001000848c42008394e4
:10f10000010063300400601001000224f2cf400fc0
:10f1100001000524010002242c00bf8f2800b38fba
:10f120002400b28f2000b18f1c00b08f0800e003d4
:10f130003000bd272881828f520040142590a00006
:10f14000f5ffa010680006240800848c188184afa5
:10f15000ffff0224248182a70800828c09f8400066
:10f160000000259625184000308182afeaff60102c
:10f170002510000005000624049d053c607ea524a2
:10f180009703410f0c0004241c8182af0180043cd2
:10f190001831410f70e28424259840000400429603
:10f1a000228182a706004596208185a702010724b7
:10f1b00025300000e212410f0100042425804000a8
:10f1c000ffff0224210002121000a62705000524db
:10f1d000ee79400f252000021000a2970002422c79
:10f1e00008004010000202241000a2a7000206241a
:10f1f00005000524fc49400f252000023e00401078
:10f2000000000000253800002281869701000524b7
:10f21000fa82400f25200002370040102530000000
:10f2200002000524fc49400f25200002253800007b
:10f23000059d063c30a1c624000105245a0f410f4c
:10f24000252000022c00401000000000248190a71f
:10f250001c81828f06004010000000000400601234
:10f2600000000000ffff0224050002560000229665
:10f270009be7400f00000000a7ff001025100000d2
:10f280002c8182af1400239640100300211043000c
:10f290008010020021104300c01002003081838fd3
:10f2a00021106200600040a0020043960a0004247e
:10f2b0000a188300580043a402000324560043a404
:10f2c000e80303245a0043a41000248e42008294d1
:10f2d00001004230040040502881828ff2cf400f5d
:10f2e000010005242881828f01004224288182aff9
:10f2f00089ff00100100022465f8400f252000025c
:08f30000d2ff0010ffff1024f2
:020000040000fa
:020000041d01dc
:10f30800d0ffbd272c00bfaf2800b6af2400b5af93
:10f318002000b4af1c00b3af1800b2af1400b1aff7
:10f328001000b0af2580800025a0a0000000928cbe
:10f33800ff001124ff00152404001624059d133c2a
:10f348001c00058e0500a014000000006100c0121a
:10f358002510c0025f0000101c0000ae700d410fa8
:10f36800252040026b00401425b040002000048e88
:10f37800000083906d006010e50005240b0082906a
:10f388003f0042305d006510060002a22e000524f1
:10f3980062006510252840004429057c0800a5382e
:10f3a8000100a52c5f00b4140f000524410045148a
:10f3b8004000623037004010000000000d009190be
:10f3c800bf0063301400028e300002ae0d00829040
:10f3d8004b005114ff0015241b00829000120200fc
:10f3e8001a0085902510450030004014a8d46626e0
:10f3f8000c00478e000085908431057cffffa52412
:10f408004010050021104500801002002110450021
:10f418000d00cb2401000924ffff0a340000c89026
:10f428002140880001000591002a0500000008918c
:10f438001c0020112528a8000001482c1b000011e1
:10f44800404002002140e800000005a52548a00032
:10f45800010042240100c624f1ffcb540000c890eb
:10f46800000084904000843008008050ffff63242f
:10f47800050020110001442c0c00801040100200ef
:10f488002110e200000040a4ffff63241c000010cc
:10f49800ff007530ceffa3520d00829018000010b7
:10f4a800ff001524ecffaa100100c6241400001068
:10f4b800ff0015240500a016ffff0224f12a410fc2
:10f4c8000000000002005110ffff0224300002aecd
:10f4d8002510c0022c00bf8f2800b68f2400b58fde
:10f4e8002000b48f1c00b38f1800b28f1400b18fa6
:10f4f8001000b08f0800e0033000bd27ff0015247e
:10f50800252800007da8400f252000028cff401010
:10f5180025b04000eeff00101c0000aef8ff001000
:10f52800ff001524f6ff0010ff001524f9ff001056
:04f538000400162491
:020000040000fa
:020000041d01dc
:10f53c00e0ffbd271c00bfaf1800b1af1400b0af87
:10f54c008080828f0a004014010003245c008294a6
:10f55c000421627c5c0082a40f0002241c00bf8f7b
:10f56c001800b18f1400b08f0800e0032000bd27f5
:10f57c002588a0002580800025380000253000005b
:10f58c00c02c410f0a000524ffff03341e00431456
:10f59c0000000000a81c410f46000486090040141e
:10f5ac0005000224400002a65c0002960100032420
:10f5bc000421627cc418627c5c0002a6e7ff001088
:10f5cc00090002247020410f000000000400038e8b
:10f5dc002310430008004018010003245c0002962d
:10f5ec000421627c5c0002a604000224600002a6d6
:10f5fc00daff00100f00022401000224000022a2f6
:10f60c00d6ff0010010002245122410f000000001f
:10f61c007020410f258840004018110021207100f6
:10f62c00001904002318640021106200040002aecb
:10f63c00253800002530000020000524c02c410f87
:10f64c0025200002253040000600422c01004050cd
:10f65c00050006240100c624ffffc6301800058ee5
:10f66c003278400f460004861800118e03000624e1
:10f67c00059d053c28d6a5244627410f25202002b0
:10f68c001c00401404000624400000a6253800008d
:10f69c002530000020000524c02c410f252000023d
:10f6ac002588400025384000253000003f00052407
:10f6bc00c02c410f252000022b3051000a102602cd
:10f6cc00ffff4630ba808297f5ff42242b1046008c
:10f6dc00180040100100032405000224400002a67b
:10f6ec005c000296c418627c5c0002a69bff0010b2
:10f6fc0005000224059d053c2cd6a5244627410f68
:10f70c0025202002040040140700022401000224da
:10f71c00deff0010400002a6400002a65c0002962c
:10f72c0001000324c418627c5c0002a68bff00104d
:10f73c00050002241800058e3278400f460004861e
:10f74c001800038e21106200000040a028ca400f50
:0cf75c001800048e81ff0010020002243f
:020000040000fa
:020000041d01dc
:10f76800c0ffbd273c00bfaf3800b1af3400b0af19
:10f77800258080000300c0142510c000ff7f023cd4
:10f78800ffff42341f00a3270418037c000075bc48
:10f798000f0000000020063c25186600080060ac39
:10f7a8000c0060ac0000a68c7400c0105000118ed4
:10f7b8005e00401080010d240100ec300100092496
:10f7c8000200e73004000b241801088e0800048d9d
:10f7d8000c000a8d3b008a5400008a8c080000ad9a
:10f7e800440080100c0000ad2540c00000e0ca7c39
:10f7f80008008aac0400801104008dac04008a8cd7
:10f80800444a2a7d04008aac0500e05042470800bb
:10f8180004008a8c04632a7d04008aac42470800ed
:10f828002a000b15000000000400868c8452267df7
:10f83800040086ac000080ac140080ac0c00668c20
:10f848002600c0540000c4ac080064ac0c0064acd2
:10f858000400a5240000a68c0500c0500800648c94
:10f86800ffff4224d9ff40541801088e0800648c19
:10f878002e008010251000000100072425306000ac
:10f888001c01058e4aa4400f25200002e435410fd3
:10f898002520200207004014000000001c01028ef1
:10f8a8000800458c0400a52400e0a57c8c33410f9a
:10f8b800252020026a34410f252020021b00001059
:10f8c80025100000c8ff001008000aaddaffc204c6
:10f8d800000080ac08000010feff07240c00688cb4
:10f8e8000400862400e0c67c140006add8ff001092
:10f8f8000c0064ac03000724ddffc0500800648cd2
:10f90800dbff40500800648c1801048e0800628cec
:10f918000c00658c100045540000458c080060ac54
:10f928000e0040140c0060ac2510e0003c00bf8fb6
:10f938003800b18f3400b08f0800e0034000bd27c5
:10f948000c00868c0400452400e0a57c1400c5ac9e
:10f95800eeff00100c0082ac080065ac000040ac63
:10f96800140040ac0c00858cf5ffa0540000a2ac3c
:10f97800080082ace5ff00100c0082acebff001021
:04f988002510000046
:020000040000fa
:020000041d01dc
:10f98c00d0ffbd272c00bfaf2800b4af2400b3af0d
:10f99c002000b2af1c00b1af1800b0af25888000ba
:10f9ac002580a00025a0c000259800000700c010ed
:10f9bc0025900000070006246700a524c42d410fe4
:10f9cc001000a4275400138e5800129670000624c1
:10f9dc0025280000b02d410f252000020800248ea0
:10f9ec00670080503c0000a28fc8400f3c000526e9
:10f9fc0018000526e185400f0c00248e1c000526fe
:10fa0c00e185400f1000248e20000526e185400f73
:10fa1c001400248e24000526e185400f1800248e46
:10fa2c0028000526e185400f1c00248e2800228e1c
:10fa3c00440002ae3c00401001000324000043943b
:10fa4c00020003a602004290650002a2ffff4224be
:10fa5c00ff0042300400422c33004010010003240c
:10fa6c002c0004260400228e0300478800004798cf
:10fa7c0007004688040046980b0045880800459806
:10fa8c000f0043880c004398030087a8000087b838
:10fa9c00070086a8040086b80b0085a8080085b866
:10faac000f0083a822ef400f0c0083b82400228e95
:10fabc00480002a642000296010003240463627c03
:10facc00420002a62400258e9d2a410f252000020b
:10fadc00040040542400028ece1f410f252000024a
:10faec002400028e100002ae2800028e140002ae1a
:10fafc0042000296010003244429627c420002a6c3
:10fb0c002400258e6628410f252000020600401493
:10fb1c00251800004200029601000324c418627ce0
:10fb2c00420002a6251800000c0080126700022675
:10fb3c001000a48f6a0004aa000044b81400a49317
:10fb4c00040044a01500a493050044a01600a4933f
:10fb5c00060044a0540013ae580012a601006238ef
:10fb6c002c00bf8f2800b48f2400b38f2000b28fdd
:10fb7c001c00b18f1800b08f0800e0033000bd27c7
:10fb8c003d0000a23e0000a23f0000a2400000a2e7
:08fb9c0097ff0010410000a2d8
:020000040000fa
:020000041d01dc
:10fba400d0ffbd272c00bfaf2800b6af2400b5afef
:10fbb4002000b4af1c00b3af1800b2af1400b1af53
:10fbc4001000b0af258080002590a000421f0500e2
:10fbd400040002246200621425a0c0000f00a230b9
:10fbe4005f004010408a0700240020120100022414
:10fbf40025a8800040990400219864020011130094
:10fc040000a0133c403773262198620200a0163ce2
:10fc14000102222e230040102530200240b11000a2
:10fc24002110d0020011020000a0153c4037b52677
:10fc34002110550002000324000243acffff0324fb
:10fc4400040243ac25284002422c410f25206002c7
:10fc5400423a11002530600225288002a965400f30
:10fc64002520000221b0d00200b1160021b0b60256
:10fc74000402c2ae9ce9400f252000022c00bf8f75
:10fc84002800b68f2400b58f2000b48f1c00b38fda
:10fc94001800b28f1400b18f1000b08f0800e00379
:10fca4003000bd274011150021105500001102003d
:10fcb4004037c3262110430002000324000243ac52
:10fcc400ffff0324040243ac251040022518600200
:10fcd400000248260300478800004798070046882a
:10fce400040046980b004588080045980f00448896
:10fcf4000c004498000067ac040066ac080065acd6
:10fd04000c0064ac10004224f2ff48141000632479
:10fd1400010007242530600225288002a965400fd0
:10fd2400252000024037c42640191500211875000b
:10fd34000019030021188300040262ac9ce9400fff
:10fd440025200002cdff401400fe31260002522679
:10fd5400afff201601009426c8ff001025102002d2
:10fd640040991000211070020011020000a0113c03
:10fd7400403731262110510002000324000243ac15
:10fd8400ffff0324040243ac2530400225288002ef
:10fd9400a965400f252000022198700200991300e4
:10fda40021983302040262ae9ce9400f2520000230
:08fdb400b3ff00102c00bf8f0b
:020000040000fa
:020000041d01dc
:10fdbc0082008010251000008000a01000000000c0
:10fdcc00e0ffbd271c00bfaf1800b2af1400b1afed
:10fddc001000b0af48008290ff004230fdff401091
:10fdec002588a0002580800048008290ff004230ca
:10fdfc000a004010f0ff24260d32410f00000000d5
:10fe0c0048000392ffff6324ff006330480003a205
:10fe1c001432410f25204000f0ff24262400038ecd
:10fe2c000f006014f4ff328ef0ff20ae280004aef9
:10fe3c00240004ae3000028e231052000d32410f0c
:10fe4c00300002ae4800039201006324480003a274
:10fe5c001432410f252040005200001000111200f6
:10fe6c002b10830010004010001112002110820092
:10fe7c000b006254f0ff23ae0400628c2110520080
:10fe8c00f4ff22ae2400028e0000428cf0ff22ae62
:10fe9c002800038e2400028e01006250280004ae5c
:10feac00e4ff0010240004ae2800028e2b2844002e
:10febc000d00a0502b1064000400438c002903009b
:10fecc00212845000300851421187200d9ff001069
:10fedc00040043ac000044acf0ff20aed5ff001092
:10feec00280004ae2b106400240040500000638cea
:10fefc000000628c2b2882001f00a0100029120029
:10ff0c00212885000b004554f0ff22ae0400428ce2
:10ff1c0021105200f4ff22ae0000628c0000428cd3
:10ff2c00f0ff22ae2800058e0000628c0100a2506a
:10ff3c00280004ae0400668c002906002128650008
:10ff4c00bcff8554000064acf4ff228e21104600e7
:10ff5c00040062acf0ff228e000062ac2800028e1e
:10ff6c00b4ff4450280003aeb3ff00103000028ee3
:10ff7c00b0ff0010000064ac0000638cd9ff60146b
:10ff8c00f8ff02240d32410f380002ae48000392f4
:10ff9c0001006324480003a21432410f25204000c5
:10ffac00251000001c00bf8f1800b28f1400b18ff9
:10ffbc001000b08f0800e0032000bd270800e0030c
:04ffcc000000000031
:020000040000fa
:020000041d01dc
:10ffd000d8ffbd272400bfaf2000b4af1c00b3afd3
:10ffe0001800b2af1400b1af1000b0af25a0800070
:10fff0002598a0000c00a0140000918c1000328ef7
:020000041d02db
:1000000075004012010003241c00228e2b104202b6
:100010000a9062001400228e630040102580400286
:100020002500001001001026e9ac400f0000000080
:100030000200432c64006014ffff03245b004310a4
:100040002400bf8f1c00238e2b20430058008054b7
:100050002000b48f1400228e53004010010070263f
:100060002b180302020002240a8043002528000204
:10007000e9ac400f25208002010003244a00431010
:10008000ffff0324490043102400bf8f20004010cd
:10009000000000001000328e0200422e0400405486
:1000a000259060021c00228e2b1042020a906202f0
:1000b00025804002010010261c00228e2b10020217
:1000c000030040140200422e41004014020010249c
:1000d00025280002e9ac400f2520800216004014bc
:1000e00001000324ffff0624252800027783400f28
:1000f000252020021800401001004238ffff042490
:10010000010003240a188200270000102510600057
:10011000e7ff001225906002ffff06242528000259
:100120007783400f252020020d0040100100423847
:10013000f3ff0010ffff04241b004310ffff032404
:100140001a0043502400bf8fdaff1216251000005a
:10015000160000102400bf8f08006052100030ae5f
:1001600025300002252860027783400f25202002d9
:10017000e2ff401401004238100030ae1400238e1c
:100180001c00228efeff42242b104300020040146c
:10019000ffff6324140023ae0500229201004234c5
:1001a000050022a2251000022400bf8f2000b48f7a
:1001b0001c00b38f1800b28f1400b18f1000b08fe5
:1001c0000800e0032800bd27f7ff0010010002240b
:1001d000f5ff0010251000008eff00100100122412
:020000040000fa
:020000041d02db
:1001e000d0ffbd272c00bfaf2800b5af2400b4afaf
:1001f0002000b3af1c00b2af1800b1af1400b0af15
:10020000258080001800948c392b410f2520800216
:10021000ffff5130ffff5230ffff53268a19937eb4
:100220002f0002243a0062107480848f0000828cb8
:100230002530000009f8400001008526ffff032457
:1002400037004314140002ae1800028e8a99537cc2
:100250002f000324040063122110520001003126f4
:10026000ffff3132000043a0ba8086971800048e49
:100270002330d100059d053c10d6a524c42d410f87
:10028000212091007480848f1800058e0000828cdc
:100290002530000009f840000100a524ffff0324d9
:1002a0001f004314140002ae1800068e0100c6247d
:1002b000ffff0524f127410f25200002040002243e
:1002c000400002a65c00029601000324c418627c70
:1002d0005c0002a6050002242c00bf8f2800b58f09
:1002e0002400b48f2000b38f1c00b28f1800b18f90
:1002f0001400b08f0800e0033000bd270d00022479
:100300002f000010440002a636000010510000a289
:100310001400038effff0224d4ff6210ba80869778
:100320001800068e0100c62407000524f127410f9e
:10033000252000021800118e01003126392b410fb3
:10034000252020020101422c040040142530200207
:10035000fdff0524f127410f25200002620014262d
:100360001800058eff0006240100a524c42d410fae
:1003700025208002610100a22e0005245427410f90
:1003800025208002ddff401025900000010053244d
:10039000059d113cc8a031260d0015240000258eb6
:1003a0004d2c410f2520600205004050440012a64c
:1003b00001005226f9ff551604003126440012a60a
:1003c0008080868f0700c050510000a20800c28cb8
:1003d000cdff40102528800209f8400025200002aa
:0c03e000510002a2bcff00100400022427
:020000040000fa
:020000041d02db
:1003ec00d8febd272401bfaf2001b1af1c01b0afb7
:1003fc00258080002588a0001000a0af02010624f3
:10040c0025280000b02d410f1400a4271400a627a6
:10041c001000a5275d9b400f252000020a0040100c
:10042c00ffff03241000a38f0400648c020002243d
:10043c000c0082541c8284930900201207000224b1
:10044c00188282afffff0324251060002401bf8fa8
:10045c002001b18f1c01b08f0800e0032801bd27db
:10046c001c828493010002240400821007000224e1
:10047c00188282aff4ff0010ffff03240080023cbf
:10048c009c674290500040100080053cac68a5244d
:10049c0001000424180002240000a8902f0000156d
:1004ac00ffff8630008104002180040200811000cf
:1004bc000080023c9c6742242180500001000824eb
:1004cc00000008a2040003ae1800c22c2800401043
:1004dc001c8288a31600a5932f0004240200a410ec
:1004ec001700a2271600a227000044900a008010d3
:1004fc00100004a20100442411000526ff00422430
:10050c00000086900000a6a00300c0100100842407
:10051c00fbff44140100a524120064900100022486
:10052c001700821407000224120060a0188280af0a
:10053c000800628c0800428c15004014ff00263223
:10054c0017000224188282af120062241b00401094
:10055c00ffff022416000010010004240100842473
:10056c00cdff82141001a524010002241c8282a359
:10057c0012000224188282afb3ff0010ffff032485
:10058c00188282af000000a2afff0010ffff03240f
:10059c001400a52709f8400008000426188282af31
:1005ac001000a38f120064240200801001000424a8
:1005bc00120064a0a4ff401025180002000000a245
:1005cc00a1ff0010ffff03240080103c0100022457
:1005dc009c6702a29c671026040003aebdff0010ae
:0405ec001c8282a348
:020000040000fa
:020000041d02db
:1005f0000400a88cb0ffbd274400b7af3800b4afeb
:100600002c00b1af4c00bfaf4800beaf4000b6af4a
:100610003c00b5af3400b3af3000b2af2800b0af8c
:1006200025b880002588a0004c0000050000b48c8f
:100630004408147c08003e8e10008a320000d28ce0
:100640000400d68c0400401125a8c00325105602d2
:1006500001004054feffd5270800893201002055d3
:10066000ffffb5261000308e0c00338e2528a00227
:10067000ffff102621107002000040a00200022a95
:100680000b00401425105602360040140f00433270
:1006900023101501211045003300401c0a00642876
:1006a0000300a018020082322f0040140000000056
:1006b0000b004011000000000000c28c0400c38c3d
:1006c000251043000600401021107002feff102686
:1006d000ffff47a03000032421107002000043a058
:1006e0000400201120000324ffff102621107002b7
:1006f000000043a01000268e1000b4af2538c003c0
:10070000ffffc6242330d0002128700279ce400f8d
:100710002520e0020400e38e000163300400601035
:100720004c00bf8f0400238e2a2043000b1064006e
:100730004800be8f4400b78f4000b68f3c00b58f95
:100740003800b48f3400b38f3000b28f2c00b18fdb
:100750002800b08f0800e0035000bd27b5ff00104f
:10076000010008240a006428020080105700622457
:1007700030006224bfffe3241a00632c13006010d2
:10078000200043349fff63241a00632c1000605044
:10079000ffff1026252040005c00a7af5800a6af41
:1007a0002400a8af2000a5af1c00a9af3732410f2d
:1007b0001800aaaf5c00a78f5800a68f2400a88f4e
:1007c0002000a58f1c00a98f1800aa8fffff1026fc
:1007d00021187002000062a002911200001716009a
:1007e000ffffa52425905200a4ff001002b11600bf
:020000040000fa
:020000041d02db
:1007f000a8febd275401bfaf5001b5af4c01b4af47
:100800004801b3af4401b2af4001b1af3c01b0af5a
:10081000259080002580c000ffff02241100a21453
:100820001000a0af6d0e0724059d063cf8cec6242f
:10083000059d053c2ca0a524d1fe400f25200000dd
:10084000ffff02241000a2afffff0524feff1124ca
:1008500025300002f127410f2520400257000010eb
:10086000251020022598a0003c00838ca480828f54
:100870002b1062000e00401425a0e000f9ff0224b6
:100880001000a2afffff11247480848f1400828cab
:1008900009f84000252860022530000208000524e0
:1008a000f127410f25204002410000101000a58fc4
:1008b00028001124080002241400c0100b884700ef
:1008c0002001062425280000b02d410f1400a42784
:1008d0007480848f0400828c1400a62709f84000dd
:1008e00025280002040040141c00a39301000224e8
:1008f000070062107480848f7200410f252000026f
:1009000025182002400031360a8862007480848fe6
:100910001c00828c09f840002528600225a84000b0
:10092000010042240200422c04004010fcff02247b
:100930001000a2afd4ff0010feff11241000a72763
:100940000100862e252820025c98400f25204002b9
:1009500006004014258840001000a28f13004104b7
:1009600002001124c8ff0010fbff11240100805673
:100970000400828e040022ae100035ae1800001272
:100980000c0033ae2f0005245427410f2520000210
:1009900001004524190006240a280202c42d410f33
:1009a000340024264d0020a2258800001000a58fc9
:1009b000a8ffa01425300002251020025401bf8f8b
:1009c0005001b58f4c01b48f4801b38f4401b28ff1
:1009d0004001b18f3c01b08f0800e0035801bd27f2
:0c09e000340020a2f1ff00102588000068
:020000040000fa
:020000041d02db
:1009ec00b8ffbd274400bfaf4000beaf3c00b7af5f
:1009fc003800b6af3400b5af3000b4af2c00b3af95
:100a0c002800b2af2400b1af2000b0af2598800011
:100a1c002590a0005000a6af25f0e0001000a0af7c
:100a2c001400a0af1800a0af1c00a0af0180103cb8
:100a3c00010b410f70e2042670e2118e120020129d
:100a4c00059d163c059d143c059d153c059d173ccc
:100a5c001000228e040040500400228e08005354d3
:100a6c000000318e0400228e160040102528400212
:100a7c000c00268e09f84000252060020000318e03
:100a8c00f4ff20561000228e0180043cf91a410f0d
:100a9c0070e284244400bf8f4000be8f3c00b78faf
:100aac003800b68f3400b58f3000b48f2c00b38f64
:100abc002800b28f2400b18f2000b08f0800e00313
:100acc004800bd270800228e3d0040101000a28f68
:100adc00340040540800228e3081908fff33410f38
:100aec0025206002401802002118620080180300c3
:100afc0021186200c01803001c36410f218003022c
:100b0c001000a2afffff4226ff0043300e00622c04
:100b1c00160040149b08072484cfe626f4a88526eb
:100b2c00d1fe400f252000003400028e1400a2af2d
:100b3c00251840024408037c0100022408006210be
:100b4c0005000224060042120a000224050042128b
:100b5c00ffff02243000028e110040541800a2af97
:100b6c00ffff02240e0000101800a2aff8d3a2263b
:100b7c008a11437cffff43240200632c04006010a5
:100b8c00010003244800038e1c00a3af01000324c2
:100b9c00e5ff43145000a28f1400a2af1800beafa3
:100bac000800228e0c00278e1000a6272528400254
:100bbc0009f8400025206002b1ff00100000318ec2
:100bcc00a20b072498cfc626f4a88526d1fe400f89
:0c0bdc0025200000aaff00100000318e50
:020000040000fa
:020000041d02db
:100be800d0ffbd272c00bfaf2800b6af2400b5af9b
:100bf8002000b4af1c00b3af1800b2af1400b1afff
:100c08001000b0af25a0a0002588c000422d410fdc
:100c18002590e00025804000060000122510000005
:100c28000e0080165c001592259000001f00a0128f
:100c3800259800002c00bf8f2800b68f2400b58fa0
:100c48002000b48f1c00b38f1800b28f1400b18f2e
:100c58001000b08f0800e0033000bd27ffff842696
:100c68000200842cf3ff8010251000000300a0125e
:100c780000000000f0ffb4162c00bf8f41004012a6
:100c88000100022409008216259800000000428e07
:100c980006004010252800002d1d410f2520400288
:100ca80025984000e3ff601225100000bc81829364
:100cb800ff004230fdff401000000000bc8182931d
:100cc800ff0042300a004010000000000d32410fc2
:100cd80000000000bc81842700008390ffff63248c
:100ce800ff006330000083a01432410f252040002c
:100cf800280020562a0002962a0011962c00201659
:100d0800000000001c06410f00000000258840007c
:100d18000100562c0d32410f00000000bc81839366
:100d280001006324bc8183a31432410f25204000b5
:100d3800c0ffc016251000003c00028e448c027cc7
:100d48003c0002ae5c0014a2253040022528600257
:100d58003f0f410f25200002040040522a0011a62f
:100d6800030040505c0015a22a0011a601000224cd
:100d78003c00038e01000424448c837cadff0010ea
:100d88003c0003aec9ff001025984002c7ff0010c1
:100d9800259800000600511000000000f21f410fc6
:100da8002520200201004238daff0010ff005630eb
:100db8000d32410f00000000bc81839301006324c1
:100dc800bc8183a31432410f25204000dbff0010b3
:040dd8003c00028e4b
:020000040000fa
:020000041d02db
:100ddc00d0ffbd272c00bfaf2800b6af2400b5afa5
:100dec002000b4af1c00b3af1800b2af1400b1af09
:100dfc001000b0af0200a22c2f00401402001324ec
:100e0c001c00828c2b10a2002b0040102590c000df
:100e1c002588a000000082900200032441004310aa
:100e2c0025808000030003244e004310010003249e
:100e3c002100431442a0050021a08502422a14007f
:100e4c002800828c700d410f2128a2001a0040143a
:100e5c00259840003800162601009526ff01943293
:100e6c00010031321f00201221a0d4020000829216
:100e7c000f0043300011120025104300000082a225
:100e8c0001000224040002a2422a15002800028e4e
:100e9c002128a200700d410f2520000245004014ae
:100eac00ff01b53221b0d5020039527e0000d2a22a
:100ebc0001000224040002a2251060022c00bf8f46
:100ecc002800b68f2400b58f2000b48f1c00b38f80
:100edc001800b28f1400b18f1000b08f0800e0031f
:100eec003000bd27000092a201000224040002a2df
:100efc00422a15002800028e2128a200700d410ff5
:100f0c00252000022d004014ff01b53221b0d5027e
:100f1c000000c6920418067c001a527ee3ff0010f3
:100f2c002590d200022a05002800828c700d410ffa
:100f3c002128a200e0ff401425984000380002262a
:100f4c0040881100fe01313221885100000032a28c
:100f5c00003a527e010032a201000224d6ff00109a
:100f6c00040002a2c22905002800828c700d410fda
:100f7c002128a200d0ff40142598400000d8527eb2
:100f8c003800022680881100fc0131322188510082
:100f9c00002c410f2520200204d8027c2528520069
:100fac00d92f410f2520200201000224c2ff00107e
:100fbc00040002a2c0ff001025984000beff0010e4
:040fcc002598400024
:020000040000fa
:020000041d02db
:100fd00061001a03e0001703f8000703ff00010097
:100fe00078010001300132010601390110014a0186
:100ff0002e017901060180014d0043028101820129
:1010000082018401840186018701870189018a01a7
:101010008b018b018d018e018f0190019101910156
:1010200093019401f60196019701980198013d0200
:101030009b019c019d0120029f01a001a001a20132
:10104000a201a401a401a601a701a701a901aa0167
:10105000ab01ac01ac01ae01af01af01b101b20116
:10106000b301b301b501b501b701b801b801ba01c7
:10107000bb01bc01bc01be01f701c001c101c2013d
:10108000c301c401c501c401c701c801c701ca0128
:10109000cb01ca01cd011001dd0101008e01de018d
:1010a0001201f3010300f101f401f401f801280138
:1010b000220212013a020900652c3b023b023d026a
:1010c000662c3f0240024102410246020a015302dd
:1010d000400081018601550289018a0158028f0171
:1010e0005a0290015c025d025e025f02930161029e
:1010f000620294016402650266026702970196012a
:101100006a02622c6c026d026e029c017002710216
:101110009d01730274029f017602770278027902c0
:101120007a027b027c02642c7e027f02a60181028d
:101130008202a9018402850286028702ae0144026e
:10114000b101b20145028d028e028f02900291021e
:10115000b7017b030300fd03fe03ff03ac030400a0
:101160008603880389038a03b1031103c2030200c3
:10117000a303a303c4030803cc0303008c038e035f
:101180008f03d8031801f2030a00f903f303f403f1
:10119000f503f603f703f703f903fa03fa03300440
:1011a000200350041007600422018a043601c104a0
:1011b0000e01cf040100c004d004440161052604df
:0411c000000000002b
:020000040000fa
:020000041d02db
:1011c400d0ffbd272c00bfaf2800b6af2400b5afb9
:1011d4002000b4af1c00b3af1800b2af1400b1af1d
:1011e4001000b0af259880002580a00025a0c00085
:1011f400421f0500040002246600621425a8e000d2
:101204000f00a230630040102588a0000300e22ce8
:1012140028004050408904005300e01001001224cb
:1012240040810400218004020011100000a0103c41
:10123400403710262180020221a8e600010007247d
:101244002530800225280002750b410f25206002fd
:101254004500401425904000251800022510200266
:10126400000208260000678c0400668c0800658c68
:101274000c00648c030047a8000047b8070046a888
:10128400040046b80b0045a8080045b80f0044a860
:101294000c0044b810006324f2ff681410004224c8
:1012a40001009426e5ff9516000231262f00001058
:1012b40025104002218824020011110000a0113cd5
:1012c400403731262188220201000724750b410f83
:1012d40025282002240040142590400025b0000257
:1012e4000440167c0002d626ffffa72601008626ae
:1012f4002528c002750b410f252060021a004014f6
:10130400259040007f00063cffffc6342130a60232
:10131400403206002528c0028311410f0002042632
:101324002510200225280002000231260000478ce7
:101334000400468c0800448c0c00438c0300a7a8ce
:101344000000a7b80700a6a80400a6b80b00a4a82c
:101354000800a4b80f00a3a80c00a3b810004224ee
:10136400f2ff51141000a524251040022c00bf8f59
:101374002800b68f2400b58f2000b48f1c00b38fd3
:101384001800b28f1400b18f1000b08f0800e00372
:101394003000bd272538a002253080022528000210
:1013a400750b410f25206002efff001025904000cf
:020000040000fa
:020000041d02db
:1013b400e0ffbd271c00bfaf1800b2af1400b1afef
:1013c4001000b0af259080002588a000de2c410fce
:1013d4002580c00025184000220060102510000060
:1013e4000d00222e6a00401080881100029d053ce9
:1013f4000414a5240a28b17c0800a0000000000001
:101404003814029d8014029dd014029dfc14029d88
:101414009415029d9415029d2815029d9415029d14
:101424004015029d5415029d7015029d7c15029d68
:101434008815029d0b000012251000000000049284
:10144400010084388400628c04a5827c840062ac30
:10145400010004920100843844ad827c840062acb3
:10146400010002241c00bf8f1800b28f1400b18f3a
:101474001000b08f0800e0032000bd27f9ff001220
:1014840025100000000004928400628c8473827c26
:10149400840062ac00404430f2ff8010010002245a
:1014a400730060a002000296102704240a10820030
:1014b4006c0062a404000292060004240a10820054
:1014c400800062a0e7ff0010010002240100033c39
:1014d4002b180302e3ff60102510000024000724ea
:1014e40025300000ffff0532cb48400f2520400285
:1014f400ddff00101c00bf8f0100033c2b1803020a
:10150400d8ff60102510000018000724ffff0632e2
:1015140025280000cb48400f25204002d2ff0010b0
:101524001c00bf8f2b8010008400628c44ce027e8e
:10153400840062accbff0010010002248400628ca2
:10154400046b027e840062acc6ff0010010002241a
:10155400ffff10322b8010008400628cc47b027e5b
:10156400840062acbfff001001000224810070a05f
:10157400bcff001001000224820070a0b9ff00101b
:1015840001000224880070a0b6ff001001000224ac
:08159400b4ff00102510000057
:020000040000fa
:020000041d02db
:10159c000200022486bf033c300062ac0306032425
:1015ac0086bf043c140083ac86bf043c040083acaf
:1015bc0086bf033c00800434680064ac0001032443
:1015cc0086bf043c300183ac86bf043c140183ac61
:1015dc0086bf033cdcff0434040164ac04400324e8
:1015ec0086bf043c300283ac86bf043c140283ac3f
:1015fc001c00042486bf033c040264ac08000624cf
:10160c0086bf033c580266ac86bf033c00500524e1
:10161c00300365ac0070032486bf053c1403a3acf7
:10162c0086bf053c00c007340403a7ac86bf053c4d
:10163c00000207246803a7ac86bf053c3004a0acad
:10164c0086bf053c1404a4ac86bf043c10030524df
:10165c00040485ac86bf043c00200524040585ac3d
:10166c0086bf043c300680ac86bf043c140683acb9
:10167c0086bf033cc0030424040664ac80bf033c57
:10168c00300060ac99aa043c55668424300064acec
:10169c006655043caa998434300064ac80bf043c89
:1016ac000000858c446b057c000085ac0a00052489
:1016bc0080bf073ca814e5ac80bf073c0d00082494
:1016cc009014e8ac80bf073c4414e6ac80bf063ce9
:1016dc00070007244c14c7ac0500062480bf073c48
:1016ec008014e6ac0600082480bf073ccc14e8aca0
:1016fc0080bf073cd814e2ac80bf073c6814e2ac56
:10170c0080bf073c030009249c14e9ac04000724a7
:10171c0080bf093c701427ad80bf093c9c1628add6
:10172c0080bf083c241607ad80bf073c5c15e2acbb
:10173c0080bf073c090008246415e8ac80bf073c57
:10174c007c15e5ac0100052480bf073c5416e5acc4
:10175c0080bf073ccc15e6ac80bf063cd415c2acb0
:10176c000000828c446ba27c000082ac300060ac28
:08177c000800e003000000007a
:020000040000fa
:020000041d02db
:101784000100a0540000a0ac7200801025100000dd
:10179400000083806f00601003000b24f8ffbd2756
:1017a40025180000253000002e000a240200083c01
:1017b400060508252548000000008c901c008015b3
:1017c4000400c72c030004241700c41425100000cf
:1017d4000200043c060584242b20640012008010bf
:1017e400003c647c4010040021104400c01002003e
:1017f4002110440080100200003a667c802006001c
:1018040021208600402004002110440021184300b8
:101814000300a3a30400a010010002240000a28f6f
:101824000000a2ac010002240800e0030800bd2768
:101834004000e010d0ff872509004014ff00e73086
:101844000a00ec2cf8ff805125100000010042240e
:10185400ff004230001a0300190000100438e37c32
:1018640019004b1400000000efff8a15251000003a
:101874002b106800330040102168a603003c677ced
:101884004010070021104700c0100200211047003b
:1018940080100200003a6c7c80380c002138ec0087
:1018a4004038070021104700211843000000a3a17d
:1018b4000100c624ff00c6302518000025102001b1
:1018c400bdff00100100842416008a150a00ec2cc8
:1018d4002b1068001d0040102168a603003c677ca3
:1018e4004010070021104700c010020021104700db
:1018f40080100200003a6c7c80380c002138ec0027
:101904004038070021104700211843000000a3a11c
:101914000100c624ff00c63025180000e8ff0010af
:1019240025102001caff805501004224beff00108b
:1019340025100000bcff001025100000baff0010a5
:1019440025100000b8ff001025100000b6ff00109d
:0c195400251000000800e0030000000067
:020000040000fa
:020000041d02db
:10196000d8ffbd272400bfaf2000b3af1c00b2af2b
:101970001800b1af1400b0af2580800098e4400f8c
:101980000e00848433004010010011242530000033
:10199000420005967973400f0e0004862d0040101a
:1019a00025984000840002a68400122625384002b3
:1019b0007000068e020005243325410f2520000209
:1019c00044004014ffff02249800038e0d006214af
:1019d00025280000fb80400f9000048effff0324a9
:1019e00008004314980002ae03000224a00002aed7
:1019f0003c05410f25200002861f410f25200002d3
:101a0000ffff112457e8400f9800048e2100401476
:101a1000000000003636410f0000000015004014a1
:101a2000253060027000058e14dd400f9800048e92
:101a3000ffff46300800c010251020027000058e00
:101a400039b2400f0e0004868000038e2110620020
:101a5000800002ae251020022400bf8f2000b38f2b
:101a60001c00b28f1800b18f1400b08f0800e00383
:101a70002800bd2704000224a00002ae3c05410f4f
:101a800025200002861f410f25200002f1ff0010d3
:101a9000ffff1124ebde400f9800048e3c05410f40
:101aa00025200002840000a6253840027000068e22
:101ab000030005243325410f252000022b000224ba
:101ac000080002ae6512410f25200002e1ff001060
:101ad00025884000840006960900c0100000000020
:101ae0007000058e39b2400f0e0004868000038e10
:101af00021106200800002aed6ff00100100112408
:101b00003c05410f25200002840000a62538400234
:101b10007000068e030005243325410f25200002a6
:101b20002b000224080002ae6512410f252000029e
:081b3000c8ff001025884000e9
:020000040000fa
:020000041d02db
:101b380016008690030003247100c31001000224dc
:101b4800d8ffbd272400bfaf2000b3af1c00b2af41
:101b58001800b1af1400b0af0081828f4500401467
:101b68002580a0000800828c108182af048180af9c
:101b78000c8180af0180023c60e240ac60e242240c
:101b8800040040ac080040ac0c0040ac0180023cb2
:101b9800dce240acdce24224040040ac080040ac8b
:101ba800088180af0180023c50e240ac50e2422400
:101bb800040040ac080040ac0c0040acfc8080af96
:101bc8003000a050ffff10240000a28c42004010fb
:101bd80025300000019d053c3c7da5249703410f5d
:101be800030004243e0040100c8182af0180043cb5
:101bf800e51a410f60e284243b0040100180043c58
:101c08001831410f50e28424390040101081848f2c
:101c18000800828c1000062409f840000000058e98
:101c280035004010088182af0180043c1235410f15
:101c3800dce284240000028e0c0040100881938f9f
:101c4800259000000180113cdce231262528600245
:101c5800612a410f25202002010052260000028e31
:101c68002b104202f9ff401410007326f88080af51
:101c78000081828f01004224008182af0f00001092
:101c8800010002242e36410f000000000800401019
:101c9800000000002c36410f000000002530000233
:101ca800059d053cf0b3a52469f2400f25204000ae
:101cb8003403410f00000000251000002400bf8fee
:101cc8002000b38f1c00b28f1800b18f1400b08fa2
:101cd8000800e0032800bd27eaff0010ffff1024da
:101ce800e8ff0010feff1024e6ff0010fdff10249f
:101cf800e4ff0010fcff1024e2ff0010fbff10249b
:081d08000800e00300000000e8
:020000040000fa
:020000041d02db
:101d100000000000000000000000000000000000c3
:101d200000000000000000000000000000000000b3
:101d300000000000e4bf039d00000000ecbf039d15
:101d4000f0bf039d2c0100000a000000000000000d
:101d5000020000000e000000f8bf039d000000001c
:101d6000ecbf039df0bf039d2c01000005000000a7
:101d700000000000030000000e00000000c0039df2
:101d800000000000ecbf039df0bf039d2c0100008c
:101d90000300000000000000040000000e0000002e
:101da00010c0039d00000000ecbf039df0bf039d29
:101db0002c01000003000000d498009d05000000e5
:101dc0000e0000001cc0039d00000000ecbf039d3e
:101dd000f0bf039d2c010000030000000000000084
:101de000060000000e00000034c0039d7c76049db8
:101df000ecbf039df0bf039d8813000003000000ab
:101e000000000000070000000e00000044c0039d19
:101e100000000000ecbf039df0bf039de80300003d
:101e200032000000d498009d080000000e00000061
:101e300054c0039d00000000ecbf039df0bf039d54
:101e4000881300000a000000d498009d09000000db
:101e50000e00000060c0039d00000000ecbf039d69
:101e6000f0bf039d2c01000032000000d498009dbb
:101e70000a0000000e0000006cc0039d000000007e
:101e8000ecbf039df0bf039d2c0100000a00000081
:101e9000d498009d0b0000000e00000078c0039d48
:101ea00000000000ecbf039df0bf039d2c0100006b
:101eb00003000000000000000c0000000e00000005
:101ec00084c0039d00000000ecbf039df0bf039d94
:101ed000e803000003000000d498009d0d000000fe
:041ee0000e000000f0
:020000040000fa
:020000041d02db
:101ee400d8ffbd272400bfaf2000b4af1c00b3afa0
:101ef4001800b2af1400b1af1000b0afc881828f28
:101f04005b0040102400bf8fbc818293ff004230ed
:101f1400fdff401025888000bc818293ff00423081
:101f24000b004010d081828f0d32410f0000000061
:101f3400bc81842700008390ffff6324ff0063308b
:101f4400000083a01432410f25204000d081828fed
:101f540026004058160023921400229601001324f0
:101f6400049853002590000080801200d481828f51
:101f74000a80507c18000052010052262400148e5e
:101f8400ff33410f25208002120040040100032486
:101f940004184300241873000e0060100100052487
:101fa4009fd1400f120004864c00038e0a0060503b
:101fb400010052265a0002960020423005004010cb
:101fc400002006245000078e2528800209f86000ae
:101fd4001200048601005226d081828f2a10420208
:101fe400e2ff4014808012001600239202000224b3
:101ff40026006214c881908fffff1026230000166c
:10200400c88190afd081828f0c004018cc81848f1e
:1020140080201000d481828f0a20447c0300801029
:10202400010010261c0d410f00000000d081828f9a
:102034002a100202f6ff4014cc81848f0c00828c9b
:1020440009f84000d481858fd48180afc081848f0a
:1020540005008050cc8180afb52a410f00000000fc
:10206400c08180afcc8180afd08180af2400bf8f8e
:102074002000b48f1c00b38f1800b28f1400b18fee
:102084001000b08f0800e0032800bd270d32410f77
:1020940000000000bc81839301006324bc8183a3fe
:1020a4001432410f25204000f1ff00102400bf8f9f
:020000040000fa
:020000041d02db
:1020b40000e85d4100701a4000601b40e8febd2747
:1020c4001401baaf02601a401001bbaf0c01baafe1
:1020d40044781b7c00047b3700609b40d800bff72a
:1020e400d000bdf7c800bbf7c000b9f7b800b7f718
:1020f400b000b5f7a800b3f7a000b2f79800b1f7a5
:102104009000b0f78800aff78000aef77800adf725
:102114007000acf76800abf76000aaf75800a9f7a5
:102124005000a8f74800a7f74000a6f73800a5f725
:102134003000a4f72800a3f72000a2f71800a1f7a5
:102144001000a0f7121000000401a2af1018000044
:102154000001a3af12102000fc00a2af1018200051
:10216400f800a3af12104000f400a2af1018400012
:10217400f000a3af12106000ec00a2af10186000d2
:10218400e800a3afb81c3f7c0801a3af00f84244a9
:10219400e400a2af2820410f00000000e400a28f59
:1021a40000f8c2440801a38ff8fc617c0401a28feb
:1021b400130040000001a38f11006000fc00a58ff4
:1021c4001308a000f800a58f1108a000f400a58f43
:1021d4001310a000f000a58f1110a000ec00a58f33
:1021e4001318a000e800a58f1118a000d800bfd7cd
:1021f400d000bdd7c800bbd7c000b9d7b800b7d787
:10220400b000b5d7a800b3d7a000b2d79800b1d713
:102214009000b0d78800afd78000aed77800add794
:102224007000acd76800abd76000aad75800a9d714
:102234005000a8d74800a7d74000a6d73800a5d794
:102244003000a4d72800a3d72000a2d71800a1d714
:102254001000a0d700606041c00000000c01bb8fdb
:102264001401ba8f02609b401001bb8f00709a402a
:102274001801bd2700e8dd4100609b4018000042c2
:020000040000fa
:020000041d02db
:1022840000e85d4100701a4000601b40e8febd2775
:102294001401baaf02601a401001bbaf0c01baaf0f
:1022a40044781b7c00047b3700609b40d800bff758
:1022b400d000bdf7c800bbf7c000b9f7b800b7f746
:1022c400b000b5f7a800b3f7a000b2f79800b1f7d3
:1022d4009000b0f78800aff78000aef77800adf754
:1022e4007000acf76800abf76000aaf75800a9f7d4
:1022f4005000a8f74800a7f74000a6f73800a5f754
:102304003000a4f72800a3f72000a2f71800a1f7d3
:102314001000a0f7121000000401a2af1018000072
:102324000001a3af12102000fc00a2af101820007f
:10233400f800a3af12104000f400a2af1018400040
:10234400f000a3af12106000ec00a2af1018600000
:10235400e800a3afb81c3f7c0801a3af00f84244d7
:10236400e400a2af3a20410f00000000e400a28f75
:1023740000f8c2440801a38ff8fc617c0401a28f19
:10238400130040000001a38f11006000fc00a58f22
:102394001308a000f800a58f1108a000f400a58f71
:1023a4001310a000f000a58f1110a000ec00a58f61
:1023b4001318a000e800a58f1118a000d800bfd7fb
:1023c400d000bdd7c800bbd7c000b9d7b800b7d7b5
:1023d400b000b5d7a800b3d7a000b2d79800b1d742
:1023e4009000b0d78800afd78000aed77800add7c3
:1023f4007000acd76800abd76000aad75800a9d743
:102404005000a8d74800a7d74000a6d73800a5d7c2
:102414003000a4d72800a3d72000a2d71800a1d742
:102424001000a0d700606041c00000000c01bb8f09
:102434001401ba8f02609b401001bb8f00709a4058
:102444001801bd2700e8dd4100609b4018000042f0
:020000040000fa
:020000041d02db
:1024540000e85d4100701a4000601b40e8febd27a3
:102464001401baaf02601a401001bbaf0c01baaf3d
:1024740044781b7c00047b3700609b40d800bff786
:10248400d000bdf7c800bbf7c000b9f7b800b7f774
:10249400b000b5f7a800b3f7a000b2f79800b1f701
:1024a4009000b0f78800aff78000aef77800adf782
:1024b4007000acf76800abf76000aaf75800a9f702
:1024c4005000a8f74800a7f74000a6f73800a5f782
:1024d4003000a4f72800a3f72000a2f71800a1f702
:1024e4001000a0f7121000000401a2af10180000a1
:1024f4000001a3af12102000fc00a2af10182000ae
:10250400f800a3af12104000f400a2af101840006e
:10251400f000a3af12106000ec00a2af101860002e
:10252400e800a3afb81c3f7c0801a3af00f8424405
:10253400e400a2afc523410f00000000e400a28f15
:1025440000f8c2440801a38ff8fc617c0401a28f47
:10255400130040000001a38f11006000fc00a58f50
:102564001308a000f800a58f1108a000f400a58f9f
:102574001310a000f000a58f1110a000ec00a58f8f
:102584001318a000e800a58f1118a000d800bfd729
:10259400d000bdd7c800bbd7c000b9d7b800b7d7e3
:1025a400b000b5d7a800b3d7a000b2d79800b1d770
:1025b4009000b0d78800afd78000aed77800add7f1
:1025c4007000acd76800abd76000aad75800a9d771
:1025d4005000a8d74800a7d74000a6d73800a5d7f1
:1025e4003000a4d72800a3d72000a2d71800a1d771
:1025f4001000a0d700606041c00000000c01bb8f38
:102604001401ba8f02609b401001bb8f00709a4086
:102614001801bd2700e8dd4100609b40180000421e
:020000040000fa
:020000041d02db
:1026240000e85d4100701a4000601b40e8febd27d1
:102634001401baaf02601a401001bbaf0c01baaf6b
:1026440044781b7c00047b3700609b40d800bff7b4
:10265400d000bdf7c800bbf7c000b9f7b800b7f7a2
:10266400b000b5f7a800b3f7a000b2f79800b1f72f
:102674009000b0f78800aff78000aef77800adf7b0
:102684007000acf76800abf76000aaf75800a9f730
:102694005000a8f74800a7f74000a6f73800a5f7b0
:1026a4003000a4f72800a3f72000a2f71800a1f730
:1026b4001000a0f7121000000401a2af10180000cf
:1026c4000001a3af12102000fc00a2af10182000dc
:1026d400f800a3af12104000f400a2af101840009d
:1026e400f000a3af12106000ec00a2af101860005d
:1026f400e800a3afb81c3f7c0801a3af00f8424434
:10270400e400a2afb523410f00000000e400a28f53
:1027140000f8c2440801a38ff8fc617c0401a28f75
:10272400130040000001a38f11006000fc00a58f7e
:102734001308a000f800a58f1108a000f400a58fcd
:102744001310a000f000a58f1110a000ec00a58fbd
:102754001318a000e800a58f1118a000d800bfd757
:10276400d000bdd7c800bbd7c000b9d7b800b7d711
:10277400b000b5d7a800b3d7a000b2d79800b1d79e
:102784009000b0d78800afd78000aed77800add71f
:102794007000acd76800abd76000aad75800a9d79f
:1027a4005000a8d74800a7d74000a6d73800a5d71f
:1027b4003000a4d72800a3d72000a2d71800a1d79f
:1027c4001000a0d700606041c00000000c01bb8f66
:1027d4001401ba8f02609b401001bb8f00709a40b5
:1027e4001801bd2700e8dd4100609b40180000424d
:020000040000fa
:020000041d02db
:1027f40000e85d4100701a4000601b40e8febd2700
:102804001401baaf02601a401001bbaf0c01baaf99
:1028140044781b7c00047b3700609b40d800bff7e2
:10282400d000bdf7c800bbf7c000b9f7b800b7f7d0
:10283400b000b5f7a800b3f7a000b2f79800b1f75d
:102844009000b0f78800aff78000aef77800adf7de
:102854007000acf76800abf76000aaf75800a9f75e
:102864005000a8f74800a7f74000a6f73800a5f7de
:102874003000a4f72800a3f72000a2f71800a1f75e
:102884001000a0f7121000000401a2af10180000fd
:102894000001a3af12102000fc00a2af101820000a
:1028a400f800a3af12104000f400a2af10184000cb
:1028b400f000a3af12106000ec00a2af101860008b
:1028c400e800a3afb81c3f7c0801a3af00f8424462
:1028d400e400a2afe6e1400f00000000e400a28f94
:1028e40000f8c2440801a38ff8fc617c0401a28fa4
:1028f400130040000001a38f11006000fc00a58fad
:102904001308a000f800a58f1108a000f400a58ffb
:102914001310a000f000a58f1110a000ec00a58feb
:102924001318a000e800a58f1118a000d800bfd785
:10293400d000bdd7c800bbd7c000b9d7b800b7d73f
:10294400b000b5d7a800b3d7a000b2d79800b1d7cc
:102954009000b0d78800afd78000aed77800add74d
:102964007000acd76800abd76000aad75800a9d7cd
:102974005000a8d74800a7d74000a6d73800a5d74d
:102984003000a4d72800a3d72000a2d71800a1d7cd
:102994001000a0d700606041c00000000c01bb8f94
:1029a4001401ba8f02609b401001bb8f00709a40e3
:1029b4001801bd2700e8dd4100609b40180000427b
:020000040000fa
:020000041d02db
:1029c40000e85d4100701a4000601b40e8febd272e
:1029d4001401baaf02601a401001bbaf0c01baafc8
:1029e40044781b7c00047b3700609b40d800bff711
:1029f400d000bdf7c800bbf7c000b9f7b800b7f7ff
:102a0400b000b5f7a800b3f7a000b2f79800b1f78b
:102a14009000b0f78800aff78000aef77800adf70c
:102a24007000acf76800abf76000aaf75800a9f78c
:102a34005000a8f74800a7f74000a6f73800a5f70c
:102a44003000a4f72800a3f72000a2f71800a1f78c
:102a54001000a0f7121000000401a2af101800002b
:102a64000001a3af12102000fc00a2af1018200038
:102a7400f800a3af12104000f400a2af10184000f9
:102a8400f000a3af12106000ec00a2af10186000b9
:102a9400e800a3afb81c3f7c0801a3af00f8424490
:102aa400e400a2af169a400f00000000e400a28fd9
:102ab40000f8c2440801a38ff8fc617c0401a28fd2
:102ac400130040000001a38f11006000fc00a58fdb
:102ad4001308a000f800a58f1108a000f400a58f2a
:102ae4001310a000f000a58f1110a000ec00a58f1a
:102af4001318a000e800a58f1118a000d800bfd7b4
:102b0400d000bdd7c800bbd7c000b9d7b800b7d76d
:102b1400b000b5d7a800b3d7a000b2d79800b1d7fa
:102b24009000b0d78800afd78000aed77800add77b
:102b34007000acd76800abd76000aad75800a9d7fb
:102b44005000a8d74800a7d74000a6d73800a5d77b
:102b54003000a4d72800a3d72000a2d71800a1d7fb
:102b64001000a0d700606041c00000000c01bb8fc2
:102b74001401ba8f02609b401001bb8f00709a4011
:102b84001801bd2700e8dd4100609b4018000042a9
:020000040000fa
:020000041d02db
:102b940000e85d4100701a4000601b40e8febd275c
:102ba4001401baaf02601a401001bbaf0c01baaff6
:102bb40044781b7c00047b3700609b40d800bff73f
:102bc400d000bdf7c800bbf7c000b9f7b800b7f72d
:102bd400b000b5f7a800b3f7a000b2f79800b1f7ba
:102be4009000b0f78800aff78000aef77800adf73b
:102bf4007000acf76800abf76000aaf75800a9f7bb
:102c04005000a8f74800a7f74000a6f73800a5f73a
:102c14003000a4f72800a3f72000a2f71800a1f7ba
:102c24001000a0f7121000000401a2af1018000059
:102c34000001a3af12102000fc00a2af1018200066
:102c4400f800a3af12104000f400a2af1018400027
:102c5400f000a3af12106000ec00a2af10186000e7
:102c6400e800a3afb81c3f7c0801a3af00f84244be
:102c7400e400a2afde9d400f00000000e400a28f3c
:102c840000f8c2440801a38ff8fc617c0401a28f00
:102c9400130040000001a38f11006000fc00a58f09
:102ca4001308a000f800a58f1108a000f400a58f58
:102cb4001310a000f000a58f1110a000ec00a58f48
:102cc4001318a000e800a58f1118a000d800bfd7e2
:102cd400d000bdd7c800bbd7c000b9d7b800b7d79c
:102ce400b000b5d7a800b3d7a000b2d79800b1d729
:102cf4009000b0d78800afd78000aed77800add7aa
:102d04007000acd76800abd76000aad75800a9d729
:102d14005000a8d74800a7d74000a6d73800a5d7a9
:102d24003000a4d72800a3d72000a2d71800a1d729
:102d34001000a0d700606041c00000000c01bb8ff0
:102d44001401ba8f02609b401001bb8f00709a403f
:102d54001801bd2700e8dd4100609b4018000042d7
:020000040000fa
:020000041d02db
:102d640000e85d4100701a4000601b40e8febd278a
:102d74001401baaf02601a401001bbaf0c01baaf24
:102d840044781b7c00047b3700609b40d800bff76d
:102d9400d000bdf7c800bbf7c000b9f7b800b7f75b
:102da400b000b5f7a800b3f7a000b2f79800b1f7e8
:102db4009000b0f78800aff78000aef77800adf769
:102dc4007000acf76800abf76000aaf75800a9f7e9
:102dd4005000a8f74800a7f74000a6f73800a5f769
:102de4003000a4f72800a3f72000a2f71800a1f7e9
:102df4001000a0f7121000000401a2af1018000088
:102e04000001a3af12102000fc00a2af1018200094
:102e1400f800a3af12104000f400a2af1018400055
:102e2400f000a3af12106000ec00a2af1018600015
:102e3400e800a3afb81c3f7c0801a3af00f84244ec
:102e4400e400a2af8cbc400f00000000e400a28f9d
:102e540000f8c2440801a38ff8fc617c0401a28f2e
:102e6400130040000001a38f11006000fc00a58f37
:102e74001308a000f800a58f1108a000f400a58f86
:102e84001310a000f000a58f1110a000ec00a58f76
:102e94001318a000e800a58f1118a000d800bfd710
:102ea400d000bdd7c800bbd7c000b9d7b800b7d7ca
:102eb400b000b5d7a800b3d7a000b2d79800b1d757
:102ec4009000b0d78800afd78000aed77800add7d8
:102ed4007000acd76800abd76000aad75800a9d758
:102ee4005000a8d74800a7d74000a6d73800a5d7d8
:102ef4003000a4d72800a3d72000a2d71800a1d758
:102f04001000a0d700606041c00000000c01bb8f1e
:102f14001401ba8f02609b401001bb8f00709a406d
:102f24001801bd2700e8dd4100609b401800004205
:020000040000fa
:020000041d02db
:102f340000e85d4100701a4000601b40e8febd27b8
:102f44001401baaf02601a401001bbaf0c01baaf52
:102f540044781b7c00047b3700609b40d800bff79b
:102f6400d000bdf7c800bbf7c000b9f7b800b7f789
:102f7400b000b5f7a800b3f7a000b2f79800b1f716
:102f84009000b0f78800aff78000aef77800adf797
:102f94007000acf76800abf76000aaf75800a9f717
:102fa4005000a8f74800a7f74000a6f73800a5f797
:102fb4003000a4f72800a3f72000a2f71800a1f717
:102fc4001000a0f7121000000401a2af10180000b6
:102fd4000001a3af12102000fc00a2af10182000c3
:102fe400f800a3af12104000f400a2af1018400084
:102ff400f000a3af12106000ec00a2af1018600044
:10300400e800a3afb81c3f7c0801a3af00f842441a
:10301400e400a2aff1ba400f00000000e400a28f68
:1030240000f8c2440801a38ff8fc617c0401a28f5c
:10303400130040000001a38f11006000fc00a58f65
:103044001308a000f800a58f1108a000f400a58fb4
:103054001310a000f000a58f1110a000ec00a58fa4
:103064001318a000e800a58f1118a000d800bfd73e
:10307400d000bdd7c800bbd7c000b9d7b800b7d7f8
:10308400b000b5d7a800b3d7a000b2d79800b1d785
:103094009000b0d78800afd78000aed77800add706
:1030a4007000acd76800abd76000aad75800a9d786
:1030b4005000a8d74800a7d74000a6d73800a5d706
:1030c4003000a4d72800a3d72000a2d71800a1d786
:1030d4001000a0d700606041c00000000c01bb8f4d
:1030e4001401ba8f02609b401001bb8f00709a409c
:1030f4001801bd2700e8dd4100609b401800004234
:020000040000fa
:020000041d02db
:1031040000e85d4100701a4000601b40e8febd27e6
:103114001401baaf02601a401001bbaf0c01baaf80
:1031240044781b7c00047b3700609b40d800bff7c9
:10313400d000bdf7c800bbf7c000b9f7b800b7f7b7
:10314400b000b5f7a800b3f7a000b2f79800b1f744
:103154009000b0f78800aff78000aef77800adf7c5
:103164007000acf76800abf76000aaf75800a9f745
:103174005000a8f74800a7f74000a6f73800a5f7c5
:103184003000a4f72800a3f72000a2f71800a1f745
:103194001000a0f7121000000401a2af10180000e4
:1031a4000001a3af12102000fc00a2af10182000f1
:1031b400f800a3af12104000f400a2af10184000b2
:1031c400f000a3af12106000ec00a2af1018600072
:1031d400e800a3afb81c3f7c0801a3af00f8424449
:1031e400e400a2afe764400f00000000e400a28ff7
:1031f40000f8c2440801a38ff8fc617c0401a28f8b
:10320400130040000001a38f11006000fc00a58f93
:103214001308a000f800a58f1108a000f400a58fe2
:103224001310a000f000a58f1110a000ec00a58fd2
:103234001318a000e800a58f1118a000d800bfd76c
:10324400d000bdd7c800bbd7c000b9d7b800b7d726
:10325400b000b5d7a800b3d7a000b2d79800b1d7b3
:103264009000b0d78800afd78000aed77800add734
:103274007000acd76800abd76000aad75800a9d7b4
:103284005000a8d74800a7d74000a6d73800a5d734
:103294003000a4d72800a3d72000a2d71800a1d7b4
:1032a4001000a0d700606041c00000000c01bb8f7b
:1032b4001401ba8f02609b401001bb8f00709a40ca
:1032c4001801bd2700e8dd4100609b401800004262
:020000040000fa
:020000041d02db
:1032d40000e85d4100701a4000601b40e8febd2715
:1032e4001401baaf02601a401001bbaf0c01baafaf
:1032f40044781b7c00047b3700609b40d800bff7f8
:10330400d000bdf7c800bbf7c000b9f7b800b7f7e5
:10331400b000b5f7a800b3f7a000b2f79800b1f772
:103324009000b0f78800aff78000aef77800adf7f3
:103334007000acf76800abf76000aaf75800a9f773
:103344005000a8f74800a7f74000a6f73800a5f7f3
:103354003000a4f72800a3f72000a2f71800a1f773
:103364001000a0f7121000000401a2af1018000012
:103374000001a3af12102000fc00a2af101820001f
:10338400f800a3af12104000f400a2af10184000e0
:10339400f000a3af12106000ec00a2af10186000a0
:1033a400e800a3afb81c3f7c0801a3af00f8424477
:1033b400e400a2affbb6400f00000000e400a28fbf
:1033c40000f8c2440801a38ff8fc617c0401a28fb9
:1033d400130040000001a38f11006000fc00a58fc2
:1033e4001308a000f800a58f1108a000f400a58f11
:1033f4001310a000f000a58f1110a000ec00a58f01
:103404001318a000e800a58f1118a000d800bfd79a
:10341400d000bdd7c800bbd7c000b9d7b800b7d754
:10342400b000b5d7a800b3d7a000b2d79800b1d7e1
:103434009000b0d78800afd78000aed77800add762
:103444007000acd76800abd76000aad75800a9d7e2
:103454005000a8d74800a7d74000a6d73800a5d762
:103464003000a4d72800a3d72000a2d71800a1d7e2
:103474001000a0d700606041c00000000c01bb8fa9
:103484001401ba8f02609b401001bb8f00709a40f8
:103494001801bd2700e8dd4100609b401800004290
:020000040000fa
:020000041d02db
:1034a40000e85d4100701a4000601b40e8febd2743
:1034b4001401baaf02601a401001bbaf0c01baafdd
:1034c40044781b7c00047b3700609b40d800bff726
:1034d400d000bdf7c800bbf7c000b9f7b800b7f714
:1034e400b000b5f7a800b3f7a000b2f79800b1f7a1
:1034f4009000b0f78800aff78000aef77800adf722
:103504007000acf76800abf76000aaf75800a9f7a1
:103514005000a8f74800a7f74000a6f73800a5f721
:103524003000a4f72800a3f72000a2f71800a1f7a1
:103534001000a0f7121000000401a2af1018000040
:103544000001a3af12102000fc00a2af101820004d
:10355400f800a3af12104000f400a2af101840000e
:10356400f000a3af12106000ec00a2af10186000ce
:10357400e800a3afb81c3f7c0801a3af00f84244a5
:10358400e400a2af380d410f00000000e400a28f58
:1035940000f8c2440801a38ff8fc617c0401a28fe7
:1035a400130040000001a38f11006000fc00a58ff0
:1035b4001308a000f800a58f1108a000f400a58f3f
:1035c4001310a000f000a58f1110a000ec00a58f2f
:1035d4001318a000e800a58f1118a000d800bfd7c9
:1035e400d000bdd7c800bbd7c000b9d7b800b7d783
:1035f400b000b5d7a800b3d7a000b2d79800b1d710
:103604009000b0d78800afd78000aed77800add790
:103614007000acd76800abd76000aad75800a9d710
:103624005000a8d74800a7d74000a6d73800a5d790
:103634003000a4d72800a3d72000a2d71800a1d710
:103644001000a0d700606041c00000000c01bb8fd7
:103654001401ba8f02609b401001bb8f00709a4026
:103664001801bd2700e8dd4100609b4018000042be
:020000040000fa
:020000041d02db
:1036740000e85d4100701a4000601b40e8febd2771
:103684001401baaf02601a401001bbaf0c01baaf0b
:1036940044781b7c00047b3700609b40d800bff754
:1036a400d000bdf7c800bbf7c000b9f7b800b7f742
:1036b400b000b5f7a800b3f7a000b2f79800b1f7cf
:1036c4009000b0f78800aff78000aef77800adf750
:1036d4007000acf76800abf76000aaf75800a9f7d0
:1036e4005000a8f74800a7f74000a6f73800a5f750
:1036f4003000a4f72800a3f72000a2f71800a1f7d0
:103704001000a0f7121000000401a2af101800006e
:103714000001a3af12102000fc00a2af101820007b
:10372400f800a3af12104000f400a2af101840003c
:10373400f000a3af12106000ec00a2af10186000fc
:10374400e800a3afb81c3f7c0801a3af00f84244d3
:10375400e400a2af9fc2400f00000000e400a28f6b
:1037640000f8c2440801a38ff8fc617c0401a28f15
:10377400130040000001a38f11006000fc00a58f1e
:103784001308a000f800a58f1108a000f400a58f6d
:103794001310a000f000a58f1110a000ec00a58f5d
:1037a4001318a000e800a58f1118a000d800bfd7f7
:1037b400d000bdd7c800bbd7c000b9d7b800b7d7b1
:1037c400b000b5d7a800b3d7a000b2d79800b1d73e
:1037d4009000b0d78800afd78000aed77800add7bf
:1037e4007000acd76800abd76000aad75800a9d73f
:1037f4005000a8d74800a7d74000a6d73800a5d7bf
:103804003000a4d72800a3d72000a2d71800a1d73e
:103814001000a0d700606041c00000000c01bb8f05
:103824001401ba8f02609b401001bb8f00709a4054
:103834001801bd2700e8dd4100609b4018000042ec
:020000040000fa
:020000041d02db
:1038440000e85d4100701a4000601b40e8febd279f
:103854001401baaf02601a401001bbaf0c01baaf39
:1038640044781b7c00047b3700609b40d800bff782
:10387400d000bdf7c800bbf7c000b9f7b800b7f770
:10388400b000b5f7a800b3f7a000b2f79800b1f7fd
:103894009000b0f78800aff78000aef77800adf77e
:1038a4007000acf76800abf76000aaf75800a9f7fe
:1038b4005000a8f74800a7f74000a6f73800a5f77e
:1038c4003000a4f72800a3f72000a2f71800a1f7fe
:1038d4001000a0f7121000000401a2af101800009d
:1038e4000001a3af12102000fc00a2af10182000aa
:1038f400f800a3af12104000f400a2af101840006b
:10390400f000a3af12106000ec00a2af101860002a
:10391400e800a3afb81c3f7c0801a3af00f8424401
:10392400e400a2afe9c2400f00000000e400a28f4f
:1039340000f8c2440801a38ff8fc617c0401a28f43
:10394400130040000001a38f11006000fc00a58f4c
:103954001308a000f800a58f1108a000f400a58f9b
:103964001310a000f000a58f1110a000ec00a58f8b
:103974001318a000e800a58f1118a000d800bfd725
:10398400d000bdd7c800bbd7c000b9d7b800b7d7df
:10399400b000b5d7a800b3d7a000b2d79800b1d76c
:1039a4009000b0d78800afd78000aed77800add7ed
:1039b4007000acd76800abd76000aad75800a9d76d
:1039c4005000a8d74800a7d74000a6d73800a5d7ed
:1039d4003000a4d72800a3d72000a2d71800a1d76d
:1039e4001000a0d700606041c00000000c01bb8f34
:1039f4001401ba8f02609b401001bb8f00709a4083
:103a04001801bd2700e8dd4100609b40180000421a
:020000040000fa
:020000041d02db
:103a140000e85d4100701a4000601b40e8febd27cd
:103a24001401baaf02601a401001bbaf0c01baaf67
:103a340044781b7c00047b3700609b40d800bff7b0
:103a4400d000bdf7c800bbf7c000b9f7b800b7f79e
:103a5400b000b5f7a800b3f7a000b2f79800b1f72b
:103a64009000b0f78800aff78000aef77800adf7ac
:103a74007000acf76800abf76000aaf75800a9f72c
:103a84005000a8f74800a7f74000a6f73800a5f7ac
:103a94003000a4f72800a3f72000a2f71800a1f72c
:103aa4001000a0f7121000000401a2af10180000cb
:103ab4000001a3af12102000fc00a2af10182000d8
:103ac400f800a3af12104000f400a2af1018400099
:103ad400f000a3af12106000ec00a2af1018600059
:103ae400e800a3afb81c3f7c0801a3af00f8424430
:103af400e400a2afdb09410f00000000e400a28f44
:103b040000f8c2440801a38ff8fc617c0401a28f71
:103b1400130040000001a38f11006000fc00a58f7a
:103b24001308a000f800a58f1108a000f400a58fc9
:103b34001310a000f000a58f1110a000ec00a58fb9
:103b44001318a000e800a58f1118a000d800bfd753
:103b5400d000bdd7c800bbd7c000b9d7b800b7d70d
:103b6400b000b5d7a800b3d7a000b2d79800b1d79a
:103b74009000b0d78800afd78000aed77800add71b
:103b84007000acd76800abd76000aad75800a9d79b
:103b94005000a8d74800a7d74000a6d73800a5d71b
:103ba4003000a4d72800a3d72000a2d71800a1d79b
:103bb4001000a0d700606041c00000000c01bb8f62
:103bc4001401ba8f02609b401001bb8f00709a40b1
:103bd4001801bd2700e8dd4100609b401800004249
:020000040000fa
:020000041d02db
:103be40000e85d4100701a4000601b40e8febd27fc
:103bf4001401baaf02601a401001bbaf0c01baaf96
:103c040044781b7c00047b3700609b40d800bff7de
:103c1400d000bdf7c800bbf7c000b9f7b800b7f7cc
:103c2400b000b5f7a800b3f7a000b2f79800b1f759
:103c34009000b0f78800aff78000aef77800adf7da
:103c44007000acf76800abf76000aaf75800a9f75a
:103c54005000a8f74800a7f74000a6f73800a5f7da
:103c64003000a4f72800a3f72000a2f71800a1f75a
:103c74001000a0f7121000000401a2af10180000f9
:103c84000001a3af12102000fc00a2af1018200006
:103c9400f800a3af12104000f400a2af10184000c7
:103ca400f000a3af12106000ec00a2af1018600087
:103cb400e800a3afb81c3f7c0801a3af00f842445e
:103cc400e400a2afd93a400f00000000e400a28f44
:103cd40000f8c2440801a38ff8fc617c0401a28fa0
:103ce400130040000001a38f11006000fc00a58fa9
:103cf4001308a000f800a58f1108a000f400a58ff8
:103d04001310a000f000a58f1110a000ec00a58fe7
:103d14001318a000e800a58f1118a000d800bfd781
:103d2400d000bdd7c800bbd7c000b9d7b800b7d73b
:103d3400b000b5d7a800b3d7a000b2d79800b1d7c8
:103d44009000b0d78800afd78000aed77800add749
:103d54007000acd76800abd76000aad75800a9d7c9
:103d64005000a8d74800a7d74000a6d73800a5d749
:103d74003000a4d72800a3d72000a2d71800a1d7c9
:103d84001000a0d700606041c00000000c01bb8f90
:103d94001401ba8f02609b401001bb8f00709a40df
:103da4001801bd2700e8dd4100609b401800004277
:020000040000fa
:020000041d02db
:103db40000e85d4100701a4000601b40e8febd272a
:103dc4001401baaf02601a401001bbaf0c01baafc4
:103dd40044781b7c00047b3700609b40d800bff70d
:103de400d000bdf7c800bbf7c000b9f7b800b7f7fb
:103df400b000b5f7a800b3f7a000b2f79800b1f788
:103e04009000b0f78800aff78000aef77800adf708
:103e14007000acf76800abf76000aaf75800a9f788
:103e24005000a8f74800a7f74000a6f73800a5f708
:103e34003000a4f72800a3f72000a2f71800a1f788
:103e44001000a0f7121000000401a2af1018000027
:103e54000001a3af12102000fc00a2af1018200034
:103e6400f800a3af12104000f400a2af10184000f5
:103e7400f000a3af12106000ec00a2af10186000b5
:103e8400e800a3afb81c3f7c0801a3af00f842448c
:103e9400e400a2af6930410f00000000e400a28feb
:103ea40000f8c2440801a38ff8fc617c0401a28fce
:103eb400130040000001a38f11006000fc00a58fd7
:103ec4001308a000f800a58f1108a000f400a58f26
:103ed4001310a000f000a58f1110a000ec00a58f16
:103ee4001318a000e800a58f1118a000d800bfd7b0
:103ef400d000bdd7c800bbd7c000b9d7b800b7d76a
:103f0400b000b5d7a800b3d7a000b2d79800b1d7f6
:103f14009000b0d78800afd78000aed77800add777
:103f24007000acd76800abd76000aad75800a9d7f7
:103f34005000a8d74800a7d74000a6d73800a5d777
:103f44003000a4d72800a3d72000a2d71800a1d7f7
:103f54001000a0d700606041c00000000c01bb8fbe
:103f64001401ba8f02609b401001bb8f00709a400d
:103f74001801bd2700e8dd4100609b4018000042a5
:020000040000fa
:020000041d02db
:103f840000e85d4100701a4000601b40e8febd2758
:103f94001401baaf02601a401001bbaf0c01baaff2
:103fa40044781b7c00047b3700609b40d800bff73b
:103fb400d000bdf7c800bbf7c000b9f7b800b7f729
:103fc400b000b5f7a800b3f7a000b2f79800b1f7b6
:103fd4009000b0f78800aff78000aef77800adf737
:103fe4007000acf76800abf76000aaf75800a9f7b7
:103ff4005000a8f74800a7f74000a6f73800a5f737
:104004003000a4f72800a3f72000a2f71800a1f7b6
:104014001000a0f7121000000401a2af1018000055
:104024000001a3af12102000fc00a2af1018200062
:10403400f800a3af12104000f400a2af1018400023
:10404400f000a3af12106000ec00a2af10186000e3
:10405400e800a3afb81c3f7c0801a3af00f84244ba
:10406400e400a2afb4e1400f00000000e400a28f1e
:1040740000f8c2440801a38ff8fc617c0401a28ffc
:10408400130040000001a38f11006000fc00a58f05
:104094001308a000f800a58f1108a000f400a58f54
:1040a4001310a000f000a58f1110a000ec00a58f44
:1040b4001318a000e800a58f1118a000d800bfd7de
:1040c400d000bdd7c800bbd7c000b9d7b800b7d798
:1040d400b000b5d7a800b3d7a000b2d79800b1d725
:1040e4009000b0d78800afd78000aed77800add7a6
:1040f4007000acd76800abd76000aad75800a9d726
:104104005000a8d74800a7d74000a6d73800a5d7a5
:104114003000a4d72800a3d72000a2d71800a1d725
:104124001000a0d700606041c00000000c01bb8fec
:104134001401ba8f02609b401001bb8f00709a403b
:104144001801bd2700e8dd4100609b4018000042d3
:020000040000fa
:020000041d02db
:1041540000e85d4100701a4000601b40e8febd2786
:104164001401baaf02601a401001bbaf0c01baaf20
:1041740044781b7c00047b3700609b40d800bff769
:10418400d000bdf7c800bbf7c000b9f7b800b7f757
:10419400b000b5f7a800b3f7a000b2f79800b1f7e4
:1041a4009000b0f78800aff78000aef77800adf765
:1041b4007000acf76800abf76000aaf75800a9f7e5
:1041c4005000a8f74800a7f74000a6f73800a5f765
:1041d4003000a4f72800a3f72000a2f71800a1f7e5
:1041e4001000a0f7121000000401a2af1018000084
:1041f4000001a3af12102000fc00a2af1018200091
:10420400f800a3af12104000f400a2af1018400051
:10421400f000a3af12106000ec00a2af1018600011
:10422400e800a3afb81c3f7c0801a3af00f84244e8
:10423400e400a2afa899400f00000000e400a28fa0
:1042440000f8c2440801a38ff8fc617c0401a28f2a
:10425400130040000001a38f11006000fc00a58f33
:104264001308a000f800a58f1108a000f400a58f82
:104274001310a000f000a58f1110a000ec00a58f72
:104284001318a000e800a58f1118a000d800bfd70c
:10429400d000bdd7c800bbd7c000b9d7b800b7d7c6
:1042a400b000b5d7a800b3d7a000b2d79800b1d753
:1042b4009000b0d78800afd78000aed77800add7d4
:1042c4007000acd76800abd76000aad75800a9d754
:1042d4005000a8d74800a7d74000a6d73800a5d7d4
:1042e4003000a4d72800a3d72000a2d71800a1d754
:1042f4001000a0d700606041c00000000c01bb8f1b
:104304001401ba8f02609b401001bb8f00709a4069
:104314001801bd2700e8dd4100609b401800004201
:020000040000fa
:020000041d02db
:1043240000e85d4100701a4000601b40e8febd27b4
:104334001401baaf02601a401001bbaf0c01baaf4e
:1043440044781b7c00047b3700609b40d800bff797
:10435400d000bdf7c800bbf7c000b9f7b800b7f785
:10436400b000b5f7a800b3f7a000b2f79800b1f712
:104374009000b0f78800aff78000aef77800adf793
:104384007000acf76800abf76000aaf75800a9f713
:104394005000a8f74800a7f74000a6f73800a5f793
:1043a4003000a4f72800a3f72000a2f71800a1f713
:1043b4001000a0f7121000000401a2af10180000b2
:1043c4000001a3af12102000fc00a2af10182000bf
:1043d400f800a3af12104000f400a2af1018400080
:1043e400f000a3af12106000ec00a2af1018600040
:1043f400e800a3afb81c3f7c0801a3af00f8424417
:10440400e400a2af749d400f00000000e400a28ffe
:1044140000f8c2440801a38ff8fc617c0401a28f58
:10442400130040000001a38f11006000fc00a58f61
:104434001308a000f800a58f1108a000f400a58fb0
:104444001310a000f000a58f1110a000ec00a58fa0
:104454001318a000e800a58f1118a000d800bfd73a
:10446400d000bdd7c800bbd7c000b9d7b800b7d7f4
:10447400b000b5d7a800b3d7a000b2d79800b1d781
:104484009000b0d78800afd78000aed77800add702
:104494007000acd76800abd76000aad75800a9d782
:1044a4005000a8d74800a7d74000a6d73800a5d702
:1044b4003000a4d72800a3d72000a2d71800a1d782
:1044c4001000a0d700606041c00000000c01bb8f49
:1044d4001401ba8f02609b401001bb8f00709a4098
:1044e4001801bd2700e8dd4100609b401800004230
:020000040000fa
:020000041d02db
:1044f40000e85d4100701a4000601b40e8febd27e3
:104504001401baaf02601a401001bbaf0c01baaf7c
:1045140044781b7c00047b3700609b40d800bff7c5
:10452400d000bdf7c800bbf7c000b9f7b800b7f7b3
:10453400b000b5f7a800b3f7a000b2f79800b1f740
:104544009000b0f78800aff78000aef77800adf7c1
:104554007000acf76800abf76000aaf75800a9f741
:104564005000a8f74800a7f74000a6f73800a5f7c1
:104574003000a4f72800a3f72000a2f71800a1f741
:104584001000a0f7121000000401a2af10180000e0
:104594000001a3af12102000fc00a2af10182000ed
:1045a400f800a3af12104000f400a2af10184000ae
:1045b400f000a3af12106000ec00a2af101860006e
:1045c400e800a3afb81c3f7c0801a3af00f8424445
:1045d400e400a2af2564400f00000000e400a28fb5
:1045e40000f8c2440801a38ff8fc617c0401a28f87
:1045f400130040000001a38f11006000fc00a58f90
:104604001308a000f800a58f1108a000f400a58fde
:104614001310a000f000a58f1110a000ec00a58fce
:104624001318a000e800a58f1118a000d800bfd768
:10463400d000bdd7c800bbd7c000b9d7b800b7d722
:10464400b000b5d7a800b3d7a000b2d79800b1d7af
:104654009000b0d78800afd78000aed77800add730
:104664007000acd76800abd76000aad75800a9d7b0
:104674005000a8d74800a7d74000a6d73800a5d730
:104684003000a4d72800a3d72000a2d71800a1d7b0
:104694001000a0d700606041c00000000c01bb8f77
:1046a4001401ba8f02609b401001bb8f00709a40c6
:1046b4001801bd2700e8dd4100609b40180000425e
:020000040000fa
:020000041d02db
:1046c40000e85d4100701a4000601b40e8febd2711
:1046d4001401baaf02601a401001bbaf0c01baafab
:1046e40044781b7c00047b3700609b40d800bff7f4
:1046f400d000bdf7c800bbf7c000b9f7b800b7f7e2
:10470400b000b5f7a800b3f7a000b2f79800b1f76e
:104714009000b0f78800aff78000aef77800adf7ef
:104724007000acf76800abf76000aaf75800a9f76f
:104734005000a8f74800a7f74000a6f73800a5f7ef
:104744003000a4f72800a3f72000a2f71800a1f76f
:104754001000a0f7121000000401a2af101800000e
:104764000001a3af12102000fc00a2af101820001b
:10477400f800a3af12104000f400a2af10184000dc
:10478400f000a3af12106000ec00a2af101860009c
:10479400e800a3afb81c3f7c0801a3af00f8424473
:1047a400e400a2afa5b6400f00000000e400a28f11
:1047b40000f8c2440801a38ff8fc617c0401a28fb5
:1047c400130040000001a38f11006000fc00a58fbe
:1047d4001308a000f800a58f1108a000f400a58f0d
:1047e4001310a000f000a58f1110a000ec00a58ffd
:1047f4001318a000e800a58f1118a000d800bfd797
:10480400d000bdd7c800bbd7c000b9d7b800b7d750
:10481400b000b5d7a800b3d7a000b2d79800b1d7dd
:104824009000b0d78800afd78000aed77800add75e
:104834007000acd76800abd76000aad75800a9d7de
:104844005000a8d74800a7d74000a6d73800a5d75e
:104854003000a4d72800a3d72000a2d71800a1d7de
:104864001000a0d700606041c00000000c01bb8fa5
:104874001401ba8f02609b401001bb8f00709a40f4
:104884001801bd2700e8dd4100609b40180000428c
:020000040000fa
:020000041d02db
:1048940000e85d4100701a4000601b40e8febd273f
:1048a4001401baaf02601a401001bbaf0c01baafd9
:1048b40044781b7c00047b3700609b40d800bff722
:1048c400d000bdf7c800bbf7c000b9f7b800b7f710
:1048d400b000b5f7a800b3f7a000b2f79800b1f79d
:1048e4009000b0f78800aff78000aef77800adf71e
:1048f4007000acf76800abf76000aaf75800a9f79e
:104904005000a8f74800a7f74000a6f73800a5f71d
:104914003000a4f72800a3f72000a2f71800a1f79d
:104924001000a0f7121000000401a2af101800003c
:104934000001a3af12102000fc00a2af1018200049
:10494400f800a3af12104000f400a2af101840000a
:10495400f000a3af12106000ec00a2af10186000ca
:10496400e800a3afb81c3f7c0801a3af00f84244a1
:10497400e400a2af540d410f00000000e400a28f38
:1049840000f8c2440801a38ff8fc617c0401a28fe3
:10499400130040000001a38f11006000fc00a58fec
:1049a4001308a000f800a58f1108a000f400a58f3b
:1049b4001310a000f000a58f1110a000ec00a58f2b
:1049c4001318a000e800a58f1118a000d800bfd7c5
:1049d400d000bdd7c800bbd7c000b9d7b800b7d77f
:1049e400b000b5d7a800b3d7a000b2d79800b1d70c
:1049f4009000b0d78800afd78000aed77800add78d
:104a04007000acd76800abd76000aad75800a9d70c
:104a14005000a8d74800a7d74000a6d73800a5d78c
:104a24003000a4d72800a3d72000a2d71800a1d70c
:104a34001000a0d700606041c00000000c01bb8fd3
:104a44001401ba8f02609b401001bb8f00709a4022
:104a54001801bd2700e8dd4100609b4018000042ba
:020000040000fa
:020000041d02db
:104a640000e85d4100701a4000601b40e8febd276d
:104a74001401baaf02601a401001bbaf0c01baaf07
:104a840044781b7c00047b3700609b40d800bff750
:104a9400d000bdf7c800bbf7c000b9f7b800b7f73e
:104aa400b000b5f7a800b3f7a000b2f79800b1f7cb
:104ab4009000b0f78800aff78000aef77800adf74c
:104ac4007000acf76800abf76000aaf75800a9f7cc
:104ad4005000a8f74800a7f74000a6f73800a5f74c
:104ae4003000a4f72800a3f72000a2f71800a1f7cc
:104af4001000a0f7121000000401a2af101800006b
:104b04000001a3af12102000fc00a2af1018200077
:104b1400f800a3af12104000f400a2af1018400038
:104b2400f000a3af12106000ec00a2af10186000f8
:104b3400e800a3afb81c3f7c0801a3af00f84244cf
:104b4400e400a2af33c3400f00000000e400a28fd2
:104b540000f8c2440801a38ff8fc617c0401a28f11
:104b6400130040000001a38f11006000fc00a58f1a
:104b74001308a000f800a58f1108a000f400a58f69
:104b84001310a000f000a58f1110a000ec00a58f59
:104b94001318a000e800a58f1118a000d800bfd7f3
:104ba400d000bdd7c800bbd7c000b9d7b800b7d7ad
:104bb400b000b5d7a800b3d7a000b2d79800b1d73a
:104bc4009000b0d78800afd78000aed77800add7bb
:104bd4007000acd76800abd76000aad75800a9d73b
:104be4005000a8d74800a7d74000a6d73800a5d7bb
:104bf4003000a4d72800a3d72000a2d71800a1d73b
:104c04001000a0d700606041c00000000c01bb8f01
:104c14001401ba8f02609b401001bb8f00709a4050
:104c24001801bd2700e8dd4100609b4018000042e8
:020000040000fa
:020000041d02db
:104c340000e85d4100701a4000601b40e8febd279b
:104c44001401baaf02601a401001bbaf0c01baaf35
:104c540044781b7c00047b3700609b40d800bff77e
:104c6400d000bdf7c800bbf7c000b9f7b800b7f76c
:104c7400b000b5f7a800b3f7a000b2f79800b1f7f9
:104c84009000b0f78800aff78000aef77800adf77a
:104c94007000acf76800abf76000aaf75800a9f7fa
:104ca4005000a8f74800a7f74000a6f73800a5f77a
:104cb4003000a4f72800a3f72000a2f71800a1f7fa
:104cc4001000a0f7121000000401a2af1018000099
:104cd4000001a3af12102000fc00a2af10182000a6
:104ce400f800a3af12104000f400a2af1018400067
:104cf400f000a3af12106000ec00a2af1018600027
:104d0400e800a3afb81c3f7c0801a3af00f84244fd
:104d1400e400a2af7dc3400f00000000e400a28fb6
:104d240000f8c2440801a38ff8fc617c0401a28f3f
:104d3400130040000001a38f11006000fc00a58f48
:104d44001308a000f800a58f1108a000f400a58f97
:104d54001310a000f000a58f1110a000ec00a58f87
:104d64001318a000e800a58f1118a000d800bfd721
:104d7400d000bdd7c800bbd7c000b9d7b800b7d7db
:104d8400b000b5d7a800b3d7a000b2d79800b1d768
:104d94009000b0d78800afd78000aed77800add7e9
:104da4007000acd76800abd76000aad75800a9d769
:104db4005000a8d74800a7d74000a6d73800a5d7e9
:104dc4003000a4d72800a3d72000a2d71800a1d769
:104dd4001000a0d700606041c00000000c01bb8f30
:104de4001401ba8f02609b401001bb8f00709a407f
:104df4001801bd2700e8dd4100609b401800004217
:020000040000fa
:020000041d02db
:104e0400e0ffbd271c00bfaf1800b2af1400b1af64
:104e14001000b0af25808000040080a0ffff0224b2
:104e2400700d410f340082ac500040140400112472
:104e34002588400037021292009212003602029234
:104e44002590420238000292eb000324050043102f
:104e540018004224ff0042300200422c410040501e
:104e640055aa513a55aa02344900421608000624ac
:104e7400059d053ce8d6a5244627410f8a00042653
:104e84003b00401025102002440002920012020050
:104e94004300039225104300ffff44242420820092
:104ea40039008014450003920002042403004410d6
:104eb400000000002d0000100200112428006010e2
:104ec400ffff6224241843002600605455aa513a77
:104ed400470002920012020046000392251043008c
:104ee4002000405055aa513a48000292ffff422444
:104ef4000200422c1b00405055aa513a4a0002922b
:104f0400001202004900039225104300150040508e
:104f140055aa513a4c000292001202004b0003922f
:104f2400251043008000422c080040504f0002929c
:104f3400002c410f580004260100033c2b104300b1
:104f44000800405455aa513a4f0002920012020040
:104f54004e00039225104300050040142510200242
:104f640055aa513a2b88110002003126251020023f
:104f74001c00bf8f1800b28f1400b18f1000b08fc7
:104f84000800e0032000bd27f8ff001002001124f0
:104f940044000292001202004300039225104300d1
:104fa400ffff442424208200030080104500039264
:104fb400eeff00100300112400020424bfff44107c
:0c4fc40000000000e9ff001003001124b1
:020000040000fa
:020000041d02db
:104fd000e0ffbd271c00bfaf1800b1af1400b0af99
:104fe000258080006800918c4000848c3c00028efb
:104ff0001b008200f40140001000038e0200052413
:1050000033006510030005244700651012100000ee
:105010000100052419006510ff004230040000aeb5
:105020000c0000ae080000ae1400238e1b006200ce
:10503000f4014000121800002c0003ae1400238e6f
:105040001b006200f401400010180000300003aea5
:1050500023184300340003ae1800268e2b28c3000b
:105060000b18c50026006210340003ae1c00028e2f
:10507000380002ae01000224100002ae2c00068ea1
:1050800025388000023086701c00058e9df6400f8a
:1050900025200002010003241f0043141c00bf8fc1
:1050a0003c00028e3000048e02204470300004aeba
:1050b0001c00038e3400068e023046701000258ed0
:1050c000422c410f2120640002000224100002ae95
:1050d000010007242c00068e252800004fde400f1b
:1050e00025200002010003240b0043141c00bf8f85
:1050f00003000224100002ae06000010251000007c
:105100001000228e380002ae02000224100002ae0f
:10511000251000001c00bf8f1800b18f1400b08f45
:105120000800e0032000bd27ff0042302c00068e5f
:1051300025384000023046703800058ec8d5400f33
:105140002520000201000324f3ff43141c00bf8f3d
:105150001800238e3400048eeeff641023186400c0
:10516000180023ae1400228e3400038e2110430059
:10517000140022ae3400028e3c00048e1000238ef8
:10518000022844702110a300100022ae100000aecf
:08519000e0ff001025100000f3
:020000040000fa
:020000041d02db
:10519800b0ffbd274c00bfaf4800b4af4400b3af69
:1051a8004000b2af3c00b1af3800b0af25888000f6
:1051b8000400908c2c00a0af2800a0af3000a0af56
:1051c8002000a0af1c00a0af2400a0af1400a0af27
:1051d8001000a0af1800a0af90001426059d133c46
:1051e800ca24410f25208002390040102590400034
:1051f8000f0044900200843860010624e8c965263f
:10520800bb24410f0100842c1000428e050022129d
:10521800252840028929410f1c00a427f0ff00100f
:10522800000000008929410f2800a427ecff001086
:10523800000000008929410f2800a427350000102c
:10524800000000001000a28f9c0002ae1400a28f84
:10525800a00002ae1800a28fa40002ae2800a58ffd
:105268000900a050000020a6030007242800a62754
:1052780056d2400f252000022800a58ffbffa0145e
:1052880003000724000020a6ffff02240c0022ae22
:105298000400238e04006294ffff4224040062a4e9
:1052a8000400238e020062948410027c020062a42f
:1052b8004c00bf8f4800b48f4400b38f4000b28fba
:1052c8003c00b18f3800b08f0800e0035000bd27c4
:1052d8001c00a28f900002ae2000a28f940002aea4
:1052e8002400a28f980002ae2800a58f0800a01005
:1052f8009c001426020007242800a62756d2400f37
:10530800252000022800a58ffaffa0149c0014266f
:10531800059d133cca24410f25208002c9ff401077
:10532800259040000f004490030084386001062453
:10533800e8c96526bb24410f0100842c1000428e69
:10534800bcff2212252840028929410f1000a427fa
:08535800f0ff0010000000004e
:020000040000fa
:020000041d02db
:10536000d0ffbd272c00bfaf2800b5af2400b4afdd
:105370002000b3af1c00b2af1800b1af1400b0af43
:105380005500c0102588c000422d410f25a8a0005f
:105390005b004010258040003000428c5a00405491
:1053a000360002963c00028e0004427c5a004050b7
:1053b00036000296a728410f2520000236000296eb
:1053c000380040543000148e3d0000102588400005
:1053d000420080522510200234000396ffff643003
:1053e0002b20640201008054251860022590600083
:1053f000ffff63302b1843000100605425904000ec
:10540000ffff523215004052340002960500a012f0
:10541000253040023800058e422c410f2520a00285
:1054200021a8b20223987202ffff73322188510231
:10543000ffff31323600029623105200360002a6da
:105440003400029623105200340002a63800028e67
:1054500021905200380012ae340002960800401429
:10546000000000000000828e0b004010300002aef1
:105470000c004394340003a60800428c380002aeae
:105480000d00601236000296d1ff40543000148e99
:10549000cdff001025102002340000a6f8ff0010f8
:1054a000380000ae0c0080522588000025982002ac
:1054b000c9ff0010258800000800401425102002b4
:1054c0003c00028e0004427c0400401025102002a3
:1054d000a728410f25200002251020022c00bf8f95
:1054e0002800b58f2400b48f2000b38f1c00b28f2a
:1054f0001800b18f1400b08f0800e0033000bd2702
:10550000f5ff001025880000edff40502588400081
:10551000e6ff00103000148eabff4010258800001d
:08552000eeff0010251020022f
:020000040000fa
:020000041d02db
:10552800c8ffbd273400bfaf3000b4af2c00b3af05
:105538002800b2af2400b1af2000b0af259880009a
:105548002588a0002580c0000200a0102590e0005a
:105558000000a0ac0400001210000624252800005a
:10556800b02d410f252000023881948f0b00801246
:10557800faff02241000a527e185400f25206002cc
:105588000e0040101000a52704002012251000006e
:105598001000a28f000022ae251000003400bf8f3b
:1055a8003000b48f2c00b38f2800b28f2400b18f45
:1055b8002000b08f0800e0033800bd277a39400f7b
:1055c800252060021100401025286002f3ff001218
:1055d800251000001000a58f1400a48f1800a38fb9
:1055e8001c00a28f030005aa000005ba070004aa40
:1055f800040004ba0b0003aa080003ba0f0002aaa9
:105608000c0002bae5ff001025100000b5d9400fc4
:105618000000848e25284000e0ffa010ffff022430
:105628000000a3948000623005004014000163303c
:1056380001000424fbff0224d8ff00100a10830095
:105648002700a3902600a89025206800d3ff80108b
:10565800feff02241a00601000000000180000126b
:10566800ff0f043cffff843421186400002103006d
:105678001400a38c21186400030067880000679851
:1056880007006688040066980b0064880800649820
:105698000f0062880c006298030007aa000007ba8e
:1056a800070006aa040006ba0b0004aa080004baf8
:1056b8000f0002aa0c0002bab8ff4016251000001d
:1056c800b6ff001125100000b5ff20123400bf8f6f
:1056d8001000a28c0000428c000022aeafff001028
:0456e8002510000089
:020000040000fa
:020000041d02db
:1056ec00ff000224090082101300032400a0023cd6
:1056fc00b002428c05004414000000000500a01408
:10570c0000a0023ca80240ac251800000800e003f1
:10571c002510600000a0023ca00242240800438c2b
:10572c00020042945400621004004224e0ffbd27a2
:10573c001c00bfaf1800b1af1400b0af2580a000a3
:10574c00003c917c402803002128a3008028050000
:10575c002328a3002128a20000a0073ce85ce72432
:10576c001600062440280500f5b4400f2520200221
:10577c00340040100100032400a0073ca85ae72481
:10578c00ff00062400a0023ce85c458cf5b4400ff9
:10579c00252020022b0040100100032400a0043c13
:1057ac00392b410fa85a84241801048e080080104c
:1057bc00258840001c01028e0500401001002326a4
:1057cc002b1043002500401025302002000080a043
:1057dc00ffff3132251020020d00312e0100205226
:1057ec000c000224ffff51302530200200a0053ca4
:1057fc00a85aa524422c410f160004262188110218
:10580c00160020a200a0023ce85c42241400439441
:10581c00080003a20e004394040003a60c00438c62
:10582c00060003a60800428c000002ae00a0023c59
:10583c00a00242240800438c01006324080043acfe
:10584c0025180000251060001c00bf8f1800b18fb8
:10585c001400b08f0800e0032000bd2700a0053c19
:10586c00422c410fa85aa5241801028e2110510078
:10587c00d7ff0010000040a000a0023ca80240ace2
:10588c001600a0a01801a28ca0ff40102518000043
:10589c001c01a48c9dff8054000040a09bff0010b5
:0458ac0000000000f8
:020000040000fa
:020000041d02db
:1058b000e0ffbd271c00bfaf1800b2af1400b1afae
:1058c0001000b0af0180103ce8de10260400028e0c
:1058d0001800428c09f840003400118e140002ae0a
:1058e0001400048e1000028e232082002800088eef
:1058f0002c00098e211888002b2864002138a9006b
:10590000280003ae2c0007ae47002012251000022d
:10591000258040003000429001004224a80d410f34
:10592000300002a23400108e1c0000120180113cd5
:105930000c00028e19004014010012240180113c59
:10594000e8de3126180012a2190012a20400028e0d
:1059500041004014000000001000028e3e00401084
:1059600000000000350a410f2000048e1000028e56
:10597000040040503400308e09f840001400048eba
:105980003400308e050000520180113c0c00028e64
:10599000ecff4010000000000180113cb4d731261c
:1059a0002580000025902002c018100021187000ea
:1059b000801803002118430219006390ff00633030
:1059c00010006010c018100021187000801803002b
:1059d00021184302190060a00400238e0100022454
:1059e00008006214c01010000800238e211050001f
:1059f00080100200211042020c0043acf7d3400f8c
:105a0000252020020100102605000224e6ff0216d0
:105a1000240031260180023ce8de4224300043901d
:105a2000ffff6324300043a00d32410f000000004f
:105a3000d1ab400f258040001432410f25200002d9
:105a40001c00bf8f1800b28f1400b18f1000b08ff0
:105a50000800e0032000bd27e2fb400f25200002e4
:105a60000400028ec1ff4050010000a2c0ff0010e0
:045a70001000028e92
:020000040000fa
:020000041d02db
:105a7400d8ffbd272400bfaf2000b3af1c00b2afd6
:105a84001800b1af1400b0af0f0005248523410ff7
:105a94000f0004245f0040103881908f5d000012d5
:105aa400020042301600401400000000059d113c25
:105ab400c8cb31262716410f240004865500401018
:105ac400c60607242600048625302002059d053cd1
:105ad40024a9a5246523410f2b2004002600028657
:105ae4000300401000000000c929400f25200002d7
:105af400a523410f24000486eeff001000000000df
:105b04005122410f000000008220410f25884000ef
:105b1400253020022538000025204000a553400fe1
:105b240025286000258840001c0002ae0000138e6a
:105b34000c00628eddff40102590000025284002f5
:105b4400062d410f252060022528400000004294c4
:105b5400010043300d0060108000433012006010db
:105b6400000143301400038e010060501800a38c20
:105b74000800a28c231022022b104300040040547e
:105b840001005226aefe400f2520000201005226dd
:105b94000c00628e2b104202e9ff401425284002bb
:105ba400c3ff0010059d113c140060540c00a28c2e
:105bb4000c00a38c231823020200632cf4ff60540e
:105bc400010052260c00b1ac2b00a3902c00a49031
:105bd4002b20640006008010010063242b00a3a086
:105be4001740400f25200002e9ff00100100522653
:105bf40000014234e5ff00100000a2a4e4ff225299
:105c040001005226aefe400f25200002e0ff0010e6
:105c1400010052262400bf8f2000b38f1c00b28fd6
:105c24001800b18f1400b08f0800e0032800bd27ce
:020000040000fa
:020000041d02db
:105c3400e0ffbd271c00bfaf1800b2af1400b1af26
:105c44001000b0af16008390030002241900621400
:105c5400b481838f05006050b48180af1000848cc0
:105c64000400641401000224b48180af8c8180afed
:105c7400010002241c00bf8f1800b28f1400b18fe2
:105c84001000b08f0800e0032000bd277c8180afa6
:105c9400888180a3b48180af8c8180af808180af04
:105ca400a881828f01004224a88182aff1ff0010f5
:105cb40001000224a881828ff9ff4054808180afc3
:105cc400ecffa010251000000800a48c01000324a0
:105cd400e9ff83141c00bf8f5122410f2580a000cf
:105ce40025884000908182af0180023c50e140aca5
:105cf40050e14224040040ac080040ac0c0040ac2d
:105d0400100040ac140040ac180040ac1c0040ac87
:105d14000180023cb0e140a00000058e0600a01006
:105d24001e00062425904000c42d410fb0e14424f8
:105d3400b0e152261e0040a20800028e848182af88
:105d44000c00028e02105170a08182af1000028eee
:105d5400021051709c8182af1400028e02105170a7
:105d6400988182af1800028e02885170948191af9d
:105d74007c05410f0400048eb08182af2530000001
:105d84007b0005242d31410f2520000025204000f3
:105d94001c8082a7ffff0324b6ff83102510000098
:105da40025300000fc49400f02000524253800007e
:105db400059d063c00a2c624000105245a0f410f8c
:105dc4001c8084874c040624019d053c88daa524a4
:105dd4009703410f14000424acff4014ac8182af3c
:105de400531d410f00000000a2ff00102510000009
:020000040000fa
:020000041d02db
:105df4006d00801053ff03246b00a010000000000e
:105e04006900c0102518000050ffbd27ac00bfafcb
:105e1400a800b2afa400b1afa000b0af2588c00005
:105e24002590a0001400838cfeff0224070062105a
:105e340025808000bee5400f0000000025184000ca
:105e4400f1fe02244f006214251060000100023ca0
:105e5400010042242b1022024900401053ff032466
:105e640010000492010002244500821439ff032427
:105e740025302002252840022445400f0c00048ec2
:105e84002518400002000224360062148000022417
:105e94001800a2af2000a2271400a2af2000022401
:105ea4001000a2af059d073c04c0e724300006247f
:105eb400059d053cb4aca524e91b410f0100042455
:105ec4002c004014049d033c2000a427f01b6324f1
:105ed400a000a62700008590000067902628a70050
:105ee4002510450001008424faff86140100632470
:105ef40020004014240006242000a5274fe6400f6c
:105f0400252000021100401401000324240005246c
:105f14001b04410f2000a4270c0040142518400046
:105f2400200006242400a52741b3400f0c00048e52
:105f34000600401425184000253020022528400280
:105f44002445400f0c00048e251840002000a22791
:105f54004400a427000040a001004224fdff441493
:105f64000000000006006010030002240b0062140d
:105f74000200022403000224100002a22fff0324c3
:105f840025106000ac00bf8fa800b28fa400b18fb1
:105f9400a000b08f0800e003b000bd27100002a2eb
:105fa400f7ff001039ff03240800e0032510600008
:020000040000fa
:020000041d02db
:105fb400c8ffbd273400bfaf3000b3af2c00b2af71
:105fc4002800b1af2400b0af1600a01025808000d7
:105fd4007c00828c040040102588a0000500052464
:105fe40009f8400024018424540012260000338e52
:105ff4002000228e08004234200022ae25282002f0
:106004004129410f25204002f8ff601625886002cf
:106014007c00028e030040100600052409f84000ad
:106024002401042624000296040042301000405447
:106034001000a0af20000292100042300b00401468
:1060440001000624ffff052453df400f2520000232
:106054003400bf8f3000b38f2c00b28f2800b18f73
:106064002400b08f0800e0033800bd271000a0af63
:106074001400a0af1800a0af7c00028e03004010f3
:106084000500052409f840002401042654001126c3
:106094004324410f252020022200401425284000db
:1060a4007c00028e2c0040100600052409f84000f4
:1060b400240104261000a28f0c0040507c00028ea4
:1060c4001000458c22b0400f252000021b00401018
:1060d40003000324170043544801028e4c01028e2e
:1060e400010042244c0102ae7c00028e03004010e9
:1060f4000500052409f84000240104261000a52702
:10610400101c410f252020027c00028ed0ff40107d
:106114000600052409f8400024010426cdff0010e0
:106124003400bf8f4129410f1000a427d8ff00106d
:106134000000000001004224480102ae4324410f44
:106144001000a4271000a28fdeff40541000458cdd
:10615400e6ff00107c00028e1000a28fd8ff4014ce
:0c6164001000a527e6ff0010000000005e
:020000040000fa
:020000041d02db
:10617000d0ffbd272c00bfaf2800b5af2400b4afbf
:106180002000b3af1c00b2af1800b1af1400b0af25
:106190002588800025a0a00025a8c0000800a23006
:1061a000480040102590e0000180043c7e25410f0e
:1061b000ace284241800401425804000540022964c
:1061c00001004224540022a65800229601004224d5
:1061d000ffff4230580022a69c8083972b1062005c
:1061e000f4ff0424218003340b188200000043ae26
:1061f000251000022c00bf8f2800b58f2400b48f1b
:106200002000b38f1c00b28f1800b18f1400b08f24
:106210000800e0033000bd27580020a60180043ca0
:106220007e25410fb8e284241c00401425984000cc
:10623000252800020180043c612a410face284243d
:106240005200229601004224520022a656002296b5
:1062500001004224ffff4230560022a69e80839711
:106260002b10620009004010f5ff0224000042ae2e
:10627000dfff00102580000025280002102d410faf
:1062800034002426230000103c00238e208002349a
:10629000000042aed6ff001025800000560020a668
:1062a0005000062425280000b02d410f2520400075
:1062b000ffff02240c0062ae1c0070ae0d00001047
:1062c000258060020180043c7e25410fb8e28424d1
:1062d000dbff401025804000560020a65000062419
:1062e00025280000b02d410f252000021235410f56
:1062f0001400042601009436080014a6deffa01244
:106300000a0000a225280002612a410f3400242639
:106310003c00238e6c80828f2b104300b4ff4054ce
:0c6320006c8083afb3ff0010251000025a
:020000040000fa
:020000041d02db
:10632c0016008590030003246a00a31001000224c8
:10633c00d8ffbd272400bfaf2000b1af1c00b0af09
:10634c00b881828f570040142588800022000624d3
:10635c00252800000180043cb02d410fa2e08424cc
:10636c000180103cffff0224a0e002a60800228e50
:10637c00a0e01026140002ae00002296040002a633
:10638c0025300000049d053c7c26a5243217410fc6
:10639c002520000047004010200002ae4d010624cd
:1063ac00019d053c685da5249703410f0e00042454
:1063bc000180033c3f004010b8e062ac2530000087
:1063cc005f7605242631410f01000424258040000e
:1063dc00ffff0224370002120180023ca0e050a40f
:1063ec00253800005f76062401000524e8bb400f29
:1063fc00252000022f004010253800005f7606246f
:10640c0001000524fa82400f2520000229004010cb
:10641c000100062425280000fc49400f252000021d
:10642c00240040100180113ca0e03126000202241f
:10643c00020022a61000a62705000524ee79400fc5
:10644c0025200002020026961000a2972b10460071
:10645c000500401005000524fc49400f25200002d2
:10646c0014004010000000000180023c01000324d5
:10647c00a8e043ac0100062403000524fc49400fae
:10648c002520000225380000059d063c34a2c624b8
:10649c00000105245a0f410f252000020500401071
:1064ac00b881828f01004224b88182af04000010b1
:1064bc00010002244cfd400f0000000025100000dc
:1064cc002400bf8f2000b18f1c00b08f0800e003a8
:0c64dc002800bd270800e00300000000bd
:020000040000fa
:020000041d02db
:1064e800d0ffbd272c00bfaf2800b6af2400b5af42
:1064f8002000b4af1c00b3af1800b2af1400b1afa6
:106508001000b0af258080002588a0008400838c0f
:106518000001023c0100422424106200010004240e
:106528000100052405004414010016240300023c60
:10653800241862000100652c25b000004800048e74
:106548000c00801001000224710003920a006254ba
:106558007800148e0800a0507800148e2000828cd9
:106568000800423003004054480000aebc05410f0b
:10657800480000ae7800148e7600029624885100f8
:106588002590000005002012259800001700805271
:1065980025880000740012864400138e1600c0126d
:1065a8007c00158e820e410f252000020500201266
:1065b8002538a002253020022528600209f880022b
:1065c800252040022c00bf8f2800b68f2400b58fed
:1065d8002000b48f1c00b38f1800b28f1400b18f45
:1065e8001000b08f0800e0033000bd2725900000a0
:1065f800eaff0010259800005e0002966e0002a6d1
:106608000000028e080002ae0c0002ae100002aebe
:106618001400028e1c0002ae200002ae8400028e1e
:106628004440027c000242348452027c8494027cfe
:10663800c4bd027cc49c027c840002ae380000ae5b
:10664800340000ae830000a2500000aeffff032418
:10665800580003ae01000324600003a66a0003a6e5
:106668005c0000a63c0000ae730000a2000c437c56
:10667800710003a225184000c006427c010040506a
:10668800440000ae0007627c01004050400000aeac
:08669800c6ff0010700000a213
:020000040000fa
:020000041d02db
:1066a000d0ffbd272c00bfaf2800b5af2400b4af8a
:1066b0002000b3af1c00b2af1800b1af1400b0aff0
:1066c00082bf123c0180103c60de102682bf143c69
:1066d00082bf133c0180113c1026428e01004230e3
:1066e0000c00401481bf023c00080324940043ac1a
:1066f0002c00bf8f2800b58f2400b48f2000b38feb
:106700001c00b28f1800b18f1400b08f0800e00396
:106710003000bd273026958e2800038e01006224ac
:106720003000048e2b104400010063240a1802007c
:10673000251060002c00038e0f0062140000000082
:106740002000038e0c006010000000002400058e65
:106750002000028e09f84000010004242800038e66
:10676000010062243000048e2b10440001006324d9
:106770000a180200251060002c00038ed6ff62105c
:10678000000000002800038e0026648e060084307e
:106790000600052423008554ff00b5322800038e2f
:1067a00040180300ff00a632ecda242621286400fa
:1067b0000000a6a001006324003ab57e2118640001
:1067c000000075a0280002ae34000292ff004230a3
:1067d000c1ff4010000000000e27410f0000000024
:1067e0002000038ebaff605082bf143c2400058e47
:1067f0003c000392ff0063300f00601000000000b7
:106800003800038e2b104300b1ff405482bf143c6c
:106810002000028e09f8400025200000acff001087
:1068200082bf143cecda242621186400000075a015
:10683000e4ff0010000000003800038ea4ff435462
:1068400082bf143c2000028e09f840002520000081
:086850009fff001082bf143c01
:020000040000fa
:020000041d02db
:10685800d0ffbd272c00bfaf2800b5af2400b4afd0
:106868002000b3af1c00b2af1800b1af1400b0af36
:1068780082bf123c0180103ca4de102682bf143c6b
:1068880082bf133c0180113c1020428e010042302f
:106898000c00401481bf023c0200033c740043ac6e
:1068a8002c00bf8f2800b58f2400b48f2000b38f31
:1068b8001c00b28f1800b18f1400b08f0800e003dd
:1068c8003000bd273020958e2800038e01006224f9
:1068d8003000048e2b104400010063240a180200c3
:1068e800251060002c00038e0f00621400000000c9
:1068f8002000038e0c006010000000002400058eac
:106908002000028e09f84000010004242800038eac
:10691800010062243000048e2b104400010063241f
:106928000a180200251060002c00038ed6ff6210a2
:10693800000000002800038e0020648e06008430ca
:106948000600052423008554ff00b5322800038e75
:1069580040180300ff00a6321ca124262128640049
:106968000000a6a001006324003ab57e2118640047
:10697800000075a0280002ae34000292ff004230e9
:10698800c1ff4010000000002a27410f000000004e
:106998002000038ebaff605082bf143c2400058e8d
:1069a8003c000392ff0063300f00601000000000fd
:1069b8003800038e2b104300b1ff405482bf143cb3
:1069c8002000028e09f8400025200000acff0010ce
:1069d80082bf143c1ca1242621186400000075a065
:1069e800e4ff0010000000003800038ea4ff4354a9
:1069f80082bf143c2000028e09f8400025200000c8
:086a08009fff001082bf143c47
:020000040000fa
:020000041d02db
:106a1000d0ffbd272c00bfaf2800b5af2400b4af16
:106a20002000b3af1c00b2af1800b1af1400b0af7c
:106a30000b00801053ff1224258080002598a000b1
:106a40001100a0142588c0000500c0147cff02249a
:106a50000000928c4000522e0b1012002590400036
:106a6000251040022c00bf8f2800b58f2400b48f62
:106a70002000b38f1c00b28f1800b18f1400b08fac
:106a80000800e0033000bd270000848c4000822c09
:106a9000f3ff40107cff12240400028e2118220212
:106aa0002b10620004004010040003ae0800028ea8
:106ab00001004224080002ae160080100c001526ca
:106ac00040001424231084022b9022020b10320267
:106ad000259040002530400025286002422c410fbf
:106ae0002120a4020000028e21104202000002ae0a
:106af0002198720207005414238832022528a0022c
:106b0000be18400f25200002d5ff401425904000fc
:106b1000000000ae4000222e23004014259000000b
:106b2000c0ff34260428147c4000942621a074025f
:106b3000251860022510a00240006826030067881f
:106b40000000679807006688040066980b00658857
:106b5000080065980f0064880c006498030047a83b
:106b6000000047b8070046a8040046b80b0045a837
:106b7000080045b80f0044a80c0044b81000632476
:106b8000eeff681410004224400073262528a0025e
:106b9000be18400f25200002e5ff74162590400026
:106ba0003f00313225988002adff201225302002af
:106bb00025286002422c410f2520a002a8ff0010ca
:046bc000000011ae12
:020000040000fa
:020000041d02db
:106bc40016008690030003246700c310010002240a
:106bd400d8ffbd272400bfaf2000b4af1c00b3af63
:106be4001800b2af1400b1af1000b0aff080828fc4
:106bf4002d004054010042243200a0102588a0003a
:106c04002590800005000624049d053c10eca52475
:106c14009703410f2400042425184000ec8082af20
:106c240028006010251000000180043c1235410f3b
:106c3400c4e284240180043c1235410fd0e2842450
:106c44000800448e0800828cb000062409f8400035
:106c54000000258e2580400016004010e88082af99
:106c64000000238e1f0060140180023c40e243ac0c
:106c740040e242240800438e040043ac0400248e06
:106c84000a00832c0a0005240a288300080045ac66
:106c9400080023960c0043a40a0023960e0043a484
:106ca400f080828f01004224f08082af0500001042
:106cb40001000224b52a410fec80848fec8080af60
:106cc400251000002400bf8f2000b48f1c00b38f58
:106cd4001800b28f1400b18f1000b08f0800e003c9
:106ce4002800bd27259800000180143cd0e294269a
:106cf400ffff02240c0002a60e0002a6ffff0224de
:106d0400980002ae040013a6a00000aeac0000a6da
:106d1400080000aea40000ae600000ae640000ae47
:106d24009c0000ae860000a6a80000aeae0000a243
:106d34002c00062425280000b02d410f1c00042639
:106d440025280002612a410f2520800201007326b4
:106d54000000238e2b106302e5ff4014b0001026c0
:106d6400c2ff00100180023c0800e00300000000a4
:020000040000fa
:020000041d02db
:106d7400d0ffbd272c00bfaf2800b5af2400b4afaf
:106d84002000b3af1c00b2af1800b1af1400b0af15
:106d940025a8800025a0a000392b410f2588c0001c
:106da400ffff503005000624059d053cd0d8a524de
:106db400a620410f2520a0023c0040140180023c83
:106dc40078e042900b0040100500b5260180023c9b
:106dd40078e0422410005390259060022530600230
:106de4000c00458ca620410f2520a0021100401064
:106df400801802000180023c8ce042902800401080
:106e0400060002240180023c78e0422424005390ce
:106e140025906002253060022000458ca620410f99
:106e24002520a0021e004054060002240100022472
:106e34008018020021186200801803000180023cbf
:106e440078e0422421104300000082ae21a8b2025f
:106e5400fbff102623801302ffff103207002012cd
:106e640001000224030006260301c22c170040146b
:106e740006000224188282af251000002c00bf8f68
:106e84002800b58f2400b48f2000b38f1c00b28f6c
:106e94001800b18f1400b08f0800e0033000bd2744
:106ea400188282aff5ff0010251000002082829323
:106eb400040040500d0002242482828fe7ff00105a
:106ec400000082aef7ff0010188282af2528000070
:106ed400b02d410f252020020000828e1100429027
:106ee40030004224000022a23a000224010022a21f
:106ef4000700001202003126253000022528a002d6
:106f0400422c410f2520200201001026ffff1032e1
:106f140021883002000020a2d8ff001001000224c2
:020000040000fa
:020000041d02db
:106f2400b0ffbd274c00bfaf4800b5af4400b4afbd
:106f34004000b3af3c00b2af3800b1af3400b0afe3
:106f4400258880002590a00025a0c00025a8e00089
:106f54001f00b0270418107c000015be0f000000ad
:106f64000020023c25800202080000ae0c0000aea6
:106f74007c00828c030040100500052409f84000c1
:106f840024018424253000021401258e6ed0400f84
:106f940025204002259840007c00228e44004010a9
:106fa4000600052409f84000240124261500805217
:106fb4007c00228e0800128e120040527c00228e29
:106fc4000400428e0c0043040000528e0800438edd
:106fd4000400428e8002427c00a0043c0300401066
:106fe400252064000080043c2520640009f8800208
:106ff4002528a0020000528ef1ff40160000000078
:107004007c00228e030040100500052409f840008e
:10701400240124260800028e0c00038e1900435418
:107024000000438c080000ae170040140c0000aeb2
:107034007c00228e030040100600052409f840005d
:1070440024012426251060024c00bf8f4800b58f10
:107054004400b48f4000b38f3c00b28f3800b18f2e
:107064003400b08f0800e0035000bd270c00658c8d
:107074000400442400e0847c1400a4ace5ff001068
:107084000c0062ac080003ae080040ac1001238e73
:10709400000040ac140040ac0c00648cf3ff80543e
:1070a400000082ac080062acdaff00100c0062ac95
:1070b400d9ff80520800028e0800128ec0ff4016cd
:0c70c40000000000d4ff00100800028e45
:020000040000fa
:020000041d02db
:1070d000e8ffbd271400bfaf0400400f0000000010
:1070e0000f004054000043902e36410f0000000076
:1070f0000300422c080040141400bf8f2c36410faf
:1071000000000000059d053c10b2a524c60f410fec
:10711000252040001400bf8f0800e0031800bd27a1
:107120000180053c402003002120830080200400d2
:10713000232083008020040023208300802004007b
:1071400068d8a5242120a400a9008590010004246a
:10715000f0ffa4140180053c40200300212083009f
:10716000802004002320830080200400232083004b
:107170008020040068d8a5242120a400a90080a0b4
:107180006000858c2600a010253000000180043ca2
:1071900068d8872440200300212083008020040039
:1071a000232083008020040023208300802004000b
:1071b0002140e400252000010400a78c2d00475445
:1071c0002530a0002900c0542000a78c2000a68ce8
:1071d000600086ac2530a0002000a78c5c00098de3
:1071e0002000a9ac5c0005ad2528e000f2ffa0144a
:1071f0000180073c40200300212083008020040000
:1072000023208300802004002320830080200400aa
:1072100068d8e724212087006000848c0a28c400f5
:107220000180073c68d8e724403003002120c300d8
:10723000802004002320830080200400232083007a
:10724000802004002120e400640085ac7400859057
:10725000ffffa524740085a0190080a0080040a0ad
:1072600001000224abff0010a90082a0daff001089
:0c7270002000c7acddff00102000a58c42
:020000040000fa
:020000041d02db
:10727c00c8ffbd273400bfaf3000b7af2c00b6af8e
:10728c002800b5af2400b4af2000b3af1c00b2afe0
:10729c001800b1af1400b0af4800b48f2580800047
:1072ac0050008010ffff02242588800025a8a00034
:1072bc0025b8c000392b410f2598e00025904000df
:1072cc002580000047004012ffff022400002382ab
:1072dc002f0002240300621025b00000010052268a
:1072ec00010016240001432e258000003d00601093
:1072fc00feff02240300e01600000000049d173c72
:10730c0078b6f72609f8e0025c02042425804000d8
:10731c0034000012fdff02245c0206242528000024
:10732c00b02d410f25200002049d023cd87b422445
:10733c0025180002400044240000488c0400478caf
:10734c000800468c0c00458c000068ac040067ac4f
:10735c00080066ac0c0065ac10004224f6ff441427
:10736c00100063240000448c0400428c000064acc8
:10737c00040062ac480010ae0400c0125900042690
:10738c005a0004262f000224590002a2ff000624f2
:10739c00c42d410f25282002ffff422621882202fe
:1073ac00000024822f0003240300831421180202fe
:1073bc00590060a025904000540012a62f00022412
:1073cc00590102a201000224560002a60300601615
:1073dc00580015a2049d133c103773264c0013aeb5
:1073ec002510000001008056000082ae251000021e
:1073fc003400bf8f3000b78f2c00b68f2800b58fac
:10740c002400b48f2000b38f1c00b28f1800b18ff2
:0c741c001400b08f0800e0033800bd270a
:020000040000fa
:020000041d02db
:1074280098ffbd276400bfaf6000b4af5c00b3af86
:107438005800b2af5400b1af5000b0af25908000f3
:107448002520a0005000538e3f00b1270418117c5e
:10745800000035be0f0000000020023c25882202f3
:10746800080020ae0c0020ae1f00b0270418107cc6
:10747800000015be0f00000025800202080000aec3
:107488000c0000ae253020026ed0400f1c01458e46
:1074980025a040000800228e0c00238e30004354a3
:1074a8000000438c080020ae2e0040140c0020aed3
:1074b8000800028e05004010010007242530000254
:1074c8001c01458e4aa4400f252040022510800249
:1074d8006400bf8f6000b48f5c00b38f5800b28f18
:1074e8005400b18f5000b08f0800e0036800bd273a
:1074f8000c00048e0400432400e0637c140083ac79
:10750800e4ff00100c0002ae000040ac140040acd8
:107518000c00648c0c008054000082ac080062ac43
:107528000c0062ac080040ac0400428c0003427cb2
:10753800d9ff40540800228e4a34410f25206002aa
:10754800d5ff00100800228e0c00658c040044242e
:1075580000e0847c1400a4acf2ff00100c0062acc4
:10756800080023ae0400438c4002637ce6ff6050b1
:107578001801438e0400438cc4ff037c040043ac11
:107588000400438c84f7037c040043ac0400438c60
:10759800c45a037c040043ac0400438c0100042457
:1075a800c439837c040043ac000040ac140040acf8
:1075b8000c00038eceff6054000062ac080002aedf
:0875c800b4ff00100c0002ae3c
:020000040000fa
:020000041d02db
:1075d000c8ffbd273400bfaf3000b5af2c00b4af3b
:1075e0002800b3af2400b2af2000b1af0027410f95
:1075f0001c00b0af5500401082bf153c0180123c0a
:1076000060de502682bf143c0180113c1c81312673
:1076100082bf133c060005241026a48e000284308d
:107620000c00801081bf023c00100324940043ac86
:107630003400bf8f3000b58f2c00b48f2800b38f7b
:107640002400b28f2000b18f1c00b08f0800e0032f
:107650003800bd270c00028e0800038e4200435004
:1076600081bf023c0026838e06006330280065142b
:10767000401802008a31237e1000a6a30100632473
:107680008a19237e1100a3a3010043241800068e4b
:107690002b186600010042240b2043000c0004aeae
:1076a0000026828e060042301c0045141000a2976e
:1076b000202662ae10000292ff004230d6ff40103a
:1076c00000000000ce28410f0000000060de438e65
:1076d000d1ff6010060005240400058e1c000392f3
:1076e000ff00633011006010000000001400038ee2
:1076f0002b104300c8ff40540600052460de428e74
:1077000009f8400003000424c3ff0010060005240c
:107710008a19227edcff00101000a3a31000a293a0
:10772000202662aee3ff0010000000001400038e6c
:10773000b9ff43540600052460de428e09f840007c
:1077400003000424b4ff00100600052400100224e6
:1077500081bf033c140162ac81bf033c940062ac66
:10776000b4ff00103400bf8f00100324140143ac99
:08777000adff001081bf023cd7
:020000040000fa
:020000041d02db
:10777800c8ffbd273400bfaf3000b5af2c00b4af91
:107788002800b3af2400b2af2000b1af1c27410fcf
:107798001c00b0af5500401082bf153c0180123c60
:1077a800a4de502682bf143c0180113c1c91312676
:1077b80082bf133c060005241020a48e00028430ea
:1077c8000c00801081bf023c0400033c740043acf1
:1077d8003400bf8f3000b58f2c00b48f2800b38fd2
:1077e8002400b28f2000b18f1c00b08f0800e00386
:1077f8003800bd270c00028e0800038e420043505b
:1078080081bf023c0020838e060063302800651487
:10781800401802008a31237e1000a6a301006324c9
:107828008a19237e1100a3a3010043241800068ea1
:107838002b186600010042240b2043000c0004ae04
:107848000020828e060042301c0045141000a297ca
:10785800202062ae10000292ff004230d6ff401096
:1078680000000000db28410f00000000a4de438e6a
:10787800d1ff6010060005240400058e1c00039249
:10788800ff00633011006010000000001400038e38
:107898002b104300c8ff405406000524a4de428e86
:1078a80009f8400003000424c3ff00100600052463
:1078b8008a19227edcff00101000a3a31000a293f7
:1078c800202062aee3ff0010000000001400038ec9
:1078d800b9ff435406000524a4de428e09f840008f
:1078e80003000424b4ff0010060005240400023c31
:1078f80081bf033cf40062ac81bf033c740062acfe
:10790800b4ff00103400bf8f0400033cf40043ac04
:08791800adff001081bf023c2d
:020000040000fa
:020000041d02db
:10792000e0ffbd271c00bfaf1800b1af1400b0af1f
:10793000e080838f1e00605401000524dc80838f6b
:1079400025006014251000001600839022006014aa
:107950002580a00002000224e08082af0800828c13
:1079600006004010258880000400a01000000000e0
:107970000000a28c1d004014000000002e36410fb4
:107980000000000008004050e08080af2c36410f1e
:1079900000000000049d053c6469a52469f2400fc5
:1079a00025204000e08080af0b0000102510000073
:1079b0000900651425100000dc80838f0700601823
:1079c0001c00bf8f16008490030080140100022465
:1079d00001006324dc8083af1c00bf8f1800b18fcf
:1079e0001400b08f0800e0032000bd275122410f92
:1079f00000000000c48082af0800248ed88084afcd
:107a00000000118e04000296cc8082a70600029628
:107a1000ca8082a70800828c0400062409f840006e
:107a2000252820020e004014e48082af2e36410f3c
:107a30000000000008004050e08080af2c36410f6d
:107a400000000000049d053c9469a52469f2400fe4
:107a500025204000e08080afdfff001025100000ef
:107a6000d48091af05000624009d053c0022a5248a
:107a70009703410f0a00042406004014d08082af0f
:107a800004fd400f00000000e08080afd2ff001036
:107a900025100000dc80828f010042240d32410f4e
:107aa000dc8082af01000324c88083a31432410f1d
:107ab0002520400001000224dc8082afc6ff0010b8
:047ac000e08082af31
:020000040000fa
:020000041d02db
:107ac4006600a010fbff02240000a38c630060107a
:107ad4000000000061008010faff02244200839439
:107ae400400063305d00601000000000c0ffbd274f
:107af4003c00bfaf3800beaf3400b7af3000b6af04
:107b04002c00b5af2800b4af2400b3af2000b2af4f
:107b14001c00b1af020002244b00e2101800b0af09
:107b24000300e22c10004010010002241600e210b1
:107b340040001224f9ff02243c00bf8f3800be8f9e
:107b44003400b78f3000b68f2c00b58f2800b48f67
:107b54002400b38f2000b28f1c00b18f1800b08fa7
:107b64000800e0034000bd27030002243900e210ae
:107b740025900000040002240400e210258800007f
:107b8400edff0010f9ff0224400011242598c000e5
:107b940025a0a0001000a4af0180023cff33410fd8
:107ba4001cde508c001902002310620080100200b9
:107bb400218002020000168e0c00c38edeff6010ce
:107bc4002510000000009e8e0000778e25a0000086
:107bd40025288002062d410f0000048e25a84000b0
:107be4000000429401004330100060102410510042
:107bf4000f005254010094260800a28e0000638ee8
:107c0400241043002418d703080043142528a00295
:107c14007f10410f25200002feff072425300000bd
:107c24000800a52625ea400f1000a48f0100942621
:107c34000c00c28e2b108202e5ff40143c00bf8f63
:107c4400bfff00103800be8f80001224cfff001049
:107c540080001124cdff0010c00011240800e003af
:047c6400000000001c
:020000040000fa
:020000041d02db
:107c6800c8ffbd273400bfaf3000b3af2c00b2afa0
:107c78002800b1af2400b0af3881918f31002012b5
:107c8800faff03242f008010f7ff032400008280ee
:107c98002c0040102598c0002590a000392b410fda
:107ca800258080004000422c26004010f7ff032466
:107cb8001000a527e185400f25200002210040146f
:107cc800020003241000a5277a39400f252000025e
:107cd8001c00401402000324252800021fe0400f66
:107ce8000000248e2580400016004010f8ff032471
:107cf8000100022404004212010003241c00433a3c
:107d08002b18030002006324160060160000029678
:107d18000200443017008054260000a22a00049272
:107d2800242064002e008314800044300500801451
:107d3800251800000001423001000324fbff042441
:107d48000b188200251060003400bf8f3000b38ffd
:107d58002c00b28f2800b18f2400b08f0800e003f8
:107d68003800bd27020044301e0080100100643036
:107d7800260000a2270000a2c441027c000002a63f
:107d8800180000ae280012a22a00029225186200ec
:107d98002a0003a21c00228e080002ae0c0002aecc
:107da8002b0000a20400238e0300601401000224ab
:107db800b135410f00000000401002002c0002a263
:107dc8002600229601004224260022a62528000229
:107dd8001740400f25202002daff00102518400028
:107de8000100643001008054260000a202006430c3
:107df80001008054270000a2c439027ce0ff001073
:047e0800000002a6ce
:020000040000fa
:020000041d02db
:107e0c002014047c6500401800000000ff00823044
:107e1c000b00422c6100401000000000e8ffbd2761
:107e2c001400bfaf1000b0afffff84242086047c89
:107e3c00c010100021105000801802000180023c7c
:107e4c007cd342248a11437c290040100180023cdf
:107e5c00c018100021187000801803007cd3422435
:107e6c0021104300040042942000423011004010c5
:107e7c000180023cc018100021187000801803000b
:107e8c007cd34224211043000c00428c1000438c04
:107e9c0008006010c010100021105000801002006b
:107eac001c0042240180043c7cd3842409f860002b
:107ebc0021208200c0101000211050008010020000
:107ecc000180033c7cd36324211043000800428cc6
:107edc002800458c0a00a014c020100021809000be
:107eec008020100021806400ffff0224030002a206
:107efc001400bf8f1000b08f0800e0031800bd27de
:107f0c000180023cc018100021187000801803007a
:107f1c007cd342242110430009f8a00006004484bd
:107f2c000180023c41cc43900100022413006214f6
:107f3c00c020100021809000802010000180103c97
:107f4c007cd3102621800402000000ae040000ae99
:107f5c00080000ae0c0000ae100000ae140000ae25
:107f6c00180000ae1c0000ae200000ae0180023ce8
:107f7c0001000324deff001041cc43a00180023c31
:107f8c0021809000802010007cd35024218004029a
:107f9c00fcff0224d6ff0010030002a20800e0033d
:047fac0000000000d1
:020000040000fa
:020000041d02db
:107fb000e0ffbd271c00bfaf1800b2af1400b1af87
:107fc0001000b0af2014047c1a004018258800006f
:107fd000ff0082300b00422c16004010ffff84246b
:107fe0002086047cc0101000211050008018020070
:107ff0000180023c7cd342248a11437c0d00401056
:10800000251060000180033c7cd3632421104300d1
:108010000800428c2000458c0d00a014c0201000e8
:10802000218090008020100021806400ffff022446
:10803000030002a2251020021c00bf8f1800b28f7f
:108040001400b18f1000b08f0800e0032000bd279e
:108050000180023cc0181000211870008018030035
:108060007cd342242110430009f8a0000600448478
:10807000f0ff4010258840000180023cc01810002d
:1080800021187000801803007cd342242110430083
:108090000400429420004230e6ff40100180023c80
:1080a000c018100021187000801803007cd34224ef
:1080b00021104300020042900200422cddff4014d8
:1080c0000180023cc01810002118700080180300c5
:1080d0007cd3422421104300010042901300401041
:1080e0000180023cc01810002118700080180300a5
:1080f0007cd34224211043000c00428c1000428c9f
:108100000a0040101c0064240180123c7cd35226db
:1081100009f8400021204402c01010002110500036
:108120008010020021904202010040a20180023c26
:10813000c020100021809000802010007cd35024ab
:108140002180040201000224baff0010020002a2f2
:020000040000fa
:020000041d02db
:108150006500801053ff02246300a010000000009f
:10816000d8ffbd272400bfaf2000b3af1c00b2afc3
:108170001800b1af1400b0af258080000c0092242d
:108180000000828c01004324000083ac21104202d5
:1081900080ff0324000043a00000848c3900822c5f
:1081a0000b0040142588a0004000132423306402f3
:1081b00025280000b02d410f21204402000013aefd
:1081c00025284002be18400f25200002000000ae06
:1081d0000000048e380006242330c4002528000047
:1081e000b02d410f212044020400038e0800028eae
:1081f000c01002004227030021104400080002ae14
:10820000c0180300040003ae440002260400042644
:108210000300838800008398470003aa000043b846
:108220004800022608000426030083880000839883
:108230004b0003aa000043b825284002be18400f97
:10824000252000024c0002260300468800004698c4
:1082500007004588040045980b00448808004498ae
:108260000f0043880c004398030026aa000026ba9a
:10827000070025aa040025ba0b0024aa080024ba86
:108280000f0023aa0c0023ba4567023c01234224b5
:108290004c0002aecdef023c89ab4234500002ae3e
:1082a000ba98023cfedc4234540002ae3210023c6a
:1082b00076544224580002ae000000ae040000ae26
:1082c000080000ae600000ae251000002400bf8f43
:1082d0002000b38f1c00b28f1800b18f1400b08f34
:1082e0000800e0032800bd270800e00300000000ac
:020000040000fa
:020000041d02db
:1082f000e8ffbd271400bfaf1000b0af00606241bf
:10830000c000000006eb400f000000008ebf023ce2
:108310000000448c030003240429647c000044ac66
:108320000000448c0410647c000044ac80bf023c1c
:108330000000448c0429647c000044ac6785400f35
:108340000180103cb12f410f00000000b92f410ff8
:1083500000000000fa00410f000000003e01410f44
:1083600000000000df2b410f000000001ad5400f75
:108370000000000055d7400f000000001c01410f15
:1083800000000000d523410f00000000d903410f79
:1083900000000000fdf8400f00000000750f410fc5
:1083a00000000000059d053c5082a5242d6f400f64
:1083b00025200000c4e002ae059d053c70b6a52452
:1083c000a7b7400f25200000c4e01026080002ae29
:1083d000049d023c9879428c059d053c38d9a52422
:1083e00009f8400025200000140002ae059d053c60
:1083f00030d9a5245bf7400f25200000180002aefd
:10840000059d053c08d9a52446ad400f2520000058
:10841000040002ae059d053c24d7a524d607410fd4
:10842000252000000c0002ae059d053c18d7a524b0
:10843000862e410f252000001c0002ae059d053c44
:1084400010d9a5246146400f25200000c11b410f13
:10845000200002aea62d410f100002ae059d043c87
:108460008dd7400fb8d484245e36410f0000000041
:108470003ad6400f00000000206062411400bf8f18
:0c8480001000b08f0800e0031800bd27ba
:020000040000fa
:020000041d02db
:10848c00c8ffbd273400bfaf3000b5af2c00b4af70
:10849c002800b3af2400b2af2000b1af1c00b0afc6
:1084ac000f0005248523410f1600042451004010b1
:1084bc00b480828f4f004010c080918f64013126b0
:1084cc0025980000059d143c9cfe3226e2fe248675
:1084dc00ffff02244200821025802002c9e4400fd5
:1084ec0000000000060040545c004296fae4400f85
:1084fc00e2fe248608004050defe02965c004296a6
:10850c0040004230210040105c0042968431027cd5
:10851c005c0042a6defe0296230040140000000020
:10852c0036a6400fe2fe04861f0040148e80829314
:10853c002b0040148c8082972a0040500100732637
:10854c005c004296800042302600405001007326a9
:10855c001a36410f00000000ffff4330f6fe049670
:10856c00231864008c8084972a1864001d006054c2
:10857c0001007326f6fe02a604000224fcfe02a6ed
:10858c001000022416000010defe02a601000324d7
:10859c000421627c5c0042a60f000224defe02a6cf
:1085ac0006000224fcfe02a61a36410f048595260d
:1085bc00f6fe02a61000a0a3defe029680100200ba
:1085cc000a10a27e1000a52709f8400025204002c1
:1085dc00defe02a61000a293f7ff40501000a0a3ed
:1085ec0001007326b480828f2b106202b6ff4014f8
:1085fc00640131263400bf8f3000b58f2c00b48f4e
:10860c002800b38f2400b28f2000b18f1c00b08fd4
:08861c000800e0033800bd274f
:020000040000fa
:020000041d02db
:108624000080023cd06542246000821400000000f7
:108634005e008010000000000080023cf065429063
:10864400010042305900401000000000e0ffbd2747
:108654001c00bfaf1800b1af1400b0af0080103cd5
:10866400d06510264800118e1000228e09f84000b3
:108674001400048e1c00038e010002241d006214e9
:108684000080023ce865508c1c00228e09f84000f2
:108694002520000201000324170043101c00bf8f93
:1086a4002000228e09f84000252000021600401008
:1086b400258840000080103c6bca400fd06504261a
:1086c400d0651026ffff02242e36410f1c0002ae97
:1086d400090040101c00bf8f2c36410f0000000021
:1086e40025302002059d053ca8c0a52469f2400f51
:1086f400252040001c00bf8f1800b18f1400b08fdc
:108704000800e0032000bd270080023cd06542241d
:1087140020004390010004248410837c200043a0a3
:108724004000468c0100c230170040100080023c1b
:10873400d0654224ff006330c418837c200043a02a
:108744007020410f0080103cd06510265122410f4b
:10875400840002ae3e00039602106270e7034224d6
:108764006210033cd34d6324190043001010000031
:1087740082110200880002ae980000ae02000224ba
:10878400dcff00101c0002ae0200c6300080043c76
:10879400d06584240f0002240b304600abd0400f78
:1087a4008000858ce6ff0010000000000800e00354
:0487b40000000000c1
:020000040000fa
:020000041d02db
:1087b800e0ffbd271c00bfaf1800b1af1400b0af79
:1087c8002588a000de2c410f2580c0002400401021
:1087d8002518000023000052251060000d00232eec
:1087e8005600601080881100039d053c0488a5246c
:1087f8000a28b17c0800a000000000003888029d0b
:108808008088029da488029dbc88029d4489029d9f
:108818004489029dd888029d4489029dec88029d66
:108828000089029d1489029d2489029d3489029d34
:108838008400438c021d030001006338010063308b
:10884800000003a28400428c421502000100423855
:1088580001004230010002a2020000a60100032428
:10886800251060001c00bf8f1800b18f1400b08f56
:108878000800e0032000bd278400438c8003637c4c
:10888800000003a26c004394020003a680004290fb
:10889800040002a2f2ff0010010003241800438c18
:1088a8001400428c23186200000003a6ecff00109d
:1088b800010003240400438c0000428c231862004a
:1088c80001006324000003a6e5ff00100100032453
:1088d8008400428c4006427c000002a2e0ff0010a7
:1088e800010003248400428c000b427c000002ae8d
:1088f800dbff0010010003248400428cc003427c8b
:10890800000002a2d6ff001001000324810042905b
:10891800000002a2d2ff001001000324820042904e
:10892800000002a2ceff001001000324880042903c
:10893800000002a2caff001001000324c8ff0010b3
:0489480025180000ee
:020000040000fa
:020000041d02db
:10894c00e0ffbd271c00bfaf1800b2af1400b1afe1
:10895c001000b0af47008010258080005500a0109b
:10896c002590a00048000292ff004230fdff40100d
:10897c000000000048000292ff0042300a00405004
:10898c002400118e0d32410f0000000048000392ac
:10899c00ffff6324ff006330480003a21432410f31
:1089ac00252040002400118e0a0020120f004526bd
:1089bc00022905000100a5240400228e2b18450075
:1089cc003e006010251820020000718c0b00205610
:1089dc000400228efaff02240d32410f380002ae41
:1089ec004800039201006324480003a21432410f93
:1089fc00252040001f000010258000002b20450082
:108a0c002a008014232045000300862c0600c05445
:108a1c000000248e2000a254040024ae1c006050e0
:108a2c000000238e0000248e000064ac2800048e0d
:108a3c0001009150280003ae3000038e211043003a
:108a4c00300002ae3400038e2b186200010060541b
:108a5c00340002ae0d32410f0000000048000392ba
:108a6c0001006324480003a21432410f252040006a
:108a7c0010003026251000021c00bf8f1800b28f8a
:108a8c001400b18f1000b08f0800e0032000bd2748
:108a9c00e6ff0010240003ae00210400218824020c
:108aac00040025aee4ff00102510a000c6ff001046
:108abc0025182002efff0010258000002320450020
:108acc000300832cf2ff60540000238ed1ff0010b2
:048adc002518000059
:020000040000fa
:020000041d02db
:108ae0000d008010251000000b00c010212885000b
:108af00025c8000001000c2402000b2403000a24f6
:108b000025c000003e000f242f000e243f00092442
:108b1000400085145f000d240800e0030000000001
:108b2000d0ff0325ff0063300a00632c03006010b0
:108b30000400032545000010ff006330d5ff032526
:108b4000fd006330410060502518e0013f000e1128
:108b5000251820013d000d110000000001008424b3
:108b60002f008554000088900400b08f0800e003b7
:108b70000800bd2735000010251820010e002c1715
:108b8000024103000000d990254019010000c8a04f
:108b90002b404700f5ff00110400b08f0100422474
:108ba000ffff4230001903000100c3a00100c624ea
:108bb000eaff001025c860010e002b178240030059
:108bc0000000d990254019010000c8a02b404700a3
:108bd000e6ff00110400b08f01004224ffff423085
:108be000801903000100c3a00100c624dbff0010b0
:108bf00025c84001daff2a57010084240000c890ec
:108c0000251868000000c3a00100c624d3ff00108f
:108c100025c80003f8ffbd270400b0af000088900e
:108c2000bfff0325ff0063301a00702c07000016f9
:108c3000000000009fff0325ff0063301a00632c33
:108c4000b7ff6010b9ff0325ff006330cbff20178b
:108c50002b404700c5ff00110400b08f01004224e3
:108c6000ffff4230801803000000c3a0bbff0010cc
:048c700025c8800192
:020000040000fa
:020000041d02db
:108c7400b8ffbd274400bfaf4000b5af3c00b4af60
:108c84003800b3af3400b2af3000b1af2c00b0af96
:108c94004800a4af25a8a0002580c000253000000e
:108ca4001000a5275e41400f4800a4270a00401485
:108cb400259040001000a28f000002ae1400448ce6
:108cc4001c00538cfeff63262b1864000c006054b8
:108cd400000044900000a4ae251040024400bf8f61
:108ce4004000b58f3c00b48f3800b38f3400b28f8e
:108cf4003000b18f2c00b08f0800e0034800bd277e
:108d04000100032419008314258040021400a2af3b
:108d14000200112425282002e9ac400f1400a427e6
:108d2400ffff0324320043100100032433004310e7
:108d3400010031260100422c218002021000a28f82
:108d44001c00428c2b102202f3ff40142528200221
:108d54000000b0ae1000a28f140050ac0500439088
:108d640001006334dcff0010050043a02800548c8c
:108d7400258840020500201625288002700d410f29
:108d84001000a48f1b004014010094261000a48f2f
:108d940000008390020002240e0062143800842430
:108da40021209100010082900012020000008390b3
:108db400251043000100422c2180020202003126ca
:108dc400ffff7326ebff6016ff013132e1ff001055
:108dd4000000b0ae002c410f2120910000d8427c4d
:108de4000100422c21800202f5ff0010040031260c
:108df40001000224b8ff001025904000fdff001080
:048e04000200022442
:020000040000fa
:020000041d02db
:108e0800c8ffbd273400bfaf3000b5af2c00b4afea
:108e18002800b3af2400b2af2000b1af1c00b0af40
:108e28002598e0000040e230150040104800b28f5d
:108e38001400a0af108082271000a2af0000a78cfa
:108e48000000c68c9ba9400f0f0065320600032462
:108e5800f7ff04240b206200251080003400bf8f28
:108e68003000b58f2c00b48f2800b38f2400b28f48
:108e78002000b18f1c00b08f0800e0033800bd2728
:108e880025a080002580a00025a8c0000180023c04
:108e9800ff33410f1cde518c0019020023106200c1
:108ea8008010020021882202252800021fe0400fbe
:108eb8000000248e25804000e8ff0012feff0224f7
:108ec8000000029602004330140060100020653252
:108ed8000211130000014230000243342400272607
:108ee800253000000b10650025284000aa0a410f14
:108ef800252000020800078e1400a0af10808227ea
:108f08001000a2af0000a68e0f0065329ba9400f8b
:108f180025208002d1ff001001000224c000433048
:108f2800ceff60100300022409004052000003969f
:108f38001000028e030042aa000042ba14000292f6
:108f4800040042a215000292050042a20000039606
:108f580080006330c1ff6010020002241400312633
:108f6800040012262528400278f4400f252020020c
:108f78000180023c2cde428c0c0002ae2528400207
:108f880017f2400f25202002b4ff0010020002242f
:020000040000fa
:020000041d02db
:108f9800c0ffbd273c00bfaf3800beaf3400b7af3d
:108fa8003000b6af2c00b5af2800b4af2400b3af83
:108fb8002000b2af1c00b1af1800b0af0000a29003
:108fc80008004010259800002518a000010063241f
:108fd800219862024098130000006290fbff401441
:108fe800feff733200a0023ca20242943d004018ea
:108ff800ffff10242590c0001000a5af2588800031
:1090080025a000002580000000a0173c00a0163c09
:1090180000a0153c070003320c0060142310500018
:109028000900462c080003240b18460040281000ad
:10903800a85ce726403003000800a524f5b4400fdb
:109048002520200227004050ffff1024070002328d
:1090580040100200a85ce32621104300000042945f
:1090680019005314a002c226020045940400a52446
:109078002128b4002538400216000624402805009f
:10908800f5b4400f25202002392b410f1000a48f82
:1090980025f04000a85ba726253040000000458e3b
:1090a800f5b4400f252020020e004050ffff102489
:1090b8002530c0031000a58fa620410fa85ba42669
:1090c800090040102510000201001026a002c22647
:1090d800020042942a180202ceff60140b00942664
:1090e800ffff1024251000023c00bf8f3800be8f00
:1090f8003400b78f3000b68f2c00b58f2800b48f9e
:109108002400b38f2000b28f1c00b18f1800b08fdd
:109118000800e0034000bd27f2ff0010ffff102405
:020000040000fa
:020000041d02db
:10912800d0ffbd272c00bfaf2800b5af2400b4afd7
:109138002000b3af1c00b2af1800b1af1400b0af3d
:109148002588a0002590c00025a8e0005000948c38
:109158000800d08c0c00c28c340002160c00b38cb2
:109168000800c0ac0c00c0ac0400028ec439027cfc
:10917800040002ae0800428e0c00438e34004354b3
:109188000000438c080040ae320040140c0040ae92
:109198000000628e0400068e0800058e0c00048e06
:1091a8001000038e000062ae040066ae080065aed3
:1091b8000c0064ae100063ae040000ae080000ae00
:1091c800000000ae140000ae0c00228e31004054a6
:1091d800000050ac080030ae0c0030ae0400628ec7
:1091e80001000324c439627c040062ae0400628e6c
:1091f8000500a0120003427c040040142c00bf8f1d
:109208004a34410f252080022c00bf8f2800b58fdb
:109218002400b48f2000b38f1c00b28f1800b18fc8
:109228001400b08f0800e0033000bd270000028e54
:10923800cdff00100800c2ac0c00248e04004324ab
:1092480000e0637c140083ac090000100c0022ae1f
:10925800080043ae000040ac140040ac0c00238e64
:10926800f5ff6054000062ac080022ae0c0022ae8c
:109278000400428cbfffa0120003427cbeff405492
:109288000800428e4a34410f25208002baff0010a0
:109298000800428e0c00238e0400022600e0427c67
:0c92a800140062accdff00100c0030aed2
:020000040000fa
:020000041d02db
:1092b400b8ffbd274400bfaf4000b7af3c00b6af16
:1092c4003800b5af3400b4af3000b3af2c00b2af48
:1092d4002800b1af2400b0af25a0800025b0a000c5
:1092e40025a8c00025b8e000b88084977c80828fd0
:1092f40009f840000100842417004014b8808797bf
:109304000100e724059d063c1cb9c6241000052471
:10931400d800410f1000a4271000a627edff052454
:10932400f127410f25208002ffff02344400bf8f44
:109334004000b78f3c00b68f3800b58f3400b48f2f
:109344003000b38f2c00b28f2800b18f2400b08f6f
:109354000800e0034800bd2725884000392b410f51
:109364002520c0022598400036a6400f460084867a
:10937400b88085972b18a200090060102338450097
:10938400059d063c1cb9c624d800410f25202002a7
:109394002530200230800534f127410f252080023a
:1093a400b88086972b106602ffff12341d00401010
:1093b400258000000300e0122b10f3021900401472
:1093c4002530e0022528200247b4400f4600848659
:1093d400258040002b98530012006016ffff1234c2
:1093e40021102202000040a02528c0020a02410fd9
:1093f400252020020b004010400107242390510037
:1094040027201200059d063ca8d3c624049d053cd4
:109414008468a524d1fe400fc22704002190b20223
:10942400ffff52327880828f09f840002520200205
:0c94340000141000bdff001025105200b5
:020000040000fa
:020000041d02db
:10944000d8ffbd272400bfaf2000b3af1c00b2afd0
:109450001800b1af1400b0af0080023cd0654224c8
:1094600024008214258800002598a0005200801056
:109470002588c0000080023c2600c0102066528c67
:109480000080023c7066428c030040100080023c69
:109490000e18410f6c66448ccd19410f25206002d7
:1094a0000080033cd0656324a000658c25286502fc
:1094b000a00065aca800648c252082000d00a010df
:1094c000a80064ac25986000ac00708c2780100068
:1094d00024800202252800025a35410f252040022f
:1094e000252800025d35410f252040024c2d410ffb
:1094f0009c00648e251020022400bf8f2000b38fb3
:109500001c00b28f1800b18f1400b08f0800e00368
:109510002800bd270080023c7066508c04000012b9
:109520000080023c0e18410f6c66448c2588400078
:1095300024801302cd19410f2520000225984000f8
:10954000271010000080103cd0651026a000038e6c
:1095500024186200a00003ae27181300a800048e90
:1095600024208300a80004aea400048e241044002c
:10957000a40002aeac00028e24186200ac0003ae60
:10958000252860026035410f252040022528600211
:109590005a35410f25204002a000028e08004010dd
:1095a000252820020080023c0b2c410f6c66448c65
:1095b000d0ff001001001124ceff0010258800000c
:0895c000ccff00100100112492
:020000040000fa
:020000041d02db
:1095c800d8ffbd272400bfaf2000b3af1c00b2af47
:1095d8001800b1af1400b0af258080002598a00016
:1095e80098e4400f0e0084844f00401001001224bc
:1095f80036a6400f0e00048647004010258840001c
:10960800253040007400058e3278400f0e00048625
:109618004100401025884000840002a684000726e7
:109628007400068e252800003325410f25200002ee
:1096380039004014259000009800038effff022493
:109648001d0062549800048e9000028e0b0040505a
:109658008c00128e940002ae01000524fb80400f9e
:109668009400048effff03240a00435003000224e1
:10967800980002ae100000109800048e2f000524f8
:109688005427410f252040020a104202f2ff001021
:10969800940002aea00002ae3c05410f2520000256
:1096a800861f410f252000029800048effff022428
:1096b80019008210ffff12249c00058e0400a018d8
:1096c80025302002bca7400f25300000253020029d
:1096d8007400058ec6da400f9800048effff03243d
:1096e8000a00431425900000ebde400f9800048e1a
:1096f80005000224a00002ae3c05410f252000020f
:10970800861f410f25200002ffff122418e2400f98
:109718009800048e9c0002ae000071a67c00028ea8
:10972800218851007c0011ae251040022400bf8f13
:109738002000b38f1c00b28f1800b18f1400b08fb7
:089748000800e0032800bd2722
:020000040000fa
:020000041d02db
:10975000c0ffbd273c00bfaf3800b6af3400b5af87
:109760003000b4af2c00b3af2800b2af2400b1afcb
:109770002000b0af25b0a0002588c00025a8e000db
:109780001235410f1000a4270180043c010b410f4a
:1097900060e284240180133c60e273260180143c63
:1097a0007e25410f252060020c00401425804000da
:1097b0000180043c1000a28f60e282ac60e284244d
:1097c0001400a28f040082ac1800a28ff91a410f76
:1097d000080082ac2c0000103c00bf8f04000292f5
:1097e000010003241f004314020003240800128e0a
:1097f000852a410f050004920c00048e0000c38ee0
:1098000031008314252800022800a006fcff05244f
:109810001400438e0300258a0000259a030065a8e2
:10982000000065b804002492040064a0050024929e
:10983000050064a022004010000040ae2528400230
:109840008314410f2520400018004004fbff05242d
:1098500025280002612a410fdce28426d0ff001097
:109860000000000003004314b60a0624e0ff0010c5
:109870000800128e059d053c20cba5244225410ff2
:10988000252000003c00bf8f3800b68f3400b58f14
:109890003000b48f2c00b38f2800b28f2400b18f1a
:1098a0002000b08f0800e0034000bd27030006241d
:1098b000b012410f25204002e6ff001025280002cb
:1098c000faff0010fbff0524612a410f1000a427b6
:0898d000b3ff001000000000ce
:020000040000fa
:020000041d02db
:1098d800201c047c5e00601825100000ff00833007
:1098e8000b00632c5a00601000000000ffff842466
:1098f8002026047cc018040021186400801003008e
:109908000180033c7cd363248a19627c5000601078
:1099180025100000e8ffbd271400bfaf0180023cfe
:10992800c018040021186400801803007cd3422466
:1099380021104300040042942000423029004010c6
:10994800c01804000180023c21186400801803003c
:109958007cd34224211043000200459004000324d4
:109968001400a314251000000180023cc018040054
:1099780021186400801803007cd34224211043007e
:109988000c00428c2000438c0d006014c0100400b1
:109998000180023cc01804002120640080180400e3
:1099a8007cd3442421208300ffff0224030082a0eb
:1099b800251000001400bf8f0800e0031800bd2721
:1099c80021104400801002001c0042240180043c45
:1099d8007cd3842409f8600021208200f5ff001060
:1099e800ffff423021186400801803000180053c05
:1099f8007cd3a524211865000800638c4c00658c75
:109a08000900a0140180033cc02804002120a40000
:109a1800802804007cd3642421208500ffff0324d0
:109a2800e4ff0010030083a00180023cc01804007a
:109a380021206400801804007cd344242120830062
:109a480009f8a00006008484dbff00101400bf8f13
:089a58000800e003000000001b
:020000040000fa
:020000041d02db
:109a6000880002243f00a2108900a2281a0040109a
:109a7000810002245400a2108200a2280500401098
:109a8000800002245100a2500000e28c0800e00394
:109a900025100000820002243b00a2500000e28c4e
:109aa00084000224f9ffa214000000000000e28cf0
:109ab000040043240000428c2700c0100000e3ace7
:109ac0002016027c000082acc3170200040082aca6
:109ad0000800e00301000224a00002243600a25086
:109ae0000000e28ca100a228100040109000022487
:109af000e6ffa214000000000000e28c07004224f0
:109b00000410027c0000488c0400498c08004224a8
:109b10000000e2ac000088ac040089ac0100c01079
:109b2000010002240800e00300000000c00002243d
:109b30000500a2500000e28cf0000224d3ffa21422
:109b4000000000000000e28c040043240000e3acad
:109b5000020000100000428cffff42302000001085
:109b6000000082ac0000e28c040043240000428c20
:109b70000300c0100000e3acd2ff00102014027cf0
:109b8000f6ff0010ff004230070042240410027c60
:109b90000000488c0400498c080042240000e2ac1c
:109ba000000088ac040089acdeffc0100100022474
:109bb0000800e00300000000040043240000e3acc0
:109bc000c0ff00100000428c0000e28c040043241f
:109bd0000000e3ac0000428cbbffc014000082ac6c
:089be000bbff0010040080ac83
:020000040000fa
:020000041d02db
:109be800c8ffbd273400bfaf3000beaf2c00b7aff1
:109bf8002800b6af2400b5af2000b4af1c00b3af47
:109c08001800b2af1400b1af1000b0af5000b38f5e
:109c1800fcff62260200422c060040144c00be8f56
:109c28002000a22c4a0040102000c22c49004010fd
:109c3800faff112425b8e00025a0c00025a8a0003f
:109c4800bcfc400f010005244400401025b0400032
:109c58000400528c02004296020043302580000026
:109c680025006010fcff1124080042302200401437
:109c7800f8ff1124ca24410f84004426258040009f
:109c88001d004010020011240f0044900100843888
:109c980060010624059d053ce8c9a524bb24410fa5
:109ca8000100842cff0073320c0013a2040015a6d7
:109cb800060014a64800a28f0d0002a2080017aee5
:109cc800010002240e0002a203000224040062160e
:109cd800100016ae0200429608004234020042a666
:109ce800252800028929410f9000442602000224f9
:109cf8000f0002a2258800000d32410f000000006d
:109d08000000439201006324000043a21432410f73
:109d1800252040000100c0570000d1af25100002e7
:109d28003400bf8f3000be8f2c00b78f2800b68f4d
:109d38002400b58f2000b48f1c00b38f1800b28f99
:109d48001400b18f1000b08f0800e0033800bd2761
:109d5800fbff1124efff001025800000fdff00101d
:049d6800ffff1124c4
:020000040000fa
:020000041d02db
:109d6c0090ffbd276c00bfaf6800b4af6400b3af09
:109d7c006000b2af5c00b1af5800b0af0f0005246b
:109d8c008523410f0600042401004230f2ff122407
:109d9c0044004014f6ff11246c00bf8f6800b48f90
:109dac006400b38f6000b28f5c00b18f5800b08f2d
:109dbc000800e0037000bd272c0006960800c22c9a
:109dcc003e004014253800001c00138e1800148e21
:109ddc00252860025dc9400f252000023d0040147b
:109dec00080002240000639635006214f3ff05247a
:109dfc00100085265e17410f2800048e3000401499
:109e0c00f1ff05242800138e1c00048e000080a096
:109e1c00010080a00200829425284000ff004630fb
:109e2c000800c324ff0063300438657c0800632cf1
:109e3c0007006010003a427c01004224ff004230cf
:109e4c0003004014047a457c0900c6240438c57c00
:109e5c00020085a4000000ae25300000010005249e
:109e6c00abbf400f252000021800028e0c00438c63
:109e7c004800a3af1000428c4c00a2af5000b3af0f
:109e8c0025300000252800024558400f1000a4275b
:109e9c000400401406000624faff0524b012410ffa
:109eac0025200002c12a410f06000424c2ff4014e1
:109ebc0025804000b9ff00106c00bf8f25284002a0
:109ecc0006000624b012410f25200002f5ff0010f9
:109edc0000000000faff001025282002f8ff0010f7
:049eec00f1ff052459
:020000040000fa
:020000041d02db
:109ef000e0ffbd271c00bfaf1800b2af1400b1af28
:109f0000ffff02240b0082141000b0af09000224ee
:109f1000188282afffff1124251020021c00bf8f82
:109f20001800b28f1400b18f1000b08f0800e0034a
:109f30002000bd272580800000008290050040148d
:109f40002588a00009000224188282aff2ff0010c9
:109f5000ffff11240400828c0800438c1800648cdd
:109f60000500805401000424170002240c0002aef6
:109f7000e9ff0010ffff11241000c4142590a00079
:109f80001c00638c13006010010003240c0000ae61
:109f9000120044902e00835407000224120040a0b7
:109fa0000400028e0800428c1c00428c09f840001c
:109fb0000800048e110000102190420202000424c7
:109fc0002600c4540c0000ae2400638c1b006054b7
:109fd0000c0000ae170002240c0002aeceff0010f1
:109fe000ffff11240400028e0800428c2400428ce2
:109ff00009f840000800048e219042020400028efd
:10a000000800428c1800428c2528400209f84000c4
:10a010000800048e0400038e1200642402008010e5
:10a0200001000424120064a0bcff4050251020024f
:10a030000c0002aeb8ff0010ffff11241200449084
:10a0400001000324e7ff8350120040a00700022410
:10a050000c0002aeb0ff0010ffff1124120044906c
:10a0600001000324faff835407000224e3ff0010d9
:04a07000120040a0fa
:020000040000fa
:020000041d02db
:10a07400d8fdbd272402bfaf2002b3af1c02b2af8c
:10a084001802b1af1402b0afa830410f2598a00058
:10a0940016004010faff12241100601225804000bf
:10a0a400392b410f252060020d0040102588400007
:10a0b40021106202ffff43802f0002241300625428
:10a0c400010032260001312e1300201225286002df
:10a0d400ba2d410f1000a4273d00001000010724f1
:10a0e400ffff0224500002aeffff1224251040029d
:10a0f4002402bf8f2002b38f1c02b28f1802b18fcb
:10a104001402b08f0800e0032802bd270001422e8c
:10a114002500401425286002feff0224500002aef0
:10a12400f2ff0010feff122451b7400f1001a427c4
:10a13400ffff03240500431400000000fbff02247a
:10a14400500002aee9ff0010fbff12241fdf400f96
:10a15400252040005901112654000596ff000624cd
:10a164001001a22721284500c42d410f25202002db
:10a17400580200a2392b410f25202002ffff43245f
:10a1840021882302000024822f000324d7ff835058
:10a19400560002a6010023a2020020a201004224cc
:10a1a400d2ff0010560002a6ba2d410f1000a427ba
:10a1b4001000a227218851002f000224000022a2af
:10a1c4001000a22721105200000040a00001072423
:10a1d4001001a6271000a5271374400f25200002a4
:10a1e400d1ff401025904000c0ff0010500002ae87
:020000040000fa
:020000041d02db
:10a1f400d0ffbd272c00bfaf2800b5af2400b4affb
:10a204002000b3af1c00b2af1800b1af1400b0af60
:10a214001400938c200073262000023c2b10620251
:10a224000d0040541c00828c1c0080ac04000324ec
:10a23400251060002c00bf8f2800b58f2400b48f38
:10a244002000b38f1c00b28f1800b18f1400b08fa0
:10a254000800e0033000bd27f5ff4010040003248c
:10a2640025a8a00025808000ff0174323a008016e2
:10a274000000918c010042241c0082ac1800858ce3
:10a284000800a01442111300080023962b10430069
:10a2940032004054140013ae1c0080ace4ff0010e4
:10a2a400040003240a002296ffff4224421a1300ea
:10a2b4002410430029004054140013aee9ac400fad
:10a2c40000000000259040000200422cd8ff4014fa
:10a2d40002000324ffff0224d5ff421201000324dd
:10a2e4001c00228e2b10420217004054180012ae9c
:10a2f4000400a0561800058e1c0000aeccff001010
:10a3040004000324f47f400f252000022590400020
:10a31400c7ff40100700032401000224c4ff4212b7
:10a3240002000324ffff0224c1ff421201000324a0
:10a3340025284002cae7400f25202002bcff401414
:10a3440001000324180012ae25284002e52a410f1b
:10a35400252020021c0002ae140013ae3800312662
:10a3640021883402200011aeb1ff0010251800002e
:020000040000fa
:020000041d02db
:10a374000080033cd06563245a008314faff02244e
:10a384005800801000000000e0ffbd271c00bfaf94
:10a394001800b2af1400b1af1000b0af2588c000f0
:10a3a4002600a0102580a0000080023c4c66428c50
:10a3b40004004010050005240080043c09f8400016
:10a3c400f06684240080053cfc66a5240080123cd1
:10a3d400ca20410fd06544260080053c0067a524af
:10a3e400db20410fd0654426d06552267c00428e86
:10a3f40004004010060005240080043c09f84000d5
:10a40400f06684240080023cd06542242801478cf5
:10a414002c01468c3001458c3401448c3801438c2a
:10a424003c01428c000007ae040006ae080005aef5
:10a434000c0004ae100003ae140002ae2300201280
:10a44400251000000080023c4c66428c0400401041
:10a45400050005240080043c09f84000f4668424c7
:10a464000080053c1467a5240080103cec20410fbb
:10a47400d0650426d06502264401438c5c00448cdc
:10a4840021186400440143ac7c00428c0400401059
:10a49400060005240080043c09f84000f466842486
:10a4a4000080023cd06542244001458c4401448c28
:10a4b4004801438c4c01428c000025ae040024aebc
:10a4c400080023ae0c0022ae251000001c00bf8f34
:10a4d4001800b28f1400b18f1000b08f0800e00391
:0ca4e4002000bd270800e003000000007d
:020000040000fa
:020000041d02db
:10a4f000f8fdbd270402bfaf0002b1affc01b0af51
:10a5000025808000d801a0afdc01a0afe001a0afa2
:10a51000e401a0afe801a0afec01a0aff001a0af53
:10a52000c801a0afcc01a0afd001a0afd401a0afb3
:10a53000100005243308410fc801a4272929410f21
:10a540001000a4277100039201000224130062147a
:10a55000253000004000028ed801a2af3c00028ee0
:10a56000dc01a2af5e000296001402005c000396bc
:10a5700021104300e001a2afc801a28fe401a2af05
:10a58000cc01a28fe801a2afd001a28fec01a2af53
:10a59000d401a28ff001a2af1c000624d801a52788
:10a5a0006227410f1000a427d801a5276f27410f6c
:10a5b0001000a427170a410f000000002588400062
:10a5c000c335410f25806000c21e110040311000cc
:10a5d00025306600402911002318b1002b20a3006c
:10a5e0002328d0002328a400823603008021050000
:10a5f0002520c400803103002318c3002b30c30082
:10a60000232885002328a60042270300c028050030
:10a6100025288500c0180300218871002b1823020b
:10a620002128b00021286500821e11008029050024
:10a63000252865008026050000c8317e25304000b1
:10a640002538000025209100a553400f82290500e0
:10a65000d801a38f211062000402bf8f0002b18fc6
:0ca66000fc01b08f0800e0030802bd27d9
:020000040000fa
:020000041d02db
:10a66c00d0ffbd272c00bfaf2800b6af2400b5af7c
:10a67c002000b4af1c00b3af1800b2af1400b1afe0
:10a68c001000b0af2598800025b0a00025a8c00010
:10a69c0025a0e0004000b18f0180023c5cde508cb4
:10a6ac00050000124400b28f2000028e08004230d8
:10a6bc00090040501800048e1525410f00000000c1
:10a6cc002580400032000012251000000180023c61
:10a6dc005cde50ac1800048e01000224000082a441
:10a6ec0000080224020082a406000224040082a0b6
:10a6fc0004000224050082a02f004016060096a438
:10a70c003c00628e0b0082a8080082b84000629662
:10a71c000c0082a4110095a80e0095b80300228aa3
:10a72c000000229a150082a8120082b8040022921e
:10a73c00160082a005002292170082a01b0094a88c
:10a74c006321410f180094b81000028e1c000324e2
:10a75c000c0043a4912f410f25206002060807240a
:10a76c00253040002528200240f2400f2520000211
:10a77c000700401025280002000000ae280013ae90
:10a78c008314410f2520600227100200c21702001b
:10a79c002c00bf8f2800b68f2400b58f2000b48ffb
:10a7ac001c00b38f1800b28f1400b18f1000b08f43
:10a7bc000800e0033000bd270300428a0000429ae3
:10a7cc000b0082a8080082b8040042920c0082a000
:0ca7dc0005004292cfff00100d0082a08b
:020000040000fa
:020000041d02db
:10a7e800d0ffbd272c00bfaf2800b1af2400b0af09
:10a7f8001800a0a71a00a0a70c008584ffff032457
:10a808004b00a31425100000258080001400a0af81
:10a818001000a0af180087941400868c050005244a
:10a82800165a400f2520000025884000ffff02240b
:10a8380044002212253800020c0011a6049d063c93
:10a84800f849c6240006052491b2400f25202002ad
:10a858001a00a6270300052467e4400f25202002dc
:10a8680002004014000202241a00a2a71a00a597a9
:10a87800f0ffa5301a00a5a70180023c44e2448cf1
:10a888000400828c09f84000000000002d004010f0
:10a89800680002ae1a00a297880002a61800a62730
:10a8a8000200052467e4400f25202002020040141e
:10a8b800000202241800a2a71800a597f0ffa530ef
:10a8c8001800a5a70180023c44e2448c0400828c55
:10a8d80009f84000000000001a0040106c0002aea9
:10a8e8001800a2978a0002a61000078e1800069684
:10a8f8001400058e05e4400f0c0004861200401079
:10a90800070002242be5400f0c0004860e004010bf
:10a918000700022402000224080002ae0180023c63
:10a9280048e2458cf41c410f252000022510000048
:10a938002c00bf8f2800b18f2400b08f0800e003df
:10a948003000bd2707000224a00002ae12e9400f24
:0ca9580025200002f6ff0010ffff022483
:020000040000fa
:020000041d02db
:10a96400c8ffbd273400bfaf3000b3af2c00b2af77
:10a974002800b1af2400b0af258880002580a00056
:10a984002590c0001400a0a71800a0af4800828c36
:10a994001000a52709f84000252000020d004004fe
:10a9a4001000b3972800228e1800a627252800003f
:10a9b40009f8400025200002010002241a00621256
:10a9c4002016137c0a004010020002243600621292
:10a9d400f4ff02243400bf8f3000b38f2c00b28ff9
:10a9e4002800b18f2400b08f0800e0033800bd2791
:10a9f4005000228e1800a68f1b00052409f8400081
:10aa040025200002f3ff400401000324f1ff43105a
:10aa1400010005244c00228e09f840002520000284
:10aa2400ecff0010010002245400228e1400a5271c
:10aa340009f8400025200002e6ff40040100032439
:10aa4400e4ff4310000243321400a2970c0060108c
:10aa5400100042301400a2a7020002241000a2a792
:10aa64001400a2971200a2a74c00228e1000a58ffa
:10aa740009f8400025200002d6ff0010010002243e
:10aa840000085232040040160080032425104300bd
:10aa9400f1ff00101400a2a700a003242510430016
:10aaa400edff00101400a2a71200a6971400a6a799
:10aab4005800228e1800a78f1b00052409f84000b7
:10aac40025200002c4ff40043400bf8f0100423837
:08aad400c0ff00100100422c3c
:020000040000fa
:020000041d02db
:10aadc00d8ffbd272400bfaf2000b4af1c00b3af1c
:10aaec001800b2af1400b1af1000b0af25908000c9
:10aafc002588a0003400848c2620a400370f07245e
:10ab0c00059d063c34cfc624059d053c2ca0a524f0
:10ab1c00d1fe400f0100842c7e25410f34004426c9
:10ab2c002580400008004294080043301f0060104c
:10ab3c00180042300c00058effff02240a00a250c0
:10ab4c001c00058e7480848f1400828c09f84000e0
:10ab5c00000000003400062608000524f127410ff0
:10ab6c00252040021c00058e0500a050252800025f
:10ab7c000180043c612a410face2842425280002a8
:10ab8c000180043c612a410fb8e284242400bf8f69
:10ab9c002000b48f1c00b38f1800b28f1400b18f3b
:10abac001000b08f0800e0032800bd271d004014e2
:10abbc00100003240c00048e030080107880828f18
:10abcc0009f8400000000000140031260180143cfc
:10abdc007e25410f25202002e8ff401025984000db
:10abec000c00629201004230090040108080868f78
:10abfc000800c010252860021400c28c050040100b
:10ac0c00000000000400658e09f840002520400279
:10ac1c0025286002612a410fa0e28426ecff001077
:10ac2c0000000000d6ff4314252800022c00048edf
:10ac3c00d3ff80107880828f09f84000000000005c
:08ac4c00cfff001025280002d3
:020000040000fa
:020000041d02db
:10ac5400e8ffbd271400bfaf1000b0af2d00a01057
:10ac64002580a000254880000100082482bf0b3cf9
:10ac740006000a240180063c60dec624256000002c
:10ac84000180073c1c81e724ffff10250026628d0c
:10ac94000600423031004a14000000000c00ce8c43
:10aca4000800c28c01004d241800c38c2b68a3013a
:10acb400010043240a188d011600c31125686000a1
:10acc40001002391001a030000002e9125186e0044
:10acd40000266e8d0600ce311b00ca15ff006f30b2
:10ace40040100200217047000000cfa1010042245f
:10acf400021a030021104700000043a00800cdac55
:10ad0400010003252b1005010d0040140200292524
:10ad1400258000010027410f0000000003004010bf
:10ad240081bf023c00100324180143ac251000022b
:10ad34001400bf8f1000b08f0800e0031800bd2777
:10ad4400d1ff001025406000ff0063302110470050
:10ad5400000043a0e9ff0010000000000c00cd8caf
:10ad64000800c28c010043241800ce8c2b186e00fe
:10ad740001004e240a708301e6ffae112518c001bc
:10ad840021688800ffffae9100266d8d0600ad316d
:10ad94000a00aa552110470040100200216847000c
:10ada4000000aea10100422421104700000040a091
:10adb4000800c3acd3ff00100100032500004ea01f
:08adc400fbff0010000000007d
:020000040000fa
:020000041d02db
:10adcc00e8ffbd271400bfaf1000b0af2d00a010de
:10addc002580a000254880000100082482bf0b3c80
:10adec0006000a240180063ca4dec624256000006f
:10adfc000180073c1c91e724ffff10250020628d89
:10ae0c000600423031004a14000000000c00ce8cc9
:10ae1c000800c28c01004d241800c38c2b68a301c0
:10ae2c00010043240a188d011600c3112568600027
:10ae3c0001002391001a030000002e9125186e00ca
:10ae4c0000206e8d0600ce311b00ca15ff006f303e
:10ae5c0040100200217047000000cfa101004224e5
:10ae6c00021a030021104700000043a00800cdacdb
:10ae7c00010003252b1005010d00401402002925ab
:10ae8c00258000011c27410f00000000030040102a
:10ae9c0081bf023c0400033cf80043ac25100002c7
:10aeac001400bf8f1000b08f0800e0031800bd27fe
:10aebc00d1ff001025406000ff00633021104700d7
:10aecc00000043a0e9ff0010000000000c00cd8c36
:10aedc000800c28c010043241800ce8c2b186e0085
:10aeec0001004e240a708301e6ffae112518c00143
:10aefc0021688800ffffae9100206d8d0600ad31fa
:10af0c000a00aa5521104700401002002168470092
:10af1c000000aea10100422421104700000040a017
:10af2c000800c3acd3ff00100100032500004ea0a5
:08af3c00fbff00100000000003
:020000040000fa
:020000041d02db
:10af4400e0ffbd271c00bfaf1800b2af1400b1afc3
:10af54001000b0af0180023ce8de42243400438c90
:10af64001400448c100044ac460060100180023c84
:10af74000c00628c3b0041040180023ce8de422468
:10af84001400428cff7f103cffff103621805000dc
:10af9400258800022b8002020180123ce8de522642
:10afa4000400428e1800428c09f8400000000000a2
:10afb400253000001000438e2b184300040060105d
:10afc400ffff43242b286200251060002530a000d9
:10afd4000180033c08df638c212062002b2883005e
:10afe4002128a6002b3005020600c054211062005f
:10aff4002c00b0142b2024022b0080500180023c32
:10b00400211062000180033ce8de63241c0062ac72
:10b014000180023ce8de42241c00428c04004014ff
:10b024000180023ce8de4224010003241c0043acfe
:10b034000180023ce8de42241c00448c0400428c63
:10b044001400428c09f84000000000001c00bf8f6f
:10b054001800b28f1400b18f1000b08f0800e00305
:10b064002000bd270c00708c0180023ce8de4224e5
:10b074001400428c2180500025880002c6ff001075
:10b084002b800202e8de42241400428cff7f103c35
:10b09400ffff10362180500025880002beff0010fb
:10b0a4002b8002020180023ce8de42241c0051ace9
:08b0b400d8ff00100180023cee
:020000040000fa
:020000041d02db
:10b0bc00c8ffbd273400bfaf3000b7af2c00b6af10
:10b0cc002800b5af2400b4af2000b3af1c00b2af62
:10b0dc001800b1af1400b0af3a00a0102590a0003a
:10b0ec002598c00025a8a000258080000100d43040
:10b0fc004000d77c25900000039d163c320005963d
:10b10c00f2ffa5246c00028e25300000ffffa53055
:10b11c0009f84000380004242a004010258840001b
:10b12c0006008052f45fc2261000438c100062941b
:10b13c0004004234100062a4f45fc226080022ae60
:10b14c000700e0120c0030ae1000228e0e00459469
:10b15c00f0ffa530320005a64d29410f5000048e9a
:10b16c000400623227004010000020ae7c00028eea
:10b17c00030040100500052409f8400020010426b6
:10b18c001000258e2b381400010006240800a5247d
:10b19c00da7d400f2520000225b840007c00028e8d
:10b1ac00030040100600052409f840002001042685
:10b1bc001000e052010052267000028e09f8400087
:10b1cc0025202002251040023400bf8f3000b78f9d
:10b1dc002c00b68f2800b58f2400b48f2000b38fbd
:10b1ec001c00b28f1800b18f1400b08f0800e00360
:10b1fc003800bd27c1ffb21625b80000f2ff0010c1
:10b20c00251040021000258e2b3814000100062456
:10b21c000800a524da7d400f25200002e4ff001071
:04b22c0025b8400001
:020000040000fa
:020000041d02db
:10b23000d8ffbd272400bfaf2000b4af1c00b3afc0
:10b240001800b2af1400b1af1000b0af3200c010a0
:10b250002588c000de2c410f2598a0004d0040102d
:10b2600025804000e824410f252040004b0040107d
:10b27000259040002b1051000b884202ffff313215
:10b280002000058e1800028e2118b1002b184300f3
:10b290000d00601025a0000023104500010042248d
:10b2a00005006012ffff543025308002422c410f10
:10b2b000252060022198740223883402ffff313276
:10b2c0001400028e200002ae04006012253020021d
:10b2d0002000058e422c410f252060022000028ea6
:10b2e00021105100200002ae21883402ffff3132cc
:10b2f0008df5400f252000020700401423905102d5
:10b300002a9032020d004016010003248400028eb0
:10b31000c439627c840002ae251020022400bf8f55
:10b320002000b48f1c00b38f1800b28f1400b18faf
:10b330001000b08f0800e0032800bd278400028eb3
:10b3400004004230f5ff4014251020028400028ed4
:10b350008410627c7020410f840002aec480848f10
:10b360004018040021186400c0180300211864006c
:10b37000c01803006210043cd34d842419006400fb
:10b38000101800008219030021106200e2ff001073
:10b39000280002aee0ff001025880000deff00104c
:04b3a00025884000bc
:020000040000fa
:020000041d02db
:10b3a4000200a22c5900401401000324d8ffbd2739
:10b3b4002400bfaf2000b3af1c00b2af1800b1af80
:10b3c4001400b0af0000908c1c00028e2b10a20061
:10b3d400290040102510600000000292020003249e
:10b3e4002c0043102588a0000300032439004310d7
:10b3f400010004241f0044140100032442900500aa
:10b4040021904502422a12002800028e2128a2001f
:10b41400700d410f2520000216004014ffff032485
:10b4240001005326ff015232219012023800529239
:10b43400422a13002800028e2128a200700d410f19
:10b44400252000020b004014ffff0324ff01733288
:10b4540021801302380002920012020025105200cb
:10b4640001002332ff0f4530021102000b28430074
:10b474002518a000251060002400bf8f2000b38f82
:10b484001c00b28f1800b18f1400b08f0800e003c5
:10b494002800bd27022a05002800028e2128a200c8
:10b4a400700d410f25200002f2ff4014ffff03241a
:10b4b4003800102640181100fe0163302180030279
:10b4c40001000392001a030000000592e9ff001036
:10b4d40025186500c22905002800028e2128a20033
:10b4e400700d410f25200002e2ff4014ffff0324ea
:10b4f4003800102680181100fc016430002c410f24
:10b5040021200402dbff001000d8437c0800e00384
:04b51400251060009e
:020000040000fa
:020000041d02db
:10b518005a00a010ffff0224580080140000000009
:10b52800e0ffbd271c00bfaf1800b1af1400b0afdb
:10b538000180103ce8de102601000224380002a237
:10b548000000a28c040002ae0c00428c09f84000f6
:10b558002588a0000c0002ae822702008018020095
:10b56800211062002b18430021206400c22e020023
:10b57800401904002518a300402902002310a20046
:10b588002b28a2002318640023186500822f0200cc
:10b5980080180300eb0b063c00c2c63425380000b7
:10b5a80080200200a553400f2528a3000200422452
:10b5b800200002ae0400228e080002ae100000ae89
:10b5c800ffff0224180002aeff7f023cffff423457
:10b5d8001c0002ae2510000025180000280002ae4d
:10b5e8002c0003ae340000ae300000a20400028e2e
:10b5f8000000428c25280000029d043c09f8400008
:10b60800b05884240400028e1000428c03004010bd
:10b618000180033c09f8400000df648c0180113c84
:10b62800e8de30261c00048e0400028e1400428cd2
:10b6380009f84000000000000400028e0400428c5b
:10b6480009f8400000000000b40006242528000086
:10b658000180043cb02d410fb4d784240200022499
:10b66800e8de22ae251000021c00bf8f1800b18f43
:10b678001400b08f0800e0032000bd270800e00395
:04b6880000000000be
:020000040000fa
:020000041d02db
:10b68c00e8ffbd271400bfaf1000b0af0e21410f73
:10b69c00258080004f0040101400bf8f20000396bf
:10b6ac00010062302e004010220005960020a330cd
:10b6bc00050004240b1083000004a4300300801048
:10b6cc002518000010004234010003240008a430a7
:10b6dc0003008010253000002000423401000624b5
:10b6ec003400049624000896260009960800078e5c
:10b6fc0000082a31040040110100e79000020a31d1
:10b70c001f0040550a0005240004293103002011b4
:10b71c0000010831100000550c0005242420850080
:10b72c00000185301600a01412000524800085301d
:10b73c000900a01414000524400085302800a01432
:10b74c00200084300400801424000524feff4230c5
:10b75c000020423425280000140000102520000091
:10b76c0010006330030004240b0002240a10830031
:10b77c00253000000a300300d9ff00102518c00046
:10b78c00422007002430c4002520e6002420640059
:10b79c00040008240b200401251866002418e3007b
:10b7ac0025308000080084340a20c3002800038e52
:10b7bc000500605025280000000062ac040065ac58
:10b7cc00080064ac25280000361c410f252000021f
:10b7dc001400bf8f1000b08f0800e0031800bd27c5
:10b7ec00e7ff001022000524dbff001014000524e5
:020000040000fa
:020000041d02db
:10b7fc00e8ffbd271400bfaf1000b0afbc80828f34
:10b80c000600401025808000c080828f04004050cc
:10b81c000800048e55c2400f252000000800048e3d
:10b82c008480828f26208200b0030724059d063c6d
:10b83c00c8d3c624059d053c2ca0a524d1fe400fe1
:10b84c000100842cbc80858f0600a0108480848f1e
:10b85c000c00828c09f8400000000000bc8080af16
:10b86c00ba8080a7c080858f0500a0108480848f4b
:10b87c000c00828c09f8400000000000c08080aff2
:10b88c009480858f0500a0108480848f0c00828c9e
:10b89c0009f8400000000000948080afa080858fe4
:10b8ac000500a0108480848f0c00828c09f8400065
:10b8bc0000000000a08080af0180103cace210269c
:10b8cc007e25410f25200002200040148480848fa7
:10b8dc008880848f050080507480848fb52a410f36
:10b8ec0000000000888080af7480848f0600805038
:10b8fc006480848f4000828c09f8400000000000b6
:10b90c00748080af6480848f080080507c8080af0e
:10b91c00e215410f000000007880828f09f840008a
:10b92c006480848f648080af7c8080af788080afaf
:10b93c00808080afb48080af848080af1400bf8fd4
:10b94c001000b08f0800e0031800bd270c00838c9a
:10b95c0009f8600025284000d9ff00100000000005
:020000040000fa
:020000041d02db
:10b96c000600a0501c01828c0b00a0a80800a0b8f7
:10b97c000c00a0a00d00a0a01c01828c0800438c20
:10b98c0019006010010002240400648cc002847c45
:10b99c000400688cc001087d13000015020002240d
:10b9ac000400628c450043040000638c4300805407
:10b9bc000000638c0200e0100c0062240000e2ac7a
:10b9cc002510a00025206000255000002540000017
:10b9dc0000a00d3c00800c3c0d0040540800898cec
:10b9ec001b00c014000000000800e0030000000071
:10b9fc000400648cc002847c0400628cc001427c14
:10ba0c00e7ff4010020002240800e00300000000e1
:10ba1c0004008b8c80026b7d25382d0125482c0170
:10ba2c000b382b010b0047a8080047b80400878c83
:10ba3c000054e77c0c0047a0023a07000d0047a019
:10ba4c0003004788000047982510e00001004a25b4
:10ba5c000400878cc001e77cfdffe01400000000af
:10ba6c00010008250400878c8007e77cdaffe05092
:10ba7c000000848c0100c0540000c8ac05004010cc
:10ba8c00000000000b0040a8080040b80c0040a0cb
:10ba9c000d0040a0d4ffa01025100000d2ff4815c7
:10baac00fcff02240400628c01000424c45a827c32
:10babc00040062ac0800e00325100000ccff601409
:0cbacc00010002240800e003000000005c
:020000040000fa
:020000041d02db
:10bad80055008014ffff02240180023cf0d5448cfd
:10bae8000200032450008314ffff02240180023c5b
:10baf800bdd64490010003244b008314ffff0224a9
:10bb08000180023cecd54324d10060a0ecd54290e2
:10bb1800370040100180023c0180023cedd5429084
:10bb2800330040140180023c251060000c00638c37
:10bb38001000468c2b1066002d0040500180023cfe
:10bb4800290060140800a2303400c0500180023c73
:10bb58000180023cf4d5448c0200839034006014c8
:10bb68002510800001000424020044a00c0040ac11
:10bb7800040045ac0800a5300400a010000040a453
:10bb88000180043c01000524edd585a00180043c1a
:10bb9800ecd584240c00858c0100a5240c0085ac10
:10bba80014008594002c0500ff0063302518a300bd
:10bbb800100043ac1400839401006324ffff63303a
:10bbc800ffff6538010004240a1885000180043c41
:10bbd800ecd58424140083a401000324d10083a09d
:10bbe8000800e0031000428cd7ff40100180023c9f
:10bbf80001000324bdd643a00800e003ffff022490
:10bc08002510800002004790d6ffe010140084241d
:10bc180001006324faffc3140180023c01000324dd
:10bc2800bdd643a0ffff02240800e0030000000087
:0cbc380014008424f6ff00102518000002
:020000040000fa
:020000041d02db
:10bc4400d8ffbd272400bfaf2000b4af1c00b3afa2
:10bc54001800b2af1400b1af1000b0af3800a0109c
:10bc64002580a000e480918f3d0020127400b484ec
:10bc74003f008006d480828f2b1082024100401046
:10bc8400801014000a88227e430025160300032432
:10bc94001000828c100052940800523201000224d9
:10bca4000b1072007600b2942490420221004012dc
:10bcb400253800007800b38c7c00a78c2800918c78
:10bcc4004800028e220044142580e000560080a41f
:10bcd400540080a4480080ac6e0080a46c0080a452
:10bce400600080ac1000828c000040ac1000828c9c
:10bcf4000c0040a42000828cc418027c200082ac7a
:10bd040004006012253040022528200209f8600250
:10bd1400252080022400bf8f2000b48f1c00b38f25
:10bd24001800b28f1400b18f1000b08f0800e00328
:10bd34002800bd2725980000e1ff00102588000099
:10bd44002588a0002598000025a00000259000006b
:10bd5400bc05410f00000000e9ff00102538000277
:10bd64002580200225980000f9ff0010259000008e
:10bd7400258000002598000025900000f4ff0010a5
:10bd840025880000258000002598000025900000eb
:10bd9400efff001025880000258000002598000092
:0cbda40025900000eaff00102588000038
:020000040000fa
:020000041d02db
:10bdb000c8ffbd273400bfaf3000b2af2c00b1af19
:10bdc0002800b0af258080002588a000812f410f7a
:10bdd0002520a0001800a2af892f410f25202002a6
:10bde0001c00a2af340012261000a0af25380000be
:10bdf0003c00062625284002351b410f2520200245
:10be00006400029202004230030040103800052610
:10be1000fe32410f252020024200229620004230af
:10be20000e00401004000624640002920800423014
:10be300003004010400005260433410f2520200256
:10be400064000292100042302e004010440005268b
:10be50000a33410f25202002040006240100052496
:10be60009c05410f25202002025007242530400266
:10be70002528400281f7400f252020023400038e40
:10be80003c00028e241862001800a28f1c00a48fb0
:10be90002410440005006210040007241c00a6279b
:10bea0001800a527b19e400f252020022c00028eed
:10beb000300002ae090002245e0002a66000029279
:10bec000010003244408627c0421627c4429627cd2
:10bed000c439027c600002a2253800002530000031
:10bee000080005247b82400f252020023400bf8fec
:10bef0003000b28f2c00b18f2800b08f0800e00313
:10bf00003800bd272000a0af2000a5270a33410f2d
:0cbf100025202002d1ff001004000624b0
:020000040000fa
:020000041d02db
:10bf1c00d0ffbd272c00bfaf2800b5af2400b4afb5
:10bf2c002000b3af1c00b2af1800b1af1400b0af1b
:10bf3c0025a880000180113c98d331260180143c47
:10bf4c0000d59426010013240180123ce4ff2292b8
:10bf5c002800401025802002e8ff22962000423065
:10bf6c002500405024003126e6ff2392ffff622477
:10bf7c00ff0042300300422c1e004010010002243e
:10bf8c0039006254f0ff028eecff228e1400428cba
:10bf9c0009f84000eaff24861600401040cc4226e7
:10bfac0001004390010002241200621440cc42268e
:10bfbc00010040a0f0ff228e2800428c09f84000be
:10bfcc00000000001800401440cc4226f0ff228ee6
:10bfdc000000428c09f84000ecff248e1100401444
:10bfec0005000224e6ff22a240cc422601000324d5
:10bffc00010043a024003126d4ff3416010073261f
:10c00c002c00bf8f2800b58f2400b48f2000b38f75
:10c01c001c00b28f1800b18f1400b08f0800e00321
:10c02c003000bd2740cc422601000324010043a070
:10c03c00f0ff028e0800428c25380002eaff0686cb
:10c04c002528600209f840002520a00203004014b6
:10c05c0005000224e7ff0010e6ff02a20100022403
:10c06c00e5ff02a2f0ff028e0c00428c09f84000a2
:0cc07c0025200002dfff0010e6ff02a2fa
:020000040000fa
:020000041d02db
:10c08800b8ffbd274400bfaf4000b3af3c00b2af1c
:10c098003800b1af3400b0af259080001f00b12741
:10c0a8000418117c000035be0f0000000020023c7f
:10c0b80025882202080020ae3f00a0100c0020ae08
:10c0c8002580a0000b00a5880800059a2f00a01065
:10c0d800259800000c0002920d000692003206001e
:10c0e8002530c2002900c01025382002caed400fb3
:10c0f80025204002259840000300028a0000029a89
:10c1080020004010258040000b0045880800459815
:10c118001c00a010000000000c0042900d000692c8
:10c12800003206002530c2001600c01000000000d2
:10c13800eeff6012253820020800228e17004010fa
:10c14800251060021001438e0800228e0c00248ef8
:10c15800230044540000448c080020ae0e00401018
:10c168000c0020ae000040ac140040ac0c00648c05
:10c1780015008054000082ac080062acf2ff001089
:10c188000c0062acedff60560800228e25282002c4
:10c19800b0f3400f25204002251060024400bf8ff5
:10c1a8004000b38f3c00b28f3800b18f3400b08f9d
:10c1b8000800e0034800bd27f4ff001025980000a0
:10c1c800f2ff0010259800000c00658c0400442440
:10c1d80000e0847c1400a4acdbff00100c0062ac0f
:08c1e800e0ff0010080024ae86
:020000040000fa
:020000041d02db
:10c1f000e0ffbd271c00bfaf1800b2af1400b1af05
:10c200001000b0af2580a00001000224430082147a
:10c210002588a0009400a28c1a004010000203247c
:10c220000102512c0b185100258860009800a38c46
:10c23000231051009400a2ac211071009800a2ac10
:10c240008800a68c253820022130c3008400a58cec
:10c25000c7c3400f7c00048e253820028000068e64
:10c260009c00058ec7c3400f7800048e1c00bf8f52
:10c270001800b28f1400b18f1000b08f0800e003d7
:10c280002000bd279000a28c16004050010002241f
:10c290000102512c0b185100258860009800b28cc7
:10c2a000231043009000a2ac211043029800a2acde
:10c2b000253860009c00a68c8400a58cc7c3400f65
:10c2c0007c00048e8c00058e253820028000068eae
:10c2d0002128b200c7c3400f7800048ee4ff00108d
:10c2e0001c00bf8fa800a2ac6800228e1000428cf8
:10c2f00009f8400000000000fbff40140100052485
:10c30000a000048e0f008230042845005031410ff8
:10c3100002210400d6ff00101c00bf8f020002247f
:10c32000a800a2ac6800228e1000428c09f84000e0
:10c3300000000000fbff401401000524a000048e53
:10c340000f008230042845005031410f02210400c3
:08c35000c7ff00101c00bf8fa5
:020000040000fa
:020000041d02db
:10c3580016008690030002245500c2100100032431
:10c36800e0ffbd271c00bfaf1800b1af1400b0af8d
:10c37800c881828f0800401001004224c88182af22
:10c38800251060001c00bf8f1800b18f1400b08ffb
:10c398000800e0032000bd272580a0000800828c4b
:10c3a8000d004014258880002e36410f0000000043
:10c3b800f3ff4010251800002c36410f0000000044
:10c3c800059d053c2487a52469f2400f25204000df
:10c3d800ebff001025180000e9ffa0102518000049
:10c3e8000d32410f0000000001000324bc8183a32b
:10c3f8001432410f2520400025300000029d053ce5
:10c408002c87a5249703410f09000424c08182af1b
:10c41800dbff4010251800000800248e0800828cdd
:10c428000400062409f84000000005960f00405457
:10c438000800238e2e36410f000000000700401030
:10c44800000000002c36410f00000000059d053c4f
:10c458004887a52469f2400f25204000b52a410fde
:10c46800c081848fc6ff001025180000cc8183afdf
:10c4780000000396d08183af02000396c48183a78e
:10c48800d48182afc881828f010042240d32410fce
:10c49800c88182afbc81839301006324bc8183a3dc
:10c4a8001432410f25204000b5ff0010010003247d
:08c4b8000800e00325106000fc
:020000040000fa
:020000041d02db
:10c4c000d8ffbd272400bfaf2000b4af1c00b3af1e
:10c4d0001800b2af1400b1af1000b0af2598a000a3
:10c4e0002588800042008010ffff022425908000f4
:10c4f0000c00838c3e006010258800001000848ca6
:10c500003b008010000000001400508e3800001224
:10c510000000000009f86000252000022588400086
:10c5200033002012feff02240f0024260418047c8e
:10c53000212811022328a4000418057cb0ffb4248c
:10c540000004822e3500405425888000acea400f5c
:10c5500002a114002580400050004424059d023ca7
:10c5600088b9422425180002200045240000498c87
:10c570000400488c0800478c0c00468c000069ac15
:10c58000040068ac080067ac0c0066ac10004224e4
:10c59000f6ff4514100063240000428c000062acda
:10c5a000240004ae540014ae500000ae280004aec7
:10c5b0002c0014ae300000ae340000ae380000aee7
:10c5c0000400428e3c0002ae400011ae1000428ecc
:10c5d0000d32410f440002ae01000324480003a2c3
:10c5e0001432410f2520400025880002251000004c
:10c5f00001006056000062ae251020022400bf8fab
:10c600002000b48f1c00b38f1800b28f1400b18fbc
:10c610001000b08f0800e0032800bd27f4ff0010d1
:04c62000fcff0224f5
:020000040000fa
:020000041d02db
:10c62400e8ffbd271400bfaf1000b0af0e21410fcb
:10c63400258080002d0040101400bf8f0800068e56
:10c644001000c48c06008330040082340a204300a6
:10c6540038008330200082340a20430001008230f5
:10c6640025004010100083300a00601008000224e6
:10c674000200823008000524084003240a18a2009e
:10c684000400853025386000002063340b386500d1
:10c694002510e0002000833008006010020085307f
:10c6a40025384000001043340b3865000400853001
:10c6b4000008e3340b3865002510e00034000396cd
:10c6c4003a00059625186500010142342410430000
:10c6d40000016530252845001500a014faff052443
:10c6e400361c410f252000021400bf8f1000b08fac
:10c6f4000800e0031800bd27100082300600401037
:10c704000040052402008230002003240b18a200fc
:10c71400eaff00102510600002008230001005249a
:10c72400000803240b18a200e4ff00102510600089
:10c734001000c4ac200002a60101633001010224f0
:10c744000a0062143c0000ae0f0005249d11410f45
:10c7540025200002e4ff4010040002241a0002a66f
:10c7640002000224e0ff00101c0002a604000224c0
:10c774001a0002a603000224dbff00101c0002a61c
:020000040000fa
:020000041d02db
:10c78400c8ffbd273400bfaf3000b4af2c00b3af37
:10c794002800b2af2400b1af2000b0af0081828f77
:10c7a40043004018258880001000938c1235410ff7
:10c7b4001000a4270180043c010b410f60e2842493
:10c7c4000180123c60e252267e25410f2520400262
:10c7d4000c004014258040000180023c1000a38f0f
:10c7e40060e243ac60e244241400a28f040082acf3
:10c7f4001800a28ff91a410f080082ac240000101f
:10c80400160023920400029201000324170043142b
:10c81400020003240800148e852a410f05000492a7
:10c8240004006052040002922900621625280002c6
:10c8340004000292ffff4224ff0042300200422c17
:10c844000400401003000624fbff0524b012410f2e
:10c8540025208002252800020180043c612a410f22
:10c86400dce28424d8ff001000000000030043141d
:10c874002e040624e8ff00100800148e059d053cd4
:10c8840038cba5244225410f252000001600239211
:10c8940002000224060062140081828fffff4224fa
:10c8a40003004014008182af3403410f00000000f4
:10c8b4003400bf8f3000b48f2c00b38f2800b28fa8
:10c8c4002400b18f2000b08f0800e0033800bd279a
:10c8d400612a410f1000a427bbff001000000000d4
:020000040000fa
:020000041d02db
:10c8e400201c047c5400601825100000ff008330d5
:10c8f4000b00632c5000601000000000ffff842434
:10c904002026047cc0180400211864008010030051
:10c914000180033c7cd363248a19627c4600601046
:10c9240025100000e8ffbd271400bfaf0180023cc2
:10c93400c018040021186400801803007cd342242a
:10c944002110430004004294200042301f00401094
:10c95400c01804000180023c211864008018030000
:10c964007cd34224211043000c00428c1400438cdd
:10c974000d006014c01004000180023cc0180400c3
:10c9840021206400801804007cd3442421208300e7
:10c99400ffff0224030082a0251000001400bf8fb3
:10c9a4000800e0031800bd27211044008010020095
:10c9b4001c0042240180043c7cd3842409f86000d8
:10c9c40021208200f5ff0010ffff4230211864008f
:10c9d400801803000180073c7cd3e72421186700fa
:10c9e4000800638c4800678c0900e0140180033c54
:10c9f400c02804002120a400802804007cd36424df
:10ca040021208500ffff0324e4ff0010030083a01e
:10ca14000180023cc0180400212064008018040036
:10ca24007cd344242120830009f8e0000600848498
:10ca3400dbff00101400bf8f0800e00300000000bb
:020000040000fa
:020000041d02db
:10ca4400201c047c5400601825100000ff00833073
:10ca54000b00632c5000601000000000e0ffbd27b5
:10ca64001c00bfaf1800b1af1400b0afffff8424a7
:10ca74002086047cc0181000211870008010030068
:10ca84000180033c7cd363248a19627c0b00601010
:10ca9400251000000e00c0140180023cc0201000cc
:10caa40021809000802010007cd350242180040237
:10cab400f8ff0224030002a2251000001c00bf8f0f
:10cac4001800b18f1400b08f0800e0032000bd27c8
:10cad400c010100021105000801002000180033c9f
:10cae4007cd36324211043000800428c3c00488c12
:10caf40008000015c0201000218090008020100044
:10cb040021806400ffff0224030002a2ebff001057
:10cb140025100000c01010002110500080100200e9
:10cb24000180033c7cd36324211043001000428c19
:10cb340007004010f9ff022421809000802010009b
:10cb440021806400030002a2dcff00102510000015
:10cb54000180033c7cd36324c08810002188300208
:10cb64008088110021887100140026ae180027aeb9
:10cb740025382002049d063c746dc62409f8000182
:10cb840006002486cdff4014100022aef7ff0324d4
:10cb9400caff0010030023a20800e0030000000005
:020000040000fa
:020000041d02db
:10cba400d0ffbd272c00bfaf2800b5af2400b4af21
:10cbb4002000b3af1c00b2af1800b1af1400b0af87
:10cbc4002000023c2b10a20022004010020013247b
:10cbd400259080001f00b330410060162588a00016
:10cbe4000000908c140085ac0800948c24008056be
:10cbf4000a001596000002920300422c050040141e
:10cc0400421111002c00028e1c00405425a040004b
:10cc140042111100080003962b1043000d004050f0
:10cc2400020013242c00028e1c0042ae180054aee5
:10cc34001c00438e3000601042121100211043008a
:10cc44001c0042ae38001026ff013132218011024f
:10cc5400200050ae251060022c00bf8f2800b58f35
:10cc64002400b48f2000b38f1c00b28f1800b18f42
:10cc74001400b08f0800e0033000bd270a001596a9
:10cc840040aa15002b1035021100401425288002fb
:10cc940025288002e9ac400f2520400225a0400051
:10cca400ffff0224100082120200822ee9ff40548a
:10ccb400020013241c00028e2b1082020c00401070
:10ccc400238835022b103502f1ff401025288002fd
:10ccd400e52a410f25200002d4ff00101c0042aebb
:10cce400dcff001002001324daff001001001324fb
:10ccf400d8ff001002001324d6ff001002001324f2
:020000040000fa
:020000041d02db
:10cd0400550080100100032490ffbd276c00bfafc5
:10cd14006800b3af6400b2af6000b1af5c00b0af05
:10cd24002590c0002588a0002580800037000624b7
:10cd340025280000b02d410f2000a4270800132649
:10cd44001c00b2af1800b1af370002241400a2af28
:10cd54001000b3af01000724370006242000a527e4
:10cd6400807a400f25200002310040140100032482
:10cd74002000a327251060025000a8270000678c1c
:10cd84000400668c0800658c0c00648c030047a8c2
:10cd9400000047b8070046a8040046b80b0045a8a1
:10cda400080045b80f0044a80c0044b810006324e0
:10cdb400f2ff6814100042240000648c030044a8ad
:10cdc400000044b804006490040044a0050064908a
:10cdd400050044a006006390060043a02000a2279b
:10cde4005700a327000040a001004224fdff431484
:10cdf400253800001c00a0af1800a0af37000224a3
:10ce04001400a2af1000b3af370006243f0005267c
:10ce1400807a400f252000020d00401425184000a0
:10ce240001000224000002ae040000ae800000a253
:10ce3400251060006c00bf8f6800b38f6400b28f50
:10ce44006000b18f5c00b08f0800e0037000bd2764
:10ce5400f7ff0010010003240800e0032510600020
:020000040000fa
:020000041d02db
:10ce6400d0ffbd272c00bfaf2800b2af2400b1af64
:10ce74002000b0af16008014ffff10240180023c94
:10ce8400ecdb4290120040100180023c10dc429026
:10ce94000f0040140180023cecdb42241c00438c54
:10cea4001400638c2528000009f8600006004494ef
:10ceb40025804000ffff02240c00021654030624c0
:10cec400059d053c48d3a5245224410f252000008c
:10ced400251000022c00bf8f2800b28f2400b18fd0
:10cee4002000b08f0800e0033000bd27f505023ca8
:10cef40000e142341000a2af0180113c10dc312665
:10cf04000180123cecdb52261400428e0800428c55
:10cf140025282002049d043c09f840000448842488
:10cf24001400a2af1800a0af1c00428e1800428c5f
:10cf34001000a52709f84000252000020d00410437
:10cf44000180023c08dc428c1c00428c09f8400041
:10cf5400252000026b030624059d053c48d3a52427
:10cf64005224410f25200000ffff1124d8ff001098
:10cf7400258020020180023cecdb42241c00438c0f
:10cf8400300043ac340050ac380040ac0100032402
:10cf9400240043a02c0042ac0c00438c280043ac7a
:10cfa4003c0040a4540040a03e0040a4400040a4e3
:0ccfb40002000324edff0010260043a43f
:020000040000fa
:020000041d02db
:10cfc000d0ffbd272c00bfaf2800b6af2400b5afff
:10cfd0002000b4af1c00b3af1800b2af1400b1af63
:10cfe0001000b0af25b0800025a0a00025a8c0008b
:10cff000059d053c0a02410f04d6a5243b004014c0
:10d0000025804000251000022c00bf8f2800b68f1d
:10d010002400b58f2000b48f1c00b38f1800b28f8e
:10d020001400b18f1000b08f0800e0033000bd275e
:10d03000059d053c0cd6a5240a02410f252060025f
:10d04000320040102590400002005124020042802e
:10d0500020000324060043543e000324010031262f
:10d0600000002282feff4350010031263e000324cf
:10d07000e4ff4354258000000a0005240f29410fd6
:10d080002520c002050040102b180202030060108a
:10d090002b105100dbff4054258000000d00711261
:10d0a0002510000025206002220005240000838056
:10d0b000261865000100632c01008424fbff9114f5
:10d0c000211043000300401001004230cdff4054c6
:10d0d0002580000001003126caffa016000091ae95
:10d0e000000040a2c7ff001025806002d0ffc212de
:10d0f00005001326ffff43800a000224cdff625083
:10d10000059d053cbfff001025800000bdff0010fd
:0cd1100025804000bbff001025800000bf
:020000040000fa
:020000041d02db
:10d11c00201c047c5300601825100000ff00833095
:10d12c000b00632c4f00601000000000ffff8424f4
:10d13c002026047cc0180400211864008010030011
:10d14c000180033c7cd363248a19627c4500601007
:10d15c0025100000e8ffbd271400bfaf0180023c82
:10d16c00c018040021186400801803007cd34224ea
:10d17c002110430004004294200042301f00401054
:10d18c00c01804000180023c2118640080180300c0
:10d19c007cd34224211043000c00428c2400438c8d
:10d1ac000d006014c01004000180023cc018040083
:10d1bc0021206400801804007cd3442421208300a7
:10d1cc00ffff0224030082a0251000001400bf8f73
:10d1dc000800e0031800bd27211044008010020055
:10d1ec001c0042240180043c7cd3842409f8600098
:10d1fc0021208200f5ff0010ffff4230211864004f
:10d20c00801803000180073c7cd3e72421186700b9
:10d21c000800638c3400688c07000015ffff0324a2
:10d22c00c02804002120a400802804002120e5004f
:10d23c00e6ff0010030083a00180023cc01804002c
:10d24c0021206400801804007cd344242120830016
:10d25c002538000009f8000106008484dbff00106b
:0cd26c00ffff42300800e003000000005b
:020000040000fa
:020000041d02db
:10d27800d8ffbd272400bfaf2000b1af1c00b0af5e
:10d2880025808000b1f8400f1000a5272600401423
:10d298002588400015001192240020162510200230
:10d2a80014000292020042301f004050070011246f
:10d2b8001800038e0c00028e2b1062001b00401019
:10d2c800251020021e006014253000000800058e7d
:10d2d80030d0400f25200002080000ae1800038e51
:10d2e8000c0003ae14000392400063342500401480
:10d2f800140003a2201c037c0b0061040100072416
:10d308002000068e2c0005261000a28fe97e400f13
:10d31800010044901b0040140100022414000292f2
:10d328007f004230140002a2251020022400bf8f83
:10d338002000b18f1c00b08f0800e0032800bd2733
:10d348001c00058ee9ac400f2520000201000324d3
:10d358000f004310ffff0324140043101000a38f95
:10d368001c00638c2b184300120060102528400015
:10d378001c00068e30d0400f25200002d8ff001078
:10d388001800038e150002a2e7ff00102588400050
:10d39800020002241800038e0c0003ae140003924e
:10d3a80040006334f7ff0010140003a2f9ff0010d7
:10d3b800010002241800028e0c0002ae1400039231
:0cd3c80040006334cbff0010140003a2ef
:020000040000fa
:020000041d02db
:10d3d400d0ffbd272c00bfaf2800b6af2400b5afe7
:10d3e4002000b4af1c00b3af1800b2af1400b1af4b
:10d3f4001000b0af2588c00025a0e00025b0800053
:10d4040000a0023ca402528c421f07000400022424
:10d414003f0062142190b2002510e6000f00423054
:10d424003b0040100f00f0301100001200a0053c3a
:10d4340010000424238090002b2006020a80c400dc
:10d444002538000225304002603ba5246001410fcd
:10d454002520c002230040102598400025300002fa
:10d4640000a0053c603ba524422c410f25208002ee
:10d474002388300225a820020418157c0800a01275
:10d48400219050022538a002253040022128900224
:10d494006001410f2520c002120040102598400071
:10d4a400238835020f00201201001324253820029e
:10d4b4002130550200a0053c603ba5246001410fca
:10d4c4002520c002070040102598400021201502a5
:10d4d4002530200200a0053c603ba524422c410fce
:10d4e40021208402251060022c00bf8f2800b68ff3
:10d4f4002400b58f2000b48f1c00b38f1800b28fa6
:10d504001400b18f1000b08f0800e0033000bd2775
:10d514002538200225304002252880026001410f71
:0cd524002520c002efff001025984000f9
:020000040000fa
:020000041d02db
:10d530000600c32c5300601002000224e8ffbd2740
:10d540001400bfaf80100600039d033c5cd563242c
:10d550000a10627c080040001000b0af0cd6029d9b
:10d5600074d5029df4d5029d78d5029dfcd5029d0f
:10d5700004d6029d0a00062400a0023cc00242908c
:10d580002900401000a0023cf004422401001024b5
:10d5900018000324000047901e00e01400a0073c80
:10d5a000c0101000211850008018030023187000cc
:10d5b00000190300c002e7242118670001000724b6
:10d5c000000067a0211050008010020023105000be
:10d5d000000083ac1800032e1a0060140011020032
:10d5e000020002241400bf8f1000b08f0800e00377
:10d5f0001800bd27e0ff001032000624deff0010f7
:10d600000b000624dcff001033000624daff0010b4
:10d610000100062401001026deff0316300242241a
:10d62000f0ff00100200022400a0023c01000324cd
:10d63000c00243a0c0024224000082ac258000004a
:10d64000251000000400422400a0043cc0028424f1
:10d650008255400f21208200e2ff4010c0181000c8
:10d6600021187000801803002380700000811000d2
:10d6700000a0033cc002632421800302d9ff0010f4
:0cd68000000000a20800e0030000000011
:020000040000fa
:020000041d02db
:10d68c00c8ffbd273400bfaf3000b3af2c00b2af22
:10d69c002800b1af2400b0af258880002580a00001
:10d6ac002590c0001400a0a71800a0af4800828ce1
:10d6bc001000a52709f84000252000020d004004a9
:10d6cc001000b3972800228e1800a62725280000ea
:10d6dc0009f8400025200002010002241a00621201
:10d6ec002016137c0a004010020002242e00621245
:10d6fc00f4ff02243400bf8f3000b38f2c00b28fa4
:10d70c002800b18f2400b08f0800e0033800bd273b
:10d71c005000228e1800a68f1200052409f8400034
:10d72c0025200002f3ff400401000324f1ff431005
:10d73c00010005244c00228e09f84000252000022f
:10d74c00ecff0010010002245400228e1400a527c7
:10d75c0009f8400025200002e6ff400401000324e4
:10d76c00e4ff4310010052320c0040161400a29347
:10d77c001400a2a7020002241000a2a71400a29772
:10d78c001200a2a74c00228e1000a58f09f84000b1
:10d79c0025200002d7ff0010010002240040423473
:10d7ac00f4ff00101400a2a71200a6971400a6a75d
:10d7bc005800228e1800a78f1200052409f840008b
:10d7cc0025200002ccff40043400bf8f01004238fa
:08d7dc00c8ff00100100422cff
:020000040000fa
:020000041d02db
:10d7e400700082900b00422c510040100000000099
:10d7f400e0ffbd271c00bfaf1800b1af1400b0afed
:10d804007000829080180200039d023c20d84224bc
:10d814000a10437c08004000258080004cd8029dfb
:10d824004cd8029d64d8029d64d8029d2cd9029dd7
:10d834002cd9029d2cd9029d2cd9029d64d8029d1d
:10d844002cd9029d1cd9029d010002241c00bf8f0b
:10d854001800b18f1400b08f0800e0032000bd272a
:10d864008400828c0005427c1f00401000000000f0
:10d874000000828c100082ac0c0082ac080082ace8
:10d884000f00a0102510000011001124010006242f
:10d89400252820020820400f252000021a004204f7
:10d8a4008400038e60000396060060508400038e9b
:10d8b4000800048e1000038ef5ff83140100062473
:10d8c4008400038ec45a037c840003ae7000039268
:10d8d4000800633809000524040004240a20a30076
:10d8e400daff0010700004a2e8ffa0541100112414
:10d8f4000800838c1000828ce4ff62141000112451
:10d90400efff00102510000001000424c45a837c9a
:10d91400ceff0010840003ae3a99400f2528000082
:10d92400caff001025100000c8ff001025100000d9
:08d934000800e00301000224d9
:020000040000fa
:020000041d02db
:10d93c00201c047c5200601825100000ff0083306e
:10d94c000b00632c4e00601000000000e8ffbd27a8
:10d95c001400bfaf1000b0afffff84242086047cfe
:10d96c00c018100021187000801003000180033cc7
:10d97c007cd363248a19627c11006010251000008e
:10d98c00c010100021105000801002000180033cd8
:10d99c007cd36324211043000800428c4000468c49
:10d9ac000b00c014c02010002180900080201000bb
:10d9bc0021806400ffff0224030002a22510000056
:10d9cc001400bf8f1000b08f0800e0031800bd27b3
:10d9dc00c010100021105000801002000180033c88
:10d9ec007cd36324211043001000448c030080106e
:10d9fc000180023c0a008510c0181000c0201000e5
:10da0c0021809000802010007cd3502421800402bf
:10da1c00f8ff0224030002a2e9ff00102510000009
:10da2c0021187000801803007cd34224211043007d
:10da3c002528800009f8c000060044840800401026
:10da4c00c020100021809000808010000180033cd9
:10da5c007cd3632421800302d9ff0010100000ae98
:10da6c000180033c21809000802010007cd3702426
:10da7c0021800402f7ff0324d1ff0010030003a24e
:08da8c000800e00300000000a7
:020000040000fa
:020000041d02db
:10da940082bf023c1018428c08004230190040102a
:10daa4000180033c28e063241800628c0800638c26
:10dab4002b1843002b00601082bf033c0018638cba
:10dac40000086330140060100180033c28e0638c7c
:10dad400802002000a18647c82bf043c201883acb6
:10dae400010042240180033c28e06324180062ac56
:10daf4000800638c0300621482bf023c0c00032400
:10db0400041843ac81bf023c0400033c940043acc2
:10db14000800e0030000000082bf033c0018638c8f
:10db240000046330090060100180033c28e0638c2a
:10db340040200200211864000000649482bf033c6a
:10db4400201864ace7ff00100100422428e0638c35
:10db54008a19627c82bf043c201883ace1ff001068
:10db6400010042240180033c28e063240800638c04
:10db7400e4ff621482bf023c1018428c80004230e1
:10db8400e0ff401082bf023c40000324141843ac61
:10db940081bf023c0400033c140143ac0180023cfd
:10dba40028e042241c0040a02000428cd5ff4010f5
:10dbb4000180023ce8ffbd271400bfaf28e04224e7
:10dbc4002400448c2000428c09f84000000000002e
:10dbd40081bf023c0400033c940043ac1400bf8f9b
:08dbe4000800e0031800bd2752
:020000040000fa
:020000041d02db
:10dbec0082bf023c1012428c0800423019004010d7
:10dbfc000180033c50e063241800628c0800638ca5
:10dc0c002b1843002b00601082bf033c0012638c66
:10dc1c0000086330140060100180033c50e0638cfa
:10dc2c00802002000a18647c82bf043c201283ac62
:10dc3c00010042240180033c50e06324180062acd4
:10dc4c000800638c0300621482bf023c0c000324a6
:10dc5c00041243ac81bf023c0100033c840043ac82
:10dc6c000800e0030000000082bf033c0012638c3c
:10dc7c0000046330090060100180033c50e0638ca9
:10dc8c0040200200211864000000649482bf033c11
:10dc9c00201264ace7ff00100100422450e0638cba
:10dcac008a19627c82bf043c201283ace1ff001015
:10dcbc00010042240180033c50e063240800638c83
:10dccc00e4ff621482bf023c1012428c800042308e
:10dcdc00e0ff401082bf023c40000324141243ac0e
:10dcec0081bf023c0100033c040143ac0180023cb7
:10dcfc0050e042241c0040a02000428cd5ff401074
:10dd0c000180023ce8ffbd271400bfaf50e0422465
:10dd1c002400448c2000428c09f8400000000000d4
:10dd2c0081bf023c0100033c840043ac1400bf8f54
:08dd3c000800e0031800bd27f8
:020000040000fa
:020000041d02db
:10dd4400e0febd271c01bfaf1801b0af25808000e5
:10dd54000201062425280000b02d410f1000a4273d
:10dd6400090000161401a0af13000224188282af28
:10dd7400ffff0324251060001c01bf8f1801b08f22
:10dd84000800e0032001bd271000a6271401a527e1
:10dd94005d9b400f25200002f6ff4010ffff032487
:10dda4001401a48f0800828c7400428c0300401478
:10ddb40017000224efff0010188282af1c828393a5
:10ddc40001000224300062140180023cfcd1429024
:10ddd400270040100180023c0cd242240100102490
:10dde40018000324000045902300a05401001026cd
:10ddf400008110000180023cfcd1422421800202f7
:10de040001000224000002a2040004ae1e0000125d
:10de14001c8282a3188280af0400028e12004690f6
:10de240001000524d3ffc514ffff0324120040a002
:10de34000800828c7400428c1000a52709f8400069
:10de4400080004260400038e1200642402008010db
:10de540001000424120064a0c6ff4010251800022b
:10de6400188282af000000a2c2ff0010ffff03244b
:10de7400dfff001025800000daff031610004224a3
:10de8400010002241c8282a312000224188282afa1
:08de9400b8ff0010ffff03249a
:020000040000fa
:020000041d02db
:10de9c0052008014ffff02240180023c80d8439082
:10deac004e006014ffff02240180023c68d840ac95
:10debc0068d8422401000324180043a0740040a039
:10decc001800a38c6c0043ac2400a38c780043acea
:10dedc001c00a38c580043ac2000a48c700044acf4
:10deec00600040ac640040ac01000424460044a433
:10defc00440044a45c0043ac000060ac7000428c55
:10df0c000200422c110040142518000001000424ca
:10df1c000180023c68d842245c00468c24006724b3
:10df2c002118c3002130c700200066ac5c00438c74
:10df3c0021186700000064ac010084247000468c3a
:10df4c002b308600f4ffc0142518e0000400a38ccd
:10df5c000180023c68d84224540043ac0000a394d6
:10df6c00480043a4ffff03244c0043ac0800a390db
:10df7c00500043a001000324510043a01400a48cc2
:10df8c001c0044ac140040aca90043a0a80043a062
:10df9c001000a2900d0040100180023ce8ffbd274c
:10dfac001400bfaf1100a5908e2c410f252000004e
:10dfbc000180023c0100032468d843ac251000000a
:10dfcc001400bf8f0800e0031800bd2701000324d4
:10dfdc0068d843ac0800e003251000000800e003fb
:04dfec000000000031
:020000040000fa
:020000041d02db
:10dff000e0ffbd271c00bfaf080080141000a0afd9
:10e0000013000224188282afffff03242510600052
:10e010001c00bf8f0800e0032000bd272530000052
:10e020005d9b400f1000a527f8ff4010ffff032461
:10e030001c82839301000224040062100700022462
:10e04000188282aff1ff0010ffff03241c8280a31f
:10e050001000a38f12006490010002240f008214ac
:10e0600007000224120060a00800628c0400428ca9
:10e070000f0040141200642417000224188282af9b
:10e0800012008014ffff0224010003241c8283a3da
:10e090002b100200ddff001023180200188282af4f
:10e0a000010002241c8282a3d8ff0010ffff03247a
:10e0b00009f8400011006490188282af1000a38f0d
:10e0c00012006424030080100000000001000424fa
:10e0d000120064a0ecff40140180053c0080043c69
:10e0e0009c678424fcd1a524801986240400878c95
:10e0f0000100e350000080a00400a78c0100e35061
:10e100000000a0a010018424f8ff86141000a524ac
:10e11000000060a01000a38f0c0060ac080060ac91
:10e12000100060a020828493d8ff80500100032457
:10e130002482848fd4ff6450208280a3d3ff0010f8
:04e1400001000324b3
:020000040000fa
:020000041d02db
:10e14400d8ffbd272000b4af0180143c24e1828ea7
:10e154002400bfaf1c00b3af1800b2af1400b1afbe
:10e164003a0040141000b0af0180123c2ce1518ef3
:10e17400030020160180133c0180113c18e3312672
:10e1840028e1708e050000160400023c0180103c5a
:10e1940018e310260000422421800202821f11008d
:10e1a400020002240100625000e0317e821f100050
:10e1b400020002240100625000e0107e792c410f1d
:10e1c400000000000000438c0400428c2b2023023a
:10e1d40004008014211062002b20220229008054a4
:10e1e4002b1811020080043ca002842400e0847ceb
:10e1f4002b206400150080142b20030204008014db
:10e204002b2062002b200202180080142b206200b5
:10e214000f0080102400bf8f0080043ca0028424df
:10e224004227040005000524120085140400052477
:10e2340000a0043c25186400251044002ce143aee2
:10e2440028e162ae2ce1428e24e182ae2400bf8f2d
:10e254002000b48f1c00b38f1800b28f1400b18f4c
:10e264001000b08f0800e0032800bd27eaff00106b
:10e2740025100002efff85100080043cf1ff001020
:10e284002ce142aee4ff601425182002deff0010ea
:04e294002b20020237
:020000040000fa
:020000041d02db
:10e29800d8ffbd272400bfaf2000b3af1c00b2af2a
:10e2a8001800b1af1400b0af25888000808004004a
:10e2b8002180040280801000218004020081100067
:10e2c8000080023cd0654224218002025000138e57
:10e2d800f835410f25206002a800108e24805000d8
:10e2e8002e0000120080123c8010110021105100f5
:10e2f800801002002110510000110200d065522642
:10e3080021904202ac00428e25105000ac0042ae73
:10e318000211100000044330a400448ec011100004
:10e328000002423025104300251044004019100017
:10e33800000163302510430082191000810063300a
:10e3480025104300c21810007000633025104300e8
:10e358008218100008006330251043004018100090
:10e368000600633025104300a40042ae25280002b1
:10e378006035410f25206002252800025a35410fdb
:10e3880025206002b000468e0500c0100080033cc6
:10e39800a400448e09f8c000b400458e0080033cf8
:10e3a80080101100211051008010020021885100b6
:10e3b80000891100d065622421885100602d410f29
:10e3c8009c00248e2400bf8f2000b38f1c00b28fc6
:10e3d8001800b18f1400b08f0800e0032800bd2793
:020000040000fa
:020000041d02db
:10e3e800e0ffbd271c00bfaf1800b2af1400b1afeb
:10e3f8001000b0af0800928c0180023cecdb422494
:10e40800261042020b9002001c0082940100032493
:10e418002600431025808000201e027c0700601023
:10e42800020003242900431000000000361c410f9d
:10e43800f4ff0524180000101c00bf8f008006346c
:10e44800cf11410f252800001200401003000224bc
:10e458001a0002a6010002245122410f1c0002a644
:10e468007020410f258840002000438e0000638cf7
:10e4780002882372e70331266210033cd34d6324dc
:10e48800190023021088000082891100211022023d
:10e498002c0002ae1c00bf8f1800b28f1400b18f81
:10e4a8001000b08f0800e0032000bd279d11410f28
:10e4b80025280000f7ff4010030002241a0002a6d6
:10e4c80002000224f3ff00101c0002a60e21410fd7
:10e4d80000000000f0ff40101c00bf8f34000286cf
:10e4e80010004104040002247020410f00000000c5
:10e4f8002c00038e2b10430005004010030002245b
:10e508001a0002a601000224e2ff00101c0002a665
:10e51800fdff0524361c410f25200002deff0010f8
:10e528001c00bf8f1a0002a6daff00101c0000a60c
:020000040000fa
:020000041d02db
:10e538000180023cdcdd468c020002244e00c2143d
:10e54800ffff03240180023ce4dd428c4a004014b2
:10e5580000000000e0ffbd271c00bfaf1800b1afee
:10e568001400b0af2588a000258080000180023cff
:10e57800d0dd4424080080ac09000224040082ace9
:10e5880000a0023c66000324b45d43a0b45d4224ad
:10e598003c0082ac01000224400082ac0180053cb2
:10e5a8006510410f08dea5240180023cd0dd42241d
:10e5b8000800438cfeff6010000000000180023c50
:10e5c800d0dd4424080080ac09000224040082ac99
:10e5d80000a0023c99ff0324b45d43a0b45d42242b
:10e5e8003c0082ac380080ac01000224400082acc0
:10e5f800440080ac0180053c6510410f08dea5246d
:10e608000180023cd0dd42240800438cfeff6010ec
:10e6180000000000020022320b0040100180023c82
:10e6280066f5400f252000020d004010ffff03246f
:10e638000180023cd0dd42240800438cfeff6010bc
:10e64800000000000180023cd0dd42241400438c0d
:10e6580001006324140043ac100051ac25180002db
:10e66800251060001c00bf8f1800b18f1400b08ff8
:10e678000800e0032000bd270800e0032510600023
:020000040000fa
:020000041d02db
:10e68800d8ffbd272400bfaf2000b3af1c00b2af36
:10e698001800b1af1400b0af259880002580a00005
:10e6a8002588c0003b07410f2590e0001b00401063
:10e6b800010003241800658e2d00a314ba04072452
:10e6c8001c00238e3e0003561000038e2b0023925d
:10e6d80019006014290023920200642c3200801073
:10e6e80004006424802004000a20047e3200801480
:10e6f80025206000010064240200862c2a00c01036
:10e708000000000004008324801803000a18037e18
:10e718002200605425288000251000002400bf8fa7
:10e728002000b38f1c00b28f1800b18f1400b08f77
:10e738000800e0032800bd27e7ff0010010063245c
:10e74800f6ff6050251000001000048e120080149f
:10e758000200632cf1ff6054251000001400038ea2
:10e768000f0060541c0030aeecff001025100000b4
:10e77800059d063caccfc624059d053c24a9a524cf
:10e78800d1fe400f25200000e4ff001025100000f6
:10e79800e2ff001025100000252800001c0030ae04
:10e7a800deff0010290025a2e5ff4016000000004a
:10e7b800daff001025104002f8ff0010252880001d
:10e7c800d0ff60102520a000fbff001025200000ce
:020000040000fa
:020000041d02db
:10e7d800c0ffbd273c00bfaf3800beaf3400b7afa5
:10e7e8003000b6af2c00b5af2800b4af2400b3afeb
:10e7f8002000b2af1c00b1af1800b0af25b8a00020
:10e8080025f0c0002588e0000000d48c5000a693b5
:10e81800f0f4400f252880023300401025980000ae
:10e8280025904000300020122598200225a880025b
:10e8380025980000059d163cd4cfd626059d023ca0
:10e84800148d42241000a2af0e0042960800508e8c
:10e858002180020223801502272010005b01072473
:10e868002530c0021000a58fd1fe400fc22704003a
:10e878000c004296ffff43302b182302010060541e
:10e888002510200225184000ffff4230ffff043208
:10e898002b1082000100405425180002ffff703041
:10e8a8000a000012253000022528a002422c410f40
:10e8b8002520e00221b8f00223883002ffff313220
:10e8c80021a0b00221981302ffff73320000528e7c
:10e8d800060040520000d4af040020520000d4af1c
:10e8e800d9ff00100800558e0000d4af2510600233
:10e8f8003c00bf8f3800be8f3400b78f3000b68f12
:10e908002c00b58f2800b48f2400b38f2000b28f5d
:10e918001c00b18f1800b08f0800e0034000bd272d
:020000040000fa
:020000041d02db
:10e92800c0ffbd272c00b1af258880002520c0007e
:10e938000400878c0000a28c3800b4afc2a707007f
:10e948003400b3af3000b2af2800b0af3c00bfaf67
:10e958002580a0000400a38c0800b28c2000a2af80
:10e968000c00b38c3e0080120000c68c23300600d9
:10e978002b20060023380700080060042338e40031
:10e988004408027c050080162000a2af2000a28f58
:10e99800040043302a006010c000427cffff42267a
:10e9a8002000a3271800a3af0a0003241400a3af74
:10e9b8001000a2af5cbf400f2520000206008016a1
:10e9c8002d0003242000a38f040064301e00801053
:10e9d800080063302b000324ffff42242120620239
:10e9e800000083a01000068e2000a38f2538400267
:10e9f800ffffc6241000a3af2330c2002128620203
:10ea080079ce400f252020020400238e00016330b8
:10ea1800040060103c00bf8f0400038e2a204300ce
:10ea28000b1064003800b48f3400b38f3000b28ffd
:10ea38002c00b18f2800b08f0800e0034000bd27ec
:10ea4800d7ff001023104202e6ff601020000424c4
:10ea5800ffff422421186202e2ff0010000064a0b8
:10ea6800c8ff63044408027cc9ff00102000a28f7d
:020000040000fa
:020000041d02db
:10ea7800d0ffbd272c00bfaf2800b2af2400b1af34
:10ea88002000b0af1800a0a31900a0a31a00a0a3eb
:10ea98001b00a0a31c00a0a31d00a0a30080033c92
:10eaa800d065632415008314faff02241300801034
:10eab8002580a0000080023c2066528c0700a01030
:10eac800ffff1124060006241800a5274627410f3a
:10ead800252000020f0040540300028a00800534fc
:10eae8008234410f252040022530000025380000df
:10eaf8009a34410f25204002251000002c00bf8fba
:10eb08002800b28f2400b18f2000b08f0800e003e6
:10eb18003000bd270000029a1000a2af0400029244
:10eb28001400a2a3050002921500a2a31000a227b8
:10eb38001600a827c104043cb71d842425484000ba
:10eb48000000439008000524403811000100663099
:10eb5800c25711002688e4002630ca000a88e60059
:10eb6800ffffa524f8ffa014421803000100422467
:10eb7800f2ff4814000023a1251820020007317e67
:10eb88000c00205688bf023c88bf023c4820422423
:10eb9800c025647c0100032404188300000043acf2
:10eba800008005348634410f25204002d3ff001031
:0cebb80025100000f6ff00105820422439
:020000040000fa
:020000041d02db
:10ebc40081bf033c4011628c0001427c4011638c84
:10ebd4008001637c040060540180023c0600401004
:10ebe400252000000180023c6cdb42240100032448
:10ebf400140043ac0400042481bf023c4011428c45
:10ec04004000427c0900401081bf023c0200032402
:10ec1400441143ac0180023c6cdb42240100032418
:10ec2400140043ac100040a00200042481bf023c45
:10ec34004011428cc000427c0900401081bf023c5c
:10ec440058000324441143ac0180023c6cdb422491
:10ec540001000324140043ac100040a0010004246c
:10ec640081bf023c4011428c010042301000401030
:10ec740081bf023c01000324441143ac0180023ce7
:10ec84006cdb422402000324140043ac100040a0b7
:10ec940081bf033c80000424840064ac1800428ccf
:10eca4000d004054020004240800e00300000000aa
:10ecb40081bf023c80000324840043ac0180023cf9
:10ecc4006cdb42241800428c0e004010000000004f
:10ecd4000c00801000000000e8ffbd271400bfaf47
:10ece4000180023c6cdb42241c00458c1800428ce1
:10ecf40009f84000000000001400bf8f0800e00382
:0ced04001800bd270800e003000000001c
:020000040000fa
:020000041d02db
:10ed1000d8ffbd272400bfaf2000b4af1c00b3afa5
:10ed20001800b2af1400b1af1000b0af2580a00042
:10ed300025a0c000bcfc400f0100052428004010a5
:10ed4000ffff1124259840000400528c2528000262
:10ed50006e02410f25204000258040001700401022
:10ed6000feff11240a0080520e0003920e00429012
:10ed7000fcff4224ff0042300300422c04004050bc
:10ed80000e0003920800028e000082ae0e00039275
:10ed9000ffff6224ff0042300400422c2a0040148e
:10eda0000700622c1700401005000224280062149e
:10edb000040002240e0002a225880000090040126f
:10edc000251020020d32410f000000000000439288
:10edd00001006324000043a21432410f25204000ab
:10ede000251020022400bf8f2000b48f1c00b38f99
:10edf0001800b28f1400b18f1000b08f0800e0032c
:10ee00002800bd275b050624059d053c58cea5249a
:10ee1000bb24410f25200000ecff11240e000292bc
:10ee20000600422ce5ff4014030007240400668e10
:10ee30009c00c6242528000256d2400f25204002ff
:10ee4000deff001000000000f4ff0010010011249c
:08ee5000f2ff0010258800000c
:020000040000fa
:020000041d02db
:10ee5800d8ffbd272400bfaf2000b4af1c00b3af5c
:10ee68001800b2af1400b1af1000b0af2590a000e9
:10ee78002588c000de2c410f2598e0002580400041
:10ee8800350000122510000070000492fdff832455
:10ee9800ff0063300300632c2f0060140800032474
:10eea8002e0083102400bf8f7100039203006010ae
:10eeb800ff0044322a0064142000b48f1e00601240
:10eec8000100032424004316251000002528000013
:10eed8002d1d410f2520600225a040001e00801234
:10eee80025100000160020565e000296fc04410f13
:10eef800000000002588400017002012251000009f
:10ef0800710012a2440014ae25306002ff004532a1
:10ef18002c1f410f252000025e0011a68400028ede
:10ef280001004230140040503e0002966e0011a6c7
:10ef38000900001001000224eaff00104400148eaa
:10ef4800f0ff5150710012a23e1f410f25202002f0
:10ef5800ecff4054710012a22400bf8f2000b48f30
:10ef68001c00b38f1800b28f1400b18f1000b08f3f
:10ef78000800e0032800bd273c0003962110430049
:10ef88005c00039621104300268851006e0011a6ec
:08ef9800f1ff0010010002244a
:020000040000fa
:020000041d02db
:10efa000d0ffbd272c00bfaf2800b5af2400b4af01
:10efb0002000b3af1c00b2af1800b1af1400b0af67
:10efc00025a880002588a0002598c000422d410f6b
:10efd0002590e0002580400021000012251000004f
:10efe000080020165c0014921e0080162c00bf8fb3
:10eff0003c00028e448c027c3c0002ae2d000010ce
:10f000005c0000a2ffff24260200842c1400801064
:10f0100025100000040080523c00028e1100911661
:10f020002c00bf8f3c00028e448c027c3c0002ae60
:10f03000200040125c0011a2253040022528200249
:10f040008bf8400f2520a0020e004014010004247c
:10f050005c0014a23c00038e448c837c3c0003ae15
:10f060002c00bf8f2800b58f2400b48f2000b38ff1
:10f070001c00b28f1800b18f1400b08f0800e0039d
:10f080003000bd2701000224040022565d000292d8
:10f090000000428e1c0002ae5d000292040042306d
:10f0a00005004054280013a63c00028e0421027c77
:10f0b0003c0002ae280013a65d000292010042301f
:10f0c000040040143c00028e8410027c3c0002ae1e
:10f0d0003c00028e01000324448c627c3c0002aea2
:08f0e000dfff00100100022413
:020000040000fa
:020000041d02db
:10f0e8000000a390d0ff6324ff0063300300662c68
:10f0f8004b00c01013000224e0ffbd271c00bfaf67
:10f108001800b2af1400b1af1000b0af4018030040
:10f118002c8291278a89237e00a0023ca00243907a
:10f12800390071141300022400a0023c2859438cb2
:10f13800ffff02240c0062102580000000a0023ca2
:10f148003859422401001024ffff06241800032424
:10f158000000478c0500e61025908000010010266d
:10f16800fbff0316100042242590800000a0063cf7
:10f17800285dc6240300a524e6a3400f252020020d
:10f18800252840002000a0040400022400211000cb
:10f1980000a0033c285963242120830000a0033cdd
:10f1a800285d63240400628c000082ac0800628c35
:10f1b800080082ac040085ac14828293001e020011
:10f1c800008c110025187100251870000c0083ac04
:10f1d80001004224ff004230ff0044380a100400b6
:10f1e800148282a3000043ae00a0023c00811000fc
:10f1f80028594224218050000c00038e00a0023cb4
:10f20800ac0243ac251000001c00bf8f1800b28f61
:10f218001400b18f1000b08f0800e0032000bd2754
:08f228000800e00300000000f3
:020000040000fa
:020000041d02db
:10f2300081bf033c8010628c0001427c8010638c93
:10f240008001637c040060540180023c0600401091
:10f25000252000000180023c6cdb422401000324d5
:10f26000040043ac0400042481bf023c8010428ca3
:10f270004000427c0900401081bf023c0200032490
:10f28000841043ac0180023c6cdb43240100042465
:10f29000040064ac6cdb40a00200042481bf023c8b
:10f2a0008010428cc000427c0800401081bf023cac
:10f2b00058000324841043ac0180023c6cdb4324df
:10f2c00001000424040064ac6cdb40a081bf023c5c
:10f2d0008010428c010042301000401081bf023c7f
:10f2e00001000324841043ac0180033c6cdb6224e6
:10f2f00002000424040044ac6cdb60a081bf033c2a
:10f3000040000424840064ac0800428c0d0040548a
:10f31000020004240800e0030000000081bf023c5a
:10f3200040000324840043ac0180023c6cdb422497
:10f330000800428c0e004010000000000c008010fd
:10f3400000000000e8ffbd271400bfaf0180023cb1
:10f350006cdb42240c00458c0800428c09f840000c
:10f36000000000001400bf8f0800e0031800bd2754
:08f370000800e00300000000aa
:020000040000fa
:020000041d02db
:10f37800d8ffbd272400bfaf2000b2af1c00b1af3b
:10f388001800b0af258080002590a0002716410ff7
:10f39800248184870a0040100a001124252840028d
:10f3a8005b6b400f252000022588400005000224e1
:10f3b8000a00221206000224390022122530000019
:10f3c800251020022400bf8f2000b28f1c00b18faf
:10f3d8001800b08f0800e0032800bd275e000296e1
:10f3e8000500032418004314f5ff42246400028e2c
:10f3f800050042302a004314253000002800028e00
:10f408002c0002ae5a0003960d006010080002247a
:10f418001000a0af3400028e1400a2af0130072400
:10f428001000a6271400a52781f7400f25204002c9
:10f438001c36410f00000000040002ae0600022442
:10f44800dfff00105e0002a6fdff4230dcff401423
:10f45800010003240c00028e080002ae2c00028e6c
:10f46800300002ae090002245e0002a6600002928b
:10f478004408627c0421627c4429627cc439027c91
:10f48800600002a22538000025300000080005248d
:10f498007b82400f25204002caff00102510200261
:10f4a80002000524f3f7400f25200002c5ff0010d5
:04f4b80025102002f9
:020000040000fa
:020000041d02db
:10f4bc001400838c4c00601403000224d8ffbd2779
:10f4cc002400bfaf2000b0af3100829003000324b2
:10f4dc0011004314258080000c00828c1800a32797
:10f4ec001000a3af2c00428c253800003600869407
:10f4fc003200859409f840001000848c18004050ac
:10f50c001800a48f140002ae020003240100022490
:10f51c0023000010300003a2ffff43240200632ce1
:10f52c001900601001000324210043101800a327c8
:10f53c000c00828c1400a3af1000a0af3000428ce2
:10f54c0034008794360086943200859409f8400084
:10f55c001000848cecff4054140002ae1800a48ff1
:10f56c00020003240e008310030002246801062409
:10f57c00059d053c14c2a5245224410f25200000f2
:10f58c0007000010feff02245c010624059d053ccb
:10f59c0014c2a5246124410f25200000ffff022482
:10f5ac002400bf8f2000b08f0800e0032800bd2787
:10f5bc000c00828c1400a3af010003241000a3af35
:10f5cc003000428c34008794360086943200859447
:10f5dc0009f840001000848ce0ff40102518000052
:10f5ec00cbff0010251000000800e0030000000015
:020000040000fa
:020000041d02db
:10f5fc000000000095000000000000000100000069
:10f60c0001000000f90000000000000001000000f3
:10f61c000800000087000000040000000500000046
:10f62c0009000000af000000000000000100000015
:10f63c000a0000001b000000000000000100000098
:10f64c000c000000c30000000000000001000000de
:10f65c000d000000af0000000200000002000000de
:10f66c0010000000ff00000000000000010000007e
:10f67c0011000000ff00000000000000010000006d
:10f68c0012000000ff00000000000000010000005c
:10f69c0018000000ff000000000000000100000046
:10f6ac0019000000ff000000000000000100000035
:10f6bc0020000000ff00000000000000010000001e
:10f6cc0021000000ff00000000000000010000000d
:10f6dc0026000000df000000010000000100000017
:10f6ec003700000073000000000000000100000063
:10f6fc003a00000025000000040000000500000096
:10f70c003b0000002500000000000000010000008c
:10f71c0029000000ff0000000000000001000000b4
:10f72c0017000000ff0000000000000001000000b6
:020000040000fa
:020000041d02db
:10f73c000100033c2b1883002d0060102510800065
:10f74c00ffff83300010642c22008014029d053cc6
:10f75c00049d053ca0a0a524ffff42302558400085
:10f76c000000a6942100c0102b2066001f008014fe
:10f77c000400a524feffa49402420400ff00843080
:10f78c00214886002a48490035002011000000005d
:10f79c000900022d1500401080400800039d043c18
:10f7ac00bcf784240a20887c08008000000000003c
:10f7bc00e8f7029d04f8029d18f8029d24f8029dba
:10f7cc0030f8029d3cf8029d48f8029d54f8029dc9
:10f7dc0060f8029de0ff0010d00fa52423106601f5
:10f7ec00401002002128a2000000a3942510600004
:10f7fc000800e00300000000233066000100c63062
:10f80c0023186600f9ff0010ffff6330f0ff63243c
:10f81c00f6ff0010ffff6330e0ff6324f3ff0010de
:10f82c00ffff6330d0ff6324f0ff0010ffff633055
:10f83c00e6ff6324edff0010ffff63300800632434
:10f84c00eaff0010ffff6330b0ff6324e7ff0010f6
:10f85c00ffff6330a0e36324e4ff0010ffff63307d
:10f86c00bfff001540200400bdff00102128a4009c
:020000040000fa
:020000041d02db
:10f87c000200832c4c0060100b000224d8ffbd2723
:10f88c002400bfaf2000b1af1c00b0af25888000b2
:10f89c00c010040021104400001102002310440089
:10f8ac008010020000a0033cb04063248a19627ce3
:10f8bc002e0060100b000224300082241000a2a342
:10f8cc003a0002241100a2a31200a0a325300000cc
:10f8dc001000a52790da400f2520000023004014cb
:10f8ec000080053cc018110021187100001903009c
:10f8fc00231871008018030000a0043cb04084243d
:10f90c0021186400000060a000a0033cc002632426
:10f91c0000a0043c703b8424803467244088110090
:10f92c001802a52421882502000066900600c0500c
:10f93c00000086900400668c1100c05400002892d0
:10f94c00000060a0000086900600c05030026324c6
:10f95c000400868c0f00c05400002892000080a088
:10f96c0030026324f0ff6714380084242400bf8f16
:10f97c002000b18f1c00b08f0800e0032800bd27c9
:10f98c000100c690efff0651000060a0eeff0010d2
:10f99c00000086900100c690f1ff0651000080a087
:10f9ac00f0ff0010300263240800e00300000000a8
:020000040000fa
:020000041d02db
:10f9bc0068ffbd279400bfaf9000b1af8c00b0af13
:10f9cc00b600410f258080003e004014000000006e
:10f9dc001c07410f2520000225884000030002244b
:10f9ec003300221601000224a400028ef6ff4224ea
:10f9fc000200422c28004010253800001c00029206
:10fa0c000a00401021000224080002aeb80e410f7b
:10fa1c0025200002251020029400bf8f9000b18f8a
:10fa2c008c00b08f0800e0039800bd271303410f32
:10fa3c0025200002120040144c00a5275ce5400f65
:10fa4c000c0004861000a5275ce5400f0e00048610
:10fa5c002c0002266000a38f2f0003aa000043b8dd
:10fa6c003600a297400002a61f000224080002ae36
:10fa7c0002f6400f25200002e7ff0010251020029f
:10fa8c0009000224a00002ae861f410f25200002af
:10fa9c00e1ff001025102002253000000100052494
:10faac00ac26410f25200002daff0010080000ae42
:10fabc00a00002ae861f410f25200002d5ff0010ca
:10facc00ffff11243f28410f25200002d1ff4010d9
:10fadc000100112402000224a00002ae861f410f77
:0cfaec0025200002cbff0010ffff1124ba
:020000040000fa
:020000041d02db
:10faf800d8ffbd272400bfaf2000b3af1c00b2afb2
:10fb08001800b1af4400a0101400b0afd481828fa8
:10fb1800420040101200b08440000006d081838f5c
:10fb28002a1803023d006010801810000a10437c58
:10fb38003b00451425980000340082940f004010c3
:10fb480001000624340080a42000828c4000423446
:10fb5800200082ac25288000c8f4400f2800848c3f
:10fb68002400bf8f2000b38f1c00b28f1800b18f04
:10fb78001400b08f0800e0032800bd275a00a294a3
:10fb88000100423019004010259800004c00b18c4b
:10fb98005000b38c2800928c0c00a28c180044549e
:10fba8005600a2941000828c0c0040a43c00a28c49
:10fbb80000024230100040500000a28c540080a483
:10fbc8002000828cc418027c200082ace4ff201242
:10fbd80025386002010006242528400209f8200281
:10fbe80025200002dfff00102400bf8f25880000b9
:10fbf800e9ff001025900000f1ff00100800a2acfa
:10fc0800ffff42245600a2a4bc05410f00000000db
:10fc1800eeff00100000000025800000259800007d
:0cfc280025880000f8ff00102590000067
:020000040000fa
:020000041d02db
:10fc3400d8ffbd272400bfaf2000b4af1c00b3af72
:10fc44001800b2af1400b1af1000b0af020002242c
:10fc54002a008210ffff11242598a0002590c000df
:10fc6400010002242f0082142580e0002e00c01021
:10fc7400253800000000c28c29004010252800000f
:10fc84002d1d410f2520c0001c00401025a0400060
:10fc94002538000025306002252800025b79400fda
:10fca4000100042425884000ffff022413002212cf
:10fcb40080801100d481828f0a80507c25304002dc
:10fcc400252880023f0f410f252000023c00028eb0
:10fcd400010003248473627c3c0002ae3c00028e6b
:10fce40001000324c47b627c3c0002ae3c00028e13
:10fcf40001000324448c627c3c0002ae25102002e7
:10fd04002400bf8f2000b48f1c00b38f1800b28f63
:10fd14001400b18f1000b08f0800e0032800bd2745
:10fd24002590000025380000253060025b79400fe3
:10fd34002528000225884000ffff0224efff22123d
:10fd440080801100d481828f0a80507c253040024b
:10fd5400252800003f0f410f25200002e0ff401638
:0cfd64003c00028ee3ff001001000324ad
:020000040000fa
:020000041d02db
:10fd70000400828cc0ffbd273800beaf2800b4af9e
:10fd80002000b2af1c00b1af3c00bfaf3400b7af32
:10fd90003000b6af2c00b5af2400b3af1800b0af41
:10fda0002588c0002590e0005400b48f0200410473
:10fdb0005800be8f010002241000908c0c00958c1e
:10fdc0000000d78f5000b38fffff10262118b0021c
:10fdd000000060a001000924234053000200f73214
:10fde000c3b714001000001e251032022c00205151
:10fdf0000000c28f3c00bf8f251000023800be8f6c
:10fe00003400b78f3000b68f2c00b58f2800b48f28
:10fe10002400b38f2000b28f1c00b18f1800b08f68
:10fe20000800e0034000bd27070040142110130123
:10fe30000600401c25202002ecff601a0000000094
:10fe4000eaffe012000000002520200225284002e1
:10fe5000253080022538c0021400a8af9454400f0a
:10fe6000ffff10261000a2af2118b002300042247c
:10fe70002520200225284002000062a025308002b3
:10fe8000a553400f2538c002ffff73262588400088
:10fe9000259060001400a88fd2ff00101000a98fd9
:0cfea0000421027cd3ff00100000c2af60
:020000040000fa
:020000041d02db
:10feac00d8ffbd272400bfaf2000b4af1c00b3aff8
:10febc001800b2af1400b1af1000b0af25888000ad
:10fecc0025a0a0002590c0002800938c1800908cd1
:10fedc000c00028e100002ae0400628e0c0002ae0a
:10feec004775400f02000496020002a64775400faa
:10fefc0006000496060002a60800029202004014b6
:10ff0c0064000224080002a21000238e0000058e5b
:10ff1c00802805003c00a5300c0062942110a20042
:10ff2c00090080120c0062a40a0000a66000629214
:10ff3c000400423004004014253000004f75400f7f
:10ff4c00252000020a0002a61c0040122400bf8fcc
:10ff5c001400248e0600822403004388000043987a
:10ff6c00030083a8000083b804004390040083a01e
:10ff7c0005004390050083a02800238e3c006524d7
:10ff8c000a2803002518a0000300a5880000659826
:10ff9c00030045a8000045b804006490040044a088
:10ffac0005006390050043a01000238e0c006294a2
:10ffbc000e0042240c0062a42400bf8f2000b48fda
:10ffcc001c00b38f1800b28f1400b18f1000b08fcb
:08ffdc000800e0032800bd2726
:020000040000fa
:020000041d02db
:10ffe40070ffbd278c00bfaf8800b2af8400b1aff3
:10fff4008000b0af9000a4af020006241000a52733
:020000041d03da
:100004005e41400f9000a4273b0040148c00bf8f3a
:100014001000a28f1400a2af9000a58f1a32400fd7
:100024001400a427330040144300b093200003328b
:10003400300060140600022402000524a3ef400fe0
:100044001400a4272b0040142084107c29000006ef
:10005400060002241a00b193010023322500601423
:10006400070002241000b28f3400a58fe523410f4e
:10007400252040021000313211002012258040005a
:100084001800438e1b007010070002244800b2af12
:100094005000b0af25280000e9b2400f4800a42763
:1000a4001400401425280000c27c400f4800a427f7
:1000b40016004010040003240f0043148c00bf8f6b
:1000c400bbf2400f1400a4270b0040148c00bf8f18
:1000d40006000012253000002528000230d0400f11
:1000e4001400a427040040148c00bf8fecd9400fe7
:1000f4001000a48f8c00bf8f8800b28f8400b18f52
:100104008000b08f0800e0039000bd27f9ff0010c5
:0401140007000224ba
:020000040000fa
:020000041d03da
:10011800d8ffbd272400bfaf2000b3af1c00b2af8b
:100128001800b1af1400b0af00008290d0ff422495
:10013800ff004230401002002c8283278a11627c23
:100148000300462c3100c0101300032400a0033c18
:10015800a00266902d00c214130003242580a0007d
:100168000300912400a0063c085dc624252820022f
:10017800e6a3400f25204000240040040400032487
:10018800392b410f252020021801048e0800801009
:10019800259040001c01028e05004010ffff5332dd
:1001a8002b1053002100401025306002000080a071
:1001b800ffff4232259040000d00422c01004050c4
:1001c8000c001224ffff523225304002252820025d
:1001d800422c410f1600042621901202160040a25c
:1001e80000a0023c085d422414004394080003a2c6
:1001f8000e004394040003a60c00438c060003a6db
:100208000800428c000002ae25180000251060008e
:100218002400bf8f2000b38f1c00b28f1800b18f4d
:100228001400b08f0800e0032800bd27422c410fbe
:10023800252820021801068e2130d300dcff00108b
:040248000000c0a052
:020000040000fa
:020000041d03da
:10024c000000878c0180023c7cd0422425180000e1
:10025c00180006240000498c0a002755010063246d
:10026c0004004a8c0800898c06004955010063245f
:10027c000800498c1400888c230028511800022493
:10028c0001006324f3ff6614100042240180023c39
:10029c007cd0428c32004010180006240180023cb5
:1002ac008cd04224010003240000488c2800005507
:1002bc0001006324001103000180063c7cd0c6249d
:1002cc0021104600000047ac0800868c040046aca8
:1002dc001400848c080044ac0c0040ac1500a01c2d
:1002ec00000102241300a014000102240180043c2c
:1002fc00001103007cd08424211082000c00428c5d
:10030c000c00001001004224e1ff62500180023c0d
:10031c00f4ffa0180180043c001103007cd084245d
:10032c00211082000c00448c0f008014251000005a
:10033c00000102240180043c002903007cd08424a9
:10034c00212085000c0082ac0800e003010062242f
:10035c00d5ff6614100042240800e00325100000ad
:10036c00d4ff0010251800000800e0030000000076
:020000040000fa
:020000041d03da
:10037c00e0ffbd271c00bfaf1800b1af1400b0af39
:10038c00258880005000908c5634410f25200002a7
:10039c005e34410f252000026634410f25200002f7
:1003ac005135410f25200002fdff401400000000d4
:1003bc005a34410f25200002e035410f2520000260
:1003cc0032004014d0002326000075bc0f00000042
:1003dc000020043c25186400080060ac0c0060ace4
:1003ec00100123aee0002326000075bc0f000000b6
:1003fc0025186400080060ac0c0060ac140123ae3e
:10040c00f0002326000075bc0f00000025186400c6
:10041c00080060ac0c0060ac180123ae0001222671
:10042c00000055bc0f00000025104400080040ac33
:10043c000c0040ac1c0122aeef6305246335410f68
:10044c0025200002252800008733410f25200002bb
:10045c00252800008c33410f252000024e34410f1b
:10046c00252000025234410f2520000200060524ed
:10047c00de35410f252000021c00bf8f1800b18f04
:10048c001400b08f0800e0032000bd274a34410f50
:0c049c0025200002c8ff00100000000036
:020000040000fa
:020000041d03da
:1004a800e0ffbd271c00bfaf1800b2af1400b1af0a
:1004b8001000b0af0180023c1cde508c23000012fb
:1004c8000180023c18de428c1900401024001026de
:1004d800258800000180123cdcff048e100080504b
:1004e80001003126e215410f0000000028fd400ff1
:1004f8002520000228fd400ff0ff042628fd400fac
:10050800e0ff042618de42260800448c0c00828c8a
:1005180009f84000dcff058edcff00ae0100312643
:1005280018de428e2b102202ebff40143c001026ee
:100538000180103c18de10260800048e0c00828c06
:1005480009f840000400058e040000ae0180103c4c
:1005580018de10260800058e0180043cc92b410fc7
:1005680038de8424080000ae1c00048e06008010cb
:100578000180023cb52a410f000000000180023cc6
:1005880034de40ac0180023c5cde448c0a00801002
:100598001c00bf8f2000828c0800423004004014e9
:1005a8000180023cbc05410f000000000180023cb4
:1005b8005cde40ac1c00bf8f1800b28f1400b18ff6
:0c05c8001000b08f0800e0032000bd27e9
:020000040000fa
:020000041d03da
:1005d400e0ffbd271c00bfaf1800b0af1000a0a7fc
:1005e4001200a0a7420086942400c0102580800039
:1005f4000300052436e4400f0e008484420005966f
:10060400f0ffa530420005a60180023c44e2448c80
:100614000400828c09f8400000000000700002ae63
:10062400440006962500c0100200052436e4400f5d
:100634000e0004861000a6270200052467e4400f7c
:100644000e00048644000596f0ffa530440005a67c
:100654000180023c44e2448c0400828c09f840008e
:1006640000000000740002ae251000001c00bf8fc3
:100674001800b08f0800e0032000bd270180023c71
:100684004ce246940600c01003000524420086a4f0
:1006940036e4400f0e008484d9ff00104200059612
:1006a4001200a62767e4400f0e008484d3ff401095
:1006b4001200a297d1ff0010420002a60180023c62
:1006c4004ee246940600c0501000a627440006a639
:1006d40036e4400f0e000486d7ff00101000a62752
:1006e4000200052467e4400f0e000486d1ff401089
:0c06f4001000a297cfff0010440002a6e7
:020000040000fa
:020000041d03da
:10070000a8ffbd275400bfaf5000b2af4c00b1af3f
:100710004800b0af5800a4af2580a0002590c000cd
:10072000253000001000a5275e41400f5800a42787
:1007300032004014258840001c0000121000a28fd7
:100740001400a2af1c00a0af25280000e9b2400fa2
:100750001400a4273000401401000524c27c400f7f
:100760001400a4272c004014251800023400a28f86
:100770000b00442400004590000065a001004224c5
:10078000fcff4414010063240a000226ffff102628
:100790002000032405000212010040a0ffff4224b4
:1007a00001004480fbff8310000000001400401291
:1007b000251020021000a48f700d410f2400858c9d
:1007c0000e004014258840001000a48f0000839084
:1007d000030005240500651043000224040063386b
:1007e00064000224270005240b10a3003800842491
:1007f000002c410f21208200000042ae2510200273
:100800005400bf8f5000b28f4c00b18f4800b08fa2
:100810000800e0035800bd2704000324e3ff435011
:0c082000000000a2f5ff00102588400039
:020000040000fa
:020000041d03da
:10082c00d8ffbd272400bfaf2000b4af1c00b3af6e
:10083c001800b2af1400b1af1000b0af258080002b
:10084c006635410f2588a00004004014259800004f
:10085c005a34410f25200002030013245234410f57
:10086c00252000020000328e0400348ec634410f65
:10087c0025200002ca34410f2520000282101200ec
:10088c002b1082020f00401025280000059d033c10
:10089c00d2ce6324010005240a00042400006294d3
:1008ac001b004202f4014000121000002b108202c7
:1008bc00050040100100a524f8ffa41402006324d5
:1008cc00090005240100a524ff00a530ce34410ffa
:1008dc00252000020800228e010042301200401038
:1008ec00000000009e34410f252000020800228edb
:1008fc00020042301000401000000000a634410fee
:10090c0025200002251060022400bf8f2000b48f28
:10091c001c00b38f1800b28f1400b18f1000b08f71
:10092c000800e0032800bd27a234410f2520000257
:10093c00efff00100800228eaa34410f2520000280
:08094c00f1ff0010251060020c
:020000040000fa
:020000041d03da
:10095400a0ffbd275c00bfaf5800b2af5400b1afd9
:100964005000b0afb480828f1300401025888000ff
:10097400c080908f2590000046000486ffff02246b
:100984000900825001005226110020521400058ee5
:100994005ce5400f1000a5273800a28f19005150c4
:1009a4001400058e01005226b480828f2b1042025f
:1009b400f1ff4014640110265c00bf8f5800b28f11
:1009c4005400b18f5000b08f0800e0036000bd27d1
:1009d400ffff02241200a2147480848f2000058e6d
:1009e4000300a010000000004fb6400f460004862c
:1009f400839f400f46000486ffff0224e9ff001096
:100a0400460002a6ffff02241000a2147480848f03
:100a1400ec9f400f46000486e3ff001001005226bd
:100a24001400828c09f8400000000000ffff02243b
:100a3400140002ae6200062608000524f127410fc7
:100a440025200002e6ff00102000058e1400828c91
:100a540009f8400000000000ffff0224140002ae69
:100a64006200062608000524f127410f2520000214
:080a7400e7ff00100000000084
:020000040000fa
:020000041d03da
:100a7c000180023c98df42242c004290ff0042305f
:100a8c00430040100180023c98df42241c00438c40
:100a9c002000428c82bf043c1022848c01008430e4
:100aac00190080102b204300170080100180043c9b
:100abc0082bf093c0600082482bf063c98df8424d0
:100acc0082bf073c0022258d0600a5302b00a81400
:100adc00000000003022ca8c1800858c405802009f
:100aec002128ab000000aaa4010042241022e58cae
:100afc000100a5300500a0500180043cf1ff6214f8
:100b0c0000000000251060000180043c98df842464
:100b1c00200082ac81bf023c0400053c840045ac43
:100b2c002000828c2b1843001900601425108000c3
:100b3c002c0080a081bf033c0200043c040164ac87
:100b4c000400043c040164ac2400428c10004010ee
:100b5c000180023ce8ffbd271400bfaf98df4224a0
:100b6c002800448c2400428c09f84000000000004e
:100b7c001400bf8f0800e0031800bd273022ca8c78
:100b8c001800858c2128a200d7ff00100000aaa015
:080b9c000800e0030000000066
:020000040000fa
:020000041d03da
:100ba4000180023c98df422414004290ff0042304e
:100bb40043004010000000000180023c98df422402
:100bc4000400438c0800428c82bf043c1022848cb5
:100bd40000028430180080142b204300160080107b
:100be40082bf053c82bf093c060008240180063c04
:100bf40082bf073c0022248d060084302b00881419
:100c04000000000098dfc48c4050020021208a00bc
:100c1400000084942022a4ac010042241022e48c1d
:100c240000028430050080140180043cf1ff62144a
:100c340000000000251060000180043c98df84243b
:100c4400080082ac81bf023c0800053c840045ac2e
:100c54000800828c2b184300190060140000000067
:100c640025108000140080a081bf033c0800043cd0
:100c7400040164ac0c00428c110040100000000020
:100c8400e8ffbd271400bfaf0180023c98df422477
:100c94001000448c0c00428c09f840000000000055
:100ca4001400bf8f0800e0031800bd2798dfc48c30
:100cb4008a21827c2022a4acd8ff001001004224a7
:080cc4000800e003000000003d
:020000040000fa
:020000041d03da
:100ccc000180023cccdf42242c004290ff004230d9
:100cdc00430040100180023cccdf42241c00438cba
:100cec002000428c82bf043c102a848c010084308a
:100cfc00190080102b204300170080100180043c49
:100d0c0082bf093c0600082482bf063cccdf842449
:100d1c0082bf073c002a258d0600a5302b00a814a5
:100d2c0000000000302aca8c1800858c4058020044
:100d3c002128ab000000aaa401004224102ae58c53
:100d4c000100a5300500a0500180043cf1ff6214a5
:100d5c0000000000251060000180043cccdf8424de
:100d6c00200082ac81bf023c0020053c940045acc5
:100d7c002000828c2b184300190060142510800071
:100d8c002c0080a081bf033c0010043c140164ac17
:100d9c000020043c140164ac2400428c1000401070
:100dac000180023ce8ffbd271400bfafccdf42241a
:100dbc002800448c2400428c09f8400000000000fc
:100dcc001400bf8f0800e0031800bd27302aca8c1e
:100ddc001800858c2128a200d7ff00100000aaa0c3
:080dec000800e0030000000014
:020000040000fa
:020000041d03da
:100df4000180023cccdf422414004290ff004230c8
:100e040043004010000000000180023cccdf42247b
:100e14000400438c0800428c82bf043c102a848c5a
:100e240000028430180080142b2043001600801028
:100e340082bf053c82bf093c060008240180063cb1
:100e440082bf073c002a248d060084302b008814be
:100e540000000000ccdfc48c4050020021208a0036
:100e640000008494202aa4ac01004224102ae48cbb
:100e740000028430050080140180043cf1ff6214f8
:100e840000000000251060000180043cccdf8424b5
:100e9400080082ac81bf023c0040053c940045ac94
:100ea4000800828c2b184300190060140000000015
:100eb40025108000140080a081bf033c0040043c46
:100ec400140164ac0c00428c1100401000000000be
:100ed400e8ffbd271400bfaf0180023cccdf4224f1
:100ee4001000448c0c00428c09f840000000000003
:100ef4001400bf8f0800e0031800bd27ccdfc48caa
:100f04008a21827c202aa4acd8ff0010010042244c
:080f14000800e00300000000ea
:020000040000fa
:020000041d03da
:100f1c00e0ffbd271c00bfaf4010040021104400af
:100f2c00801002000180033c58dc63242110430034
:100f3c000800428c230040142540c0000180023c74
:100f4c0040180400211864008018030058dc422467
:100f5c00211043000400428c0c0040540100032477
:100f6c000180023c58dc42240a30437c1400a6afba
:100f7c001000a6af78cc400f2538000101000224e8
:100f8c001c00bf8f0800e0032000bd27fbff4314ab
:100f9c004010040021104400801802000180023c23
:100fac0058dc42240a10437c1400a2af1000a7aff7
:100fbc002538c00078cc400f25304000f0ff0010e1
:100fcc000100022401000324ecff43142530e0004f
:100fdc000180023c401804002118640080180300b2
:100fec0058dc4224211043000400428c0a00405477
:100ffc00010003240180023c58dc42240a10437c8b
:10100c001400a2af1000a2af78cc400f253800011d
:10101c00dbff001001000224d9ff4354010002241d
:10102c001400a7af1000a7af78cc400f25380001f3
:08103c00d3ff001001000224a3
:020000040000fa
:020000041d03da
:101044000000e0acffff82301900422c4400401045
:1010540013000324e0ffbd271c00bfaf1800b2af8c
:101064001400b1af1000b0afffff903000a0023cfd
:101074000019100028594224211043000c00428c0e
:1010840019004414130003240011100000a0033cb1
:1010940028596324211043000800428c2b90c2007d
:1010a4000a3052002590c0000f00c010251800001f
:1010b4001400a01400a0023c0000e6ac0081100063
:1010c40028594224218002020000068e2190d20079
:1010d400000012ae0800028e0000e38c23104300cf
:1010e400080002ae25180000251060001c00bf8f08
:1010f4001800b28f1400b18f1000b08f0800e00305
:101104002000bd272588e0002538a0000029100014
:10111400285942240a28457cf5b4400f003c847cbd
:10112400f1ff401025180000000032ae00811000cd
:1011340000a0023c28594224218002020000068ead
:101144002190d200000012ae0800028e0000238e0f
:1011540023104300080002aee3ff0010251800002e
:081164000800e0032510600003
:020000040000fa
:020000041d03da
:10116c00d8ffbd272400bfaf2000b4af1c00b3af25
:10117c001800b2af1400b1af1000b0af25908000d2
:10118c002588a00025a0c0009113410f2598e000f0
:10119c002c004010ffff10240180023ce8de438c41
:1011ac00020002242500621400000000230020121b
:1011bc002b103202210040140180023cb4d7429023
:1011cc0029004010050002240180033cd8d7632479
:1011dc0001001024000064902700805401001026a8
:1011ec0001000224000062a0010060a0180060a0b1
:1011fc00190060a03800a28f040062ac080071ac2a
:10120c00100074ac140073ac238832020c0071ac67
:10121c001e808297ffff10320024020025800402fa
:10122c00200070ac01004224ffff4230ffff443825
:10123c00010003240a1064001e8082a74022410f83
:10124c0000000000251000022400bf8f2000b48f86
:10125c001c00b38f1800b28f1400b18f1000b08f28
:10126c000800e0032800bd27258000000180033c16
:10127c00dbff0010b4d76324d6ff021624006324ce
:08128c00eeff0010ffff10242b
:020000040000fa
:020000041d03da
:10129400e0ffbd271c00bfaf1800b1af1400b0af12
:1012a400258080000800838c20009194080024325b
:1012b4002b0080101000628c010044302800801044
:1012c400c2321100403106000100c63401006290b0
:1012d400010044302518c0000004c6340a306400fc
:1012e40044000496220003240500831420160424d9
:1012f400460003962016633006006410040005249b
:10130400020042302518c0000008c6340a306200ca
:1013140004000524cf11410f2520000207004010ce
:1013240001013132010102240900221604000224c1
:101334001a0002a6060002241c0002a61c00bf8f8d
:101344001800b18f1400b08f0800e0032000bd27ff
:101354001a0002a608000224f8ff00101c0002a6ce
:10136400006026320300c010005031320001467c78
:10137400403306002518c0000001c6340a3071004d
:10138400000142302518c0000040c6340a30620013
:1013940025280000cf11410f25200002e7ff40104f
:1013a400040002241a0002a60a000224e3ff00102b
:0413b4001c0002a671
:020000040000fa
:020000041d03da
:1013b800e0ffbd271c00bfaf1800b2af1400b1afeb
:1013c8001000b0af1c0082940800401025808000f7
:1013d80001000324250043504000828c361c410f35
:1013e800f4ff05241c0000101c00bf8f0800928c1d
:1013f8001400428e1000428c04004054400002ae9b
:10140800029d023cac994224400002ae5122410f99
:101418003c0000ae7020410f258840002000438e1c
:101428000000638c02882372e70331266210033cb4
:10143800d34d63241900230210880000828911000b
:10144800211022022c0002ae010002241a0002a67a
:101458001c0002a61c00bf8f1800b28f1400b18fa9
:101468001000b08f0800e0032000bd272528800069
:10147800049d043c09f840000448842405004014f5
:1014880000000000020002241a0002a6f1ff00106a
:101498001c0000a60500410425284000361c410f09
:1014a80025200002ecff00101c00bf8f7020410fa8
:1014b800000000002c00038e2b104300e5ff4014b1
:1014c800fbff0524361c410f25200002e2ff001017
:0414d8001c00bf8fa6
:020000040000fa
:020000041d03da
:1014dc00e0ffbd271c00bfaf1800b2af1400b1afc6
:1014ec001000b0af258080002590a0002588c0009a
:1014fc00a000848c0f0082300100052404284500d4
:10150c005731410f02210400a80000ae7800038e71
:10151c00ffff0224290062506800028e7c00038ebb
:10152c002500621000020624880012ae8c0000ae6a
:10153c00940011ae900000ae980000aeff000524a0
:10154c00b02d410f9c00048e9400028e0102512c90
:10155c00000203240b18510025886000231043005f
:10156c00940002ae9800028e21104300980002ae47
:10157c0025386000253040028400058ec7c3400f1b
:10158c007c00048e253820028000068e9c00058e7f
:10159c00c7c3400f7800048e0100112425102002cf
:1015ac001c00bf8f1800b28f1400b18f1000b08fc9
:1015bc000800e0032000bd276800028e0800428c62
:1015cc002528200209f8400025204002f3ff401492
:1015dc0025884000a000048e0f00823001000524f5
:1015ec00042845005031410f02210400ecff00108b
:0415fc002510200294
:020000040000fa
:020000041d03da
:10160000d8ffbd272400bfaf2000b3af1c00b2af8e
:101610001800b1af1400b0af0200022426008210ff
:10162000ffff11242590c000010002242a0082142b
:101630002580a0002900c010253800000000c28cc1
:1016400026004010252800002d1d410f2520c00038
:101650001900401025984000253800002530000270
:1016600025280000b450400f0100042425884000c4
:10167000ffff02241000221280801100e480828f7c
:101680000a80507c440013ae253040027100059260
:101690002c1f410f252000028400028e010003242c
:1016a000c4de627c840002ae8400028e010003244a
:1016b00004e7627c840002ae251020022400bf8f64
:1016c0002000b38f1c00b28f1800b18f1400b08fb0
:1016d0000800e0032800bd2725380000253000025f
:1016e000b450400f2528000025884000ffff022449
:1016f000f1ff221280801100e480828f0a80507cea
:10170000440000ae25304002710005922c1f410fad
:1017100025200002e4ff401625102002e8ff0010fb
:041720002400bf8f53
:020000040000fa
:020000041d03da
:10172400d8ffbd272400bfaf2000b4af1c00b3af67
:101734001800b2af1400b1af1000b0af2c00e0102d
:1017440025800000020002243200c2140100022499
:101754001001918c1401928c25a0e0000800428ea7
:10176400100040142598a0003800a68f1800052406
:1017740009f8e000010004241d0040102580000049
:101784000800438e000043ac0400632400e0637c43
:10179400140043ac080042ae0c00438e01006050bc
:1017a4000c0042ae12006012258060022580000009
:1017b4003800a68f1800052409f8800201000424cb
:1017c4000c00405025100002000040ac140040ac56
:1017d4000c00238e14006054000062ac080022ae9a
:1017e4000c0022ae01001026f2ff70163800a68ffe
:1017f400251000022400bf8f2000b48f1c00b38f7b
:101804001800b28f1400b18f1000b08f0800e003ed
:101814002800bd27f6ffc214258000001801918c12
:10182400cdff00101c01928c0c00248e0400432474
:1018340000e0637c140083aceaff00100c0022aecd
:020000040000fa
:020000041d03da
:10184400e0ffbd271c00bfaf1800b1af1400b0af5c
:10185400258880000e00a290020003242c0043106f
:101864002580a00003000324140043100100032476
:1018740034004314cb0406249a30410f1000848ca6
:101884000a0040141c00bf8f040006968019c57c12
:101894004020c67c1000a534781e410f1000248e11
:1018a400030002240e0002a21c00bf8f1800b18f97
:1018b4001400b08f0800e0032000bd279a30410fc8
:1018c4001000848cf9ff40141c00bf8f872b410f3c
:1018d4001000248e080002ae040005964020a67c69
:1018e4008019a57c0100c6341000a534781e410f70
:1018f4001000248e0d0002920100423002000424e4
:10190400060003240a188200e7ff00100e0003a259
:101914009a30410f1000848ce4ff40141c00bf8fe8
:10192400872b410f1000248e001402000800038e40
:1019340025186200080003ae06000224daff001036
:101944000e0002a2059d053ca0c9a524bb24410f9d
:101954002520000007000224d3ff00100e0002a27d
:020000040000fa
:020000041d03da
:10196400d8ffbd272400bfaf2000b4af1c00b3af25
:101974001800b2af1400b1af1000b0afe080838f95
:101984000100022433006214dc80828f310040188d
:1019940002000224e08082afd480828f23004010b2
:1019a40025888000140082940100132404985300b5
:1019b4002590000080801200e480828f0a80507c91
:1019c4001600005201005226ff33410f4400048eda
:1019d4001100400401000324041843002418730078
:1019e4000d006010010003248400028e01005430b5
:1019f4000400627c840002ae002006242528000036
:101a040047d9400f252000022ba014008400028e29
:101a14000400827e840002ae01005226d480828fac
:101a24002b104202e4ff401480801200160023921f
:101a3400020002240f006214dc80828fffff422424
:101a44000c004014dc8082af04fd400f0000000055
:101a5400e08080af2400bf8f2000b48f1c00b38fc0
:101a64001800b28f1400b18f1000b08f0800e0038b
:101a74002800bd2701000224f6ff0010e08082af99
:020000040000fa
:020000041d03da
:101a84000700a22c4400401000000000e8ffbd271e
:101a94001400bfaf1000b0af80280500039d023cc6
:101aa400b41a42240a28457c0800a000258080003e
:101ab400d01a039de41a039d941b039d0c1b039de4
:101ac4005c1b039d881b039d941b039d2510000034
:101ad4001400bf8f1000b08f0800e0031800bd276a
:101ae400fbff8010251000000d32410f00000000a4
:101af40001000324000003a21432410f25204000fa
:101b0400f3ff001001000224f1ff801025100000f3
:101b140000000292ff004230fdff40100000000070
:101b240000000392ff006330e9ff601025100000fd
:101b34000d32410f0000000000000392ffff6324f8
:101b4400ff006330000003a21432410f252040003f
:101b5400dfff001001000224ddff801025100000cb
:101b64000d32410f000000000000039201006324c5
:101b7400000003a21432410f25204000d4ff0010be
:101b840001000224000080acd1ff001001000224f7
:101b9400cfff0010010002240800e003251000001c
:020000040000fa
:020000041d03da
:101ba40042008010f2ff02240800838c0180023c72
:101bb400ecdb42243a006250020087840800e00310
:101bc400f2ff02243900a010f4ff02243900c010ef
:101bd400000000000180023c00dc438c33006010f4
:101be400f4ff02240000678c3200e01000000000c3
:101bf4000400678c2f00e010000000000800638cd4
:101c04002c00601000000000e0ffbd271c00bfafe7
:101c14001800b2af1400b1af1000b0af2590c000ef
:101c24002588a0001000a28c0500401025808000ab
:101c340025288000049d043c09f8400004488424bd
:101c44000180023cecdb42240000238e020043a40a
:101c54000400238e100043ac0800238e0a0043a422
:101c64000c00238e010043a0280012ae01000224c0
:101c7400180002a61c0000a61a0000a6020002a674
:101c84001e0002a6010002241c00bf8f1800b28fa0
:101c94001400b18f1000b08f0800e0032000bd27ae
:101ca40002000324c7ffe310f3ff02240800e0034b
:0c1cb400000000000800e0030000000039
:020000040000fa
:020000041d03da
:101cc000e8ffbd271400bfaf1000b0af0400400f05
:101cd0002580a00011004054000044902e36410f92
:101ce000000000000300432c08006014ffff0224e2
:101cf0002c36410f00000000059d053c2899a524c5
:101d0000c60f410f25204000ffff02241400bf8fa3
:101d10001000b08f0800e0031800bd274010040039
:101d200021104400801002002310440080100200a3
:101d300023104400801002000180033c68d8632413
:101d400021104300a800459001000324efffa314d5
:101d5000ffff022440100400211044008010020004
:101d60002310440080100200231044008010020061
:101d70000180033c68d8632421104300a80040a0e0
:101d8000ff000532c0180500211865008018030007
:101d90005800428c211843000c00658c0200b014de
:101da000ffff02240800628c401804002118640020
:101db00080180300231864008018030023186400af
:101dc000801803000180043c68d884242118640032
:0c1dd00001000424cdff0010a80064a056
:020000040000fa
:020000041d03da
:101ddc00e0ffbd271c00bfaf1800b1af1400b0afbf
:101dec00422d410f2580a000258840003a0020128a
:101dfc00251000003800001254000624252800008d
:101e0c00b02d410f252000025c002392010002241a
:101e1c000b006254000000ae1400228e040002aecf
:101e2c001800228e140002ae1c00228e240002ae7a
:101e3c002000228e340002ae01000224000002ae0b
:101e4c0028002296440002a62a002296460002a6ea
:101e5c002400228e480002ae4800228e4c0002a6be
:101e6c000400228e0000238e231043004e0002a695
:101e7c003c00248e040082388000427c5d0023925a
:101e8c000100663025284000020042340a10a600ea
:101e9c000800863025284000040042340b10a600b0
:101eac000200663025284000080042340a10a600c3
:101ebc001000843025284000100042340b10a40080
:101ecc000400633025204000200042340a108300b7
:101edc00500002ae010002241c00bf8f1800b18f0d
:0c1eec001400b08f0800e0032000bd27a8
:020000040000fa
:020000041d03da
:101ef800d0ffbd272c00bfaf2800b5af2400b4af7a
:101f08002000b3af1c00b2af1800b1af1400b0afdf
:101f18002580800025a0a0001400828c09f84000cc
:101f28001000958c259040000c00028e1c0040107b
:101f3800258800000800118e0000028e02185172d8
:101f48002188620000002296010042301e004014e1
:101f5800259800000a0000102000028e0800118e4b
:101f68000000028e02185172218862000000229639
:101f780001004230150040541c00028e2000028ee1
:101f8800253080022528200209f84000252000027b
:101f9800020033a62400028e01004224240002ae6f
:101fa800251020022c00bf8f2800b58f2400b48f85
:101fb8002000b38f1c00b28f1800b18f1400b08faf
:101fc8000800e0033000bd271c00028e2530800287
:101fd8002528200209f8400025200002f0ff4010c3
:101fe800219055020c00028e2b2042022318420237
:101ff800010073262b106202d8ff40140a90640077
:08200800e7ff0010258800002d
:020000040000fa
:020000041d03da
:10201000e0ffbd271c00bfaf1800b0af3082829335
:102020001000401400a0033c01000224308282a36f
:1020300000a0023cb04040a0b04042243c0240a07e
:1020400000a0023cc0024224703b6324803445243b
:10205000000040a0000060a030024224fcff4514b4
:10206000380063240200832c2b0060100b00022434
:10207000c01004002110440000110200231044008d
:102080008010020000a0033cb04063248a19627ce7
:10209000210060140b00022425808000300082247f
:1020a0001000a2a33a0002241100a2a31200a0a3d0
:1020b000c01004002110440000110200231044004d
:1020c0008010020004004224010006241000a5270d
:1020d00000a0043cb040842490da400f212082000c
:1020e000030040100d0003240c0043141c00bf8f9c
:1020f000c0201000212090000021040023809000c7
:102100008080100000a0033cb040632421800302c3
:1021100001000324000003a21c00bf8f1800b08f31
:082120000800e0032000bd27c8
:020000040000fa
:020000041d03da
:10212800d8ffbd272400bfaf2000b4af1c00b3af59
:102138001800b2af1400b1af1000b0af0f00a0107c
:1021480025a080001000a28c050040107800112402
:102158001400512c140003240a185100258860002b
:102168001400b38c421011001800b08c0c0000163b
:102178000a985300040000109224023c3c001324e7
:10218800780011249224023c244942242b10220274
:1021980024004014c2101100c080020023800202f3
:1021a800d72e410fcccc123ccdcc52361900520060
:1021b8001018000002210300801804002118640090
:1021c8008018030023104300f6ff732621105300e4
:1021d800d72e410f100082ae190052001090000057
:1021e8000291120080181200219072008090120053
:1021f80023105200f6ff102621105000140082ae62
:10220800180091ae2400bf8f2000b48f1c00b38f3c
:102218001800b28f1400b18f1000b08f0800e003cf
:102228002800bd27c080110023801102dcff0010a8
:04223800c280100050
:020000040000fa
:020000041d03da
:10223c00c8ffbd273400bfaf3000b5af2c00b4af22
:10224c002800b3af2400b2af2000b1af1c00b0af78
:10225c00259080000700a0102580a0000000a0a001
:10226c000100a0a00200a0a00300a0a00400a0a058
:10227c000500a0a0280040120100022400004382a7
:10228c00250060102588000000005482ce2e410fde
:10229c0025208002200040102510000001005582ee
:1022ac00ce2e410f2520a002240040100438b37e0e
:1022bc00047a937e22fe400fffff64322118b10393
:1022cc00100062a002004282090040103a00032470
:1022dc00030043102d0003240f00431425100000ad
:1022ec000100312606000224e7ff221603005226c5
:1022fc00070000121000a28f030002aa000002ba0d
:10230c001400a293040002a21500a293050002a2dd
:10231c000500223a0100422c3400bf8f3000b58feb
:10232c002c00b48f2800b38f2400b28f2000b18f03
:10233c001c00b08f0800e0033800bd27f6ff00102a
:04234c002510000058
:020000040000fa
:020000041d03da
:102350004200a010010002245c0083903f00621440
:1023600000000000d8ffbd272400bfaf2000b2af9f
:102370001c00b1af1800b0af2588a00025808000f8
:10238000ab35410f2520a0000000448c1c0004ae9a
:102390003c00038e1000023c00014224241862001d
:1023a00001006254140004aea835410f252020021c
:1023b0000000528c1000b2af200012ae3c00028e22
:1023c00020004230130040141000a5275e17410f73
:1023d0002800248e0f004014f0005232e000022446
:1023e0000c0042121000a28f1800038e06006250eb
:1023f0003c00028e3c00038ec439037c3c0003aedb
:10240000180002ae3c00028e010003248431627c7d
:102410003c0002ae2800228e240002ae2800029664
:10242000060040501c00228e3c00028e4005427c7b
:10243000050040142400bf8f1c00228e000042942f
:10244000280002a62400bf8f2000b28f1c00b18f8d
:102450001800b08f0800e0032800bd270800e00343
:042460000000000078
:020000040000fa
:020000041d03da
:102464004100a010251000000000a38c3e00601065
:10247400000000003c008010000000004200839433
:10248400400063303800601000000000e0ffbd270a
:102494001c00bfaf1800b2af1400b1af1000b0af52
:1024a4002580c0002588a0000180023cff33410f35
:1024b4001cde528c001902002310620080100200fe
:1024c4002190420225282002b5d9400f0000448ef5
:1024d400258840001e0020122510000000002396cd
:1024e400c00063301b0060101c00bf8f0900005245
:1024f400000023961000228e030002aa000002baf4
:1025040014002292040002a215002292050002a2e5
:1025140000002396800063300d0060100100022447
:1025240014005226040030262528000278f4400fb7
:10253400252040020180023c2cde428c0c0022ae9d
:102544002528000217f2400f252040020100022432
:102554001c00bf8f1800b28f1400b18f1000b08f11
:102564000800e0032000bd270800e003000000008d
:020000040000fa
:020000041d03da
:102574004100c0102510e000d0ffbd272c00bfafe4
:102584002800b5af2400b4af2000b3af1c00b2af35
:102594001800b1af1400b0af2598a0002590c0007a
:1025a4002580e000f0f4400f0100062425004010cf
:1025b4002588400025a000000e0022960800238ee6
:1025c40021186200231873000c00229603004010a7
:1025d400ffff63302b2062000a1844002ba843023b
:1025e4000b1855021000601025a86000253000006b
:1025f400252860004f75400f252060022710020037
:102604000100833203006010ffff42304775400f22
:102614002520400023905502ffff523221a0b4022e
:10262400ffff9432218002020000318e0500201247
:10263400000000000300401200000000deff001054
:102644000800338e0a31410f2520000227100200b2
:10265400ffff42302c00bf8f2800b58f2400b48fb9
:102664002000b38f1c00b28f1800b18f1400b08ffc
:102674000800e0033000bd270800e003000000006c
:020000040000fa
:020000041d03da
:10268400000102040703060500000000ffffffff2e
:10269400ffffffffffffffffffffffffffffffff46
:1026a400ffffffffffffffffffffffffffffffff36
:1026b400ffffffffffffffffffffffffff00010220
:1026c40003040506070809ffffffffffffff0a0bce
:1026d4000c0d0e0f101112131415161718191a1bbe
:1026e4001c1d1e1f20212223ffffffffffff0a0bdb
:1026f4000c0d0e0f101112131415161718191a1b9e
:102704001c1d1e1f20212223ffffffffffffffffd1
:10271400ffffffffffffffffffffffffffffffffc5
:10272400ffffffffffffffffffffffffffffffffb5
:10273400ffffffffffffffffffffffffffffffffa5
:10274400ffffffffffffffffffffffffffffffff95
:10275400ffffffffffffffffffffffffffffffff85
:10276400ffffffffffffffffffffffffffffffff75
:10277400ffffffffffffffffffffffffffffffff65
:10278400ffffffffffffffffffffffffff00000052
:020000040000fa
:020000041d03da
:10279400d8ffbd272400bfaf2000b3af1c00b2afe9
:1027a4001800b1af48f9400f1400b0af1e0040103c
:1027b40025904000000053940180023c001a13004d
:1027c400ecd5422421104300d1004390010002249f
:1027d400150062140180113cecd53126001213005f
:1027e40021102202d10040a00012130064004224f0
:1027f400218822020000308e120000160180023c63
:10280400001a1300ecd54224211043000c00438c21
:10281400ffff63240c0043ac010040a0020040a26f
:1028240001000324d10043a02400bf8f2000b38ff4
:102834001c00b28f1800b18f1400b08f0800e003a1
:102844002800bd270400038e1000428e110062147c
:10285400010002240800038ee6ff625424001126be
:102864002400028e000022ae0800428e0600405072
:10287400080000ae0c00468e0c00058e09f84000de
:1028840001000424080000ae240000aed9ff0010ab
:0c289400000000a2d7ff00102400112655
:020000040000fa
:020000041d03da
:1028a000d8ffbd272400bfaf2000b4af1c00b3afda
:1028b0001800b2af1400b1af1000b0af392b410f08
:1028c00025888000ffff4230010030260e004014b2
:1028d00025182002000020a2010020a201002226cb
:1028e0002400bf8f2000b48f1c00b38f1800b28f5c
:1028f0001400b18f1000b08f0800e0032800bd273e
:102900002510400225188002ffff112601007424c3
:10291000000065902024057cffff52243d00062422
:1029200004008610ffff523226000624070086149a
:102930002b00062425880002ffff00a2f0ff4016ae
:1029400001001026e4ff0010000020a205008614fc
:10295000250006242588000220000224f7ff00102d
:10296000ffff02a20f008654258800020200522eab
:10297000d8ff40160300742401006490047a937c0d
:10298000020063900438737cfdff4224ffff523045
:102990002588000222fe400fffff6432e7ff00108f
:0c29a000ffff02a2e5ff0010ffff05a2f0
:020000040000fa
:020000041d03da
:1029ac00e0ffbd271c00bfaf1800b1af1400b0afe3
:1029bc00258080000e18410f9c00848c2528000077
:1029cc0074fc400f25200002602d410f9c00048eea
:1029dc004c80828f0c0002561800048e0e18410f8a
:1029ec009c00048e602d410f9c00048eb00000ae44
:1029fc00a00000aea40000aea80000aeac0000ae7b
:102a0c004c8080af1800048effff02240600821059
:102a1c004800118e1800228e09f8400000000000ba
:102a2c00ffff0224180002ae1400048effff0224e4
:102a3c0007008210253800020800228e09f8400099
:102a4c0000000000ffff0224140002ae2538000233
:102a5c00009d063c9001c6240200052423f9400f7a
:102a6c002520000225300000feff052453df400f17
:102a7c002520000225380002009d063c1001c624ca
:102a8c000100052423f9400f252000021c0000ae94
:102a9c00200000a61c00bf8f1800b18f1400b08f4f
:082aac000800e0032000bd2733
:020000040000fa
:020000041d03da
:102ab4003f008014ffff02240180023cecdb4390c2
:102ac40001000224040062541800a38c0180023c1b
:102ad4000800e003ecdb42240180023c08dc43ac48
:102ae40033006010ffff0224e0ffbd271c00bfafce
:102af4001800b1af1400b0af0180033cecdb6224da
:102b04002000a494060044a401000424ecdb64a087
:102b140002000324040043a4080040a40400a38c7e
:102b24000c0043ac1000a38c140043ac049d043c83
:102b340004488424180044ac2400a48c200044ac31
:102b4400240040a014006294160040500180023c0e
:102b54000180043c48dc82a4160063940180023c9a
:102b6400ecdb50245e0003a6de020624059d113c26
:102b740040c925266124410f01000424df020624f4
:102b840040c925265224410f0100042425100002c7
:102b94001c00bf8f1800b18f1400b08f0800e00331
:102ba4002000bd2700410424ebff001048dc44a4ae
:082bb4000800e003000000002e
:020000040000fa
:020000041d03da
:102bbc000c00838c0019637c80180300ecff6324e9
:102bcc00ff0063303a0060101802022414008424c1
:102bdc002140830001000724020006243400601009
:102bec00180202242b108800310040101802022415
:102bfc0001008524ffffa29027004010ffff6324f3
:102c0c0023004710ff006330170046540200622c6b
:102c1c000300632c26006014180202240100859026
:102c2c00040003242200a314251800000200829043
:102c3c00047a437c030082900438437c25106000a6
:102c4c00ffff6330b505632c01006050b40502240e
:102c5c00ffff43301802632c010060541802022459
:102c6c000800e003ffff42300d004014000000009c
:102c7c00010082902b2862000b00a0140200452456
:102c8c002120850023186200d4ff0010ff00633060
:102c9c00d2ff00102520a0000800e0031802022437
:102cac000800e003180202240800e00318020224c2
:082cbc000800e0030000000025
:020000040000fa
:020000041d03da
:102cc400e0ffbd271c00bfaf1800b1af1400b0afc8
:102cd400b600410f25808000310040140000000040
:102ce4001c07410f25200002258840000300022410
:102cf400250022160a000324a400028e0b004314ac
:102d04000b00032424000224080002ae740c410fbb
:102d140025200002251020021c00bf8f1800b18f4f
:102d24001400b08f0800e0032000bd2707004354bf
:102d3400f4ff422428000224080002ae12ec400fe3
:102d440025200002f4ff0010251020020200422c6e
:102d5400060040102d000224080002ae7ed9400f68
:102d640025200002ecff0010251020022538000069
:102d74002530000001000524ac26410f2520000267
:102d8400e4ff0010080000ae01000224a00002ae1f
:102d9400861f410f25200002deff0010ffff1124d3
:102da4003f28410f25200002daff401001001124c2
:102db40002000224a00002ae861f410f252000025b
:082dc400d4ff0010ffff1124f1
:020000040000fa
:020000041d03da
:102dcc00d8ffbd272400bfaf2000b1af1c00b0afaf
:102ddc002c00a5af2900801009001124258080004b
:102dec00253000001000a5275e41400f2c00a427c1
:102dfc002f004014258840001000a28f000002ae66
:102e0c002c00a58f1a32400f2520000223004014fd
:102e1c00258840002f0002820a0040041000a28f77
:102e2c00060002921000423021004050050011248f
:102e3c002000058ee523410f1000a48f080002ae80
:102e4c001000a28f06004294040002a62528000060
:102e5c00e9b2400f252000021000401425884000e4
:102e6c000800028e0b0040102528000093c0400f74
:102e7c002520000212004010100002ae2510200286
:102e8c002400bf8f2000b18f1c00b08f0800e0031e
:102e9c002800bd27f9ff0010100000ae040002242a
:102eac000300225205001124f5ff201225102002e8
:102ebc00f2ff0010000000aefdff00100500112411
:082ecc00fbff001012001124ad
:020000040000fa
:020000041d03da
:102ed400d0ffbd272c00bfaf2800b5af2400b4af8e
:102ee4002000b3af1c00b2af1800b1af1400b0aff4
:102ef4002590a000251080003800842c020080104a
:102f04002588c0003800022403004224fcff50300e
:102f14001d005526f0ffb5321e00b426ffff943283
:102f24007881848f18000526212885020400828c6c
:102f340009f84000feffa5301c0040102598400011
:102f44001800062625280000b02d410f252040003a
:102f5400211070020e0055a4120054a4330043241f
:102f64000418037c040043acf4ff73acadde043cf2
:102f7400defa8434f8ff64ac01000324100043a497
:102f8400100062ae0400438c02006424080044acc8
:102f9400140064ae0400117c03004012200071aee2
:102fa40010006324180063ae2f0060a22510600295
:102fb4002c00bf8f2800b58f2400b48f2000b38f5e
:102fc4001c00b28f1800b18f1400b08f0800e0030a
:042fd4003000bd27e5
:020000040000fa
:020000041d03da
:102fd800d8ffbd272400bfaf2000b2af1c00b1af9f
:102fe8001800b0af25808000b1f8400f1000a52769
:102ff800310040142518400014000292400044306b
:103008002d0080102014027c0b00410401000724cd
:103018002000068e2c0005261000a28fe97e400fa6
:10302800010044902400401401000324140002927b
:103038007f004230140002a27a31410f00000000e4
:10304800259040002400058e700d410f1000a48fbc
:1030580019004014251840002800118e0b002292f8
:10306800200042340b0022a20800068e25282002e8
:10307800fd2a410f0000048e0c00058ed92f410f48
:103088001c00242625284002d92f410f160024268b
:10309800120020a2130020a21000a48f0100022415
:1030a800ecd9400f040082a02518400014000292b9
:1030b8008431027c140002a2251060002400bf8f16
:1030c8002000b28f1c00b18f1800b08f0800e003f9
:0430d8002800bd27e8
:020000040000fa
:020000041d03da
:1030dc00e0ffbd271c00bfaf1800b1af1400b0afac
:1030ec000300822c310040100100102400a0023c8f
:1030fc00a0024390ff0002242c00621425800000e3
:10310c00402004002c8291278a89247e00a0103c48
:10311c00a0021026020000a60c0002aef817410f08
:10312c0025202002040002ae00a0023c28594224b3
:10313c0080014424ffff0324000043ac080040ac92
:10314c0010004224fcff441400a0073c285de72437
:10315c000600062425280000f5b4400f2520200287
:10316c00120040100100102406000624059d053ca9
:10317c00c8d8a52400a0043c4627410f285d842410
:10318c00100040142580400000a0073ca202e72458
:10319c000200062406000524f5b4400f2520200269
:1031ac000a00401000a0023ca00251a02510000211
:1031bc001c00bf8f1800b18f1400b08f0800e00303
:1031cc002000bd27f9ff001001001024f7ff0010ac
:0431dc0001001024ba
:020000040000fa
:020000041d03da
:1031e000e0ffbd271c00bfaf1800b2af1400b1afa5
:1031f0001000b0af408004002180040280811000e4
:1032000081bf033c801063240a18037e0041040040
:103210000180023c6cdb42248a11487c0300401090
:103220000b00633029006010251000002590c000bd
:1032300081bf113c84102226211002025b0003246e
:10324000000043ac001104000180033c6cdb6324ec
:103250002110430001000324000043a039ce400f99
:103260002530e000b010222621100202000052acee
:10327000c0102226211002023000a38f000043acb0
:10328000f0102226211002023400a38f000043ac6c
:10329000681022262110020280000324000043aca3
:1032a000701031260a88117e100031320700201676
:1032b0000100022481bf023c7810422421800202d6
:1032c00080000224000002ae010002241c00bf8f17
:1032d0001800b28f1400b18f1000b08f0800e00307
:0432e0002000bd27e6
:020000040000fa
:020000041d03da
:1032e4000080033cd06563243b008314faff02246e
:1032f4003900801000000000d8ffbd272400bfafb4
:103304002000b1af1c00b0af0080103c2538600035
:10331400049d063ce466c62425280000c99b400f92
:103324002520600025280000ed97400fd065042675
:10333400d06510263a0011962200201225100000b4
:103344001000a0af0080023c4c66428c0400401088
:10335400050005240080043c09f84000f06684243c
:103364001000a5270080103cdb20410fd065042607
:10337400d06510267c00028e04004010060005244f
:103384000080043c09f84000f06684241000a28ff9
:103394002b1822020a0060140080033c0c6665941a
:1033a4000400a01404000624232822020500a0100f
:1033b400251000000080043c2fac400fd06584240d
:1033c400251000002400bf8f2000b18f1c00b08f97
:1033d4000800e0032800bd270800e0030000000007
:020000040000fa
:020000041d03da
:1033e400e0ffbd271c00bfaf1800b1af1400b0afa1
:1033f4000e00a290020003242c0043102580a0009c
:1034040003000324160043102588800001000324d0
:103414002c004314f80406249a30410f1000848cc5
:103424000b0040141c00bf8f040006968019c57c55
:10343400080007964020c67c1000a534ae16410f44
:103444001000248e030002240e0002a21c00bf8f71
:103454001800b18f1400b08f0800e0032000bd27ce
:103464009a30410f1000848cf9ff40141c00bf8f68
:10347400040005964020a67c8019a57c0a000796c6
:103484000100c6341000a534ae16410f1000248e7e
:103494000d000292010042300200042406000324bd
:1034a4000a188200e9ff00100e0003a29a30410faf
:1034b4001000848ce5ff401406000224e3ff001092
:1034c4000e0002a2059d053cb8c9a524bb24410fea
:1034d4002520000007000224dcff00100e0002a2d9
:020000040000fa
:020000041d03da
:1034e400010003243c00a31425100000e0ffbd27c5
:1034f4001c00bfaf1800b1af1400b0af258080002e
:1035040056008394540082942b1862002a006010a1
:10351400251000003c00828c000847308000033cea
:103524000b386700000242300300401048000424b6
:103534000400e734600004242588c0000200e73456
:1035440010000696240f410f080005241a004010ad
:10355400039d033cf8fa6324080043ac0c0050ac10
:103564003c00038e000263301800601048004424bd
:103574001000438c000064ac01000324580043a4f1
:10358400251800000a00205256000396000003aede
:103594001000049621206400040004ae080003ae69
:1035a400010003245c0003a20c0002ae5600039643
:1035b40001006324560003a61c00bf8f1800b18fbe
:1035c4001400b08f0800e0032000bd271c00438cca
:1035d400ecff0010080063240800e0030000000072
:020000040000fa
:020000041d03da
:1035e400c700fc00e900e200e400e000e500e700b9
:1035f400ea00eb00e800ef00ee00ec00c400c500b8
:10360400c900e600c600f400f600f200fb00f90071
:10361400ff00d600dc00a200a300a500a7209201b1
:10362400e100ed00f300fa00f100d100aa00ba00b5
:10363400bf001023ac00bd00bc00a100ab00bb0068
:103644009125922593250225242561256225562559
:1036540055256325512557255d255c255b251025ba
:10366400142534252c251c2500253c255e255f25a5
:103674005a25542569256625602550256c2567251e
:1036840068256425652559255825522553256b251c
:103694006a2518250c25882584258c2590258025c8
:1036a400b103df009303c003a303c303b500c40342
:1036b400a6039803a903b4031e22c603b503292253
:1036c4006122b1006522642220232123f7004822cd
:1036d400b0001922b7001a227f20b200a025a00052
:020000040000fa
:020000041d03da
:1036e40040ffbd27bc00bfafb800b3afb400b2af5a
:1036f400b000b1afac00b0afd400b38fdc00b28f78
:10370400e000a38f2e00e01053ff10242d00401280
:10371400251000020300801080000224290060525a
:103724002510000226006214ffff10242510e0007b
:103734002538a00025888000e800a38f1800a3afd7
:10374400e400a38f1400a3af1000a6afd000a68f8f
:10375400252840008ed5400f2000a42714004014d3
:103764000000000006002012d800a68f2528600261
:1037740041b3400f2000a4270d00401400000000b6
:1037840080000624252840022445400f2000a42759
:1037940007004014ffff102480000624252840025f
:1037a4002445400f2000a4272b1002002380020090
:1037b400ab25410f2000a427ffff03240b806200e8
:1037c40025100002bc00bf8fb800b38fb400b28fc5
:1037d400b000b18fac00b08f0800e003c000bd277b
:020000040000fa
:020000041d03da
:1037e400982f8a4291443771cffbc0b5a5dbb5e968
:1037f4005bc25639f111f159a4823f92d55e1cabdc
:1038040098aa07d8015b8312be853124c37d0c5569
:10381400745dbe72feb1de80a706dc9b74f19bc1b1
:10382400c1699be48647beefc69dc10fcca10c24a1
:103834006f2ce92daa84744adca9b05cda88f97685
:1038440052513e986dc631a8c82703b0c77f59bfef
:10385400f30be0c64791a7d55163ca06672929141b
:10386400850ab72738211b2efc6d2c4d130d3853b8
:1038740054730a65bb0a6a762ec9c281852c72927a
:10388400a1e8bfa24b661aa8708b4bc2a3516cc7a8
:1038940019e892d1240699d685350ef470a06a10e1
:1038a40016c1a419086c371e4c774827b5bcb03430
:1038b400b30c1c394aaad84e4fca9c5bf36f2e68ce
:1038c400ee828f746f63a5781478c8840802c78c5d
:1038d400faffbe90eb6c50a4f7a3f9bef27871c660
:020000040000fa
:020000041d03da
:1038e400421705000600032421004314070007249f
:1038f400021f05000c0002241a00621400d8a57ce3
:103904000020033c2518a30040100400212044009b
:103914008021040081bf023c9010422421108200c7
:10392400000043ac421f0600060002241f0062147c
:1039340007000524021f06000c000224180062146c
:1039440000d8c27c0020063c2510460081bf033c01
:10395400a010632421208300000082ac0800e0034f
:10396400000000000030033ce7ff00102518a3000e
:10397400e5ff471400e0a37c021f05000e000224ab
:103984000400621400d8a57c0020033cdeff001074
:103994002518a3000030033cdbff00102518a3000a
:1039a4000030063ce9ff001025104600e7ff6514cf
:1039b40000e0c27c021f06000e00022405006254cf
:1039c40000d8c67c00d8c27c0020063cdfff001073
:1039d400251046000030023cdcff00102510c20018
:020000040000fa
:020000041d03da
:1039e400c0ffbd272c00b3af5000b38f3800b6af73
:1039f4003000b4af010073322800b2af2400b1af7d
:103a04002000b0af3c00bfaf3400b5af25908000bc
:103a140025b0a0002580c0002588e00003006016c2
:103a24002ba0c7001300805623a0300225300002cb
:103a34002528c002b8fd400f252040020d00801645
:103a440023a03002258800023c00bf8f25102002ed
:103a54003800b68f3400b58f3000b48f2c00b38f8c
:103a64002800b28f2400b18f2000b08f0800e0033b
:103a74004000bd271100862e100002240b10860280
:103a840025304000200005241000a427b02d410f4c
:103a940025a880021000a22e0b0040100f008632d1
:103aa4001000a527b8fd400f25204002e6ff601650
:103ab400253000022528c002b8fd400f2520400211
:103ac400e2ff00103c00bf8f100006241000a52761
:103ad400b8fd400f25204002eeff0010f0ffb52690
:020000040000fa
:020000041d03da
:103ae400e8ffbd271400bfaf1000b0af2580a000d1
:103af40000a0053c35f7400f945da5243400401028
:103b04001400bf8f00a0023c975d45901200022470
:103b14002800a210049d033c987b63240100042424
:103b2400090006240000678c2400a71425108000d7
:103b3400c0100200049d033c907b632421104300c9
:103b44000400448c0100033c010063242b1883000f
:103b54001e00601425100000ffff033c21188300a1
:103b64000010652c1a00a0141400bf8f2b10040041
:103b740001000424000004ae040003ae0001052487
:103b84000c0005ae022a0300100005ae0010052447
:103b9400180005ae021b03001c0003ae080004aeaf
:103ba400140004ae200004ae0100033c0700001022
:103bb400240003aedeff0010251000000100842461
:103bc400d8ff861408006324251000001400bf8f5a
:0c3bd4001000b08f0800e0031800bd27af
:020000040000fa
:020000041d03da
:103be000e0ffbd271c00bfaf1800b2af1400b1af9b
:103bf0001000b0af1880848fffff022406008210ef
:103c00000180023c350a410f00000000ffff022442
:103c1000188082af0180023ce8e142940d00401020
:103c20007481918f258000000180123c03000724dd
:103c30000200062425282002b7de400fe8e14426d2
:103c400001001026e8e142962a100202f7ff401414
:103c5000700031261e36410f000000000180023c3a
:103c6000f0e1448c080080100180033c0c00828c41
:103c700009f840007481858f0180023c492f410f73
:103c8000f0e1448c0180033ce8e16224080040ac90
:103c90000c0040ac748180afe8e160a4040040a453
:103ca0004c8180af508180af0180023c18e240ac73
:103cb00018e24224040040ac080040ac0c0040acc8
:103cc000100040ac1c00bf8f1800b28f1400b18fe1
:0c3cd0001000b08f0800e0032000bd27aa
:020000040000fa
:020000041d03da
:103cdc001000a38f82bf023c1002488c0180023c72
:103cec0028df422424004a8c0a0009243500491597
:103cfc0025100000080008313200001500000000fb
:103d0c000300a010000000002400c0540180023cfd
:103d1c002c00e010251000002a00601000000000ac
:103d2c000180023c28df44a428df4224080047ac71
:103d3c00100043ac040045ac0c0046ac140040ac85
:103d4c00180040ac1000a0100180023c0e00c01006
:103d5c000000000028df4224200040ac0180023c1f
:103d6c0028df4224280040ac01000324240043ac8b
:103d7c001800a3931d0043a01c00a3931e0043a096
:103d8c000800e0030100022428df42240100032480
:103d9c00200043acf2ff00100180023c28df44a459
:103dac0028df4224080047ac100043ac040045acab
:103dbc000c0046ac140040ac180040ace5ff001001
:0c3dcc000180023c0800e0030000000041
:020000040000fa
:020000041d03da
:103dd800e0ffbd271c00bfaf1800b2af1400b1afa1
:103de8001000b0af258080000800928c0180023c52
:103df800ecdb4224261042020e21410f0b900200f8
:103e08001d0040101c00bf8f34000296220002a63d
:103e1800000242301d004014000000005122410ff2
:103e2800000000007020410f258840002000438ecc
:103e38000400638c02882372e70331266210033c76
:103e4800d34d6324190023021088000082891100d1
:103e5800211022022c0002ae010005249d11410f01
:103e68002520000203004010050002241a0002a6c3
:103e78001c0000a61c00bf8f1800b28f1400b18f61
:103e88001000b08f0800e0032000bd277020410f0c
:103e9800000000002c00038e2b104300050040108a
:103ea800252800009d11410f25200002f2ff001077
:103eb8001c00bf8ff6ff0524361c410f2520000289
:083ec800edff00101c00bf8f8c
:020000040000fa
:020000041d03da
:103ed000d8ffbd272400bfaf2000b3af1c00b2af96
:103ee0001800b1af1400b0aff080828f2f004018df
:103ef00002000324160084902c008314ffff422448
:103f00002a004014f08082afe880908f21000012d8
:103f10000180023c40e2428c1900401025880000dc
:103f20000180123c0c000486ffff02240500821071
:103f300040e25326839f400f00000000ffff022451
:103f40000c0002a60400648e0c00828c09f840006c
:103f50006c00058e0400648e0c00828c09f8400011
:103f60006800058e3c05410f252000020100312626
:103f700040e2428e2b102202eaff4014b0001026cd
:103f80000180023c44e2448c0c00828c09f8400021
:103f9000e880858fec80848f050080102400bf8f1f
:103fa000b52a410f00000000ec8080af2400bf8fd5
:103fb0002000b38f1c00b28f1800b18f1400b08f97
:083fc0000800e0032800bd2702
:020000040000fa
:020000041d03da
:103fc800e0ffbd271c00bfaf1800b2af1400b1afaf
:103fd8001000b0af259080002588a000ff33410f66
:103fe8003081908f40180200211862008018030069
:103ff80021186200c0180300218003021a2d410f06
:10400800252040025e0002a66000029201000324ff
:104018000400627c600002a25c0011a64200429685
:104028000400627c420042a65000028e1100401437
:1040380001000524039d043ccdf7400f745c8424e3
:104048000c004014500002ae2e36410f0000000054
:104058000200422c08004054ffff31262c36410f45
:1040680000000000059d053cf8aea52469f2400f4c
:1040780025204000ffff31260200312e08002012c3
:104088000100032456000296540002a66000029222
:104098004429627c1a36410f600002a2200002ae59
:1040a8001c00bf8f1800b28f1400b18f1000b08fa2
:0840b8000800e0032000bd2711
:020000040000fa
:020000041d03da
:1040c000d8ffbd272400bfaf2000b3af1c00b2afa4
:1040d0001800b1af1400b0af2590a0000200a32ccf
:1040e0002c00601402000224259880000000908caf
:1040f0001c00038e2b184302260060102528c000e8
:104100000500c010ffff06247783400f2520000222
:10411000210040142400bf8f25284002e9ac400f45
:10412000252060021b004010258840000100022469
:104130001800221202000224ffff0224150022129e
:104140000100022425300000252840027783400f1b
:1041500025200002100040142400bf8f1400048e9c
:104160001c00038efeff65242b2885000500a0108f
:1041700001008424140004ae05000492010084347c
:10418000050004a2259020022b882302e3ff2016bd
:10419000252840022400bf8f2000b38f1c00b28f5f
:1041a0001800b18f1400b08f0800e0032800bd276d
:0841b000f8ff001001000224d9
:020000040000fa
:020000041d03da
:1041b8000800a38c2f00601001000224253800009d
:1041c800254000002548000001000b2400e08a7cff
:1041d8000400628c2f00430425486000040080100e
:1041e800000000000800628c2a004a54254860003c
:1041f8000400628cc001427c1a004054010007246c
:104208000400628cc001427cfdff401400000000e5
:104218000000628c000060ac140060ac0c00c78c1d
:104228001600e0540000e3ac0800c3ac0c00c3acbb
:104238000400638c8007637cf1ff60502518400000
:10424800020020510800a2ac000022ad1300801427
:10425800010008252518400025386001dcff60149e
:104268000000000003000015251000002b100700b7
:10427800010042240800e003000000000c00cc8c80
:104288000400672400e0e77c140087ade8ff001015
:104298000c00c3acf1ff00100000638cf1ff0010ac
:0442a80001000724e6
:020000040000fa
:020000041d03da
:1042ac00e0ffbd271c00bfaf1800b2af1400b1afc8
:1042bc001000b0af2588a000c218050010006330b4
:1042cc000200a5300700a010010062340400c530c4
:1042dc00090063340b1065000800c6300400433439
:1042ec000b1066005000908c88bf033c002262ac1f
:1042fc000291110004002332040042320100642cac
:10430c0025104400b240423488bf043c102282acd9
:10431c0012000524150002240a2843004432410fe0
:10432c00252000020c0005247030410f25200002ce
:10433c00120005244a32410f2520000237000524c3
:10434c006e34410f252000020f0005247234410ffa
:10435c002520000200403132090020121c00bf8fc2
:10436c007634410f252000027a34410f25200002bb
:10437c00010045327e34410f252000021c00bf8f06
:10438c001800b28f1400b18f1000b08f0800e0033a
:04439c002000bd2719
:020000040000fa
:020000041d03da
:1043a000e0ffbd271c00bfaf1800b2af1400b1afd3
:1043b0001000b0af30008014ffff10242590a00043
:1043c0000180043ce9f6400f14d984242a004010ef
:1043d00025884000080045320500a05014002296b0
:1043e000040042941d0040140000000014002296b6
:1043f0000600401024002226240023961700601493
:10440000ffff1024030000100100042414002226e2
:1044100025200000080040a0090040a00a0040a09c
:104420000b0040a001000324000043a4020044a4a8
:10443000040051ac020003240400a0100c0043aca3
:104440000200239604006334020023a6040023968e
:1044500001006324040023a6258040000d32410f93
:10446000000000000000239201006324000023a24a
:104470001432410f25204000251000021c00bf8f80
:104480001800b28f1400b18f1000b08f0800e00345
:044490002000bd2724
:020000040000fa
:020000041d03da
:104494000d0a3c68746d6c3e3c626f6479207374e1
:1044a400796c653d226d617267696e3a31303070a6
:1044b40078223e3c623e55706c6f6164204d656da0
:1044c4006f727920416c6c6f636174696f6e204503
:1044d40072726f723c2f623e3c703e3c6120687287
:1044e40065663d222f257320223e54727920616730
:1044f40061696e3f3c2f613e3c2f626f64793e3ca4
:104504002f68746d6c3e00000d0a3c68746d6c3e3f
:104514003c626f6479207374796c653d226d6172bd
:1045240067696e3a3130307078223e3c623e4653c1
:1045340020496d61676520436f7272757074206fd6
:10454400722057726f6e672056657273696f6e3c86
:104554002f623e3c703e3c6120687265663d222fae
:10456400257320223e54727920616761696e3f3c55
:104574002f613e3c2f626f64793e3c2f68746d6cf2
:044584003e000000f5
:020000040000fa
:020000041d03da
:10458800d8ffbd272400bfaf2000b3af1c00b2afd7
:104598001800b1af1400b0af258880002590a000a6
:1045a8002598c000ff33410f3081908f40180200da
:1045b800211862008018030021186200c018030047
:1045c8002180030260000292010042302300401063
:1045d8002400bf8f0a006052600002925e000296bb
:1045e8000900422c05004014253800000700062465
:1045f80025282002e867400f25200002600002926b
:104608004408027cc418027c010003244429627c0b
:10461800600002a2200000ae56000296540002a6d6
:104628005000048e03008010000000006ce7400f6b
:1046380025280000080040525e0000a66000029293
:104648000421027c0400027c600002a2420022963f
:104658000400027c420022a62400bf8f2000b38ff2
:104668001c00b28f1800b18f1400b08f0800e0034f
:044678002800bd2732
:020000040000fa
:020000041d03da
:10467c00e0ffbd271c00bfaf1800b1af1400b0aff6
:10468c00422d410f2588a000258040002c000012ef
:10469c00251000003c00028e0030423004004054d3
:1046ac003c00028ec912410f252000023c00028ef4
:1046bc00448c027c3c0002ae000b437c5c0003a2e9
:1046cc00251840000040423001004050240000ae4c
:1046dc0000806230070040543c00038e180000ae8e
:1046ec003c00028e8431027cc439027c3c0002ae58
:1046fc003c00038e8000023c04004224241862001b
:10470c0001006250280000a6120020522c00058ed9
:10471c00b821410f252000027e25410f40000426c0
:10472c00252840004efb400f252000023c00028e45
:10473c0001000324448c627c3c0002ae0100022484
:10474c001c00bf8f1800b18f1400b08f0800e0035d
:10475c002000bd27d4c8400f25200002f4ff001014
:04476c003c00028e7d
:020000040000fa
:020000041d03da
:10477000d0ffbd272c00bfaf2800b6af2400b5afd7
:104780002000b4af1c00b3af1800b2af1400b1af3b
:104790001000b0af259080000080023c4c67428c36
:1047a000020050243a005124059d133ce0d87326a2
:1047b00005009624feff029225004010feff1426fd
:1047c0000500062425284002a620410f252060026e
:1047d00014004010252800024d2c410f25204002d6
:1047e0001c0040141c0010261800828e0800438c08
:1047f0000000638c09f860001400448c2c00bf8f0b
:104800002800b68f2400b58f2000b48f1c00b38f12
:104810001800b28f1400b18f1000b08f0800e003b1
:104820003000bd274d2c410f2520c0020900401447
:104830001c0010261800828e0800438c0000638c38
:1048400009f860001400448cedff00102c00bf8fad
:104850001c001026d7ff111625100000e8ff0010dd
:044860002c00bf8fda
:020000040000fa
:020000041d03da
:104864000000a28c0400a38cc0ffbd273800b3afa6
:104874003400b2af3000b1af2c00b0af3c00bfafda
:10488400259080002580a0000800b38c2000a2aff2
:10489400030060040c00b18c4408027c2000a2af29
:1048a4002000a2271800a2af080002241400a2af1f
:1048b4001000b3af0400c78c0000c68c5cbf400f6f
:1048c400252000022000a38f100063300400601034
:1048d40030000424ffff422421182202000064a0b7
:1048e4002000a38f0800633004006010200004241b
:1048f400ffff422421182202000064a01000068e4b
:104904002000a38f25386002ffffc6241000a3af48
:104914002330c2002128220279ce400f25204002f4
:104924000400438e00016330040060103c00bf8f1c
:104934000400038e2a2043000b1064003800b38f58
:104944003400b28f3000b18f2c00b08f0800e00328
:044954004000bd273b
:020000040000fa
:020000041d00dd
:10001000ffff8324feff632c3700601025100000d3
:10002000021a0400ff0065303300a014ff0087307f
:10003000ff006530401005002110450080100200cf
:10004000231045008010020023104500801002009c
:100050000180033c68d86324211043007800438c5e
:100060002b18e30024006010251000000180063cde
:10007000401805002118650080180300231865004a
:1000800080180300231865008018030068d8c62470
:100090002118c3004010070021104700c0280200ab
:1000a0006c00628c211045001000438c1000641419
:1000b00000000000080043900f0060502510000071
:1000c00000004490401804002118640080180300c8
:1000d00023186400801803002318640080180300ac
:1000e0000a18c37c020063380800e0030b10030009
:1000f0000800e003251000000800e00300000000f5
:020000040000fa
:020000041d03da
:10495800d8ffbd272400bfaf2000b3af1c00b2af03
:104968001800b1af1400b0af258880002580a000e2
:104978002598c0002590e0000f00a490ff00e230c9
:104988002620820092050624059d053c4cc2a524dc
:10499800bb24410f0100842c25280002fffd400f95
:1049a8002520600219000216140006240c00139238
:1049b80025280000b02d410f2520000225280002df
:1049c8008929410f84002426010002240f0002a235
:1049d80003000224140062120000000002000224f6
:1049e800040042162400bf8f0236410f1000248ea7
:1049f8002400bf8f2000b38f1c00b28f1800b18f26
:104a08001400b08f0800e0032800bd279e05062487
:104a1800059d053c4cc2a524bb24410f2520000060
:104a2800efff001002000224a130410f1000248e75
:104a380002002296c418027ce8ff0010020022a699
:020000040000fa
:020000041d03da
:104a480020485454503a2044796e616d696320615e
:104a58006c6c6f636174696f6e206661696c656404
:104a68000d0a000020485454503a20536f636b6578
:104a780074206372656174696f6e206661696c6524
:104a8800640d0a0020485454503a205365747469e0
:104a98006e672054582042756666657220666169a3
:104aa8006c65643a2025640d0a00000020485454bf
:104ab800503a2053657474696e67205258204275c5
:104ac80066666572206661696c65643a2025640dc6
:104ad8000a00000020485454503a205369676e6118
:104ae8006c206372656174696f6e206661696c65bc
:104af800640d0a0020485454503a20465320536805
:104b0800656c6c206372656174696f6e20666f7284
:104b1800206469726563746f72793a202573204640
:104b280061696c65643a202564210d0a0000000063
:020000040000fa
:020000041d03da
:104b38000200832c38006010ffff0224d0ffbd273d
:104b48002c00bfaf2800b3af2400b2af2000b1af34
:104b58001c00b0af2590a0002598c000408004003c
:104b680021800402808010002380040280801000cd
:104b78000080023c4867448c218090001400028e1b
:104b8800ffff03241d0043102588e0002800028e43
:104b98001000428c0000458c0002a22c0600401038
:104ba800000202241b004500f401a00012100000be
:104bb8000298c2700288e270421f120004000224a8
:104bc8000300621402282572da21410f25204002d1
:104bd80002000224240002ae1400048e0800028e93
:104be8001000b1af0800428c253860022530400221
:104bf80009f840001c0005261c00028e2c00bf8fff
:104c08002800b38f2400b28f2000b18f1c00b08f12
:104c18000800e0033000bd270800e00300000000a2
:020000040000fa
:020000041d03da
:104c280053494d4241534943000000002573202d4c
:104c38002025733a0920494d45493a2025730d0a24
:104c4800000000002b5153494d535441543a000081
:104c58002573202d2025733a092053494d20696e6c
:104c68007365727465640d0a000000002573202db9
:104c78002025733a092053494d204e4f5420696e20
:104c88007365727465640d0a000000002b5143437c
:104c980049443a002573202d2025733a09204343bf
:104ca80049443a2025730d0a000000002b43524561
:104cb800473a00002573202d2025733a09204352d6
:104cc8004547205374617475733a2025640d0a00b2
:104cd8002b5153504e3a00002573202d2025733a4e
:104ce80009204e6574776f726b3a2025730d0a00a0
:104cf8002b4353513a0000002573202d2025733a89
:104d08000920525353493a2025640d0a0000000037
:020000040000fa
:020000041d03da
:104d1800e0ffbd271c00bfaf1800b2af1400b1af51
:104d28001000b0af25908000de2c410f2580a00038
:104d3800258840002b0020122510000029000012b1
:104d4800010002243c00062425280000b02d410f54
:104d580025200002710023920100022408006254f9
:104d68005c0022963c00228e040002ae4000228e97
:104d7800140002ae01000224000002ae5c0022967c
:104d8800240002a65e002296260002a64400228e77
:104d9800280002ae700022922c0002ae1800228e6b
:104da8001400238e23104300300002a60400228e34
:104db8000000238e23104300320002a6e824410f8e
:104dc80025202002340002a61c05410f25204002a0
:104dd800360002a6311a410f25202002380002ae03
:104de800010002241c00bf8f1800b28f1400b18f7d
:0c4df8001000b08f0800e0032000bd2771
:020000040000fa
:020000041d03da
:104e0400d8ffbd272400bfaf2000b2af1c00b1af54
:104e14001800b0af258080002588a000ff33410f23
:104e24003081928f4018020021186200801803001c
:104e340021186200c0180300211843026000659025
:104e44000100a23016004010001022321a00401057
:104e5400253000002528000062d1400f25200002e3
:104e6400010002241000a2af253800002530000004
:104e740025280000351b410f2520000202000624ce
:104e8400010005249c05410f25200002253800005f
:104e9400253000000c0005247b82400f25200002f1
:104ea4002400bf8f2000b28f1c00b18f1800b08f78
:104eb4000800e0032800bd2700083132f8ff201263
:104ec4000001a57c0100a524f2cf400f252000029b
:104ed40025380000253000000d0005247b82400f9a
:0c4ee40025200002efff00102400bf8f0b
:020000040000fa
:020000041d03da
:104ef000e0ffbd271c00bfaf080080141000a0af6a
:104f000013000224188282afffff032425106000e3
:104f10001c00bf8f0800e0032000bd2725300000e3
:104f20005d9b400f1000a527f8ff4010ffff0324f2
:104f300020828293030040140d000224f3ff00102e
:104f4000188282af1000a28f0400438cfeff6324fe
:104f50000200632c0300601025180000ebff001016
:104f6000248282af0800438c4800648c0500805482
:104f70001200459017000224188282afe3ff001050
:104f8000ffff0324010004240500a450120040a0e8
:104f900007000224188282afdcff0010ffff032409
:104fa0004800638c09f86000110044902518400007
:104fb0001000a28f1200442402008010010004247b
:104fc000120044a003006014188283afcfff0010ca
:0c4fd000248282afcdff0010ffff0324fd
:020000040000fa
:020000041d03da
:104fdc0036008010251000000180023c1cdf438c41
:104fec000c00878c13006010000000000c00628c19
:104ffc002b10e2002000401425280000254800005a
:10500c00255800000c00628c2110a2002b284500b2
:10501c002150a900252840001c00688c0a000015ae
:10502c00254840011c0088ac1c0064ac1600001024
:10503c00251000000c0087ac0180023c1cdf44ac46
:10504c000800e003010002240c00068d2110c200b0
:10505c002b3046002130ca00f3ffc0541c0088ac32
:10506c000300cb142b10e200efff40541c0088ac63
:10507c00e4ff0010251800010180023c1cdf44ac49
:10508c001c0083ac010002242328e5000c0085ac35
:10509c001c00838c07006010000000000c00858c45
:1050ac000c00648c232085000c0064ac0800e00329
:0c50bc00000000000800e00300000000fd
:020000040000fa
:020000041d03da
:1050c800d8ffbd272400bfaf2000b2af1c00b1af8e
:1050d8001800b0af258880000800928c0a0050960e
:1050e8001000a0af2a15410f1000a5274000033279
:1050f8001a0060101000a2970a0042a625804000fe
:105108001000428e80014430251840000400037cc2
:105118000b1064000100443025184000444a037c09
:105128000a106400080003321400601004000332ff
:1051380000204234100042ae010002241a0022a6c8
:105148001c0020a62400bf8f2000b28f1c00b18f46
:105158001800b08f0800e0032800bd2711000332b3
:10516800e8ff43501000428ef9ff0524361c410f1a
:1051780025202002e3ff00101000428e030060107b
:1051880002000332ebff00100010423403006010ed
:1051980001001032e7ff0010008042340040433421
:0851a800e4ff00100b10700081
:020000040000fa
:020000041d03da
:1051b0004452565f4d454d4f52595f4f70656e28b2
:1051c000293a20496e76616c69642064726976655b
:1051d0007220696e6465782e0a0000004452565fa2
:1051e0004d454d4f52595f4f70656e28293a204406
:1051f0007269766572206973206e6f7420726561c2
:1052000064792e0a000000004452565f4d454d4f10
:1052100052595f4f70656e28293a2044726976654d
:105220007220697320616c7265616479206f7065aa
:105230006e20696e206578636c7573697665206d84
:105240006f64652e0a0000004452565f4d454d4f75
:1052500052595f4f70656e28293a2044726976650d
:105260007220697320616c7265616479206f70656a
:105270006e2e2043616e2774206265206f70656e0c
:10528000656420696e206578636c75736976652046
:085290006d6f64652e0a000039
:020000040000fa
:020000041d03da
:10529800e0ffbd271c00bfaf1800b2af1400b1afcc
:1052a8001000b0af2d008014ffff11240180113cc5
:1052b80014d931260800238e020002240500621446
:1052c8000180023c16d94294010042302400401467
:1052d800251020022590a000a800062425280000fb
:1052e8000180043cb02d410f14d984241b00405286
:1052f800ffff11240d32410f0180103c01000324ef
:1053080014d903a21432410f2520400014d90226d3
:1053180001000324020043a402000324080043ac54
:105328000c0040a40400438e100043ac0180103ce4
:1053380048d910260180123c98d95226010002242f
:105348000f0002a2252800028929410f25204002ca
:1053580014001026faff121601000224251020025c
:105368001c00bf8f1800b28f1400b18f1000b08fcf
:085378000800e0032000bd273e
:020000040000fa
:020000041d03da
:10538000e0ffbd271c00bfaf1800b1af1400b0afe5
:10539000258080001800918c010031260b00062426
:1053a000059d053c1cd6a5244627410f252020023b
:1053b0001e00401403000324392b410f2520200236
:1053c0000101422c0400401425302002fdff052479
:1053d000f127410f25200002620011261800058eda
:1053e000ff0006240100a524c42d410f2520200222
:1053f000610100a28080868f0700c050510000a28a
:105400000800c28c0f0040102528200209f8400037
:1054100025200002510002a2400002960b00401419
:105420000a000224400002a60500032425106000a3
:105430001c00bf8f1800b18f1400b08f0800e0036c
:105440002000bd27f4ff0010510000a25c0002966e
:105450000442027c5c0002a60b000224400002a66b
:08546000f2ff00100500032417
:020000040000fa
:020000041d03da
:1054680082bf033c08000224002662ac82bf023cd3
:1054780000940434182644ac82bf023cd8000424ab
:10548800402644ac81bf023c00040424140144ac0f
:1054980000080424140144ac00100424140144ac92
:1054a8000180043c60de8224200040ac280040ac2f
:1054b8002c0040ac340040a03c0040a0380040ac78
:1054c80060de80ac080040ac0c0040ac100040a08e
:1054d8001c0040a0140040ac400040ac0026628c88
:1054e80006004230060003240f0043144000032442
:1054f80060de8224300043ac00080324180043ac6b
:1055080082bf023c00800334082643ac81bf023cc2
:1055180000040324180143ac00080324180143ac19
:105528000800e003000000000180023c60de422425
:1055380080000324300043ac00100324180043ac5f
:08554800f0ff001082bf023cdd
:020000040000fa
:020000041d03da
:10555000d8febd272401bfaf2001b1af1c01b0af01
:10556000258880002580a00002010624252800004f
:10557000b02d410f1000a427030020121401a0af8a
:105580000a0000161000a62713000224188282af1a
:10559000ffff0324251060002401bf8f2001b18f7d
:1055a0001c01b08f0800e0032801bd271401a527c6
:1055b0005d9b400f25202002f6ff4010ffff0324d3
:1055c0001401a28f0800438c2800648c05008054cd
:1055d000188280af17000224188282afedff0010fe
:1055e000ffff032412004590010004240500a4508d
:1055f000120040a007000224188282afe5ff0010cd
:10560000ffff03242800628c2528000209f84000cf
:105610001000a427188282af1401a38f1200642403
:10562000030080102b10020001000424120064a06b
:08563000d8ff0010231802004e
:020000040000fa
:020000041d03da
:10563800c8ffbd273400bfaf3000b4af2c00b3aff4
:105648002800b2af2400b1af2000b0af25808000a1
:105658002590a0002598c00025a0e000840006241d
:10566800b02d410f252800004c00a28f780002ae13
:105678005000a28f7c0002ae080011264800a28fbd
:105688001c00a2af1800b4af1400b3af1000b2af43
:10569800040007243700062425282002807a400fba
:1056a8002520000211004014010003241c00a0afb3
:1056b8001800a0af370002241400a2af1000b1af49
:1056c80025380000370006243f000526807a400f61
:1056d800252000020e004014251840000100022475
:1056e800000002ae040000ae800000a22510600099
:1056f8003400bf8f3000b48f2c00b38f2800b28fd6
:105708002400b18f2000b08f0800e0033800bd27c7
:08571800f6ff0010010003245c
:020000040000fa
:020000041d03da
:10572000e8ffbd271400bfaf1000b0af0800828ca7
:10573000010003240d004310258080000200032493
:10574000160043505400028e3c00838c2000828c53
:105750000220c37021308200240006ae280007ae6c
:10576000380005ae01000224080002ae510000a27c
:105770005400028e1400428c2400068e3800058ee0
:1057800009f840004c00048e190040100200032468
:1057900002000224080002ae5400028e2000428c57
:1057a00009f840004c00048e251840000100022436
:1057b00010006214251060002800028effff4224b2
:1057c0000b004010280002ae3c00048e2400038e23
:1057d00021186400240003ae3800028e211044001a
:1057e000380002ae01000224080002ae25180000b5
:1057f000251060001400bf8f1000b08f0800e00378
:045800001800bd27a8
:020000040000fa
:020000041d03da
:105804005443502f495020537461636b3a205469b8
:10581400636b20726567697374726174696f6e205b
:105824006661696c65643a2025640d0a0000000015
:105834005443502f495020537461636b3a20496e8e
:10584400697469616c697a6174696f6e2053595324
:1058540020544d52206661696c65643a20256420a9
:105864002d2041626f7274696e6721200d0a000059
:105874005443502f495020537461636b3a20496e4e
:10588400697469616c697a6174696f6e20456e64cc
:105894006564202d2073756363657373200d0a009e
:1058a4005443502f495020537461636b3a20496e1e
:1058b4007465726661636520496e697469616c69b7
:1058c4007a6174696f6e206661696c65643a203030
:1058d400782578202d2041626f7274696e672120cb
:0458e4000d0a0000a9
:020000040000fa
:020000041d03da
:1058e80081bf023c00100324080043ac04000424d8
:1058f80081bf023c480144ac0400023c81bf033c28
:10590800780162ac0004032481bf053c9801a3ac74
:1059180081bf053cb801a2ac81bf053c0803a4ac1b
:105928000803a3ac0803a2ac81bf063c5803c2ac71
:105938000004053c5803c5ac81bf063c7803c5ace0
:1059480081bf063c8803c4ac8803c3ac8803c2acdf
:105958008803c5ac81bf063c9803c4ac9803c2acad
:1059680081bf063ca803c3ac81bf063ce803c2acb8
:10597800e803c5ac81bf053cf803a4ac81bf053c76
:105988000804a3ac0804a2ac81bf053c3804a4ac4d
:105998003804a3ac3804a2ac81bf033c5476023c63
:1059a80010324224100062ac5476023c1032422479
:1059b8001000648cfeff8214000000000800e00361
:0459c80000000000db
:020000040000fa
:020000041d03da
:1059cc00e8ffbd271400bfaf1000b0af00a0023c31
:1059dc00703b42902b00401000a0023ca83b42249c
:1059ec000100102418000324000046901d00c01470
:1059fc0000a0063cc018100023107000c01002005c
:105a0c00703bc6242110460001000624000046a06d
:105a1c0023187000c0180300000082ac1800042e7c
:105a2c0014008010090002240400632400a0043c2c
:105a3c00703b842473cb400f212083000e00401058
:105a4c001400bf8fc018100023807000c08010009d
:105a5c0000a0033c703b632421800302050000106e
:105a6c00000000a201001026dfff031638004224bc
:105a7c00090002241400bf8f1000b08f0800e0034f
:105a8c001800bd2700a0023c01000324703b43a07a
:105a9c00703b4224000082ac25800000e2ff001025
:045aac0025180000b9
:020000040000fa
:020000041d03da
:105ab000840002242200a2500000e28c8500a2286b
:105ac00010004010810002240800a2500000e28c67
:105ad000820002242700a2500000e28c80000224f1
:105ae0001000a214000000000000e28c0400432417
:105af0000000e3ac0000428c000082ac15000010f6
:105b0000000046ac900002241a00a2500000e28c73
:105b10009100a22805004010880002240f00a25026
:105b20000000e28c0800e00325100000a000022421
:105b3000eeffa2500000e28ce9ff0010c00002243a
:105b4000040043240000e3ac0000428c000082ac5f
:105b5000000046a40800e0030100022404004324de
:105b60000000e3ac0000428c000082acf9ff0010a2
:105b7000000046a0040043240000e3ac0000428c77
:105b8000000082ac000046acc3370600f1ff0010f5
:045b9000040046ac1b
:020000040000fa
:020000041d03da
:105b9400d8ffbd272400bfaf2000b3af1c00b2afb5
:105ba4001800b1af1400b0af2598a0002588c0003c
:105bb400de2c410f2580e0001c00405025880000a9
:105bc4001a00201225904000e824410f25204000af
:105bd400211811022a1843000200601023105000fb
:105be400ffff51302000458e2128b0001800508e50
:105bf4002b10050206004050238005021400428e3b
:105c040023100202271002002128a200238005028b
:105c140001001026ffff10322b1011020b0040145c
:105c240025302002422c410f25206002251020023d
:105c34002400bf8f2000b38f1c00b28f1800b18fd7
:105c44001400b08f0800e0032800bd2725300002af
:105c5400422c410f25206002233030021400458e6f
:105c6400422c410f21207002f1ff00102510200268
:020000040000fa
:020000041d03da
:105c7400d0ffbd272c00bfaf2800b3af2400b2afc4
:105c84002000b1af1c00b0af258880002598a0008b
:105c9400059d023c58d8438c1000a3af58d8422429
:105ca400040042941400a2a71400908c912f410f79
:105cb4002800848c1e004010251800002590400008
:105cc40006000624252800024627410f252040000f
:105cd40006004010060006241000a5274627410fa1
:105ce4002520400212004014251800001800308eb0
:105cf40009000492110002240d00821425180000ea
:105d0400218013024775400f020004962588400045
:105d14004775400f00000496228184970400911473
:105d24002518000020818397261862000100632c47
:105d3400251060002c00bf8f2800b38f2400b28f81
:105d44002000b18f1c00b08f0800e0033000bd2795
:020000040000fa
:020000041d03da
:105d540082bf033c08000224002062ac82bf023ce4
:105d640000940434182044ac82bf023cd8000424bc
:105d7400402044ac81bf023c0100043cf40044ac2c
:105d84000200043cf40044ac0400043cf40044acc1
:105d94000180043ca4de8224200040ac280040acf6
:105da4002c0040ac340040a03c0040a0380040ac83
:105db400a4de80ac080040ac0c0040ac100040a055
:105dc4001c0040a0140040ac400040ac0020628c99
:105dd40006004230060003240e0043140008032486
:105de400a4de8224300043ac180043ac82bf023ce2
:105df40000800334082043ac81bf023c0100033c13
:105e0400f80043ac0200033cf80043ac0800e00394
:105e1400000000000180023ca4de422400100324a0
:105e2400300043ac180043acf1ff001082bf023cc9
:020000040000fa
:020000041d03da
:105e340035008010ffff0224d8ffbd272400bfaf28
:105e44002000b3af1c00b2af1800b1af1400b0af64
:105e5400259080000080103cac6710260180113c26
:105e6400fcd131260180133c2c817326f0ff00a263
:105e7400f4ff00aef8ff00aeff0006242528000062
:105e8400b02d410f25200002fcff00ae000020a22f
:105e9400040020ae080020ae0c0020ae1001102635
:105ea400f2ff1316100031260180023c0000438edd
:105eb40090e243ac90e242240400438e040043acdd
:105ec4000800438e080043ac0c00438e0c0043ac26
:105ed400010003241c8283a30180023c78e0422455
:105ee400120043a0260043a0251000002400bf8f09
:105ef4002000b38f1c00b28f1800b18f1400b08f34
:105f04000800e0032800bd270800e00300000000ab
:020000040000fa
:020000041d03da
:105f14000200832c34006010ffff0224d0ffbd2751
:105f24002c00bfaf2800b4af2400b3af2000b2af41
:105f34001c00b1af1800b0af4080040021800402ff
:105f44008080100023800402808010000080023cc6
:105f54004867448c218090001400028effff0324c4
:105f6400190043102590e0002598c0002588a00062
:105f74000800038e1c00638c09f860002520400093
:105f840025a04000421f11000400022403006214f3
:105f940025284002da21410f252020020200022494
:105fa400240002ae1400048e0800028e1000b2af6a
:105fb4001800428c233874022530200209f840006e
:105fc4001c0005261c00028e2c00bf8f2800b48ff5
:105fd4002400b38f2000b28f1c00b18f1800b08f43
:105fe4000800e0033000bd270800e00300000000c3
:020000040000fa
:020000041d03da
:105ff400d8ffbd272400bfaf2000b3af1c00b2af51
:106004001800b1af1400b0af1000918c280020121a
:106014002580a0002000b290010052320000338e8f
:106024001a004012000020ae7c00028e03004010d3
:106034000500052409f84000200104260800258ee7
:106044000a9d400f252000027c00028e03004010b0
:106054000600052409f84000200104260100062456
:106064000400258e9522410f25200002100023965e
:10607400040063300a0060507000038e2000438cdb
:10608400c418037c08000010200043ac010006245f
:106094000400258e9522410f252000027000038ef6
:1060a40009f8600025204000dcff601625886002a6
:1060b4002400bf8f2000b38f1c00b28f1800b18f53
:0c60c4001400b08f0800e0032800bd2786
:020000040000fa
:020000041d03da
:1060d0000080033cd0656324320083142510000047
:1060e00030008010000000000080023c7066438c8d
:1060f0002c00601025100000d8ffbd272400bfaf82
:106100002000b4af1c00b3af1800b2af1400b1afa1
:106110001000b0af2588a0000080103cd06510268c
:106120005000138ecd19410f2520a000259040006e
:106130000e18410f9c00048e25a04000a400058e7f
:106140002788110024882502a40011aeac00038e1c
:106150002710120024104300ac0002ae2528400294
:106160005a35410f25206002252840025d35410f38
:1061700025206002252880020b2c410f9c00048ef4
:10618000010002242400bf8f2000b48f1c00b38fb5
:106190001800b28f1400b18f1000b08f0800e00318
:0c61a0002800bd270800e00300000000fc
:020000040000fa
:020000041d03da
:1061ac00e0ffbd271c00bfaf1800b2af1400b1afa9
:1061bc001000b0af258080002588a0002590c0007d
:1061cc00a000848c0f0082300100052404284500b7
:1061dc005731410f02210400a80000ae7800038e55
:1061ec00ffff0224170062506800028e7c00038eb1
:1061fc0013006210253040022528200220ee400fab
:10620c00252000020700401425884000a000048ec1
:10621c000f00823001000524042845005031410f45
:10622c0002210400251020021c00bf8f1800b28f21
:10623c001400b18f1000b08f0800e0032000bd27c0
:10624c006800028e0400428c2528400209f84000a8
:10625c0025202002f3ff401425884000a000048e66
:10626c000f00823001000524042845005031410ff5
:0c627c0002210400ecff0010251020029d
:020000040000fa
:020000041d03da
:10628800e0ffbd271c00bfaf1800b1af1400b0afce
:106298002588a0002580c0000f29410f7e00052415
:1062a8002900401025184000000046807e00052483
:1062b8000900c51425200000010005242328a20098
:1062c8007e00062421206500010063240000678009
:1062d800fdffe65021206500000065801700a01032
:1062e8000a1070007e0006241100a65401006324e1
:1062f8000100652401008424213864007e000624fe
:106308002320e500ffffa324ffffa8800b0006154c
:106318002548a00001000052ffff20a1f8ff00104f
:106328000100a524f3ffa6100100652401006324e1
:1063380000006580fbffa0140000000002008054ec
:1063480025100000000023ae1c00bf8f1800b18f7d
:0c6358001400b08f0800e0032000bd27f7
:020000040000fa
:020000041d03da
:106364000d0a3c68746d6c3e3c626f6479207374f2
:10637400796c653d226d617267696e3a31303070b7
:1063840078223e3c666f726d206d6574686f643d63
:10639400706f737420616374696f6e3d222f25736f
:1063a4002220656e63747970653d226d756c746925
:1063b400706172742f666f726d2d64617461223e18
:1063c4003c623e465320496d6167652055706c6f91
:1063d40061643c2f623e3c703e3c696e7075742073
:1063e400747970653d66696c65206e616d653d69a3
:1063f4002073697a653d34303e20266e6273703bab
:10640400203c696e70757420747970653d73756293
:106414006d69742076616c75653d2255706c6f6191
:1064240064223e3c2f666f726d3e3c2f626f64792e
:0c6434003e3c2f68746d6c3e00000000c0
:020000040000fa
:020000041d03da
:10644000d8ffbd272400bfaf2000b1af1c00b0af04
:10645000258080002538000025300000c02c410f29
:10646000200005242200401025884000010002245d
:10647000500002a2010006241000a5273278400f28
:1064800046000486ffff2626ffffc630ba808297ab
:10649000feff42242b10c2000c0040140100032414
:1064a00005000224400002a65c000296c418627c2b
:1064b0005c0002a6050002242400bf8f2000b18fdb
:1064c0001c00b08f0800e0032800bd271800058ecf
:1064d0003278400f460004860c00038e21106200c3
:1064e000010043240c0003ae26000324000043a057
:1064f00025380000253000000a000524c02c410f7b
:106500002520000201004224ffff4530b9df400f83
:0c65100025200002e8ff00100500022416
:020000040000fa
:020000041d03da
:10651c00e0ffbd271c00bfaf1800b2af1400b1af35
:10652c001000b0af258080002588a00070008290fc
:10653c000a00422c150040102590c000700082907b
:10654c0080180200039d023c646542240a10437cbf
:10655c0008004000000000009865039d9865039dad
:10656c00d465039dd465039dd465039dd465039dbb
:10657c009865039d8c65039dd465039dd465039d2f
:10658c000200a2300b0040101c00bf8f0300313200
:10659c0004002012010003248400028e04c6627cd5
:1065ac00840002ae252840023a99400f25200002b3
:1065bc001c00bf8f1800b28f1400b18f1000b08f69
:1065cc000800e0032000bd270000828c100082ac84
:1065dc000c0082ac080082ac253000000820400f73
:0c65ec0014000524eaff00100300313207
:020000040000fa
:020000041d03da
:1065f800e0ffbd271c00bfaf1800b1af1400b0af5b
:10660800a400838c0c0002242000621425808000e2
:106618008c00878c1600e010059d063cc8b3c62484
:1066280088008594d800410f6800848cffff4530ae
:10663800c70a410f252000020700401425884000a2
:106648002e000224080002ae0180023c48e2458c7c
:10665800f41c410f25200002251020021c00bf8fca
:106668001800b18f1400b08f0800e0032000bd2788
:10667800059d063cd4b3c62488008594d800410ff4
:106688006800848ceaff0010ffff45308c00878c7f
:106698000700e010059d063cdcb3c62488008594fd
:1066a800d800410f6800848ce1ff0010ffff4530df
:1066b800059d063ce8b3c62488008594d800410fa0
:0c66c8006800848cdaff0010ffff4530f2
:020000040000fa
:020000041d03da
:1066d400d0ffbd272c00bfaf2800b5af2400b4af56
:1066e4002000b3af1c00b2af1800b1af1400b0afbc
:1066f4002588800025a8a0001400828c09f8400099
:106704001000948c259040000c00228e1300401041
:1067140025800000259800000800308e0000228e9d
:10672400021850722180620000000296010042307b
:10673400140040102530a0021c00228e25280002df
:1067440009f84000252020020f0040142190540233
:10675400000002964408027c000002a625100002f4
:106764002c00bf8f2800b58f2400b48f2000b38f76
:106774001c00b28f1800b18f1400b08f0800e00322
:106784003000bd27219054020c00228e2b2042029f
:1067940023184202010073262b106202deff40140c
:0c67a4000a906400edff0010258000004a
:020000040000fa
:020000041d03da
:1067b000e0ffbd271c00bfaf1800b1af1400b0afa1
:1067c00092f2400f258080002c0040141c00bf8fe7
:1067d000000003920300022422006214010002243c
:1067e000050003921f0062143800112600020624df
:1067f00025280000b02d410f25202002550002243d
:10680000360202a2aaff0224370202a26141053c1d
:106810005252a524d92f410f252020024161053c69
:106820007272a524d92f410f1c0204261400058e74
:10683000d92f410f200204261000058ed92f410fb9
:10684000240204262400068e0100c624340006ae6d
:106850000100072425282002e97e400f0100049250
:10686000050000a225300000252800007c06410f0d
:10687000010004922b1002001c00bf8f1800b18f82
:0c6880001400b08f0800e0032000bd27ca
:020000040000fa
:020000041d03da
:10688c00a8ffbd270400a1af0800a2af0c00a3af66
:10689c001000a4af1400a5af1800a6af1c00a7af42
:1068ac002000a8af2400a9af2800aaaf2c00abafe2
:1068bc003000acaf3400adaf3800aeaf3c00afaf82
:1068cc004000b8af4400b9af4800bfaf1240000061
:1068dc004c00a8af104000005000a8af059d1a3c1a
:1068ec0048cd5a27000000000068044000600540b5
:1068fc0009f84003000000005000a88f11000001af
:10690c004c00a88f130000010400a18f0800a28f77
:10691c000c00a38f1000a48f1400a58f1800a68f55
:10692c001c00a78f2000a88f2400a98f2800aa8ff5
:10693c002c00ab8f3000ac8f3400ad8f3800ae8f95
:10694c003c00af8f4000b88f4400b98f4800bf8f18
:0c695c005800bd27c000000018000042d9
:020000040000fa
:020000041d03da
:10696800e0ffbd271c00bfaf1800b2af1400b1afe5
:106978001000b0af258080000800928c0180023c96
:10698800ecdb4224261042020e21410f0b9002003c
:106998000d0040101c00bf8f34000296220002a692
:1069a8002800028e0d004014010005249d11410f9e
:1069b8002520000203004010030002241a0002a64a
:1069c8001c0000a61c00bf8f1800b28f1400b18fe6
:1069d8001000b08f0800e0032000bd275122410fae
:1069e800000000007020410f258840002000438ee1
:1069f8000800638c02882372e70331266210033c87
:106a0800d34d6324190023021088000082891100e5
:106a1800211022022c0002ae252800009d11410ff2
:106a280025200002e7ff4010040002241a0002a6f5
:086a3800e4ff00101c0000a6a1
:020000040000fa
:020000041d03da
:106a4000e0ffbd271c00bfaf1800b0af2000a4af0f
:106a50002400a5af2580c0001000a5affa03410fa8
:106a60001000a42725204000270080040b000224ea
:106a7000801004000c8283270a10627c0f004050b3
:106a80002000a38f8028040021186500000060ac5e
:106a90000180033c7cd06324800165240000668c67
:106aa00001004650000060ac10006324fcff6554f8
:106ab0000000668c000040a02000a38f0c00601036
:106ac000402804000080023c180242248a11457cc0
:106ad000010062a02000a28f000040a080200400de
:106ae0000c828227212044002000a28f000082ac6b
:106af0000500001225100000253000002000a52709
:106b00005e41400f2400a4271c00bf8f1800b08fe7
:086b10000800e0032000bd278e
:020000040000fa
:020000041d03da
:106b1800e0ffbd271c00bfaf1800b0afffff032484
:106b2800080083141000a3af251080000900032477
:106b3800188283af1c00bf8f1800b08f0800e003d5
:106b48002000bd2700008390050060142580800088
:106b580009000224188282aff6ff0010ffff02240a
:106b68000400828c0800438c1000638c050060547c
:106b78000c0080ac170002240c0082acedff001062
:106b8800ffff0224120044900100032405008350f3
:106b9800120040a0070002240c0002aee5ff00101e
:106ba8001000a28f0400028e0800428c1000428c54
:106bb8001000a72709f840000800048e0400038e7f
:106bc800120064240200801001000424120064a052
:106bd800d8ff40501000a28f0c0002aeffff022425
:086be800eeff00101000a2af47
:020000040000fa
:020000041d03da
:106bf000e0febd271c01bfaf1801b0af25808000ab
:106c00000201062425280000b02d410f1000a42702
:106c1000090000161401a0af13000224188282afed
:106c2000ffff0324251060001c01bf8f1801b08fe7
:106c30000800e0032001bd271000a6271401a527a6
:106c40005d9b400f25200002f6ff4010ffff03244c
:106c50001401a28f0800438c2c00648c0500805422
:106c6000188280af17000224188282afedff001057
:106c7000ffff032412004590010004240500a450e6
:106c8000120040a007000224188282afe5ff001026
:106c9000ffff03242c00628c09f840001000a42799
:106ca0001401a38f1200642404008050188282af64
:106cb00001000424120064a0188282af2b1002008d
:086cc000d8ff001023180200a8
:020000040000fa
:020000041d03da
:106cc800e0febd271c01bfaf1801b0af25808000d2
:106cd8000201062425280000b02d410f1000a4272a
:106ce800090000161401a0af13000224188282af15
:106cf800ffff0324251060001c01bf8f1801b08f0f
:106d08000800e0032001bd271000a6271401a527cd
:106d18005d9b400f25200002f6ff4010ffff032473
:106d28001401a28f0800438c3400648c0500805441
:106d3800188280af17000224188282afedff00107e
:106d4800ffff032412004590010004240500a4500d
:106d5800120040a007000224188282afe5ff00104d
:106d6800ffff03243400628c09f840001000a427b8
:106d78001401a38f1200642404008050188282af8b
:106d880001000424120064a0188282af2b100200b4
:086d9800d8ff001023180200cf
:020000040000fa
:020000041d03da
:106da000a8ffbd270400a1af0800a2af0c00a3af4d
:106db0001000a4af1400a5af1800a6af1c00a7af29
:106dc0002000a8af2400a9af2800aaaf2c00abafc9
:106dd0003000acaf3400adaf3800aeaf3c00afaf69
:106de0004000b8af4400b9af4800bfaf1240000048
:106df0004c00a8af104000005000a8af006804404d
:106e000000600540059d023c78cd422409f8400011
:106e1000000000005000a88f110000014c00a88f56
:106e2000130000010400a18f0800a28f0c00a38fa3
:106e30001000a48f1400a58f1800a68f1c00a78f28
:106e40002000a88f2400a98f2800aa8f2c00ab8fc8
:106e50003000ac8f3400ad8f3800ae8f3c00af8f68
:106e60004000b88f4400b98f4800bf8f5800bd273d
:086e7000c00000001800004200
:020000040000fa
:020000041d03da
:106e7800a8ffbd270400a1af0800a2af0c00a3af74
:106e88001000a4af1400a5af1800a6af1c00a7af50
:106e98002000a8af2400a9af2800aaaf2c00abaff0
:106ea8003000acaf3400adaf3800aeaf3c00afaf90
:106eb8004000b8af4400b9af4800bfaf124000006f
:106ec8004c00a8af104000005000a8af0068044074
:106ed80000600540059d023c90cd422409f8400021
:106ee800000000005000a88f110000014c00a88f7e
:106ef800130000010400a18f0800a28f0c00a38fcb
:106f08001000a48f1400a58f1800a68f1c00a78f4f
:106f18002000a88f2400a98f2800aa8f2c00ab8fef
:106f28003000ac8f3400ad8f3800ae8f3c00af8f8f
:106f38004000b88f4400b98f4800bf8f5800bd2764
:086f4800c00000001800004227
:020000040000fa
:020000041d03da
:106f5000c0ffbd273800b1af3400b0af3c00bfafb9
:106f60002588a0000000a5800400a01025808000d6
:106f70000100228209004054252800007fe6400fce
:106f8000252000023c00bf8f231050003800b18f35
:106f90003400b08f0800e0034000bd272000062425
:106fa000b02d410f1000a42701000524000022820b
:106fb0001a0040101000a42700002392010031267f
:106fc0004211030080100200211082000000448c56
:106fd0000418650025186400f4ff0010000043ac9d
:106fe0000100422400004380e6ff6010ff00633090
:106ff00042210300802004001000a6272120c400a5
:107000000000848c0418650024186400f4ff6010ec
:107010003c00bf8fddff0010231050002510000240
:08702000f0ff0010010005243f
:020000040000fa
:020000041d03da
:10702800c0ffbd273800b1af3400b0af258880005d
:107038002580a00020000624252800003c00bfafc2
:10704800b02d410f1000a427000003820900601032
:1070580025100000010002820b00401401000524e5
:107068002510200200004480feff835001004224c6
:10707800231051003c00bf8f3800b18f3400b08f0f
:107088000800e0034000bd27000003921000a42779
:107098000100102642110300801002002110820016
:1070a8000000448c0418650025186400000043acf7
:1070b80000000282f4ff401425102002010005247c
:1070c80000004380eaff60101000a627ff0063302d
:1070d80042210300802004002120c4000000848c89
:1070e8000418650024186400e2ff60502310510062
:0870f800f3ff00100100422427
:020000040000fa
:020000041d03da
:10710000d8ffbd272400bfaf2000b1af1c00b0af37
:10711000258080001000a0af4800918c1c00228eba
:1071200009f840001800848c010003240900431072
:107130002400bf8f2000228e09f840001800048e22
:10714000080040508c00028e3424410f252000029c
:107150002400bf8f2000b18f1c00b08f0800e00317
:107160002800bd2701004230160040101000a5275e
:107170003400228e09f840001800048e1000a58ffc
:107180000100a53000400324008002340b1065008c
:10719000252840009000028e2528a200900005ae10
:1071a0009400068eabd0400f2520000220000292f2
:1071b000010003240421627c200002a2e4ff0010ed
:1071c000980000ae3424410f25200002e1ff00109a
:0471d0002400bf8f49
:020000040000fa
:020000041d03da
:1071d40030008010f2ff02240800838c0180023cfe
:1071e400ecdb422428006250020086840800e0039d
:1071f400f2ff022418008694010003242700c3141c
:10720400000000001a0083940100022403006210ad
:10721400040006241f006614f3ff02243000869045
:10722400020003241b00c314f4ff0224e0ffbd2763
:107234001c00bfaf1800b1af1400b0af2588a00088
:107244001bde400f258080002518400009006004e3
:10725400f4ff022402000424060064100100022446
:10726400040020122510000034000296000022a61b
:10727400251000001c00bf8f1800b18f1400b08fc0
:107284000800e0032000bd2701000324d9ffc31038
:10729400f3ff02240800e003000000000800e003fc
:0472a40000000000e6
:020000040000fa
:020000041d03da
:1072a800e8ffbd271400bfaf1000b0af0e21410f9b
:1072b800258080000f0040101400bf8f3400029614
:1072c800200043300e006014040043302800028e72
:1072d8000400401000100324000043ac040040ac3c
:1072e800080040acf5ff0524361c410f252000029c
:1072f8001400bf8f1000b08f0800e0031800bd27ee
:107308000b006014000142302800028e0400401077
:10731800f5ff0524000040ac040040ac080040ac78
:10732800361c410f25200002f2ff00101400bf8f09
:10733800080040100f0005249d11410f2520000270
:10734800ebff4010020002241a0002a6e8ff00101a
:107358001c0000a6060005249d11410f25200002ef
:10736800e3ff4010050002241a0002a6e0ff001007
:047378001c0000a64f
:020000040000fa
:020000041d03da
:10737c0022008010251000000180023cccdf42244a
:10738c0014004390ff0063301c00601425100000b3
:10739c000180023cccdf44acccdf4224040045ac81
:1073ac00080040ac01000324140043a00800438ce7
:1073bc000400498c82bf083c82bf073c06000624af
:1073cc000180053c82bf043c102a028d0002423031
:1073dc00040040140180023c2b1069000900401489
:1073ec000180023cccdf4224080043ac81bf023c4c
:1073fc000040033c180143ac010002240800e003e8
:10740c0000000000002ae28c0600423008004614fe
:10741c0000000000ccdfa28c4050030021104a0079
:10742c0000004294202a82ace7ff00100100632484
:10743c00ccdfa28c8a11437c202a82ace2ff0010a4
:04744c0001006324b4
:020000040000fa
:020000041d03da
:10745000e0ffbd271c00bfaf1800b0afffff032443
:10746000080083141000a3af251080000900032436
:10747000188283af1c00bf8f1800b08f0800e00394
:107480002000bd2700008390050060142580800047
:1074900009000224188282aff6ff0010ffff0224c9
:1074a0000400828c0800438c0c00638c050060543f
:1074b00012004490170002240c0082acedff001073
:1074c000ffff02240100032405008350120040a0a6
:1074d000070002240c0002aee6ff00101000a28f8d
:1074e0000400028e0800428c0c00428c1000a7277a
:1074f00009f840000800048e0400038e1200642482
:107500000200801001000424120064a0d9ff405042
:107510001000a28f0c0002aeffff0224eeff00104d
:047520001000a2af06
:020000040000fa
:020000041d03da
:1075240053444341524400002573202d2025730900
:107534002052656d6f76656420756e65787065633d
:107544007465646c790d0a002573202d2025730958
:1075540020496e7365727465640d0a002f6d6e7434
:107564002f534443617264002f6465762f6d6d63fd
:10757400626c6b61310000002573202d2025730996
:10758400204d6f756e74206661696c656420616658
:1075940074657220726574726965730d0a00000067
:1075a4002573202d2025730920496e6974205355b5
:1075b40043434553530d0a002573202d2025730999
:1075c40020556e6d6f756e7465640d0a00000000c1
:1075d4002573202d20257309204372697469636122
:1075e4006c204653204572726f723a2025750d0a3d
:0475f4000000000093
:020000040000fa
:020000041d03da
:1075f800a0ffbd275c00bfaf5800b3af5400b2afc7
:107608005000b1af4c00b0af258080002598a00095
:107618002590c000270080102588e0005516410fee
:107628007000848c251840001b006010f1fe0224b5
:107638000400648c180080101000a5272800a0af53
:107648002c00a0af3000a0af3400a0af3800a0af2e
:107658003c00a0af4000a0af010002241000a2af80
:10766800060002241400a2af2400b0af1800b3af84
:107678001c00b2af2000b1af0400628c0800668c19
:1076880009f840000000648c52ff032426184300c8
:10769800f1fe04240a1083005c00bf8f5800b38fea
:1076a8005400b28f5000b18f4c00b08f0800e00337
:1076b8006000bd2780ff400f25200000daff001082
:0476c8002518400041
:020000040000fa
:020000041d03da
:1076cc000080033cd06563242f008314faff02244e
:1076dc00d8ffbd272400bfaf2000b4af1c00b3af50
:1076ec001800b2af1400b1af1000b0af2588a000e5
:1076fc001d0080102598c0000300e0100000000061
:10770c00080002240000e2ac170020122510000033
:10771c001500601225a00000049d103cf0101026ee
:10772c000080123cd0655226240006242528000235
:10773c00c42d410f252020020c00028e09f84000b8
:10774c005000448e240022ae2800312601009426dd
:10775c000900622e080003240b1862022b1083020e
:10776c00f1ff4014100010262400bf8f2000b48fae
:10777c001c00b38f1800b28f1400b18f1000b08fa3
:10778c000800e0032800bd270800e003000000000b
:020000040000fa
:020000041d03da
:10779c002f008010f2ff02240800838c0180023c31
:1077ac00ecdb422427006250020087840800e003cf
:1077bc00f2ff022418008794010003242600e3142e
:1077cc00000000001a0083940100022403006210e0
:1077dc00040007241e006714f3ff0224300083907a
:1077ec001b006014f4ff0224e8ffbd271400bfaf98
:1077fc001000b0af2580800001000224300082a070
:10780c00320085a403000224310082a02fbd400f5a
:10781c00360086a42518400006006004f4ff0224fc
:10782c00030004240300641425100000300000a29f
:10783c00010002241400bf8f1000b08f0800e00379
:10784c001800bd2701000324daffe310f3ff022424
:10785c000800e003000000000800e0030000000046
:020000040000fa
:020000041d03da
:10786c00e0ffbd271c00bfaf1800b0af3000839005
:10787c00020002240a0062108d010624059d053cbd
:10788c00fcb7a5245224410f252000002510000030
:10789c001c00bf8f1800b08f0800e0032000bd272c
:1078ac00258080001000848c06008014930106242f
:1078bc00059d053c6124410ffcb7a524f4ff001085
:1078cc00ffff02240c00028e3800428c1000a62709
:1078dc0009f840001400058e25184000010004240e
:1078ec00ebff641002000224090061049f010624ce
:1078fc00059d053cfcb7a5245224410f2520000012
:10790c00feff0224140000aee1ff0010300000a2c4
:10791c003100049203000324faff831425100000a5
:10792c001000a28f340002a6f6ff001025100000f4
:020000040000fa
:020000041d03da
:10793c00e8ffbd271400bfaf1000b0af0c00828c65
:10794c00010003240c004310258080000200032456
:10795c00140043505400028e4000838c2000828c13
:10796c000220c37021308200240006ae280007ae2e
:10797c00010002240c0002ae510000a25400028e41
:10798c000800428c2400058e09f840004c00048e3f
:10799c001600401002000324020002240c0002ae68
:1079ac005400028e2000428c09f840004c00048eda
:1079bc0025184000010002240d00621425106000ff
:1079cc002800028effff422408004010280002ae5f
:1079dc002400028e4000038e21104300240002aece
:1079ec00010002240c0002ae2518000025106000d6
:1079fc001400bf8f1000b08f0800e0031800bd27e3
:020000040000fa
:020000041d03da
:107a0c00e0ffbd271c00bfaf1800b2af1400b1af30
:107a1c001000b0af2590a0001400858cffff02244d
:107a2c000b00a210258080007480848f1400828c3f
:107a3c0009f840000000000062000626080005243a
:107a4c00f127410f25200002ffff0224140002ae93
:107a5c003400058e0600a01000000000b7aa400fed
:107a6c00252000023400058efcffa014000000004d
:107a7c00ec9f400f46000486100040102588400003
:107a8c005c000296010003248431627cc439027cc0
:107a9c00030040125c0002a68de5400f46000486f0
:107aac00251020021c00bf8f1800b28f1400b18f5c
:107abc001000b08f0800e0032000bd270200022454
:107acc00f5ff421225102002f7ff00101c00bf8f9b
:020000040000fa
:020000041d03da
:107adc00d8ffbd272400bfaf2000b3af1c00b2af4e
:107aec001800b1af1400b0af259080002580a00025
:107afc00100085ac5800a294140082a4160086a035
:107b0c00170087a0049d113c640f3126049d133c83
:107b1c00e00e7326f4ff31260800228e09f840008f
:107b2c0025204002fbff33162528000252e0400faf
:107b3c00010004245000048e060080504c00048e7a
:107b4c004400028e2000428c09f840000000000026
:107b5c004c00048e06008050500000ae4400028e93
:107b6c000c00428c09f8400000000000500000aef0
:107b7c004c0000ae420002968431027c8473027c7d
:107b8c00420002a62400bf8f2000b38f1c00b28fce
:107b9c001800b18f1400b08f0800e0032800bd2737
:020000040000fa
:020000041d03da
:107bac00e8ffbd271400bfafffff022408008214ba
:107bbc001000b0af09000224188282afffff02242c
:107bcc001400bf8f1000b08f0800e0031800bd2711
:107bdc00000082900400401409000224188282af35
:107bec00f7ff0010ffff02240400828c0800438c76
:107bfc001400638c050060540c0080ac1700022448
:107c0c000c0082aceeff0010ffff02241200459026
:107c1c00010003240500a310258080000700022426
:107c2c000c0082ace6ff0010ffff0224120040a003
:107c3c000400828c0800428c1400428c09f840002d
:107c4c000800848c0400038e12006424020080104f
:107c5c0001000424120064a0030040540c0002ae86
:107c6c00d7ff0010000000a2d5ff0010ffff022478
:020000040000fa
:020000041d03da
:107c7c00e8ffbd271400bfafffff022408008214e9
:107c8c001000b0af09000224188282afffff02245b
:107c9c001400bf8f1000b08f0800e0031800bd2740
:107cac00000082900400401409000224188282af64
:107cbc00f7ff0010ffff02240400828c0800438ca5
:107ccc007c00638c050060540c0080ac170002240f
:107cdc000c0082aceeff0010ffff02241200459056
:107cec00010003240500a310258080000700022456
:107cfc000c0082ace6ff0010ffff0224120040a033
:107d0c000400828c0800428c7c00428c09f84000f4
:107d1c000800848c0400038e12006424020080107e
:107d2c0001000424120064a0030040540c0002aeb5
:107d3c00d7ff0010000000a2d5ff0010ffff0224a7
:020000040000fa
:020000041d03da
:107d4c00c8ffbd273400bfaf3000b3af2c00b2afbb
:107d5c002800b1af2400b0af258080002590a00092
:107d6c002588c0001000a0af1400a0af0600c01002
:107d7c001800a0af7c00828c030040100500052485
:107d8c0009f8400024018424540013264324410f95
:107d9c002520600212004014252840000600201205
:107dac00000000007c00028e030040100600052439
:107dbc0009f84000240104264324410f1000a42795
:107dcc000b0040143400bf8f3000b38f2c00b28fe7
:107ddc002800b18f2400b08f0800e0033800bd27c5
:107dec004129410f1000a427e8ff001000000000fb
:107dfc007400038e401006242528400209f8600008
:0c7e0c0025204000ecff001000000000ea
:020000040000fa
:020000041d03da
:107e1800e8ffbd271400bfaf1000b0af1c0082946c
:107e2800010003241500431025808000201e027cd9
:107e380007006010020003241e0043100000000029
:107e4800361c410ff4ff0524090000101400bf8ff1
:107e58009d11410f02000524040040100200022475
:107e68001a0002a6010002241c0002a61400bf8ffb
:107e78001000b08f0800e0031800bd270e21410f45
:107e880000000000faff40101400bf8f3400029673
:107e9800440002a6030005249d11410f252000027d
:107ea800f2ff4010020002241a0002a6efff0010a1
:107eb8001c0002a60e21410f00000000ecff40103c
:107ec8001400bf8f34000296460002a60300022465
:0c7ed8001a0002a6e5ff00101c0000a626
:020000040000fa
:020000041d03da
:107ee40070ffbd278c00bfaf8800b4af8400b3af70
:107ef4008000b2af7c00b1af7800b0af25a08000a5
:107f04002590a000eb51103c1f8510361900b000dd
:107f140010800000428110006400a22c0d00401467
:107f240025880000ffff1326ffff73326400062438
:107f34001000a5273278400f46008486218851001e
:107f4400ffff7326ffff7332ffff0234f7ff621651
:107f5400ffff31324030100021300602c0300600ed
:107f6400213006028030060023304602ffffc6306f
:107f74000500c0101000a5273278400f4600848603
:107f840021885100ffff3132251020028c00bf8f61
:107f94008800b48f8400b38f8000b28f7c00b18fcf
:0c7fa4007800b08f0800e0039000bd27bb
:020000040000fa
:020000041d03da
:107fb000e0ffbd271c00bfaf1800b1af1400b0af89
:107fc000b600410f25808000200040140000000012
:107fd0001c07410f252000022588400003000224d1
:107fe0000a00221630000224080002ae52ea400fb6
:107ff00025200002251020021c00bf8f1800b18f21
:108000001400b08f0800e0032000bd270200022406
:10801000060022162f000224080002ae68fe400f60
:1080200025200002f4ff0010251020020100022488
:10803000a00002ae3c05410f25200002861f410f23
:1080400025200002ebff0010ffff11243f28410f05
:1080500025200002e7ff4010010011240200022445
:10806000a00002ae3c05410f25200002861f410ff3
:0c80700025200002dfff0010ffff11249c
:020000040000fa
:020000041d03da
:10807c00e0ffbd271c00bfaf1800b1af1400b0afbc
:10808c0025808000bec7400f2588a0001b004054ef
:10809c00000043942400048e0c00038e1f008314f4
:1080ac001c00bf8f1800038e1d0060501800b18f8c
:1080bc0009f8600025200002180040101c00bf8f3a
:1080cc000000439401006330070060102528200253
:1080dc00000043940400037c000043a42400028e9f
:1080ec00ffff4224240002aebec7400f2520000231
:1080fc000a0040101c00bf8f000043940100633045
:10810c000a00601401000424000043940400837ce2
:10811c004408837c000043a41c00bf8f1800b18f5f
:10812c001400b08f0800e0032000bd27000043942a
:0c813c004408037cf8ff0010000043a47e
:020000040000fa
:020000041d03da
:10814800c8ffbd273400bfaf3000b1af2c00b0afbf
:108158002588a0001000a0af1400a0af1800a0afa1
:108168001c00a0af2000a0af2400a0af40800400f6
:1081780021200402802004000180103c5cda1026d3
:10818800218004027e25410f252000020c004010aa
:10819800252840002800428c0500511400000000ea
:1081a800612a410f1000a427f6ff0010000000000c
:1081b800612a410f1c00a427f2ff001000000000f4
:1081c8007e25410f1000a427060040100100062458
:1081d800f5ff0524b012410f25204000f8ff0010dc
:1081e800000000001c00a28f030040101c00a527ff
:1081f8001a1d410f252000023400bf8f3000b18fb7
:0c8208002c00b08f0800e0033800bd27f8
:020000040000fa
:020000041d03da
:10821400d8ffbd272400bfaf2000b3af1c00b2af0e
:108224001800b1af1400b0af259080000080023c6c
:108234004c67508c00000292060040102588a00074
:10824400020005264d2c410f0500842413004050e4
:10825400259000001c000392080060101c001326e7
:108264001e0005264d2c410f05004426251800004c
:1082740025806002090040100100122425106000ce
:108284002400bf8f2000b38f1c00b28f1800b18f61
:108294001400b08f0800e0032800bd2701001092ed
:1082a400920b410f2520000205004010010002241a
:1082b400040022ae000032aef0ff001001000324df
:1082c4004d0002240300021602000224f9ff0010ec
:0c82d400040022aef7ff0010040020aef2
:020000040000fa
:020000041d03da
:1082e000e8ffbd271400bfaf1000b0af6882858fd4
:1082f0005c828293029d033cc02005002120850002
:1083000080200400101d6324211864001400639071
:10831000ffff63242a184300080060100100422474
:108320005c8282a3658280a3648280a31400bf8fd5
:108330001000b08f0800e0031800bd27c010050032
:108340002110450080100200029d033c101d632493
:10835000211043002000428c688282af0e0003246b
:10836000f0ff43145c8280a35b829093010010268f
:10837000ff0010325b8290a36222410f2520000093
:108380000300102e05000012000000007a19410fb2
:1083900000000000e4ff0010658280a3d51b410fa0
:0c83a0005b8280a3e0ff0010658280a3d8
:020000040000fa
:020000041d03da
:1083ac003000801053ff0224e0ffbd271c00bfaf3c
:1083bc001800b2af1400b1af1000b0af2588c000e8
:1083cc002590a00025808000096a023c67e64234b3
:1083dc00000082ac67bb023c85ae4234040082ac28
:1083ec006e3c023c72f34234080082ac4fa5023c56
:1083fc003af542340c0082ac0e51023c7f524224be
:10840c00100082ac059b023c8c684224140082aca8
:10841c00831f023cabd94234180082ace05b023cb7
:10842c0019cd42341c0082ac600080ac640080ac7e
:10843c00680080ac5a36410f780080ac6c0012aeec
:10844c00700011ae740000ae251000001c00bf8f30
:10845c001800b28f1400b18f1000b08f0800e00329
:0c846c002000bd270800e0030000000015
:020000040000fa
:020000041d03da
:10847800e0ffbd271c00bfaf1800b1af1400b0afbc
:10848800258080002588a00036a6400f46008484f9
:108498000800401401000224000022a22510000058
:1084a8001c00bf8f1800b18f1400b08f0800e003c4
:1084b8002000bd271800028e0c0002aeffff022428
:1084c800510002a25122410f500000a27020410f1a
:1084d800258840004018110021207100001904006f
:1084e8002318640021106200040002aeffff02247a
:1084f800080002ae000000ae4c0000a6400000a636
:10850800600000a65c00029680004230040040141f
:108518002530000002000524f127410f2520000224
:108528002510000001000324c439627c5c0002a607
:08853800dbff0010010002242a
:020000040000fa
:020000041d03da
:10854000d8ffbd272400bfaf2000b4af1c00b3afdd
:108550001800b2af1400b1af1000b0af259080008a
:108560002580a0002598c0000180023cff33410f08
:108570001cde518c00000496400083301000601413
:10858000030014240019020023186200801803005d
:1085900080008430170080142188230204000526ff
:1085a00078f4400f24002426010014241400272608
:1085b0002530600280000524aa0a410f2520000210
:1085c00025388002100006260800052625ea400fff
:1085d000252040022400bf8f2000b48f1c00b38fe1
:1085e0001800b28f1400b18f1000b08f0800e003a4
:1085f0002800bd270400052678f4400f1400242627
:08860000eaff0010020014243f
:020000040000fa
:020000041d03da
:10860800e8ffbd271400bfaf1000b0af2580800081
:1086180098e4400f0e0084841f0040100a000324d1
:10862800a400028e0b0043140b0003242400022430
:10863800080002ae740c410f252000022518000026
:10864800251060001400bf8f1000b08f0800e003f1
:108658001800bd2707004314f4ff42242800022411
:10866800080002ae12ec400f25200002f4ff0010b3
:10867800251800000200422cf1ff401025180000c8
:108688002d000224080002ae7ed9400f25200002ea
:10869800ebff0010251800003f28410f252000029d
:1086a800e7ff4010251800003c05410f2520000277
:1086b80002000224a00002ae861f410f25200002fe
:0886c800dfff0010ffff032497
:020000040000fa
:020000041d03da
:1086d00082bf043c1026838c0e0063300180023c74
:1086e00060de4224400043ac1026828c0e004230f3
:1086f000180040100180023c1026828c020042309b
:108700000300401082bf023c02000324142643ac45
:1087100082bf023c1026428c01004230070040100c
:1087200082bf033c82bf043c3026828c1026628cc0
:1087300001004230fcff40140000000081bf023cf9
:1087400000040324940043ac00080324940043acc9
:108750000180023c60de42242000428c0c0040106c
:1087600000000000e8ffbd271400bfaf0180023cfd
:1087700060de42242400458c2000428c09f8400031
:10878000020004241400bf8f0800e0031800bd2776
:088790000800e00300000000f6
:020000040000fa
:020000041d03da
:1087980082bf043c1020838c0e0063300180023cb1
:1087a800a4de4224400043ac1020828c0e004230ec
:1087b800180040100180023c1020828c02004230d8
:1087c8000300401082bf023c02000324142043ac83
:1087d80082bf023c1020428c01004230070040104a
:1087e80082bf033c82bf043c3020828c1020628c04
:1087f80001004230fcff40140000000081bf023c31
:108808000100033c740043ac0200033c740043ac19
:108818000180023ca4de42242000428c0c0040105f
:1088280000000000e8ffbd271400bfaf0180023c34
:10883800a4de42242400458c2000428c09f8400024
:10884800020004241400bf8f0800e0031800bd27ad
:088858000800e003000000002d
:020000040000fa
:020000041d03da
:10886000e8ffbd271400bfafffff022408008214f9
:108870001000b0af09000224188282afffff02246b
:108880001400bf8f1000b08f0800e0031800bd2750
:10889000000082900400401409000224188282af74
:1088a000f7ff0010ffff02240400828c0800438cb5
:1088b0001c00638c050060540c0080ac170002247f
:1088c0000c0082aceeff0010ffff02241200459066
:1088d000010003240500a310258080000700022466
:1088e0000c0082ace6ff0010ffff0224120040a043
:1088f0000400828c0800428c1c00428c09f8400065
:108900000800848c0400038e12006424020080108e
:1089100001000424120064a0d9ff410401000324d3
:08892000d7ff00100c0003aeac
:020000040000fa
:020000041d03da
:10892800e8ffbd271400bfafffff02240800821430
:108938001000b0af09000224188282afffff0224a2
:108948001400bf8f1000b08f0800e0031800bd2787
:10895800000082900400401409000224188282afab
:10896800f7ff0010ffff02240400828c0800438cec
:108978002400638c050060540c0080ac17000224ae
:108988000c0082aceeff0010ffff0224120045909d
:10899800010003240500a31025808000070002249d
:1089a8000c0082ace6ff0010ffff0224120040a07a
:1089b8000400828c0800428c2400428c09f8400094
:1089c8000800848c0400038e1200642402008010c6
:1089d80001000424120064a0d9ff4104010003240b
:0889e800d7ff00100c0003aee4
:020000040000fa
:020000041d03da
:1089f0000180063c0ce3ca8c2b00401125100000be
:108a00002518400125380000254000000000658c35
:108a10000800a4141000698c0200e0500ce3c9acfb
:108a20001000e9ac0800e00310006224f7ff00101a
:108a3000251820012b588500070060110000000058
:108a40001b0040502540e00000004b8c2b28ab0061
:108a50000b40e5000b106500f4ff20152538600081
:108a600011004010000000000000438c1000458cf5
:108a7000231864001100692c0700201510004724fa
:108a8000000044acf0ff63242120e400100085ac1a
:108a9000000083ac2528800002004255100005ad7f
:108aa0000ce3c5ac2510e0000800e0030000000066
:088ab000e9ff00102510600031
:020000040000fa
:020000041d03da
:108ab8002c008010f2ff02240800838c0180023c05
:108ac800ecdb422424006250020088840800e003a2
:108ad800f2ff0224180088940100032423000315e0
:108ae800000000001a0083940100022403006210b1
:108af800040008241b006814f3ff0224300083904c
:108b080018006014f4ff0224e8ffbd271400bfaf6b
:108b180001000224300082a0320085a42800a2931c
:108b28002b10020001004224310082a0340086a4e8
:108b38002fbd400f360087a42518400003006004ad
:108b4800f4ff0224030062380100422c1400bf8f96
:108b58000800e0031800bd2701000324ddff03110e
:108b6800f3ff02240800e003000000000800e0030f
:048b780000000000f9
:020000040000fa
:020000041d03da
:108b7c00e8ffbd271400bfaf1000b0af1c008294fb
:108b8c0008004010258080000100032410004310d1
:108b9c0000000000361c410ff4ff052409000010f2
:108bac001400bf8f9d11410f2528000004004010b8
:108bbc00020002241a0002a6010002241c0002a6d4
:108bcc001400bf8f1000b08f0800e0031800bd2701
:108bdc000e21410f00000000faff40101400bf8f5f
:108bec00340002860f004104252800007020410f3c
:108bfc00000000002c00038e2b10430004004010da
:108c0c00020002241a0002a6edff00101c0000a6b0
:108c1c00fcff0524361c410f25200002e9ff001043
:108c2c001400bf8f361c410f25200002e5ff0010f9
:048c3c001400bf8fd2
:020000040000fa
:020000041d03da
:108c4000a0b3049de8a7029d9cde039d548c049d67
:108c50001425049df49c039d9c24049d389c039d35
:108c60002424049d6cd7039dd085049d9033049dde
:108c70007ceb039d243c049de8ea039d2033049d86
:108c800054ea039db032049dc0e9039d4032049d27
:108c90002ce9039db83b049d40d1039d4c3b049db2
:108ca00098e8039d38c1039dbcf9029d84ba039dd9
:108cb00004e8039dd8b9039d70e7039d08d8039d80
:108cc000c42c039de03a049dc4d9019d0886039df0
:108cd000d031049d7c9b039d2cfa039dfca9039d30
:108ce00048b0039df8b0039d6019029d9449049d0e
:108cf00090a3039df865039db07f039da0f9039d9c
:048d000048a9039dde
:020000040000fa
:020000041d03da
:108d0400e0ffbd271c00bfaf1800b2af1400b1af25
:108d14001000b0af2588a0000c00b28cff33410fc7
:108d24003081908f401802002118620080180300df
:108d340021186200c010030021180202040002245a
:108d44000b0042520400248e070002240700421242
:108d54000300042415004416251000005c006594eb
:108d6400020004241200a4101c00bf8f0400248eef
:108d7400060084280d008014ffff02240000258ec5
:108d8400360002240000a2a0040002240100a2a0d4
:108d94000200a424240062240300438800004398b2
:108da4000500a3a8000083b8060002241c00bf8f9e
:108db4001800b28f1400b18f1000b08f0800e003c8
:048dc4002000bd27a7
:020000040000fa
:020000041d03da
:108dc8002e00a01025100000e0ffbd271c00bfaf3b
:108dd8001800b2af1400b1af1000b0af2590e0009a
:108de8002580c0003b07410f2588a0001e004010c9
:108df8001c00bf8f1c004052251000000000058e8b
:108e08001a0025521800b28f040007262518000002
:108e18002530000025200000254040000600a05411
:108e280001008424040060540100842425180001f2
:108e38002530800001008424070044560400e724fc
:108e480008006010251060008030060021800602ae
:108e580004000010000011aefcffe58cefffb11418
:108e6800000000001c00bf8f1800b28f1400b18fe3
:108e78001000b08f0800e0032000bd270800e003c1
:048e880000000000e6
:020000040000fa
:020000041d03da
:108e8c005443502f495020537461636b3a2025731f
:108e9c00204d414320696e697469616c697a617413
:108eac00696f6e206661696c65640d0a00000000d4
:108ebc005443502f495020537461636b3a202573ef
:108ecc00204d4143204f70656e206661696c65646e
:108edc000d0a00005443502f495020537461636baa
:108eec003a204d6f64756c65206e6f3a20256420b6
:108efc00496e697469616c697a6174696f6e206618
:108f0c0061696c65640d0a005443502f495020531d
:108f1c007461636b3a202573204d4143206576655f
:108f2c006e74206e6f74696669636174696f6e200c
:108f3c0073657474696e67206661696c65640d0a8b
:048f4c000000000021
:020000040000fa
:020000041d03da
:108f5000e8ffbd271400bfaf1000b0af7481828f4f
:108f600008004010000000000180033ce8e1632499
:108f7000251060001400bf8f1000b08f0800e003c0
:108f80001800bd27faffa010ffff03242580a000d2
:108f90006c8180af648180af608180af688180af79
:108fa000588180af548180af0180023ce8e140ac41
:108fb000e8e14224040040ac080040ac0c0040aca6
:108fc000100040ac140040ac059d053c90b4a524b5
:108fd000c60f410f252000001400028e488182af89
:108fe00001000324080040144c8183af8830400ff7
:108ff00025200002deff4010ffff03240180033c18
:10900000dbff0010e8e163240180033cd8ff00107f
:04901000e8e163240c
:020000040000fa
:020000041d03da
:10901400201c047c2d00601825100000ff00833004
:109024000b00632c29006010ffff84242026047c9d
:10903400c018040021186400801003000180033c60
:109044007cd363248a19627c200060102510000000
:10905400c010040021104400801002000180033c71
:109064007cd36324211043000800428c0800488c00
:109074000a0000150180023cc0180400212064008d
:10908400801804007cd3442421208300ffff0224a1
:10909400030082a00800e00325100000e8ffbd27bc
:1090a4001400bfafc018040021206400801804001d
:1090b4007cd344242120830009f800010600848421
:1090c4001400bf8f0800e0031800bd270800e00368
:0490d4000000000098
:020000040000fa
:020000041d03da
:1090d800201c047c2d00601825100000ff00833040
:1090e8000b00632c29006010ffff84242026047cd9
:1090f800c018040021186400801003000180033c9c
:109108007cd363248a19627c20006010251000003b
:10911800c010040021104400801002000180033cac
:109128007cd36324211043000800428c1000478c34
:109138000a00e0140180023cc018040021206400e9
:10914800801804007cd3442421208300ffff0224dc
:10915800030082a00800e00325100000e8ffbd27f7
:109168001400bfafc0180400212064008018040058
:109178007cd344242120830009f8e000060084847d
:109188001400bf8f0800e0031800bd270800e003a3
:0491980000000000d3
:020000040000fa
:020000041d03da
:10919c00201c047c2d00601825100000ff0083307b
:1091ac000b00632c29006010ffff84242026047c14
:1091bc00c018040021186400801003000180033cd7
:1091cc007cd363248a19627c200060102510000077
:1091dc00c010040021104400801002000180033ce8
:1091ec007cd36324211043000800428c0c00478c74
:1091fc000a00e0140180023cc01804002120640025
:10920c00801804007cd3442421208300ffff022417
:10921c00030082a00800e00325100000e8ffbd2732
:10922c001400bfafc0180400212064008018040093
:10923c007cd344242120830009f8e00006008484b8
:10924c001400bf8f0800e0031800bd270800e003de
:04925c00000000000e
:020000040000fa
:020000041d03da
:10926000201c047c2d00601825100000ff008330b6
:109270000b00632c29006010ffff84242026047c4f
:10928000c018040021186400801003000180033c12
:109290007cd363248a19627c2000601025100000b2
:1092a000c010040021104400801002000180033c23
:1092b0007cd36324211043000800428c1400458ca9
:1092c0000a00a0140180023cc018040021206400a0
:1092d000801804007cd3442421208300ffff022453
:1092e000030082a00800e00325100000e8ffbd276e
:1092f0001400bfafc01804002120640080180400cf
:109300007cd344242120830009f8a0000600848433
:109310001400bf8f0800e0031800bd270800e00319
:049320000000000049
:020000040000fa
:020000041d03da
:10932400201c047c2d00601825100000ff008330f1
:109334000b00632c29006010ffff84242026047c8a
:10934400c018040021186400801003000180033c4d
:109354007cd363248a19627c2000601025100000ed
:10936400c010040021104400801002000180033c5e
:109374007cd36324211043000800428c1800458ce0
:109384000a00a0140180023cc018040021206400db
:10939400801804007cd3442421208300ffff02248e
:1093a400030082a00800e00325100000e8ffbd27a9
:1093b4001400bfafc018040021206400801804000a
:1093c4007cd344242120830009f8a000060084846f
:1093d4001400bf8f0800e0031800bd270800e00355
:0493e4000000000085
:020000040000fa
:020000041d03da
:1093e800201c047c2d00601825100000ff0083302d
:1093f8000b00632c29006010ffff84242026047cc6
:10940800c018040021186400801003000180033c88
:109418007cd363248a19627c200060102510000028
:10942800c010040021104400801002000180033c99
:109438007cd36324211043000800428c1c00458c17
:109448000a00a0140180023cc01804002120640016
:10945800801804007cd3442421208300ffff0224c9
:10946800030082a00800e00325100000e8ffbd27e4
:109478001400bfafc0180400212064008018040045
:109488007cd344242120830009f8a00006008484aa
:109498001400bf8f0800e0031800bd270800e00390
:0494a80000000000c0
:020000040000fa
:020000041d03da
:1094ac00201c047c2d00601825100000ff00833068
:1094bc000b00632c29006010ffff84242026047c01
:1094cc00c018040021186400801003000180033cc4
:1094dc007cd363248a19627c200060102510000064
:1094ec00c010040021104400801002000180033cd5
:1094fc007cd36324211043000800428c2400458c4b
:10950c000a00a0140180023cc01804002120640051
:10951c00801804007cd3442421208300ffff022404
:10952c00030082a00800e00325100000e8ffbd271f
:10953c001400bfafc0180400212064008018040080
:10954c007cd344242120830009f8a00006008484e5
:10955c001400bf8f0800e0031800bd270800e003cb
:04956c0000000000fb
:020000040000fa
:020000041d03da
:10957000201c047c2d00601825100000ff008330a3
:109580000b00632c29006010ffff84242026047c3c
:10959000c018040021186400801003000180033cff
:1095a0007cd363248a19627c20006010251000009f
:1095b000c010040021104400801002000180033c10
:1095c0007cd36324211043000800428c2c00468c7d
:1095d0000a00c0140180023cc0180400212064006d
:1095e000801804007cd3442421208300ffff022440
:1095f000030082a00800e00325100000e8ffbd275b
:109600001400bfafc01804002120640080180400bb
:109610007cd344242120830009f8c0000600848400
:109620001400bf8f0800e0031800bd270800e00306
:049630000000000036
:020000040000fa
:020000041d03da
:10963400201c047c2d00601825100000ff008330de
:109644000b00632c29006010ffff84242026047c77
:10965400c018040021186400801003000180033c3a
:109664007cd363248a19627c2000601025100000da
:10967400c010040021104400801002000180033c4b
:109684007cd36324211043000800428c3800458cad
:109694000a00a0140180023cc018040021206400c8
:1096a400801804007cd3442421208300ffff02247b
:1096b400030082a00800e00325100000e8ffbd2796
:1096c4001400bfafc01804002120640080180400f7
:1096d4007cd344242120830009f8a000060084845c
:1096e4001400bf8f0800e0031800bd270800e00342
:0496f4000000000072
:020000040000fa
:020000041d03da
:1096f800a8ffbd275400bfaf5000b2af4c00b1afb8
:109708004800b0af258080002590a000250080107b
:109718002588c0005516410f1400848c2518400078
:109728001a006010f1fe02240400648c17008010f7
:109738001000a5272000a0af2400a0af2800a0afec
:109748002c00a0af3000a0af3400a0af3800a0af0d
:109758003c00a0af4000a0af040002241000a2af5c
:109768001400b0af1800b2af1c00b1af0400628c97
:109778000800668c09f840000000648c52ff03243e
:1097880026184300f1fe04240a1083005400bf8ffa
:109798005000b28f4c00b18f4800b08f0800e00332
:1097a8005800bd2780ff400f25200000dcff001077
:0497b8002518400030
:020000040000fa
:020000041d03da
:1097bc00e0ffbd271c00bfaf1800b1af1400b0af65
:1097cc00258880000e00a290010003240b0043109a
:1097dc002580a000020003241b004310570406241c
:1097ec00059d053c80cea524bb24410f25200000ff
:1097fc00070002240f0000100e0002a29a30410f45
:10980c001000848c0c0040141c00bf8f04000696c2
:10981c0006000596781e410f1000248e0d00029252
:10982c000100423002000424060003240a188200be
:10983c000e0003a21c00bf8f1800b18f1400b08f54
:10984c000800e0032000bd279a30410f1000848ce3
:10985c00f9ff40141c00bf8f872b410f1000248e82
:10986c00080002ae06000224f2ff00100e0002a255
:020000040000fa
:020000041d03da
:10987c002d00a010fbff02240000a38c2a00601016
:10988c000000000028008010faff0224420083949c
:10989c00400063302400601000000000e0ffbd2792
:1098ac001c00bfaf1800b2af1400b1af1000b0afc6
:1098bc002580a000259080000180023cff33410fe1
:1098cc001cde518c00190200231062008010020073
:1098dc002188220225280002b5d9400f0000248ed1
:1098ec00258040000a000012ffff022425280002f8
:1098fc007f10410f25202002feff07242530000099
:10990c000800052625ea400f2520400225100000fe
:10991c001c00bf8f1800b28f1400b18f1000b08fd5
:10992c000800e0032000bd270800e0030000000051
:020000040000fa
:020000041d03da
:10993c00e0ffbd271c00bfaf1800b2af1400b1afe1
:10994c001000b0af2588a0001b32410f2590c0003d
:10995c004018020021186200c01803003e35410f68
:10996c00212062001e004016251000001c00bf8f35
:10997c001800b28f1400b18f1000b08f0800e003f4
:10998c002000bd27d72e410f000000002118300207
:10999c00000062a0c31f1000421f0300211003022d
:1099ac0007004230f9ff42240900435401001026fd
:1099bc001b32410f00000000401802002118620009
:1099cc00c01803003e35410f212062000100102613
:1099dc00ecff121625100000e5ff00101c00bf8fd5
:1099ec00d72e410f25800000f8ff0010000022a2a6
:020000040000fa
:020000041d03da
:1099fc00e8ffbd27ff00a5301000b0af1400bfafcb
:109a0c000f00a01425808000392b410f00000000ae
:109a1c00218002021400bf8f251000021000b08fad
:109a2c000800e0031800bd2700000282f9ff401077
:109a3c00ff004230f8ff45101400bf8f01001026c4
:109a4c0003000232f8ff40140101043c010184249c
:109a5c000220a470fefe073c8080083cfffee73429
:109a6c00808008350000038e2630640021106700ca
:109a7c0027180300241043002118c70027300600c4
:109a8c00243066002510460024104800f5ff405095
:109a9c000400102600000282deff4010ff0042305e
:109aac00ddff45101400bf8ffaff001001001026d7
:020000040000fa
:020000041d03da
:109abc0070ffbd278400b2af8000b1af7c00b0afa7
:109acc002588a000258080002590c0002528000056
:109adc004c0006242400a4278800b3af8c00bfaf31
:109aec00b02d410f2598e000ffff02241000a2af1b
:109afc0002010224020000161400a2af7000b0276d
:109b0c001800b0af1c00b1af0200201225100000ed
:109b1c00ffff22260c0021062000a2af0180023c90
:109b2c004f00032404e343acffff02248c00bf8fdf
:109b3c008800b38f8400b28f8000b18f7c00b08f0f
:109b4c000800e0039000bd2701002056000000a291
:109b5c0025306002252840021000a4272800b0af51
:109b6c00c925410f2400b0aff1ff00108c00bf8f4e
:020000040000fa
:020000041d03da
:109b7c00e0ffbd271c00bfaf1800b1af1400b0afa1
:109b8c00b600410f258080001e004014000000002c
:109b9c001c07410f252000022588400003000224e9
:109bac000a00221627000224080002ae7fea400faa
:109bbc0025200002251020021c00bf8f1800b18f39
:109bcc001400b08f0800e0032000bd27020002241f
:109bdc000600221626000224080002ae8bfe400f5f
:109bec0025200002f4ff00102510200201000224a1
:109bfc00a00002ae861f410f25200002edff0010d1
:109c0c00ffff11243f28410f25200002e9ff4010df
:109c1c000100112402000224a00002ae861f410f95
:0c9c2c0025200002e3ff0010ffff1124c0
:020000040000fa
:020000041d03da
:109c3800e0ffbd271c00bfaf1800b1af1400b0afe4
:109c4800b600410f258080001e004014000000006f
:109c58001c07410f2520000225884000040002242b
:109c68000a00221608000224080002ae0909410f62
:109c780025200002251020021c00bf8f1800b18f7c
:109c88001400b08f0800e0032000bd270300022461
:109c9800060022160a000224080002ae7421410fb1
:109ca80025200002f4ff00102510200201000224e4
:109cb800a00002ae861f410f25200002edff001014
:109cc800ffff11243f28410f25200002e9ff401023
:109cd8000100112402000224a00002ae861f410fd9
:0c9ce80025200002e3ff0010ffff112404
:020000040000fa
:020000041d03da
:109cf400e0ffbd271c00bfaf1800b1af1400b0af28
:109d0400b600410f258080001e00401400000000b2
:109d14001c07410f2520000225884000040002246e
:109d24000a00221606000224080002ae2709410f89
:109d340025200002251020021c00bf8f1800b18fbf
:109d44001400b08f0800e0032000bd2703000224a4
:109d5400060022160a000224080002ae7421410ff4
:109d640025200002f4ff0010251020020100022427
:109d7400a00002ae861f410f25200002edff001057
:109d8400ffff11243f28410f25200002e9ff401066
:109d94000100112402000224a00002ae861f410f1c
:0c9da40025200002e3ff0010ffff112447
:020000040000fa
:020000041d03da
:109db000e0ffbd271c00bfaf1800b2af1400b1af69
:109dc0001000b0af258080002590a0000180113cdc
:109dd000010b410f50e2242650e2228e1400401065
:109de0002588000008005050080002920000428cb4
:109df0000f00401025880000fdff02560000428c35
:109e000025804000080002922b100200080052102a
:109e1000258800001000401200000000fc80828fa6
:109e200001004224fc8082af080012a2010011242c
:109e30000180043cf91a410f50e2842425102002cd
:109e40001c00bf8f1800b28f1400b18f1000b08fac
:109e50000800e0032000bd27fc80828fffff422422
:0c9e6000fc8082aff1ff0010080012a28d
:020000040000fa
:020000041d03da
:109e6c00e0ffbd271c00bfaf1800b1af1400b0afae
:109e7c0024818487ffff0224060082103081908f9a
:109e8c0065f8400f00000000ffff0224248182a728
:109e9c003081908f110000122c81828f0a004010ab
:109eac00258800005000048e03008010010031262c
:109ebc002523410f000000002c81828f2b102202e1
:109ecc00f8ff4014680010261881848f0c00828cd7
:109edc0009f840003081858f308180af1881858fe3
:109eec000180043cc92b410f70e284241c81848fb7
:109efc00050080502c8180afb52a410f0000000076
:109f0c001c8180af2c8180af1c00bf8f1800b18fdb
:0c9f1c001400b08f0800e0032000bd27f7
:020000040000fa
:020000041d03da
:109f2800d8ffbd272400bfaf2000b3af1c00b2afdd
:109f38001800b1af1400b0af2580800092f2400f36
:109f48002590a00025884000110020160100022459
:109f580025284002e52a410f2520000225984000c7
:109f6800340002ae3800122600020624252800001c
:109f7800b02d410f252040020a0002960f00401420
:109f8800010007240a000296261051002b10020037
:109f98002400bf8f2000b38f1c00b28f1800b18f30
:109fa8001400b08f0800e0032800bd270a000296bd
:109fb8002b102202f3ff4010010007242130710208
:109fc80025284002e97e400f01000492f7ff405027
:0c9fd80001003126ecff00100a00029688
:020000040000fa
:020000041d03da
:109fe400d8ffbd272400bfaf2000b3af1c00b2af21
:109ff4001800b1af1400b0af258880002598a000e8
:10a004000000928ce9b2400f25280000160040148d
:10a01400258040001c00258e700d410f2520400234
:10a0240011004054258040002000238e00006390de
:10a03400e500042404006450010010260400605468
:10a0440025804000010010260a001352258040009c
:10a05400010005247da8400f25202002eeff40507a
:10a064001c00258e258040000400033a07000224ca
:10a074000a804300251000022400bf8f2000b38f04
:10a084001c00b28f1800b18f1400b08f0800e003d9
:0ca094002800bd27f7ff001025804000c9
:020000040000fa
:020000041d03da
:10a0a0007d1d0100632c001e9601a01e5a01001f99
:10a0b0000806101f0606201f0806301f0806401f4e
:10a0c0000606511f0700591f521f5b1f541f5d1fbb
:10a0d000561f5f1f601f0806701f0e00ba1fbb1fb0
:10a0e000c81fc91fca1fcb1fda1fdb1ff81ff91fac
:10a0f000ea1feb1ffa1ffb1f801f0806901f0806b0
:10a10000a01f0806b01f0400b81fb91fb21fbc1f54
:10a11000cc1f0100c31fd01f0206e01f0206e51f6f
:10a120000100ec1ff31f0100fc1f4e210100322132
:10a1300070211002842101008321d0241a05302cc3
:10a140002f04602c0201672c0601752c0201802c63
:0ca150006401002d260841ff1a030000e6
:020000040000fa
:020000041d03da
:10a15c00e8ffbd271400bfafffff022408008214e4
:10a16c001000b0af09000224188282af2510000045
:10a17c001400bf8f1000b08f0800e0031800bd273b
:10a18c00000082900300401409000324f8ff001023
:10a19c00188283af0400828c0800438c2000638cef
:10a1ac00050060540c0080ac170002240c0082ac3b
:10a1bc00efff001025100000120045900100032451
:10a1cc000500a31025808000070002240c0082ac3f
:10a1dc00e7ff001025100000120040a00400828c44
:10a1ec000800428c2000428c09f840000800848c46
:10a1fc000400038e12006424deff80101400bf8f55
:0ca20c0001000424daff0010120064a01e
:020000040000fa
:020000041d03da
:10a2180000800340c011637c0100072429006714f3
:10a2280001800240402e437c00108040001880408e
:10a238000028804000308040252000000080043c39
:10a248000000834000508440c0000000020000422b
:10a2580000408420ffff6320f9ff60140000000025
:10a26800c0bf043c7806843400308440c0bf053c3d
:10a278007006a524c0bf063cd006c62425380000b9
:10a288001000a610ff01093c00e02935002889408c
:10a29800000087400000a88c0400a98c0800aa8c44
:10a2a8000010894000188a4000508840c000000013
:10a2b800020000420c00a5200100e720f0ff00107a
:0ca2c800000000000800e003000000009f
:020000040000fa
:020000041d03da
:10a2d4000000a28c0400a38cc0ffbd273800b3afdc
:10a2e4003400b2af3000b1af2c00b0af3c00bfaf10
:10a2f400258880002580a0000800b28c2000a2af31
:10a30400030060040c00b38c4408027c2000a2af5c
:10a314002000a2271800a2af0a0002241400a2af52
:10a324001000b2af0400c78c0000c68c5cbf400fa5
:10a33400252000021000068e2000a38f253840023d
:10a34400ffffc6241000a3af2330c20021286202fd
:10a3540079ce400f252020020400238e00016330b3
:10a36400040060103c00bf8f0400038e2a204300c9
:10a374000b1064003800b38f3400b28f3000b18ffb
:0ca384002c00b08f0800e0034000bd2753
:020000040000fa
:020000041d03da
:10a3900068ffbd279400bfaf9000b1af8c00b0af95
:10a3a0009c0080ac7c0080ac1c0082900a004010b5
:10a3b00021000224b80e410f080082ac258800005d
:10a3c000251020029400bf8f9000b18f8c00b08fb9
:10a3d0000800e0039800bd271303410f258080008b
:10a3e00013004014258840001000a5275ce5400fad
:10a3f0000c0004864c00a5275ce5400f0e00048687
:10a400002c0002262400a38f2f0003aa000043b8cb
:10a410007200a297400002a61f000224080002aeac
:10a4200002f6400f25200002e6ff00102510200252
:10a4300009000224a00002ae861f410f2520000261
:08a44000e0ff001025102002ce
:020000040000fa
:020000041d03da
:10a448002b00801025288000e0ffbd271c00bfaf2f
:10a458001800b1af1400b0af258080000180043c23
:10a4680019f8400fc4e284240c000486ffff02247c
:10a47800050082100180113c839f400f00000000fe
:10a48800ffff02240c0002a640e231260400248ebd
:10a498000c00828c09f840006c00058e0400248ea4
:10a4a8000c00828c09f840006800058e25380000f1
:10a4b8002530000003000524ac26410f25200002aa
:10a4c800ac0000a6640000ae080000ae252800021b
:10a4d8000180043c612a410fd0e284241c00bf8f14
:10a4e8001800b18f1400b08f0800e0032000bd27ca
:08a4f8000800e0030000000071
:020000040000fa
:020000041d03da
:10a50000e0ffbd271c00bfaf1800b2af1400b1af11
:10a510001000b0af2588a0000c00b28cff33410fb3
:10a520003081908f401802002118620080180300cb
:10a5300021186200c010030021180202fdff42260c
:10a540000200422c060040140100042415004416a9
:10a550001c00bf8f3400648c130080101800b28f71
:10a560000400248e060084280d008014ffff0224be
:10a570000000258e320002240000a2a00400022464
:10a580000100a2a00200a424340062240300438836
:10a59000000043980500a3a8000083b80600022429
:10a5a0001c00bf8f1800b28f1400b18f1000b08f45
:08a5b0000800e0032000bd27b4
:020000040000fa
:020000041d03da
:10a5b8002b008010251000000000838c28006010fc
:10a5c800000000000300a01400000000f505053c91
:10a5d80000e1a5341b00a300f40160001210000084
:10a5e800423002000400027c1b00a200f40140007b
:10a5f80012100000231043000100c7244038070050
:10a608001b00a700f401e0001228000023286500c1
:10a618002b10a2000100422c2330c2000020c32cc2
:10a628000f0060102510000082bf023c301246acbb
:10a6380082bf053c0012a38c0800828c0400868c23
:10a6480025104600bff20624241866002510430092
:10a658000c00838c251043000012a2ac01000224d8
:08a668000800e00300000000ff
:020000040000fa
:020000041d03da
:10a6700000a0023c401904002118640000190300e6
:10a6800040374224211043000402468cffff03247c
:10a690002300c310040002244011040021104400d0
:10a6a0000011020000a0033c403763242110430046
:10a6b0000002428c02000324170043140000000033
:10a6c000e0ffbd271c00bfaf1800b1af1400b0af52
:10a6d0002588800040810400218004020081100050
:10a6e00000a0023c40374224218002023511410f74
:10a6f000252020020002028e02000324fbff4310eb
:10a700002b1002001c00bf8f1800b18f1400b08ff7
:10a710000800e0032000bd270800e0032b10020022
:08a720000800e0030000000046
:020000040000fa
:020000041d03da
:10a7280078ffbd278000b2af7c00b1af7800b0af32
:10a738008400bfaf258080002588a0002590c00038
:10a748001c00a0af5400a4af2000a4af04008004f4
:10a75800ffff0224ff7f023cffff423421108200ea
:10a76800252800001800a4276e2c410f5800a2af1e
:10a778009800a28f9c00a38f252840021800a427c8
:10a788001000a2af1400a3af0928400f010006244f
:10a798002520400008002012252860005800a28fbc
:10a7a8005400a38f231862006c00a28f2118620046
:10a7b80021800302000030ae8400bf8f2510800086
:10a7c8002518a0008000b28f7c00b18f7800b08f70
:08a7d8000800e0038800bd2722
:020000040000fa
:020000041d03da
:10a7e000e0ffbd271c00bfaf1800b1af1400b0af31
:10a7f0000e00a290010003240b0043102580a0004e
:10a80000020003241d00431078040624059d053c26
:10a8100094cea524bb24410f25200000070002246c
:10a82000110000100e0002a2258880009a30410f0e
:10a830001000848c0d0040141c00bf8f0800079688
:10a840000400069606000596ae16410f1000248ef1
:10a850000d0002920100423002000424060003248d
:10a860000a1882000e0003a21c00bf8f1800b18fcf
:10a870001400b08f0800e0032000bd279a30410f7c
:10a880001000848cf8ff401406000224f6ff00102c
:04a890000e0002a212
:020000040000fa
:020000041d03da
:10a89400d0ffbd272c00bfaf2800b4af2400b3af56
:10a8a4002000b2af1c00b1af1800b0af2588800003
:10a8b40025a0a0002598c0002590e0000180043c5c
:10a8c400010b410f38de84240180023c38de508cb9
:10a8d400120000520180043c0c00028e040040501f
:10a8e4000800028e0a0051540000108e0800028ee7
:10a8f4001000a2af0400028e253840022530600209
:10a904002528800209f84000252020020000108e2e
:10a91400f2ff00560c00028e0180043cf91a410f2c
:10a9240038de84242c00bf8f2800b48f2400b38f1a
:10a934002000b28f1c00b18f1800b08f0800e00314
:04a944003000bd27fb
:020000040000fa
:020000041d03da
:10a94800e0ffbd271c00bfaf1800b0af2580800016
:10a958001000a0a772a5400f1000a527ffff042430
:10a968001f004410010003248600029602004230b2
:10a978001b0040101000a297080040509800048e59
:10a988001000a52772a5400f252000021000a297ed
:10a99800fcff40141000a5279800048effff022436
:10a9a80004008250840000a6ebde400f0000000087
:10a9b800840000a6840007267400068e0100052482
:10a9c8003325410f25200002e11c410f25200002fc
:10a9d80025184000860002964408027c860002a6dc
:10a9e800251060001c00bf8f1800b08f0800e0031e
:04a9f8002000bd2757
:020000040000fa
:020000041d03da
:10a9fc00e0ffbd271c00bfaf1800b0af2580800062
:10aa0c001000a0a772a5400f1000a527ffff04247b
:10aa1c001f004410010003248600029602004230fd
:10aa2c001b0040101000a297080040509800048ea4
:10aa3c001000a52772a5400f252000021000a29738
:10aa4c00fcff40141000a5279800048effff022481
:10aa5c0004008250840000a6ebde400f00000000d2
:10aa6c00840000a6840007267400068e01000524cd
:10aa7c003325410f25200002e11c410f2520000247
:10aa8c0025184000860002964408027c860002a627
:10aa9c00251060001c00bf8f1800b08f0800e00369
:04aaac002000bd27a2
:020000040000fa
:020000041d03da
:10aab000d8ffbd272400bfaf2000b3af1c00b2af4a
:10aac0001800b1af251080002590800042270400b7
:10aad000040003241c0083141400b0af2598a000c8
:10aae000258840000418117c238051002720100085
:10aaf0005b010724059d063c5ccfc624059d053cf3
:10ab0000d48ca524d1fe400fc2270400ffff0232df
:10ab10000f007326211053001000432c070060140f
:10ab20000211020025180000000035be0100632458
:10ab30002b206200fcff8014100031260f00000063
:10ab40000020023c251042022400bf8f2000b38f5a
:10ab50001c00b28f1800b18f1400b08f0800e00302
:04ab60002800bd27e5
:020000040000fa
:020000041d03da
:10ab6400d8ffbd272400bfaf2000b3af1c00b2af95
:10ab74001800b1af1400b0af0000918c180020127f
:10ab8400258080000c00228e1500401025900000c6
:10ab940025284002062d410f25202002259840003b
:10aba40025284000552a410f252020021000048e3c
:10abb4000c00828c09f840000400658e30000624e5
:10abc40025280000b02d410f2520600201005226e7
:10abd4000c00228e2b104202eeff40142528400266
:10abe4001000048e0c00828c09f840000000058ed1
:10abf400000000ae260000a62400bf8f2000b38f03
:10ac04001c00b28f1800b18f1400b08f0800e0034d
:04ac14002800bd2730
:020000040000fa
:020000041d03da
:10ac180080bf023c300040ac99aa033c55666324cf
:10ac2800300043ac6655033caa996334300043ac0a
:10ac380080bf033c0000648c0463047c000064aca7
:10ac480080bf043c01100524400085ac80bf043c53
:10ac580003000524500085ac80bf053cff01043c7f
:10ac6800d70184246000a4ac80bf043cfb01052408
:10ac7800700085ac80bf053c1d30043c142d842435
:10ac88008000a4ac80bf053c8300043c0100842400
:10ac98009000a4ac80bf043c5000053ca00085aceb
:10aca8000000648c010005240463a47c000064aceb
:10acb8003333033c33336324300043ac0800e003f0
:04acc8000000000088
:020000040000fa
:020000041d03da
:10accc00d0ffbd272c00bfaf2800b4af2400b3af1a
:10acdc002000b2af1c00b1af0200a2282200401429
:10acec001800b0af2580800025a0c000ffffb22463
:10acfc0025988000258800001400a7270100062451
:10ad0c001000a5272a67400f252080021400a38f6e
:10ad1c0001000224090062141000a29301007326a2
:10ad2c00ffff62a20a000324040043100100312635
:10ad3c00f2ff32161400a72725884002000060a2fb
:10ad4c000a801100251000022c00bf8f2800b48f40
:10ad5c002400b38f2000b28f1c00b18f1800b08f6d
:10ad6c000800e0033000bd27000080a0f5ff0010b4
:04ad7c00258000002e
:020000040000fa
:020000041d03da
:10ad80005000828ce8ffbd271000b0af1400bfafa9
:10ad90000b004010258080005400838c2a10620034
:10ada00007004014000000004c0000aeffff02242a
:10adb0001400bf8f1000b08f0800e0031800bd27fb
:10adc000a419410f25200002f8ff42044c0000aef8
:10add0004000038e5000048e3c00058e0900801058
:10ade000253060005400068e23386500232086003d
:10adf0002a38e4000300e01425306000ffff8424bb
:10ae00002130a400060060104c0006ae5400048ef1
:10ae1000231865000100632421188300540003ae49
:10ae2000ffffa390e2ff6254ffffa2a0e1ff00102a
:04ae30001400bf8fbc
:020000040000fa
:020000041d03da
:10ae3400f8ffbd270800acf70c00a38f0055627c17
:10ae440033044428150080100800a0d70010804463
:10ae54000010e0443260224610000145000000006a
:10ae6400059d043c0f006104e0cd84d401602446b8
:10ae74000000244601002c46ff0342280e00401027
:10ae84000800a1d70000a0f714006004059d023c4f
:10ae94000800a0af0c00a0af0800a0d70800e00392
:10aea4000800bd270800a1d700002446010024465d
:10aeb400f1ff0010010021463c11204640082046c5
:10aec400f5ff04450800a1f7059d023ce8cd40d4f8
:10aed40001082046f0ff00100800a0f7fdff001055
:04aee400d8cd40d4b1
:020000040000fa
:020000041d03da
:10aee800e8ffbd271400bfaf1000b0af200082906c
:10aef800200042300c004014258080007020410f53
:10af0800000000008400038e231043008800038e95
:10af18002b1043000c00401401000324200002926f
:10af28004429627c200002a22000029208004230dc
:10af38000900401401000324200002920421627ccd
:10af4800200002a2980000ae1400bf8f1000b08f3e
:10af58000800e0031800bd274800028e3800428c24
:10af6800253000002528000009f840001800048e4c
:10af780005004104030002243424410f2520000267
:10af8800f2ff00101400bf8fefff0010980002ae10
:020000040000fa
:020000041d03da
:10af9800e0ffbd271c00bfaf1800b1af1400b0af71
:10afa8000e00a290010003240e0043102580a0008b
:10afb800201c027c1a006010fcff4224ff00423073
:10afc8000200422c160040100800a5245815410f15
:10afd8001000848c0d004010050002240b000010a6
:10afe8000e0002a2258880009a30410f1000848c40
:10aff800070040141c00bf8f040006960600059643
:10b00800d218410f1000248e0e0002a21c00bf8f20
:10b018001800b18f1400b08f0800e0032000bd278e
:10b0280095040624059d053ca8cea524bb24410f04
:10b038002520000007000224f4ff00100e0002a2e1
:020000040000fa
:020000041d03da
:10b04800e0ffbd271c00bfaf1800b1af1400b0afc0
:10b058008c00878c0700e014258080009000918c7c
:10b068002f0005245427410f2520200225382002cf
:10b078000a3802005c00029216004010059d063c4a
:10b08800c0cac62488000596d800410f6800048eff
:10b09800ffff4530c70a410f252000020700401472
:10b0a8002588400029000224080002ae0180023ce5
:10b0b80048e2458cf41c410f25200002251020028f
:10b0c8001c00bf8f1800b18f1400b08f0800e00378
:10b0d8002000bd27059d063ccccac62488000596dd
:10b0e800d800410f6800048eeaff0010ffff4530ca
:020000040000fa
:020000041d03da
:10b0f800e0ffbd271c00bfaf1800b1af1400b0af10
:10b10800b600410f2580800019004014000000009f
:10b118001c07410f2520000225884000feff42241d
:10b128000200422c0a0040102a000224080002ae45
:10b138005886400f25200002251020021c00bf8fd2
:10b148001800b18f1400b08f0800e0032000bd275d
:10b1580001000224a00002ae3c05410f2520000298
:10b16800861f410f25200002f3ff0010ffff112466
:10b178003f28410f25200002efff40100100112455
:10b1880002000224a00002ae3c05410f2520000267
:10b19800861f410f25200002e7ff0010ffff112442
:020000040000fa
:020000041d03da
:10b1a800d8ffbd272400bfaf2000b4af1c00b3af49
:10b1b8001800b2af1400b1af1000b0af25888000fe
:10b1c80025a0a0002598c0000800908c0400828c5f
:10b1d800238002022720100044070724059d063c0f
:10b1e80028d4c624059d053c24a9a524d1fe400fda
:10b1f800c22704002b907002251060020a10120268
:10b2080006008012259040000400401025304000c0
:10b218000400258e422c410f252080020400228e36
:10b2280021905200040032ae2b1013020100423864
:10b238002400bf8f2000b48f1c00b38f1800b28f7a
:10b248001400b18f1000b08f0800e0032800bd275c
:020000040000fa
:020000041d03da
:10b25800d0ffbd272c00bfaf2800b4af2400b3af88
:10b268002000b2af1c00b1af1800b0af258080003d
:10b278002590c0002520000017000012ffff0224bf
:10b2880025a0a000392b410f252000022588400069
:10b298002520400010002012ffff02240180133ceb
:10b2a80004e360ae253080021000a527582c410f1a
:10b2b800252000022520400004e3638e0600601468
:10b2c800ffff02241000a38f2318700026187100b6
:10b2d8002b1803002310030001004056000044ae61
:10b2e8002c00bf8f2800b48f2400b38f2000b28faa
:10b2f8001c00b18f1800b08f0800e0033000bd2794
:020000040000fa
:020000041d03da
:10b30800d0ffbd272c00bfaf2800b4af2400b3afd7
:10b318002000b2af1c00b1af1800b0af258080008c
:10b328002588c0002520000017000012ffff022416
:10b3380025a0a000392b410f2520000225904000b0
:10b348002520000010004012ffff02240180133c5a
:10b3580004e360ae253080021000a527632c410f5e
:10b36800252000022520400004e3638e06006014b7
:10b37800ffff02241000a38f231870002618720004
:10b388002b1803002310030001002056000024aef0
:10b398002c00bf8f2800b48f2400b38f2000b28ff9
:10b3a8001c00b18f1800b08f0800e0033000bd27e3
:020000040000fa
:020000041d03da
:10b3b8000180023c60de42242c00438c2800498c2a
:10b3c8001c00a0102510a00023006950251820019a
:10b3d800254080002510000082bf0c3c06000b248d
:10b3e8000180073cecdae72401800a3c60de4a254c
:10b3f8000026868d0600c6301300cb1440300300ab
:10b408008a69e67c00000da10100c6248a31e67c29
:10b41800010006a1010063243000468d2b30660030
:10b42800010042240300a2100a180600f0ff2315a9
:10b43800020008250180043c60de84242c0083acd3
:10b448000800e003000000008a69e37c21308200e4
:10b45800f0ff00100000cda0f6ff0010251000003e
:020000040000fa
:020000041d03da
:10b468000180023ca4de42242c00438c2800498c35
:10b478001c00a0102510a0002300695025182001e9
:10b48800254080002510000082bf0c3c06000b24dc
:10b498000180073c1ca1e72401800a3ca4de4a2560
:10b4a8000020868d0600c6301300cb144030030000
:10b4b8008a69e67c00000da10100c6248a31e67c79
:10b4c800010006a1010063243000468d2b30660080
:10b4d800010042240300a2100a180600f0ff2315f9
:10b4e800020008250180043ca4de84242c0083acdf
:10b4f8000800e003000000008a69e37c2130820034
:10b50800f0ff00100000cda0f6ff0010251000008d
:020000040000fa
:020000041d03da
:10b51800a8ffbd275400bfaf5000b1af4c00b0af7b
:10b528005800a4af253000004400a5275e41400f15
:10b538005800a4270d004014258040004400a28f25
:10b548001000a2af5800a58f1a32400f1000a42790
:10b5580015004014258040003f00a28309004104e3
:10b568004400a28f1800a38f180043ac25100002d6
:10b578005400bf8f5000b18f4c00b08f0800e0031b
:10b588005800bd271600a293100042300a00401050
:10b598004400b18f3000a58fe523410f25202002fc
:10b5a800f2ff0010180022ae040043380500022400
:10b5b800eeff00100a804300ecff00100500102485
:020000040000fa
:020000041d03da
:10b5c800e0ffbd271c00bfaf1800b2af1400b1af39
:10b5d8001000b0af0180113ce8de31260400228e55
:10b5e8001800428c09f8400025908000140022ae13
:10b5f8001400308e1000228e23800202a80d410f05
:10b60800252000020d32410f000000002800288e7e
:10b618002c00298e213008022b80d0002128090215
:10b62800280026ae2c0025ae1432410f25204000fc
:10b63800f7d3400f25204002080040101c00bf8fa0
:10b648000d32410f00000000d1ab400f25804000b3
:10b658001432410f252000021c00bf8f1800b28f42
:10b668001400b18f1000b08f0800e0032000bd2740
:020000040000fa
:020000041d03da
:10b67800d8ffbd272000b1af0080113c9867228e0b
:10b688001c00b0af2400bfaf0e0040102580800022
:10b698008422410f000000001000a427ba25410fa2
:10b6a8001000a2af0f0042241000a58f0418027cde
:10b6b800e22d410f252040000c0040102400bf8fd0
:10b6c800986720ae01000052010010240f001026d8
:10b6d8000418107c090000160180023c0c000324a9
:10b6e80004e343ac251000002400bf8f2000b18f75
:10b6f8001c00b08f0800e0032800bd270400022ebc
:10b70800040003240b8062007ce2400f2520000225
:10b71800f5ff4054fcff50acf4ff00102400bf8f2d
:020000040000fa
:020000041d03da
:10b728002800a104feff02241001838c0800628c0b
:10b738000c00648c060082540000448c080060ac45
:10b74800040040140c0060ac0800e003030002246d
:10b75800080064ac00e0a37c080043ac0034060099
:10b768008001c634040046ac422f050004000324bf
:10b778000600a354000040ac0400438c01000424dc
:10b788008452837c040043ac000040ac140040acfd
:10b798000c00e38c05006054000062ac0800e2acc9
:10b7a8000c00e2ac0800e003251000000c00e48c5b
:10b7b8000400432400e0637c140083ac0c00e2ac7a
:0cb7c800251000000800e0030000000055
:020000040000fa
:020000041d03da
:10b7d400e0ffbd271c00bfaf1800b2af1400b1af2b
:10b7e4001000b0af2590a000bcfc400f0100052460
:10b7f4001b004010ffff11240400508c2528400238
:10b804006e02410f252040000c004010feff112461
:10b814000e0043900600632c90000626030060147b
:10b82400020007249c000626030007242528400064
:10b8340056d2400f2520000225880000090000127e
:10b84400251020020d32410f000000000000039279
:10b8540001006324000003a21432410f252040009c
:10b86400251020021c00bf8f1800b28f1400b18f66
:0cb874001000b08f0800e0032000bd278a
:020000040000fa
:020000041d03da
:10b88000e0ffbd271c00bfaf1800b2af1400b1af7e
:10b890001000b0af258080002590a0008c0085ac02
:10b8a000880080ac900086ac940080ac980080ac9e
:10b8b00000020624ff000524b02d410f9c00848c5b
:10b8c0009000028e0102512c000203240b1851003b
:10b8d0002588600023104300900002ae9800028e7d
:10b8e00021104300980002ae253860009c00068eaf
:10b8f0008400058ec7c3400f7c00048e25382002cb
:10b900008000068e25284002c7c3400f7800048eb1
:10b91000010002241c00bf8f1800b28f1400b18fe9
:0cb920001000b08f0800e0032000bd27dd
:020000040000fa
:020000041d03da
:10b92c00485454502f312e31202573002573200d8f
:10b93c000a000000436f6e6e656374696f6e3a2087
:10b94c00636c6f73650d0a00436f6e74656e742db6
:10b95c004c656e6774683a2025640d0a000000007f
:10b96c00436f6e74656e742d547970653a2025732f
:10b97c000d0a0000436f6e74656e742d456e636f17
:10b98c0064696e673a20677a69700d0a00000000de
:10b99c0043616368652d436f6e74726f6c3a206ef1
:10b9ac006f2d63616368650d0a0000004361636875
:10b9bc00652d436f6e74726f6c3a206d61782d61da
:0cb9cc0067653d3630300d0a00000000b9
:020000040000fa
:020000041d03da
:10b9d800e0ffbd271c00bfaf1800b1af1400b0af27
:10b9e8002000828c010003241e0043102580800063
:10b9f800020003241e004310030003240300431421
:10ba080025380000059d073ce0cae724059d063c53
:10ba1800e4cac62488000596d800410f6800048e41
:10ba2800ffff4530c70a410f2520000207004014d8
:10ba3800258840001e000224080002ae0180023c56
:10ba480048e2458cf41c410f2520000225102002f5
:10ba58001c00bf8f1800b18f1400b08f0800e003de
:10ba68002000bd27059d073ce8ff0010dccae7243d
:0cba7800059d073ce5ff0010d8cae7243c
:020000040000fa
:020000041d03da
:10ba8400e0ffbd271c00bfaf1800b1af1400b0af7a
:10ba94002800828c010003241e00431025808000ae
:10baa400020003241e004310030003240300431474
:10bab40025380000059d073cf8cae724059d063c8f
:10bac400fccac62488000596d800410f6800048e7d
:10bad400ffff4530c70a410f25200002070040142c
:10bae400258840001c000224080002ae0180023cac
:10baf40048e2458cf41c410f252000022510200249
:10bb04001c00bf8f1800b18f1400b08f0800e00331
:10bb14002000bd27059d073ce8ff0010f4cae72478
:0cbb2400059d073ce5ff0010f0cae72477
:020000040000fa
:020000041d03da
:10bb3000e0ffbd271c00bfaf1800b2af1400b1afcb
:10bb40001000b0af1c008010258080000000828ca7
:10bb50001900405025800000b135410f0000000061
:10bb6000259040000200422c10004014258800005f
:10bb7000852a410f25202002a92a410f25204000b7
:10bb800008004010010031260000038e0400448ca0
:10bb9000261864000800448c2418640006006050d5
:10bba00025804000f2ff511600000000000d410ffb
:10bbb0000100042425804000251000021c00bf8fd6
:10bbc0001800b28f1400b18f1000b08f0800e0038e
:0cbbd0002000bd27f8ff00102580400079
:020000040000fa
:020000041d03da
:10bbdc00e0ffbd271c00bfaf1800b1af1400b0af21
:10bbec00200080102588000048008290ff00423021
:10bbfc00fdff40102580800048008290ff004230fd
:10bc0c000a0040502400028e0d32410f000000004b
:10bc1c0048000392ffff6324ff006330480003a237
:10bc2c001432410f252040002400028e06004010e3
:10bc3c00258800000400438c2b2023020000428c3a
:10bc4c00fcff40140b8864000d32410f0000000013
:10bc5c004800039201006324480003a21432410ff0
:10bc6c0025204000001111001c00bf8f1800b18f5f
:0cbc7c001400b08f0800e0032000bd277a
:020000040000fa
:020000041d03da
:10bc8800d8ffbd272400bfaf2000b3af1c00b2af60
:10bc98001800b1af1400b0af258080000f0080a05d
:10bca80025908000258800000f0013243732410fab
:10bcb80000004492ff00423016004014000042a2e7
:10bcc8000f00222e0d0040102400bf8f21181102f2
:10bcd80001001026218011020e0002242388510041
:10bce800ff0031322180110220000224000062a0ee
:10bcf80001006324fdff70142400bf8f2000b38f60
:10bd08001c00b28f1800b18f1400b08f0800e00338
:10bd18002800bd2701003126ff003132e3ff33162a
:0cbd280001005226f5ff00102400bf8f20
:020000040000fa
:020000041d03da
:10bd3400d8ffbd272400bfaf2000b4af1c00b3afb1
:10bd44001800b2af1400b1af1000b0af2598800056
:10bd54002580a0002590c00025a0e000010b410f24
:10bd64002520a000100040102588400025286002ee
:10bd740019f8400f252000021400401000000000b4
:10bd8400030080120000000009f880022520400012
:10bd9400f91a410f252000020c00428e252860026a
:10bda40009f8400025204002251020022400bf8ffe
:10bdb4002000b48f1c00b38f1800b28f1400b18f11
:10bdc4001000b08f0800e0032800bd27f91a410fc6
:0cbdd40025200002f4ff0010258800006c
:020000040000fa
:020000041d03da
:10bde000e0ffbd271c00bfaf1800b2af1400b1af19
:10bdf0001000b0af1c00a010258000002590a0000e
:10be00001900c0102580c000422d410f0000000025
:10be10001c004010258840009a28410f2520400032
:10be200011004050258000000800248e0400228e5e
:10be30002310440025184000ffff42302b1002025f
:10be40000100405425180002ffff70300600001268
:10be500025300002422c410f252840020800228e86
:10be600021105000080022ae251000021c00bf8fd8
:10be70001800b28f1400b18f1000b08f0800e003db
:0cbe80002000bd27f8ff00102580000006
:020000040000fa
:020000041d03da
:10be8c000180063c7cd0c62425100000251800003b
:10be9c00180009240000c88c0c0000510100022479
:10beac0000008a8c0a000a55010063240400ca8c25
:10bebc000800888c06004855010063240800c88cd3
:10becc001400878c09000751180004240100632416
:10bedc00f0ff69141000c624110040140200a538ac
:10beec00120003240800e0030b106500faff641035
:10befc00000000000b00a014100002240180023c82
:10bf0c00001903007cd04224211843000c00628ce1
:10bf1c00000142380100422c0800e003001102002d
:0cbf2c00251000000800e00300000000e9
:020000040000fa
:020000041d03da
:10bf3800e0ffbd271c00bfaf1800b1af1400b0afc1
:10bf48009113410f258080001a0040100100112430
:10bf58009c06410f25200002140040102580400057
:10bf68000100429011004014258800000c00028e48
:10bf7800040040140180023c0800028e0c0002ae4e
:10bf88000180023c18df42901000401400000000bd
:10bf980072ed400f25200002180000a2190000a22f
:10bfa80001000224010002a2258800004022410f5e
:10bfb80000000000251020021c00bf8f1800b18f60
:10bfc8001400b08f0800e0032000bd27f7d3400f0e
:0cbfd80025200002f0ff00100000000017
:020000040000fa
:020000041d03da
:10bfe40041540d0a000000004f4b00004552524fcf
:10bff40052000000415445300d0a000041542b51b9
:10c0040053494d535441543d300d0a0041542b477c
:10c01400534e0d0a0000000041542b514453494d26
:10c024004346473d2264737373222c310d0a00008a
:10c0340041542b514453494d3d25750d0a000000d0
:10c0440041542b5153494d535441543f0d0a000060
:10c0540041542b51434349440d0a000041542b439e
:10c064005245473f0d0a000041542b5153504e0d89
:10c074000a00000041542b434d47463d310d0a0050
:0cc0840041542b4353510d0a00000000f2
:020000040000fa
:020000041d03da
:10c09000e8ffbd271400bfaf200083940800878c01
:10c0a0001000e28c08006630252840000400057c62
:10c0b0000a10a600220085940030a83025304000e8
:10c0c000c418067c0a10c8000060683025304000a3
:10c0d0000421067c0a10c800001868302530400092
:10c0e0004429067c0a10c800005066300001a830c0
:10c0f0002530c800254040004408087c0a1006018d
:10c10000002863308000a5302518650025284000f0
:10c110008410057c0a10a3001000e2ac2800838c78
:10c12000000062ac361c410f252800001400bf8fb0
:08c130000800e0031800bd2720
:020000040000fa
:020000041d03da
:10c13800e0ffbd271c00bfaf1800b1af1400b0afbf
:10c148002400828c1e004010010003241f004310ad
:10c15800020003241400431425880000059d073cb1
:10c1680010cbe72425808000059d063c14cbc6240f
:10c1780088008594d800410f6800848cffff453003
:10c18800c70a410f252000020700401425884000f7
:10c198001a000224080002ae0180023c48e2458ce5
:10c1a800f41c410f25200002251020021c00bf8f1f
:10c1b8001800b18f1400b08f0800e0032000bd27dd
:10c1c800059d073ce7ff001008cbe724059d073cc9
:08c1d800e4ff00100ccbe7248a
:020000040000fa
:020000041d03da
:10c1e000e0ffbd271c00bfaf1800b2af1400b1af15
:10c1f0001000b0af2590a0000f0080102588c0006f
:10c2000042008294400042301b0040142580800090
:10c210000b00e01425282002ccee400f2520400220
:10c220000e00401025804000812f410f2520000284
:10c230000a000010000022aef7ffe01025282002bf
:10c240005a07410f252000000400401425804000bb
:10c25000ccee400f25204002258040002510000232
:10c260001c00bf8f1800b28f1400b18f1000b08f68
:10c270000800e0032000bd27ebffe01025100002be
:08c28000f8ff00101c00bf8f45
:020000040000fa
:020000041d03da
:10c288000c00838c2600601025100000d8ffbd2705
:10c298002400bfaf2000b3af1c00b2af1800b1af8d
:10c2a8001400b0af258080003881928f1c00538e17
:10c2b8002588000025282002062d410f2520000290
:10c2c8000000439481006330810004240900645411
:10c2d800010031261400448e010080501800448c5f
:10c2e8000800438c231863022b18640005006010b3
:10c2f800010031260c00028e2b102202eeff4014a2
:10c30800252820022400bf8f2000b38f1c00b28f85
:10c318001800b18f1400b08f0800e0032800bd2773
:08c328000800e0030000000022
:020000040000fa
:020000041d03da
:10c330000d0082902600401000000000e0ffbd27a5
:10c340001c00bfaf1800b1af1400b0af0c0082905a
:10c35000ff004230fdff4010258080000c008290dd
:10c36000ff0042300a004010258800020d32410fc4
:10c37000000000000c000392ffff6324ff00633005
:10c380000c0003a21432410f252040002588000232
:10c390007e25410f25202002fdff401400000000f3
:10c3a0000d32410f000000000c00039201006324d5
:10c3b0000c0003a21432410f252040001c00bf8f47
:10c3c0001800b18f1400b08f0800e0032000bd27d3
:08c3d0000800e003000000007a
:020000040000fa
:020000041d03da
:10c3d800e0ffbd271c00bfaf1800b2af1400b1af1b
:10c3e8001000b0af2588a000422d410f2590c00055
:10c3f800258040001a000012251000005c000492fd
:10c4080001000324170083141c00bf8f3c00038e17
:10c4180003006330140060541800b28f0100022436
:10c4280009002212ffff0324020003240c00231634
:10c4380025100000912a410f2520400225184000b0
:10c448000700601025100000140003ae3c00028ea7
:10c45800010003240442627c3c0002ae0100022475
:10c468001c00bf8f1800b28f1400b18f1000b08f5e
:08c478000800e0032000bd27cd
:020000040000fa
:020000041d03da
:10c4800053494d44525600002573202d2025733a00
:10c4900009205475726e206f6e20646f6e65202dba
:10c4a0003e2048572072656164790d0a0000000043
:10c4b0002573202d2025733a09205475726e206f44
:10c4c0006e206572726f72202d3e20485720657273
:10c4d000726f720d0a0000002573202d2025733a1b
:10c4e00009205475726e206f666620646f6e652039
:10c4f0002d3e2048572072656164790d0a000000c6
:10c500002573202d2025733a09205475726e206ff3
:10c510006666206572726f72202d3e204857206536
:08c5200072726f720d0a000037
:020000040000fa
:020000041d03da
:10c52800d8ffbd272400bfaf2000b3af1c00b2afb7
:10c538001800b1af1400b0af258880000b00c01000
:10c548002580c0002598a0007480848f0000828c0c
:10c558002530000009f840002528000225904000f9
:10c56800ffff02240d00421625300002253000028c
:10c57800ffff0524f127410f25202002feff02249a
:10c588002400bf8f2000b38f1c00b28f1800b18f1a
:10c598001400b08f0800e0032800bd270700052419
:10c5a800f127410f2520200225386002253000029e
:10c5b80025284002fc81400f25202002f1ff0010b1
:04c5c8002400bf8ffd
:020000040000fa
:020000041d03da
:10c5cc00d8ffbd272400bfaf2000b3af1c00b2af13
:10c5dc001800b1af1400b0af259080002588a000e2
:10c5ec002598c0003000a29401004224ffff423085
:10c5fc003000a2a40000d08c059d053c98d3a52446
:10c60c004d2c410f2520000206004010059d053cd5
:10c61c00a0d3a5244d2c410f252000020c00401462
:10c62c00253000020400668e252820024af1400fb6
:10c63c00252040022400bf8f2000b38f1c00b28f36
:10c64c001800b18f1400b08f0800e0032800bd273c
:10c65c0005800534f127410f25204002f5ff00101d
:04c66c0001000224a3
:020000040000fa
:020000041d03da
:10c67000d8ffbd272400bfaf2000b4af1c00b3af6c
:10c680001800b2af1400b1af1000b0af2598800011
:10c6900025a0a0002588c000de2c410f2590e000d9
:10c6a0002580400013000012251000007000049245
:10c6b000fdff8324ff0063300300632c0d00601432
:10c6c000080003240c0083102400bf8f06004012d2
:10c6d000253040022528800228f4400f25206002e2
:10c6e000050040102400bf8f020020120100022428
:10c6f0005c0011a62400bf8f2000b48f1c00b38ff4
:10c700001800b28f1400b18f1000b08f0800e00342
:04c710002800bd2719
:020000040000fa
:020000041d03da
:10c714000400a38c0600632824006014ffff022495
:10c724000000a38c010065900300a6301f00c01414
:10c734000400a52c1d00a0140000000060008290dd
:10c744000400423017004014020066244000822492
:10c754000300c5880000c598430085a8000045b8bb
:10c764006400829001000524c418a27c640082a0a5
:10c77400010062900800422c0a004014060066245e
:10c78400440082240300c5880000c598470085a89a
:10c79400000045b864008290010005240421a27cb5
:10c7a400640082a001006290020042240800e003b9
:04c7b4000000000081
:020000040000fa
:020000041d03da
:10c7b800e0ffbd271c00bfaf1800b2af1400b1af37
:10c7c8001000b0af3881918f0b00201225100000a7
:10c7d800258080002510a0000d00a0102590c00025
:10c7e800050080102510000042008294400042306d
:10c7f80009004014010005241c00bf8f1800b28fe7
:10c808001400b18f1000b08f0800e0032000bd278e
:10c81800f9ff8010010005247523410f252000022f
:10c82800f5ff40100100032442000496c418647cfc
:10c8380003004316420004a6efff0010040030aec8
:10c8480002000324ecff4352080030aeebff001057
:04c858001c00bf8f72
:020000040000fa
:020000041d03da
:10c85c000d0082902500401000000000e0ffbd2775
:10c86c001c00bfaf1800b1af1400b0af0c00829029
:10c87c00ff004230fdff40102588a000258080007d
:10c88c000c008290ff0042300a0040102528200244
:10c89c000d32410f000000000c000392ffff6324d7
:10c8ac00ff0063300c0003a21432410f252040001e
:10c8bc0025282002612a410f252000020d32410f4c
:10c8cc00000000000c000392010063240c0003a282
:10c8dc001432410f252040001c00bf8f1800b18f6f
:10c8ec001400b08f0800e0032000bd270800e0030f
:04c8fc000000000038
:020000040000fa
:020000041d03da
:10c900002600c01025100000e0ffbd271c00bfafaf
:10c910001800b1af1400b0af258880000900a01046
:10c920001400908c0300a2880000a298030002aac1
:10c93000000002ba0400a290040002a20500a29026
:10c94000050002a22520e000060002260300c3889d
:10c950000000c398090003aa000043b80400c39074
:10c96000040043a00500c3904775400f050043a095
:10c970000c0002a61000238e0c0062940e004224cc
:10c980000c0062a4010002241c00bf8f1800b18fac
:10c990001400b08f0800e0032000bd270800e0036a
:04c9a0000000000093
:020000040000fa
:020000041d03da
:10c9a400e0ffbd271c00bfaf2800a6af2200801403
:10c9b4002c00a7af0180023cf4e2428c1e00401020
:10c9c4000180023cf8e2428c1b004010f881839302
:10c9d40001000224180062142530a000f88180a30d
:10c9e4002800a7271000a7afc80005240180043c35
:10c9f400afe6400fecd68424ffff4324c700632c2a
:10ca04000b0060100180053cecd6a52421184500dc
:10ca1400000060a00180033cf4e263240400648c01
:10ca24001800878c2530400009f8e0000800648c69
:10ca340001000224f88182a31c00bf8f0800e003d8
:04ca44002000bd27ea
:020000040000fa
:020000041d03da
:10ca4800e0ffbd271c00bfaf1800b2af1400b1afa4
:10ca58001000b0af04008290190040102588000033
:10ca68002580800038009224010007243400868c39
:10ca780025284002e97e400f0100849017004014e9
:10ca880025884000040000a23400068e2000038e92
:10ca98002800028e2310c2002b104300080040100b
:10caa80002000224030004920500821401000724f6
:10cab8002130c30025284002e97e400f010004927e
:10cac800251020021c00bf8f1800b28f1400b18ff0
:10cad8001000b08f0800e0032000bd27f8ff001009
:04cae8000100112414
:020000040000fa
:020000041d03da
:10caec00e0ffbd271c00bfaf1800b2af1400b1af00
:10cafc001000b0af258080000000918c3000858c38
:10cb0c00ffff02240500a2101400928ce9b2400f22
:10cb1c0000000000160040141c00bf8f1c00058e86
:10cb2c00700d410f252020020d004014e5ff042458
:10cb3c002000038e000064a001000324040023a243
:10cb4c001400038e2b1872000800601025280000ba
:10cb5c007da8400f25200002f1ff40501c00058edf
:10cb6c0004004438020003240a1064001c00bf8f28
:10cb7c001800b28f1400b18f1000b08f0800e003c2
:04cb8c002000bd27a1
:020000040000fa
:020000041d03da
:10cb9000d8ffbd272400bfaf2000b2af1c00b1af4b
:10cba0000300e0141800b0af1b008010ffff10243a
:10cbb0001900c010ffff10242588e0002510c000d8
:10cbc0002590a000258080000180033cf4de648c69
:10cbd000e803062425380000190082001220000016
:10cbe000a553400f102800001000b1af25384002b7
:10cbf00025300002252840005bc4400f252000009e
:10cc000025804000ffff02240400021225100002cc
:10cc1000ceef400f25200002251000022400bf8f18
:10cc20002000b28f1c00b18f1800b08f0800e00305
:04cc30002800bd27f4
:020000040000fa
:020000041d03da
:10cc3400e8ffbd271400bfaf1000b0af7c82838f24
:10cc44000d006014251000002580800000100624cb
:10cc5400252800000180043cb02d410f1cb1842420
:10cc64000100022408000256020002247c8282afe2
:10cc74000180023c1cb142241400bf8f1000b08f0d
:10cc84000800e0031800bd270f0002160200032469
:10cc94007882848ff8ff8314251000002a27410f1f
:10cca4000180103c0110452c001003240b18450092
:10ccb400252860001aed400f1cb10426788280af4d
:10ccc400edff00101cb102260180023ceaff0010b7
:04ccd4001cb1422429
:020000040000fa
:020000041d03da
:10ccd800e0ffbd271800b2af1400b1af1c00bfaf12
:10cce8001000b0af2590a000140080140180113c02
:10ccf80008e3308e0b0000121c00bf8f25200002b5
:10cd08000adc400f2528400221800202000002822e
:10cd18000c0040542528400208e320ae258000007e
:10cd28001c00bf8f251000021800b28f1400b18fad
:10cd38001000b08f0800e0032000bd27efff0010af
:10cd480025808000d4db400f25200002211002023c
:10cd5800000043800500601008e322ae0100432470
:10cd680008e323aeeeff0010000040a0ecff001027
:04cd780008e320aefe
:020000040000fa
:020000041d03da
:10cd7c00756c033cc8ffbd27286e63241800a3af55
:10cd8c006c2903242800b2af2000b0af3400bfaf31
:10cd9c003000b4af2c00b3af2400b1af25908000ad
:10cdac002510e0001c00a3a71e00a0a30200c010c9
:10cdbc001800b0272580c0000400b18c0800b38c8b
:10cdcc00030040140000b48c392b410f25200002c5
:10cddc00020020062b1822020b1023021000b4af05
:10cdec0025386002252800022520400279ce400f0c
:10cdfc00253040003400bf8f3000b48f2c00b38f2f
:10ce0c002800b28f2400b18f2000b08f0800e003ff
:04ce1c003800bd27f6
:020000040000fa
:020000041d03da
:10ce20000080033cd065632423008314faff0224ae
:10ce30002100801000000000e8ffbd271400bfaff4
:10ce40001000b0af2580a00025386000049d063c8e
:10ce5000e466c62425280000c99b400f25206000f9
:10ce600008000012252800021000038e090060103f
:10ce7000f5ff0224251000020000428c0900401436
:10ce8000252800020080043ced97400fd0658424e3
:10ce9000010002241400bf8f1000b08f0800e003cf
:10cea0001800bd271000438cf4ff60540000428c32
:10ceb000f8ff0010f5ff02240800e0030000000066
:020000040000fa
:020000041d03da
:10cec0000800a28c240040102530a000e0ffbd2700
:10ced0001c00bfaf1800b1af1400b0af25808000b8
:10cee0005000918c0400438c01000424c4ff837c17
:10cef000040043ac0c00a28c0400438c84f7837cb8
:10cf0000040043ac253800001401058e4aa4400fec
:10cf100025200002e235410f2520200207004014a1
:10cf2000000000001401028e0800458c0400a524b6
:10cf300000e0a57c8733410f252020026234410f99
:10cf4000252020021c00bf8f1800b18f1400b08f65
:10cf50000800e0032000bd270800e00300000000f7
:020000040000fa
:020000041d03da
:10cf6000e0ffbd271c00bfaf1800b2af1400b1af87
:10cf70001000b0af0800928c0180023cecdb422430
:10cf8000261042020b9002002800828c09004014f7
:10cf900000000000361c410f252800001c00bf8f38
:10cfa0001800b28f1400b18f1000b08f0800e0039a
:10cfb0002000bd275122410f258880007020410f9d
:10cfc000258040002000438e0000638c02800372a5
:10cfd000e70310266210033cd34d632419000302bb
:10cfe0001080000082811000211002022c0022ae6d
:10cff000020002241a0022a6e8ff00101c0020a64e
:020000040000fa
:020000041d03da
:10d000001800801000000000d8ffbd272400bfaf2b
:10d010002000b3af1c00b2af1800b1af1400b0af26
:10d02000259080001400a0102588a0000100522641
:10d0300001003126ffff33823032410fffff44826f
:10d04000258040003032410f252060020b00005245
:10d0500023100202f5ff0212231002020800001042
:10d060002400bf8f0c00a010251000000000a2803b
:10d070000800e00323100200000082802400bf8f1c
:10d080002000b38f1c00b28f1800b18f1400b08f36
:10d090000800e0032800bd270800e00300000000ae
:020000040000fa
:020000041d03da
:10d0a0002500c01025100000e0ffbd271c00bfaf09
:10d0b0001800b1af1400b0af2588c000de2c410fbe
:10d0c0002580a0000d004014252040002510000000
:10d0d0001c00bf8f1800b18f1400b08f0800e00350
:10d0e0002000bd27faffc314251000000000228e87
:10d0f0003c0082acf6ff0010010002247100469053
:10d10000ff001032f2ffd01425100000700085904f
:10d11000fdffa324ff0063300300632cedff6014c8
:10d120001c00bf8f08000224eeffa214010003249c
:10d13000e7ff0010251000000800e00300000000d9
:020000040000fa
:020000041d03da
:10d14000e0ffbd271c00bfaf1800b1af1400b0afa7
:10d15000b600410f25808000170040140000000039
:10d160001c07410f252000022588400003000224ef
:10d170000c00221601000224ac0002964408027c36
:10d18000ac0002a6ba26410f25200002251020027d
:10d190001c00bf8f1800b18f1400b08f0800e0038f
:10d1a0002000bd27a00002ae861f410f25200002ef
:10d1b000f6ff0010ffff11243f28410f2520000239
:10d1c000f2ff40100100112402000224a00002ae70
:10d1d000861f410f25200002ecff0010ffff1124e5
:020000040000fa
:020000041d03da
:10d1e000e0ffbd271c00bfaf1800b1af1400b0af07
:10d1f0000d0082901c004010258800000c008290d9
:10d20000ff004230fdff4010258080002588a000ef
:10d210000c008290ff0042300a00401025282002b6
:10d220000d32410f000000000c000392ffff632449
:10d23000ff0063300c0003a21432410f2520400090
:10d240002528200219f8400f252000020d32410f39
:10d25000258840000c000392010063240c0003a207
:10d260001432410f25204000251020021c00bf8fe2
:10d270001800b18f1400b08f0800e0032000bd2714
:020000040000fa
:020000041d03da
:10d28000e0ffbd271c00bfaf1800b1afffff91301a
:10d290000c0020161400b0af0180023cd0c942241b
:10d2a00018005094080042942580020225100002c4
:10d2b0001c00bf8f1800b18f1400b08f0800e0036e
:10d2c0002000bd270d32410f000000000180033c0b
:10d2d000d0c96324180070940800659402002332ba
:10d2e000040060100180043c2518a0004408037c61
:10d2f000d8c983a401003132040020120180043c0b
:10d30000251800020400037ce8c983a425800502d7
:10d310001432410f25204000e5ff001025100002c7
:020000040000fa
:020000041d03da
:10d32000e0ffbd271c00bfaf1800b1af1400b0afc5
:10d33000258080002588c0002000a38c080063346d
:10d340002000a3ac2800a4ac0180043c612a410f5a
:10d3500068da8424160020121c00bf8f0d32410fa2
:10d36000000000005a000396100063345a0003a620
:10d370006c81838f010063246c8183af0180033c47
:10d38000d0c963241800649401008434180064a494
:10d390001432410f252040002530000001000524f3
:10d3a0000180043c5523410fe0c984241c00bf8f39
:10d3b0001800b18f1400b08f0800e0032000bd27d3
:020000040000fa
:020000041d03da
:10d3c0001300c0101000828c2300401000000000e9
:10d3d0001c00848c0800438c2b3083001c00c0543c
:10d3e0000000428c0e004694211866002b30640029
:10d3f0001700c0540000428c2b20a40003008014ae
:10d400002b18650014006010000000000000428c22
:10d4100011004010000000000800438c2b20a300e6
:10d42000070080540000428c0e00449421186400d0
:10d430002b18650008006010000000000000428cfe
:10d44000f6ff40540800438c0800e0030000000091
:10d45000e1ff40540800438c0800e0030000000096
:020000040000fa
:020000041d03da
:10d46000e8ffbd271400bfaf1000b0af0e21410f81
:10d4700025808000170040101400bf8f0800028e26
:10d480001000438c01006230150040100800643029
:10d4900007008010251000004000627c401302004d
:10d4a0000400633025204000001042340a1083003d
:10d4b0003400039624104300220002a63c0000ae74
:10d4c000040002241a0002a6030002241c0002a683
:10d4d0001400bf8f1000b08f0800e0031800bd27b4
:10d4e000f3ff8010251000000200633000200224aa
:0cd4f00000100424eeff00100a1083005e
:020000040000fa
:020000041d03da
:10d4fc00e0ffbd271c00bfaf1800b2af1400b1afe6
:10d50c001000b0af1900a0102580c0002588a00025
:10d51c00bcfc400f0100052415004050ffff022405
:10d52c0018000016080051ac0400528c0800401280
:10d53c00258020020d32410f0000000000004392b4
:10d54c0001006324000043a21432410f2520400047
:10d55c00251000021c00bf8f1800b28f1400b18f71
:10d56c001000b08f0800e0032000bd27fdff02244f
:10d57c00f8ff005225100002000002aef4ff00106c
:0cd58c0025800000e8ff0010000000ae49
:020000040000fa
:020000041d03da
:10d59800ffff032423008310251000000180023cb4
:10d5a800d0dd42240800438c1e00601025100000c6
:10d5b800e8ffbd271400bfaf00a0053c35f7400fba
:10d5c800945da524140040101200042400a0023c1d
:10d5d800975d42900400441001000324180042386b
:10d5e800980004240b1882000180023cd0dd4224fc
:10d5f800240043a0080040ac07000324e119410fb0
:10d60800040043ac040040140180033cd0dd6324d3
:10d6180002000424080064ac1400bf8f0800e00373
:0cd628001800bd270800e003000000000f
:020000040000fa
:020000041d03da
:10d63400e0ffbd271c00bfaf1800b1af1400b0afae
:10d64400258880001800908c1400828c23800202ac
:10d65400e824410fffff103223100202ffff433082
:10d664001100031201000624620024962b28830073
:10d674001100a0102510000042801000231864003f
:10d6840068002296ffff44302b20040201008054de
:10d6940025100002ffff42302a18430006006010e4
:10d6a4002510000001000624100005240820400f66
:10d6b40025202002010002241c00bf8f1800b18f16
:0cd6c4001400b08f0800e0032000bd2718
:020000040000fa
:020000041d03da
:10d6d0000180023c24de428c220040180000000041
:10d6e000e8ffbd271400bfaf1000b0af1600859053
:10d6f000040003241400a314ffff42240180023c11
:10d7000028de42900c0040100180023c1cde508c50
:10d71000ff33410f1000848c0019020023106200b7
:10d720008010020021200202040080101400bf8f2c
:10d73000ce1c410f000000001400bf8f1000b08ffe
:10d740000800e0031800bd270180033cfaff4014e5
:10d7500024de62ac2ac1400f00000000f7ff001079
:0cd760001400bf8f0800e0030000000070
:020000040000fa
:020000041d03da
:10d76c00e0ffbd271c00bfaf1800b1af1400b0af75
:10d77c00b600410f25808000160040140000000008
:10d78c001c07410f252000022588400003000224bd
:10d79c000a0022160a000224080002ae7421410f6e
:10d7ac0025200002251020021c00bf8f1800b18f0d
:10d7bc001400b08f0800e0032000bd2701000224f4
:10d7cc00a00002ae861f410f25200002f5ff0010bd
:10d7dc00ffff11243f28410f25200002f1ff4010cc
:10d7ec000100112402000224a00002ae861f410f8a
:0cd7fc0025200002ebff0010ffff1124ad
:020000040000fa
:020000041d03da
:10d80800c8ffbd273400bfaf3000b1af2c00b0afa8
:10d818002580800040008294ff0043302000a3afa1
:10d82800021202001c00a2af2f0082901800a2afc3
:10d838002e0082901400a2af2d0082901000a2af9b
:10d848002c008790059d063c9cc3c62488008594bf
:10d85800d800410f6800848cffff4530c70a410f8c
:10d8680025200002070040142588400020000224db
:10d87800080002ae0180023c48e2458cf41c410fce
:10d8880025200002251020023400bf8f3000b18f00
:0cd898002c00b08f0800e0033800bd2712
:020000040000fa
:020000041d03da
:10d8a4002400801000100224d8ffbd272400bfaf3d
:10d8b4002000b4af1c00b3af1800b2af1400b1af76
:10d8c4001000b0af0180023ce8e154940d008012d6
:10d8d40000100224258080007481938f259000001d
:10d8e4004400718e0f002052010052260400258e40
:10d8f4004d2c410f252000020a004014010052263d
:10d90400000022962400bf8f2000b48f1c00b38f28
:10d914001800b28f1400b18f1000b08f0800e0031c
:10d924002800bd27eeff541670007326f5ff001083
:0cd93400001002240800e00300000000c6
:020000040000fa
:020000041d03da
:10d94000a8ffbd275400bfaf5000b1af4c00b0af2f
:10d950005800a4af2588a0002580c000020006243e
:10d960001000a5275e41400f5800a427170040145f
:10d970005400bf8f1000a28f1400a2af5800a58fd3
:10d980001a32400f1400a4270f0040144300a39341
:10d99000a00063300c006014060002243400a38f42
:10d9a0000b0062902688510024801102270010325b
:10d9b000268050000b0070a01000a48f01000224ec
:10d9c000ecd9400f040082a05400bf8f5000b18feb
:0cd9d0004c00b08f0800e0035800bd2799
:020000040000fa
:020000041d03da
:10d9dc000080033cd0656324200083142510800054
:10d9ec001f008010000000000300e0100000000089
:10d9fc00200002240000e2ac1900a0102510000049
:10da0c002000c62c1600c014000000000080023c50
:10da1c00d065422430004a8c3400498c3800488c44
:10da2c003c00478c4000468c4400448c4800438c9e
:10da3c004c00428c0000aaac0400a9ac0800a8acb5
:10da4c000c00a7ac1000a6ac1400a4ac1800a3ac3e
:10da5c001c00a2ac0800e0032000022425100000ea
:08da6c000800e00300000000c7
:020000040000fa
:020000041d03da
:10da7400e8ffbd271400bfaf1000b0af25808000c1
:10da84000400828c010004241d0044102518e000c9
:10da940002000424110044505400028e9000028eaf
:10daa4002000078e0220c270213887000100022462
:10dab400040002ae5400028e1000428c2530600037
:10dac40009f840004c00048e0800401002000324b2
:10dad40002000224040002ae5400028e2000428c94
:10dae40009f840004c00048e251840002510600001
:10daf4001400bf8f1000b08f0800e0031800bd278a
:08db0400ecff001025380000c1
:020000040000fa
:020000041d03da
:10db0c00496e76616c6964204d656d6f7279206425
:10db1c0072697665722068616e646c652e0a00000d
:10db2c004d656d6f727920447269766572204f7005
:10db3c00656e6564207769746820696e76616c69be
:10db4c006420696e74656e742e0a00004d656d6fed
:10db5c0072792044726976657220496e76616c69bf
:10db6c0064204275666665722e0a00004d656d6f05
:10db7c0072792044726976657220496e76616c699f
:10db8c006420426c6f636b20706172616d657465ab
:08db9c0072732e0a0000000064
:020000040000fa
:020000041d03da
:10dba400e0ffbd271c00bfaf1800b1af1400b0af39
:10dbb40019008010258800000800838c02000224cc
:10dbc4001b00621425888000020082940100423008
:10dbd400110040502588000000002292ff004230ce
:10dbe400fdff40100000000000008290ff00423062
:10dbf4000a004010251020020d32410f25808000bc
:10dc040000000392ffff6324ff006330000003a2bf
:10dc14001432410f25204000251020021c00bf8f24
:10dc24001800b18f1400b08f0800e0032000bd2756
:08dc3400f9ff00102588000033
:020000040000fa
:020000041d03da
:10dc3c00e0ffbd271c00bfaf1800b2af1400b1af9e
:10dc4c001000b0af258080002588a0002590c00072
:10dc5c00a000848c0f0082300100052404284500ac
:10dc6c005031410f02210400a80000ae7800038e51
:10dc7c00ffff02240e0062506800028e7c00038eaf
:10dc8c000a006210253040022528200220ee400fa9
:10dc9c00252000021c00bf8f1800b28f1400b18f1a
:10dcac001000b08f0800e0032000bd276800028e32
:10dcbc000400428c2528400209f84000252020024f
:08dccc00f5ff00101c00bf8fe2
:020000040000fa
:020000041d03da
:10dcd400ffff032422008310251000000180023c72
:10dce400d0dd42240800438c1d0060102510000084
:10dcf400e8ffbd271400bfaf0180043cd0dd8424bd
:10dd0400080080ac0a000224040082ac00a0023c9b
:10dd14009fff0324b45d43a0b45d42243c0082ac65
:10dd240001000224400082ac380085ac04000224c7
:10dd3400440082ac0180053c6510410f08dea52437
:10dd44000180023cd0dd42240800438cfeff6010b9
:10dd54001400bf8f010002240800e0031800bd274f
:08dd64000800e00300000000cc
:020000040000fa
:020000041d03da
:10dd6c000180023cd0dd439021006014ffff0224af
:10dd7c00e0ffbd271c00bfaf1800b2af1400b1af5d
:10dd8c001000b0af258880000180023cd0dd50240b
:10dd9c000c0000ae01000324d0dd43a0140000ae43
:10ddac000400a28c280002aef529410f25200002a8
:10ddbc002800048e0f008530010012240428b200c4
:10ddcc005031410f02210400080012ae020002245f
:10dddc000c0002ae251020021c00bf8f1800b28f61
:10ddec001400b18f1000b08f0800e0032000bd2795
:08ddfc000800e0030000000034
:020000040000fa
:020000041d03da
:10de04002300a010fbff02240000a38c200060105c
:10de1400000000001e00c01000000000d8ffbd2755
:10de24002400bfaf2000b2af1c00b1af1800b0afe8
:10de34002590e0002588c000a92a410f2580a00074
:10de4400252040000c008010faff02244200829436
:10de540000104230030040100010433206006010ee
:10de6400f8ff02241000a0af25384002253020021c
:10de740082a3400f252800022400bf8f2000b28f08
:10de84001c00b18f1800b08f0800e0032800bd27e4
:08de94000800e003000000009b
:020000040000fa
:020000041d03da
:10de9c00e0ffbd271c00bfaf1800b1af1400b0af3e
:10deac00b600410f258080001500401400000000d2
:10debc001c07410f25200002258840000300022486
:10decc000a00225601000224080002ae1523410f5d
:10dedc0025200002251020021c00bf8f1800b18fd6
:10deec001400b08f0800e0032000bd27a00002ae94
:10defc0012e9400f25200002f6ff0010ffff11244d
:10df0c003f28410f25200002f2ff40100100112490
:10df1c0002000224a00002ae12e9400f25200002ec
:08df2c00ecff0010ffff1124bf
:020000040000fa
:020000041d03da
:10df3400d0ffbd272c00bfaf2800b1af2400b0af85
:10df44001081908f19000012251000021c0080100f
:10df54002588a0001000a0af1800a0af1400a4af43
:10df64001800a5a30c0007241000a62725280002ea
:10df74000180043c9807410f50e284240a004010b9
:10df840025804000080020120180113c010b410f44
:10df940050e22426fc80828f01004224fc8082af60
:10dfa400f91a410f50e22426251000022c00bf8fdd
:10dfb4002800b18f2400b08f0800e0033000bd2793
:08dfc400f9ff001025800000a8
:020000040000fa
:020000041d03da
:10dfcc00e8ffbd271400bfaf1000b0af2580800064
:10dfdc005e0085a4010002240800c0105c0082a42d
:10dfec005400829440100200ffff42304100432c49
:10dffc001700605040000224540082a4600002927a
:10e00c00200042300a0040100100032460000292fc
:10e01c004429627c600002a22000028e060040545b
:10e02c00600002921a36410f00000000200002ae80
:10e03c006000029201000324c439627c600002a2d9
:10e04c001400bf8f1000b08f0800e0031800bd272c
:08e05c00eaff0010540082a449
:020000040000fa
:020000041d03da
:10e064000000828c0b00451400000000e8ffbd276f
:10e074001400bfaf1000b0af7e25410f2580a00073
:10e08400251000021400bf8f1000b08f0800e003b9
:10e094001800bd2716004010000000000000438c4b
:10e0a4000f00a314000000000000a38c000043ac88
:10e0b4000400838c01006550040082ac0800828c4b
:10e0c400ffff4224080082ac0800e0032510a000f2
:10e0d4000000628cf4ff45502510600025184000b4
:10e0e400fbff6014251060000800e003000000003e
:08e0f4000800e0030000000039
:020000040000fa
:020000041d03da
:10e0fc00e0ffbd271c00bfaf1800b1af1400b0afdc
:10e10c000d0082901a004010258800000c008290af
:10e11c00ff004230fdff4010258080000c008290f3
:10e12c00ff00423009004010000000000d32410f8a
:10e13c00000000000c000392ffff6324ff0063301b
:10e14c000c0003a21432410f252040007e25410f04
:10e15c00252000020d32410f258840000c0003924f
:10e16c00010063240c0003a21432410f252040004f
:10e17c00251020021c00bf8f1800b18f1400b08f27
:08e18c000800e0032000bd279c
:020000040000fa
:020000041d03da
:10e19400e8ffbd271400bfaf422d410f1000b0af00
:10e1a400258040001c00001225100000bc818293d1
:10e1b400ff004230fdff401000000000bc8182934c
:10e1c400ff0042300a004010000000000d32410ff1
:10e1d40000000000bc81842700008390ffff6324bb
:10e1e400ff006330000083a01432410f252040005b
:10e1f4001c0d410f252000020d32410f00000000cc
:10e20400bc81839301006324bc8183a31432410f36
:10e2140025204000010002241400bf8f1000b08f9d
:08e224000800e0031800bd270b
:020000040000fa
:020000041d03da
:10e22c002300c01025100000e0ffbd271c00bfaf6d
:10e23c001800b1af1400b0af2588c000422d410fbb
:10e24c002580a00014004014251840002510000063
:10e25c001c00bf8f1800b18f1400b08f0800e003b2
:10e26c002000bd27faff8514251000003c00648cab
:10e27c0003008430f6ff8014010004240000228e79
:10e28c00140062ac3c00628c0442827c3c0062aca8
:10e29c00efff0010010002245c004490ff001032dc
:10e2ac00f0ff901001000524e9ff0010251000007c
:08e2bc000800e003000000006f
:020000040000fa
:020000041d03da
:10e2c400e0ffbd271c00bfaf1800b1af1400b0af12
:10e2d400258080002588a0001100801009000224f8
:10e2e4000000828c140040502580400000004390c0
:10e2f400130060500900022404008494060043942f
:10e3040011008354090002243036410f0100449067
:10e31400010042300e004054090002240000108e17
:10e32400000030ae1c00bf8f1800b18f1400b08ff6
:10e334000800e0032000bd27f9ff001009000224b3
:10e34400f7ff001025800000f5ff00102580000075
:08e35400f3ff0010258000001a
:020000040000fa
:020000041d03da
:10e35c00e0ffbd271c00bfaf1800b1af1400b0af79
:10e36c007c82868f010002241900c214251800003b
:10e37c002588a0007331410f2580800014004014c3
:10e38c0025180000db28410f000000002b10500066
:10e39c000f00401425180000252800020180043cc1
:10e3ac0073ab400f1cb184240900501425180000d5
:10e3bc007020410f00000000708282af6c8291af20
:10e3cc007c8280af01000224788282af010003249a
:10e3dc00251060001c00bf8f1800b18f1400b08f87
:08e3ec000800e0032000bd273a
:020000040000fa
:020000041d03da
:10e3f40081bf023c00800334081043ac0180023c1e
:10e404006cdb4224010004240180033cecdb632424
:10e41400000040a0080040ac0c0040ac040044ac38
:10e4240010004224faff43140000000081bf023ca4
:10e4340000800334001043ac81bf023c601040ac48
:10e4440081bf023c10900334701043ac0b00023cbb
:10e4540081bf033c801062ac81bf033c201160acdf
:10e4640081bf033c108f0434301164ac81bf033c82
:10e47400401162ac81bf023cc0000324080143acdc
:08e484000800e00300000000a5
:020000040000fa
:020000041d03da
:10e48c00d8ffbd272400bfaf2000b3af1c00b2af34
:10e49c001800b1af1400b0af258080002598a00003
:10e4ac002588c0000200a230090040102590e00031
:10e4bc002530e00025282002cc0b410f1001848c64
:10e4cc002530400225282002cc0b410f1401048e6c
:10e4dc00010073320800601225304002252820020a
:10e4ec00cc0b410f1801048e253040022528200248
:10e4fc00cc0b410f1c01048e2400bf8f2000b38f66
:10e50c001c00b28f1800b18f1400b08f0800e0030c
:04e51c002800bd27ef
:020000040000fa
:020000041d03da
:10e52000ffff8324feff632c2000601025100000f5
:10e53000003a837c1d006014ff0083300180023ca0
:10e54000fcd5458c2b2865001800a0102510000074
:10e550008010030021104300801002000180033c62
:10e56000f4d5638c211043001000438c0c0064141c
:10e5700000000000020043900b0060100180033c8b
:10e580000000449400220400ecd5632421186400a8
:10e590000400638c020063380800e0030b100300e2
:10e5a0000800e00325100000251000000800e0032b
:04e5b0000000000067
:020000040000fa
:020000041d03da
:10e5b400e8ffbd271400bfaf1000b0af48f9400f0b
:10e5c4002580a000251840001a006010ffff0224d7
:10e5d400ffff042417000412ff00053200006494b6
:10e5e4000180023c001a0400ecd5422421104300af
:10e5f4005c00438c2b18a3000e006010ffff022464
:10e60400002204000180023cecd542242120820037
:10e614008018050021186500c01803006000828c72
:10e62400211862000c00648c020090142510000074
:10e634000800628c1400bf8f1000b08f0800e00344
:04e644001800bd27d6
:020000040000fa
:020000041d03da
:10e64800b8ffbd274400bfaf4000b1af3c00b0af3a
:10e6580025808000000080ac8e80829316004014d4
:10e668002588a000059d063cf8b8c6242800052486
:10e67800d800410f1000a42725380000ffff4630be
:10e688001000a52745fe400f252000020400401475
:10e698000c00032401000224000022a20b00032422
:10e6a800251060004400bf8f4000b18f3c00b08f40
:10e6b8000800e0034800bd27059d063c18b9c6249c
:10e6c80028000524d800410f1000a427ebff0010f4
:04e6d80025380000e1
:020000040000fa
:020000041d03da
:10e6dc00d0ffbd272c00bfaf2800b2af2400b1afd4
:10e6ec002000b0af8e80829317004014259000005c
:10e6fc002538a00025888000059d063c18d8c62426
:10e70c000b000524d800410f1000a42725804000e1
:10e71c00ffff52302e0e0724059d063cc4bcc624b8
:10e72c00059d053c2ca0a524d1fe400f0b00442eca
:10e73c0005002012ffff1032253000021000a52723
:10e74c00422c410f23203002251040022c00bf8f99
:10e75c002800b28f2400b18f2000b08f0800e00396
:04e76c003000bd2795
:020000040000fa
:020000041d03da
:10e77000e0ffbd271c00bfaf1800b1af1400b0af61
:10e78000b600410f258080001400401400000000f6
:10e790001c07410f252000022588400003000224a9
:10e7a0000900221601000224ba26410f252000028a
:10e7b000251020021c00bf8f1800b18f1400b08fed
:10e7c0000800e0032000bd27a00002ae861f410f15
:10e7d00025200002f6ff0010ffff11243f28410f03
:10e7e00025200002f2ff4010010011240200022443
:10e7f000a00002ae861f410f25200002ecff001092
:04e80000ffff1124e1
:020000040000fa
:020000041d03da
:10e80400e0ffbd271c00bfaf1800b1af1400b0afcc
:10e81400b600410f25808000140040140000000061
:10e824001c07410f25200002258840000300022414
:10e834000900221601000224ba26410f25200002f5
:10e84400251020021c00bf8f1800b18f1400b08f58
:10e854000800e0032000bd27a00002ae861f410f80
:10e8640025200002f6ff0010ffff11243f28410f6e
:10e8740025200002f2ff40100100112402000224ae
:10e88400a00002ae861f410f25200002ecff0010fd
:04e89400ffff11244d
:020000040000fa
:020000041d03da
:10e89800e0ffbd271c00bfaf1800b1af1400b0af38
:10e8a800b600410f258080001400401400000000cd
:10e8b8001c07410f25200002258840000300022480
:10e8c8000900221601000224ba26410f2520000261
:10e8d800251020021c00bf8f1800b18f1400b08fc4
:10e8e8000800e0032000bd27a00002ae861f410fec
:10e8f80025200002f6ff0010ffff11243f28410fda
:10e9080025200002f2ff4010010011240200022419
:10e91800a00002ae861f410f25200002ecff001068
:04e92800ffff1124b8
:020000040000fa
:020000041d03da
:10e92c00e0ffbd271c00bfaf1800b1af1400b0afa3
:10e93c00b600410f25808000140040140000000038
:10e94c001c07410f252000022588400003000224eb
:10e95c000900221601000224ba26410f25200002cc
:10e96c00251020021c00bf8f1800b18f1400b08f2f
:10e97c000800e0032000bd27a00002ae861f410f57
:10e98c0025200002f6ff0010ffff11243f28410f45
:10e99c0025200002f2ff4010010011240200022485
:10e9ac00a00002ae861f410f25200002ecff0010d4
:04e9bc00ffff112424
:020000040000fa
:020000041d03da
:10e9c000e0ffbd271c00bfaf1800b1af1400b0af0f
:10e9d000b600410f258080001400401400000000a4
:10e9e0001c07410f25200002258840000300022457
:10e9f0000900221601000224ba26410f2520000238
:10ea0000251020021c00bf8f1800b18f1400b08f9a
:10ea10000800e0032000bd27a00002ae861f410fc2
:10ea200025200002f6ff0010ffff11243f28410fb0
:10ea300025200002f2ff40100100112402000224f0
:10ea4000a00002ae861f410f25200002ecff00103f
:04ea5000ffff11248f
:020000040000fa
:020000041d03da
:10ea5400e0ffbd271c00bfaf1800b1af1400b0af7a
:10ea6400b600410f2580800014004014000000000f
:10ea74001c07410f252000022588400003000224c2
:10ea84000900221601000224ba26410f25200002a3
:10ea9400251020021c00bf8f1800b18f1400b08f06
:10eaa4000800e0032000bd27a00002ae861f410f2e
:10eab40025200002f6ff0010ffff11243f28410f1c
:10eac40025200002f2ff401001001124020002245c
:10ead400a00002ae861f410f25200002ecff0010ab
:04eae400ffff1124fb
:020000040000fa
:020000041d03da
:10eae800e0ffbd271c00bfaf1800b1af1400b0afe6
:10eaf800b600410f2580800014004014000000007b
:10eb08001c07410f2520000225884000030002242d
:10eb18000900221601000224ba26410f252000020e
:10eb2800251020021c00bf8f1800b18f1400b08f71
:10eb38000800e0032000bd27a00002ae861f410f99
:10eb480025200002f6ff0010ffff11243f28410f87
:10eb580025200002f2ff40100100112402000224c7
:10eb6800a00002ae861f410f25200002ecff001016
:04eb7800ffff112466
:020000040000fa
:020000041d03da
:10eb7c00e0ffbd271c00bfaf1800b1af1400b0af51
:10eb8c00b600410f258080001400401400000000e6
:10eb9c001c07410f25200002258840000300022499
:10ebac000900221601000224ba26410f252000027a
:10ebbc00251020021c00bf8f1800b18f1400b08fdd
:10ebcc000800e0032000bd27a00002ae861f410f05
:10ebdc0025200002f6ff0010ffff11243f28410ff3
:10ebec0025200002f2ff4010010011240200022433
:10ebfc00a00002ae861f410f25200002ecff001082
:04ec0c00ffff1124d1
:020000040000fa
:020000041d03da
:10ec1000e0ffbd271c00bfaf1800b1af1400b0afbc
:10ec20000f0005248523410f240004241800401000
:10ec30000180023cc4e2448c15008010049d113c0c
:10ec40000000908c408c3126ae0082900c00401069
:10ec5000000000000800828c801002000a10227e52
:10ec600009f8400000000000ffff032404004314e3
:10ec7000059d053ce8d3a524c60f410f25200000c3
:10ec80000300001225200002efff00100000108e8c
:10ec90001c00bf8f1800b18f1400b08f0800e00374
:04eca0002000bd276c
:020000040000fa
:020000041d03da
:10eca400e0ffbd271c00bfaf1800b1af1400b0af28
:10ecb4000200822c19004014258000002588a00041
:10ecc4002580c000ffff8430001104000180043c53
:10ecd400d0c9842421208200080082942510a20037
:10ece400080082a45523410f253000000001223280
:10ecf400030040105081828f01004224508182af72
:10ed04000600001625300000252820020180043c5e
:10ed14005523410fe0c9842401001024251000026a
:10ed24001c00bf8f1800b18f1400b08f0800e003df
:04ed34002000bd27d7
:020000040000fa
:020000041d03da
:10ed3800e0ffbd271c00bfaf1800b1af1400b0af93
:10ed4800258080002c00848c040080102588a00079
:10ed580009000624b012410f0200052414002012f5
:10ed68002c0011ae1c00238e1000228e300002ae43
:10ed78000c004294f8ff4224340002a60400629476
:10ed8800360002a61c00228e08004224380002ae7b
:10ed980025282002d4c8400f252000021c00bf8f60
:10eda8001800b18f1400b08f0800e0032000bd27c1
:10edb800300000ae340000a6360000a6f4ff0010b4
:04edc800380000ae61
:020000040000fa
:020000041d03da
:10edcc00e8ffbd271400bfaf422d410f1000b0afbc
:10eddc001b00401025180000258040005c0044906a
:10edec000100022417008214251060000c00028e12
:10edfc0006004010010006242000428c080042301e
:10ee0c00080040503c00028e0c0000ae01000524ae
:10ee1c0039cd400f252000020900401025180000b4
:10ee2c003c00028e0002423005004014c005032451
:10ee3c000400038e0800028e23186200ffff63306b
:10ee4c00251060001400bf8f1000b08f0800e00385
:04ee5c001800bd27b6
:020000040000fa
:020000041d03da
:10ee600000a0023cac02438c20006410010002248c
:10ee7000e8ffbd271400bfaf1000b0af25808000b1
:10ee800000a0023ca20245940400a324ffff8430aa
:10ee900000a0023c00210400285942242110440013
:10eea0000400428c402802002128a200802805008e
:10eeb0002328a2002128a30000a0073c285de72406
:10eec0001600062440280500f5b4400f003c047edf
:10eed0000200401000a0033cac0270ac1400bf8fd5
:10eee0001000b08f0800e0031800bd270800e00301
:04eef000000000001e
:020000040000fa
:020000041d03da
:10eef4002200a010130002240000a390d0ff63247a
:10ef0400ff006330401003002c8283278a19627c3f
:10ef14000300652c1900a0101300022400a0023c79
:10ef2400a00245901500a3141300022400a0023c83
:10ef3400b002468cff0005241000c514070002240b
:10ef440014828293002e0200001c03002518a300e3
:10ef540000a0053cb002a3ac01004224ff004230f3
:10ef6400ff0045380a100500148282a3000083ac18
:10ef740000a0023ca80240ac251000000800e003f9
:04ef84000000000089
:020000040000fa
:020000041d03da
:10ef88000180023c1cdf438c20006010251000002b
:10ef98000d0064501c00828c1c00628c1b004050c9
:10efa80025100000fcff8254251840001c00828cac
:10efb80007004014000000001c00828c1c0062ac9a
:10efc8001000001025100000060040102518000051
:10efd8000c00868c0c00458c2128a6000c0045ac42
:10efe80025106000f4ff4014251840000180023c01
:10eff800e8de42243400438c1c00638c340043acac
:10f00800010002240800e0031c0080ac0800e003b3
:04f0180000000000f4
:020000040000fa
:020000041d03da
:10f01c00e8ffbd271000b0af1400bfaf48008280de
:10f02c00ffff432425104300480082a01800838c66
:10f03c001400828c2b10620005004010258080008b
:10f04c002c00828c2530000009f840002528000097
:10f05c000400028e280000ae180000ae02004330ff
:10f06c0008006010140000ae10004234040002ae20
:10f07c00ffff02241400bf8f1000b08f0800e003c4
:10f08c001800bd270800038e0c00048ec000427cc3
:10f09c002310020021186400400003aef5ff00109d
:04f0ac003c0003ae73
:020000040000fa
:020000041d03da
:10f0b000e0ffbd271c00bfaf1800b1af1400b0af18
:10f0c000258080004800918c1c00228e09f84000a9
:10f0d0001800848c01000324090043101c00bf8f1a
:10f0e0002000228e09f840001800048e08004050cd
:10f0f0003c00228e3424410f252000021c00bf8fcb
:10f100001800b18f1400b08f0800e0032000bd2765
:10f110008c0006262528000009f840001800048eff
:10f1200005004104040002243424410f252000027c
:10f13000f3ff00101c00bf8ff0ff0010980002ae1c
:020000040000fa
:020000041d03da
:10f14000e0ffbd271c00bfaf1800b1af1400b0af87
:10f15000258080004800918c1c00228e09f8400018
:10f160001800848c01000324090043101c00bf8f89
:10f170002000228e09f840001800048e080040503c
:10f180008c00028e3424410f252000021c00bf8f0a
:10f190001800b18f1400b08f0800e0032000bd27d5
:10f1a00001004230050040542000028e3424410ffb
:10f1b00025200002f6ff00101c00bf8f0001427cda
:10f1c000020003240b180200f0ff0010980003aea9
:020000040000fa
:020000041d03da
:10f1d000e8ffbd271400bfaf1000b0af0100a5309d
:10f1e0000b00a0105000908c5e34410f25200002cf
:10f1f0005435410f25200002fdff4014000000009f
:10f200005735410f25200002fdff4014000000008b
:10f210005e34410f252000026634410f2520000294
:10f220004e34410f252000025234410f25200002a8
:10f230005634410f252000025135410f2520000290
:10f24000fdff4014ef6305246335410f25200002c4
:10f250001400bf8f1000b08f0800e0031800bd2716
:020000040000fa
:020000041d03da
:10f26000e8ffbd271400bfaf1000b0af0e21410f63
:10f2700025808000140040101400bf8f34000396d6
:10f2800004006230050040542800048e20000296dd
:10f2900010004014010005242800048e0600801090
:10f2a0008000627c10006330252840000400423456
:10f2b0000a10a300000082ac25280000361c410f74
:10f2c000252000021400bf8f1000b08f0800e0035b
:10f2d0001800bd279d11410f25200002f9ff4010a5
:10f2e000020002241a0002a6f6ff00101c0000a66d
:020000040000fa
:020000041d03da
:10f2f000e8ffbd271400bfaf1000b0af0d008010b5
:10f3000025800000000082941900401025808000b4
:10f310000c00838c02000224060062542580000049
:10f320000900a0500400828ce9f6400f0400848c90
:10f330000a800200251000021400bf8f1000b08f59
:10f340000800e0031800bd27faff40502580400068
:10f350000800448c02000324f6ff8354258000003b
:10f360000200429401004230f2ff00100a800200c5
:10f37000f0ff001025800000eeff00102580400007
:020000040000fa
:020000041d03da
:10f38000e0ffbd271c00bfaf1800b2af1400b1af43
:10f390001000b0af8e8082931100401425900000c1
:10f3a000010002241500a210020002241600a2107f
:10f3b000059d103c059d103c90d3102625888000ab
:10f3c000392b410f2520000205002012ffff52308b
:10f3d0002530400025280002422c410f2520200224
:10f3e000251040021c00bf8f1800b28f1400b18f8f
:10f3f0001000b08f0800e0032000bd27059d103ce1
:10f40000eeff001018b91026ecff001088d310266c
:020000040000fa
:020000041d03da
:10f41000e8ffbd271400bfaf1000b0afe480828fbb
:10f420000f004010d480828f0d0040102580000016
:10f4300080201000e480828f0a20447c030080102a
:10f440002530000047d9400f020005240100102696
:10f45000d480828f2b100202f6ff4014802010000f
:10f46000d880848f0c00828c09f84000e480858f5e
:10f47000e48080afd48080afd080848f050080107e
:10f480001400bf8fb52a410f00000000d08080af6c
:10f490001400bf8f1000b08f0800e0031800bd27d4
:020000040000fa
:020000041d03da
:10f4a0000d0082902000401000000000e0ffbd270a
:10f4b0001c00bfaf1800b1af1400b0af0c008290b9
:10f4c000ff004230fdff4010258080000c0082903c
:10f4d000ff0042300a004010258800020d32410f23
:10f4e000000000000c000392ffff6324ff00633064
:10f4f0000c0003a21432410f252040002588000291
:10f500007e25410f25202002fdff40140000000051
:10f510000d0000a21c00bf8f1800b18f1400b08f27
:10f520000800e0032000bd270800e0030000000001
:020000040000fa
:020000041d03da
:10f53000e8ffbd271400bfaf0180023cc0e0448c4f
:10f54000060080100180023c5125410f00000000a0
:10f550000180023cc0e040ac0180023cb8e0448c39
:10f56000060080100180023cb52a410f0000000017
:10f570000180023cb8e040ac0180023ca0e0448441
:10f58000ffff0224070082100180023c65f8400f53
:10f59000000000000180023cffff0324a0e043a420
:10f5a0000180023ca0e042240c0040ac100040acc2
:10f5b000040040a41400bf8f0800e0031800bd271a
:020000040000fa
:020000041d03da
:10f5c000e0ffbd271c00bfaf1800b2af1400b1af01
:10f5d0001000b0af2588a000422d410f2590c0003b
:10f5e0002580400012000012251000009a28410fcb
:10f5f000252000020f0040101c00bf8f0200405267
:10f600000000058e0800058e2128b1000000038e41
:10f610002b18a30006006054251000000400038e80
:10f620002b1865000200605425100000080005ae8c
:10f630001c00bf8f1800b28f1400b18f1000b08f64
:10f640000800e0032000bd27f9ff0010251000008e
:020000040000fa
:020000041d03da
:10f65000b0ffbd274c00bfaf4800b0af5000a4af13
:10f660002580a000020006241000a5275e41400f5f
:10f670005000a427170040144c00bf8f1000a28f29
:10f680001400a2af5000a58f1a32400f1400a42717
:10f690000f0040144300a393a00063300c006014db
:10f6a00006000224040002960014020006000596db
:10f6b000252845003400a48fd92f410f160084243b
:10f6c0001000a48f01000224ecd9400f040082a096
:10f6d0004c00bf8f4800b08f0800e0035000bd27ea
:020000040000fa
:020000041d03da
:10f6e0000400828ce0ffbd271c00bfaf0001473043
:10f6f0001800b1af1700e0101400b0af1000828cfa
:10f700002518c0002b88c2000a1851000c00601098
:10f7100025886000258080001400848c422c410fd5
:10f72000253060001400028e1000038e211051005d
:10f7300023887100140002ae100011ae000040a03a
:10f740001c00bf8f1800b18f1400b08f0800e003b9
:10f750002000bd2710004230faff40541c00bf8f2c
:10f760001c29410f00000000f6ff00101c00bf8f95
:020000040000fa
:020000041d03da
:10f770000080033cd06563241e0083142510000024
:10f780001c008010000000000080023cf0654390e7
:10f79000040063301700601025100000e8ffbd274b
:10f7a0001400bfaf1000b0af0080103cd065102631
:10f7b0004800028e1000428c09f840001400048eac
:10f7c0009800028e80180200059d023c08ce42245b
:10f7d0000a10437c09f84000252000022000029214
:10f7e0000001427c1400bf8f1000b08f0800e003be
:0cf7f0001800bd270800e0030000000026
:020000040000fa
:020000041d03da
:10f7fc000000828c0800451400000000e8ffbd27c3
:10f80c001400bfafca24410f000000001400bf8fca
:10f81c000800e0031800bd2716004010000000008f
:10f82c000000438c0f00a314000000000000a38c08
:10f83c00000043ac0400838c01006550040082acd2
:10f84c000800828cffff4224080082ac0800e00311
:10f85c002510a0000000628cf4ff455025106000bc
:10f86c0025184000fbff6014251060000800e00321
:0cf87c00000000000800e0030000000095
:020000040000fa
:020000041d03da
:10f88800201e047c031a0300470065280300a01407
:10f8980025108000e0ff6324047a627c201c047c2d
:10f8a8004700632804006014201e027ce0ff8424c3
:10f8b8000438827c201e027c031a03003a00652863
:10f8c800d0ff64240300a0142024047cc9ff63240f
:10f8d8002024037c047a827c201c027c3a00652860
:10f8e800d0ff64240300a0142024047cc9ff6324ef
:10f8f8002024037c0438827c003a437c00190300ee
:0cf90800251062000800e003ff00423000
:020000040000fa
:020000041d03da
:10f91400d8ffbd272400bfaf2000b3af1c00b2af97
:10f924001800b1af1400b0af259080002598a00056
:10f934002588c0000400e0102580c0002b80e6006c
:10f944000b38d0002580e000253000002528000277
:10f954007973400f460044862b805000080000163f
:10f964002510000006006012010002242530200248
:10f974002528600239b2400f460044860100022463
:10f984002400bf8f2000b38f1c00b28f1800b18fea
:0cf994001400b08f0800e0032800bd271d
:020000040000fa
:020000041d03da
:10f9a000d8ffbd272400bfaf2000b1af1c00b0af0f
:10f9b0002588800072a5400f1000a527ffff0324b3
:10f9c0000e00431001001024b600410f2520200234
:10f9d0000a004014258040001c07410f252020020a
:10f9e00025804000030002240a0002163000022491
:10f9f000080022ae52ea400f252020022510000206
:10fa00002400bf8f2000b18f1c00b08f0800e003de
:10fa10002800bd2701000224a00022ae861f410f4e
:0cfa200025202002f5ff0010ffff10243d
:020000040000fa
:020000041d03da
:10fa2c00d8ffbd272400bfaf2000b1af1c00b0af82
:10fa3c002588800072a5400f1000a527ffff032426
:10fa4c000e00431001001024b600410f25202002a7
:10fa5c000a004014258040001c07410f252020027d
:10fa6c0025804000030002240a000216270002240d
:10fa7c00080022ae7fea400f25202002251000024c
:10fa8c002400bf8f2000b18f1c00b08f0800e00352
:10fa9c002800bd2701000224a00022ae861f410fc2
:0cfaac0025202002f5ff0010ffff1024b1
:020000040000fa
:020000041d03da
:10fab8000000a294010043301e0060108000423014
:10fac800e0ffbd271c00bfaf1800b1af1400b0aff6
:10fad8002580a0000d00401425888000260082940f
:10fae800ffff42242016027c260082a42710020071
:10faf80017010724059d063ce0cbc624059d053c5f
:10fb080024a9a524d1fe400fc227020025280002ff
:10fb1800552a410f0000248e270000a2260000a2cb
:10fb28001c00bf8f1800b18f1400b08f0800e003cd
:0cfb38002000bd270800e00300000000d2
:020000040000fa
:020000041d03da
:10fb44002000801400000000d8ffbd272400bfafb0
:10fb54002000b2af1c00b1af1800b0af2580a000e8
:10fb64002588c0002590e0002f0005245427410f6c
:10fb740025200002050040145c0005245427410f91
:10fb840025200002030040501000b2af01005024b1
:10fb94001000b2af2538200225300002059d053c37
:10fba400589ba52469f2400f252000002400bf8f34
:10fbb4002000b28f1c00b18f1800b08f0800e00342
:0cfbc4002800bd270800e003000000003e
:020000040000fa
:020000041d03da
:10fbd000e8ffbd271400bfaf1000b0af422d410faa
:10fbe0002580a000180040102518000011000052c8
:10fbf000240040ac42000396400063300300605490
:10fc00003c00438c0b000010240040ac448c037c6f
:10fc10003c0043ac07006004240050ac5d004390fe
:10fc200002006330040060143c00438cc418037c61
:10fc30003c0043ac3c00438c01000424448c837c96
:10fc40003c0043ac01000324251060001400bf8f6a
:0cfc50001000b08f0800e0031800bd2772
:020000040000fa
:020000041d03da
:10fc5c00ffff84241800832c1e0060100200022475
:10fc6c000180033c001104007cd06324211062004d
:10fc7c000c00438c251060000442027c0f004010e5
:10fc8c00ffff63240180053c001104007cd0a524f7
:10fc9c002110a2000c0043ac0e00601425100000d3
:10fcac00002104000180023c7cd0422421208200ef
:10fcbc00000080ac0800e003251000000180033c2c
:10fccc00001104007cd0632421106200f4ff0010aa
:0cfcdc000c0040ac0800e0030000000039
:020000040000fa
:020000041d03da
:10fce8000400828c1f00400400000000d8ffbd27dc
:10fcf8002400bfaf2000b2af1c00b1af1800b0aff6
:10fd08000800928c01005124211082000c0045a0ab
:10fd18003c00222a0a004014258080001000a727f2
:10fd2800253020020c0085242860400f0000848cb8
:10fd38001000a28f268851002b88110023881100fb
:10fd4800040011ae01005226080012ae2400bf8f35
:10fd58002000b28f1c00b18f1800b08f0800e0039c
:0cfd68002800bd270800e0030000000098
:020000040000fa
:020000041d03da
:10fd7400d8ffbd272400bfaf2000b2af1c00b1af35
:10fd84001800b0af258080002590a000b1f8400f86
:10fd94001000a527060040142400bf8f0900401658
:10fda40025280000e9b2400f252000022400bf8f5f
:10fdb4002000b28f1c00b18f1800b08f0800e00340
:10fdc4002800bd27c27c400f252000022588400062
:10fdd4008410117cf5ff201625284002b16a400fdb
:10fde40025200002252800007da8400f25200002c0
:0cfdf40004004338edff00100a10230249
:020000040000fa
:020000041d03da
:10fe00000800832815006010251000004010040031
:10fe100021104400801802000180023c18dd4224b9
:10fe20000a10437cfeff0324120043144010040018
:10fe300021104400801802000180023c18dd422499
:10fe40002110430008000524feff03240100842440
:10fe5000040085540c004224251000000800e00333
:10fe6000000000000000468cf9ffc350010084240c
:10fe70004010040021104400802002000180023c58
:0cfe800018dd42240800e00321104400bb
:020000040000fa
:020000041d03da
:10fe8c000c00a7af0c00a38f0800a6af25108000b4
:10fe9c0002450300ff0705310e00a0140800a48fd3
:10feac00059d033c0008864468c060d40008e74404
:10febc0000080524020820460000064400006744a0
:10fecc002520c0000055e67c0200c0102518e0007b
:10fedc00c1ffc524c2370400401803002518c30015
:10feec0040200400000044ac00a0637c2000043cd3
:10fefc0025188300ccfba52400080831040043ac72
:0cff0c00080045ac0800e0030c0048ac05
:020000040000fa
:020000041d03da
:10ff18000004c2281300401402fcc328059d023cbb
:10ff280028d540d401fcc2240004432806006014ec
:10ff3800026320460263204602f8c22400044428d3
:10ff4800ff0303240a10640025200000ff03422455
:10ff580000008444002d02000000e5440800e0038e
:10ff680002602046f8ff60102510c000059d033c84
:10ff780030d560d4c903c22402fc4328f2ff6010c4
:10ff8800026320469207c22402fc442802fc032490
:0cff980002632046ecff00100b10640018
:020000040000fa
:020000041d03da
:10ffa400e0ffbd271400b0af0180103c24e1028eb5
:10ffb4001800b1af1c00bfaf0800401025888000b6
:10ffc4001100200624e1028e0180033c28e1638ca9
:10ffd40023186200110000102b18710051b8400f53
:10ffe4000000000024e1028ef5ff40140000000030
:10fff400ffff02241c00bf8f1800b18f1400b08fc4
:020000041d04d9
:100004000800e0032000bd270180033c2ce1638c41
:1000140023201100231843002b186400f4ff6014fc
:0c00240021885100f3ff001024e111ae10
:020000040000fa
:020000041d04d9
:10003000e8ffbd271400bfaf0400400f1000b0afb1
:1000400011004054000043902e36410f258040009f
:100050000300422c08004014251000022c36410fea
:1000600000000000059d053cf49ea524c60f410f2d
:1000700025204000251000021400bf8f1000b08f13
:100080000800e0031800bd274010030021104300c2
:100090008010020023104300801002002310430050
:1000a000801002007c0042240180103c68d8102699
:0800b000f0ff001021800202a4
:020000040000fa
:020000041d04d9
:1000b800ffff03241e008310251000001c00a01061
:1000c800000000001a00c010000000000180023c7f
:1000d800d0dd42240800438c150060102510000074
:1000e800e8ffbd271400bfaf0180023cd0dd4224e9
:1000f800080040ac200046ac1c0045ac180047acda
:10010800040040ac2528e0007c04410f0b000424c7
:10011800040040140180033cd0dd63240200042461
:10012800080064ac1400bf8f0800e0031800bd2766
:080138000800e00300000000d4
:020000040000fa
:020000041d04d9
:10014000ffff03241e008310251000001c00a010d8
:10015000000000000180023cd0dd42240800438cf6
:100160001700601025100000e8ffbd271400bfaf86
:100170000180023cd0dd4224080040ac0200032490
:10018000240043a000010324200043ac1c0045ac24
:10019000180046ac02000324e119410f040043acef
:1001a000040040140180033cd0dd632402000424d9
:1001b000080064ac1400bf8f0800e0031800bd27de
:0801c0000800e003000000004c
:020000040000fa
:020000041d04d9
:1001c8001f00801025100000e0ffbd271c00bfaff6
:1001d8001800b2af1400b1af1000b0af0f29410f33
:1001e8002e000524258840000d002012251000004f
:1001f800010031260080103c786710260080123cf0
:100208008c6752260000058e4d2c410f25202002b8
:100218000900401004001026faff121625100000ed
:100228001c00bf8f1800b28f1400b18f1000b08f60
:100238000800e0032000bd27f9ff00100100022498
:080248000800e00300000000c3
:020000040000fa
:020000041d04d9
:10025000e8ffbd271400bfaf1000b0af7c80828fd5
:1002600009f84000c8010424160040102580400011
:1002700028004224000002ae040000ae2000022448
:10028000080002ae0d0002240c0002ae01000224a0
:10029000100002ae049d023c24684224140002ae09
:1002a000180000ae059d023ca4bc42241c0002ae16
:1002b000059d023c60a04224200002ae6f25410f44
:1002c00025200002251000021400bf8f1000b08fff
:0802d0000800e0031800bd273f
:020000040000fa
:020000041d04d9
:1002d800e0ffbd271c00bfaf1800b1af1400b0afde
:1002e80025808000780080a498e4400f0c00848466
:1002f800130040100100032436a6400f0c000486aa
:10030800258840000e0040100100032425304000dd
:100318006c00058e3278400f0c000486780002a627
:100328000700401001000324253820026c00068ec7
:1003380004000524ac26410f2520000225180000e2
:10034800251060001c00bf8f1800b18f1400b08ffb
:080358000800e0032000bd27ae
:020000040000fa
:020000041d04d9
:10036000d0ffbd272c00bfaf2800b3af2400b2af31
:100370002000b1af1c00b0af2588a0003c00a7afa3
:100380003c00a727afe6400f1000a7af2580400034
:100390002720020018090724059d133cb8d66626bd
:1003a000059d123c209b4526d1fe400fc22704002c
:1003b0002b2030021c090724b8d66626209b452630
:1003c000d1fe400f01008438251000022c00bf8fa1
:1003d0002800b38f2400b28f2000b18f1c00b08f93
:0803e0000800e0033000bd2716
:020000040000fa
:020000041d04d9
:1003e80081bf033c0100023c140162ac0200053ce1
:1003f800140165ac0400043c140164ac82bf033ce6
:10040800001860ac82bf033c2018638c81bf033c9a
:10041800940062ac940065ac940064ac82bf033c69
:1004280001000424301864ac82bf033c400004245b
:10043800141864ac82bf033c60004224081862ac04
:1004480005000224081862ac0180023c28e042241e
:100458001c0040a0200040ac00800234081862aca8
:080468000800e00300000000a1
:020000040000fa
:020000041d04d9
:1004700082bf023c08000324002243ac82bf023c3e
:1004800000940334182243ac82bf023c2b0a03249d
:10049000402243ac81bf023c0200033c040143ac58
:1004a0000400033c040143ac0800033c040143acda
:1004b0000180033c98df6224180040ac1c0040ac73
:1004c000200040ac2c0040a0240040ac98df60ac81
:1004d000040040ac080040ac140040a00c0040ac4c
:1004e000300040ac82bf023c00800334082243aca1
:0804f0000800e0030000000019
:020000040000fa
:020000041d04d9
:1004f80082bf023c08000324002a43ac82bf023cae
:1005080000940334182a43ac82bf023cd800032469
:10051800402a43ac81bf023c0010033c140143aca9
:100528000020033c140143ac0040033c140143acdd
:100538000180033cccdf6224180040ac1c0040acb6
:10054800200040ac2c0040a0240040acccdf60acc4
:10055800040040ac080040ac140040a00c0040acc3
:10056800300040ac82bf023c00800334082a43ac10
:080578000800e0030000000090
:020000040000fa
:020000041d04d9
:10058000e0ffbd271c00bfaf1800b2af1400b1af31
:100590001000b0afc5d7400f2580800025884000ef
:1005a000ffff03241200231225100000252820023b
:1005b0001b11410f25200002ffff43240200632c82
:1005c0000a006010ff0012323511410f2520400251
:1005d000252820021b11410f25200002ffff432484
:1005e0000200632cf8ff6014000000000100422ca0
:1005f0001c00bf8f1800b28f1400b18f1000b08f95
:080600000800e0032000bd2703
:020000040000fa
:020000041d04d9
:10060800e0ffbd271c00bfaf1800b1af1400b0afaa
:10061800258080003827410f2588a000140040104d
:100628000100032498fb400f2520000200a0023c93
:10063800305d458c2b10b1000d00401401000324df
:10064800ffff10320081100000a0023c285942240c
:100658002180020200a0023c2c5d428c2110510036
:10066800000002ae2328b100080005ae25180000de
:10067800251060001c00bf8f1800b18f1400b08fc8
:080688000800e0032000bd277b
:020000040000fa
:020000041d04d9
:100690000080023c4867428c0000439015006014c3
:1006a000254000006100032401000924000049a046
:1006b000080046ac100044ac060045a4ffff04242b
:1006c000140044ac010004240c0044ac180047acf6
:1006d000010040a0040040a0030048a0020043a085
:1006e0000800e003200040ac25100001eeff0010e0
:1006f000010008241800438c2618e3000100632c35
:100700002c0048242c004290f7ff40106100632425
:080710000800e003ffff0224d2
:020000040000fa
:020000041d04d9
:10071800dc30039d646e049de8f0029d4410039d47
:1007280000000000cc52049d0806049d885f049dcb
:10073800e04d049dd48f049d1801039d0000000026
:1007480000000000000000000000000000000000a1
:100758000000000000000000000000000000000091
:100768000000000000000000000000000000000081
:100778000000000000000000000000000000000071
:1007880000000000f4ee039dec56029d7096049d57
:08079800000000000000000059
:020000040000fa
:020000041d04d9
:1007a0001020039d7cf8029d30d5029d20c6049d3b
:1007b000c8c6049d3488049d3cc6049df8d8049d99
:1007c000b0d0049d00d9049d7881049de4c6049da9
:1007d000acc6049d00c7049d58c6049d1cc7049d5b
:1007e00038c7049d74c6049d24ac049d54c7049d61
:1007f00070c7049d8cc7049da8c7049d90c6049d26
:10080000c4c7049de0c7049dfcc7049d00d7049d98
:10081000bc88049dcc59039de475049d7888049d93
:0808200018c8049dd41f049dbb
:020000040000fa
:020000041d04d9
:100828000000aa801e00401100000000000089801e
:1008380017002051251000000700491125108000dd
:100848000100898012002051251000000100842435
:10085800fbff4915251080000100a3800e006010e1
:100868000000000001008980f6ff23150200a32480
:1008780004000010020087240000e880f3ff06153a
:100888000100e72400006680fbffc0140100632418
:100898000800e003000000000800e003000000007a
:0808a8000800e00325108000a8
:020000040000fa
:020000041d04d9
:1008b0000080033cd06563241c008314faff0224eb
:1008c0001a008010000000000080023cec65448c9f
:1008d0000200032415008314feff02241300a0105d
:1008e00025100000e8ffbd271400bfaf1000b0af17
:1008f0002580a0000080023ca327410f2066448c85
:1009000003000224080002ae010002240c0002ae23
:10091000dc050224100002ae251000001400bf8f79
:100920001000b08f0800e0031800bd270800e003a6
:0409300000000000c3
:020000040000fa
:020000041d04d9
:10093400e8ffbd271400bfaf0400400f0000000013
:1009440010004054000043902e36410f0000000078
:100954000300432c08006014251000002c36410fbe
:1009640000000000059d053c5c9fa524c60f410fb7
:1009740025204000251000001400bf8f0800e0036c
:100984001800bd274010030021104300801002000e
:100994002310430080100200231043008010020043
:1009a4000180033c68d8632421104300f2ff001047
:0409b4002000428c51
:020000040000fa
:020000041d04d9
:1009b800e8ffbd271400bfaf1000b0af1000a010b3
:1009c8002580a0000f00a490feff8224ff00423083
:1009d8000200422c0a004050258000000e00a29020
:1009e8000600422c0b0040107b05062402008438c8
:1009f800059d053c88c9a524bb24410f0100842c12
:100a0800251000021400bf8f1000b08f0800e0030b
:100a18001800bd27030084387f050624059d053c82
:100a280088c9a524bb24410f0100842cf5ff0010c0
:040a38002510000283
:020000040000fa
:020000041d04d9
:100a3c00e0ffbd271c00bfaf1800b2af1400b1af70
:100a4c001000b0af1400a010f9ff12242588a000ec
:100a5c00bcfc400f010005240f004010ffff1224c6
:100a6c000400508c252820020bc2400f1000048e6d
:100a7c002590400002000296020042340d32410fd4
:100a8c00020002a60000039201006324000003a2ee
:100a9c001432410f25204000251040021c00bf8f4e
:100aac001800b28f1400b18f1000b08f0800e00353
:040abc002000bd2732
:020000040000fa
:020000041d04d9
:100ac000e0ffbd271c00bfaf1800b1af1400b0afee
:100ad0008e808293170040142588a0001400858c16
:100ae000ffff02240b00a210258080007480848ff9
:100af0001400828c09f84000000000006200062605
:100b000008000524f127410f25200002ffff0224e1
:100b1000140002ae01000224000022a225100000f1
:100b20001c00bf8f1800b18f1400b08f0800e003c5
:100b30002000bd2703000224600082a4f8ff0010fb
:040b4000100002247b
:020000040000fa
:020000041d04d9
:100b440071008590010003241c00a314ffff0224fc
:100b54003c00838c1900601001000624e8ffbd27c7
:100b64001400bfaf3e0082943c00839421104300e4
:100b74005c008394211043005e008394261043009c
:100b84006e0082a4720080a0c480828f8210020052
:100b94004c0082ac0820400f0200052405004010e0
:100ba4001400bf8f0300401c01000224ffff022435
:100bb4001400bf8f0800e0031800bd270800e003fd
:040bc400000000002d
:020000040000fa
:020000041d04d9
:100bc8001e00a010fbff02240000a38c1b00601075
:100bd8000000000019008010faff022442008394ec
:100be800400068301500001100000000e0ffbd273c
:100bf8000b00e0101c00bfaf00106330050060144c
:100c0800f8ff02241000a6af0100072482a3400fba
:100c1800040086241c00bf8f0800e0032000bd27c5
:100c280019c9400f0000000002000324ffff04243c
:100c38000b206200f7ff0010251080000800e00379
:040c480000000000a8
:020000040000fa
:020000041d04d9
:100c4c000e008584ffff03241c00a3142510000054
:100c5c00e0ffbd271c00bfaf1800b0af258080009f
:100c6c001400a0af1000a0af253800001400868c33
:100c7c0006000524165a400f2520000025204000b0
:100c8c00ffff032409008310ffff02240e0004a6bb
:100c9c0025380002049d063cd056c62491b2400f64
:100cac000006052475c1400f252000021c00bf8fd3
:100cbc001800b08f0800e0032000bd270800e003f7
:040ccc000000000024
:020000040000fa
:020000041d04d9
:100cd000e8ffbd271400bfaf0481848f050080109a
:100ce0001081858f0523410f00000000048180af33
:100cf0001081858f0180043cc92b410f50e2842470
:100d0000fc8080af0180043c28fd400f60e2842419
:100d10000c81848f050080100881858fb52a410fd2
:100d2000000000000c8180af0881858f0500a010b5
:100d30001081848f0c00828c09f8400000000000b4
:100d4000088180af108180af1400bf8f0800e003de
:040d50001800bd27a3
:020000040000fa
:020000041d04d9
:100d540088ffbd277400bfaf7000b1af6c00b0afa7
:100d64003481828f16004018258080003881918f4d
:100d74001000a52777c7400f2400248606004010e2
:100d84005800a38f1000028e030062140100052492
:100d94009fd1400f240024861600039202000224ef
:100da400070062143481828fffff42240400401440
:100db400348182af6b14410f25202002388180af2b
:100dc4007400bf8f7000b18f6c00b08f0800e00317
:040dd4007800bd27bf
:020000040000fa
:020000041d04d9
:100dd8001e00801025100000e0ffbd271c00bfafdb
:100de8001800b2af1400b1af1000b0af2588800072
:100df800059d103ce4bd1026059d123cfcbd522605
:100e0800080010260400058e0c00a0100000000049
:100e18004d2c410f2520200208004014000000003e
:100e28000000028e1c00bf8f1800b28f1400b18f13
:100e38001000b08f0800e0032000bd27f1ff121654
:100e480008001026f7ff0010251000000800e00336
:040e58000000000096
:020000040000fa
:020000041d04d9
:100e5c001e00a010251000000200832c1b00601443
:100e6c0000000000ffff83302700632c1700601088
:100e7c0000000000ffff8430002104000180023cd0
:100e8c00d0c94224211044000000438c03006010a0
:100e9c00000000000d006554251000000800c01073
:100eac00000045ac5881838f25206000201e037cf8
:100ebc002a186600010060542520c0002036047cee
:100ecc000a0046a40800e0030c0046a40800e00356
:040edc000000000012
:020000040000fa
:020000041d04d9
:100ee00002000000646f019dd0d6039d0300000046
:100ef000381b029d84c7029d06000000f030049d4f
:100f00006493049d0900000058c3029de41e029de5
:100f10000a0000002079029d6419039d0c00000066
:100f2000d0f0019d4c51049d0e0000002c63029de9
:100f3000f017049d14000000345c029dec64049dd5
:100f40000f000000dc72019d540d049d160000008e
:100f5000b0d4009df063049d24000000c46b029d8a
:040f6000d03e039ddf
:020000040000fa
:020000041d04d9
:100f640081bf033c00400524040165ac00800434c7
:100f7400040164ac0100023c040162ac82bf033c86
:100f8400001260ac82bf033c2012638c81bf033c1f
:100f9400840065ac840064ac840062ac82bf033c12
:100fa40002000524301265ac82bf033c40000524d6
:100fb400141265ac82bf033c20014224081262acc7
:100fc40005000224081262ac0180023c50e0422475
:100fd4001c0040a0200040ac081264ac0800e003f0
:040fe4000000000009
:020000040000fa
:020000041d04d9
:100fe8000000838c1d006010ffff0224252860008c
:100ff8003a0007240100a524ffffa680ff00c230a5
:101008002000422c0b00401400000000faffc754d7
:101018000100a52400006680d0ffc224ff004230f2
:101028000a00422c05004014020063240800e00373
:10103800ffff02240800e003088282930700a3143c
:10104800ffff0224d0ffc22402004328030060509f
:10105800ffff02240800e003000085ac0800e0035d
:041068000000000084
:020000040000fa
:020000041d04d9
:10106c00fcffa8241b000011251000000500032d17
:10107c00040002240b100301251840002538000041
:10108c002510000003000c2404000b24130060182e
:10109c002530800021688300254800008a51c37cdc
:1010ac000000ce9026504e010100c624fbffa61571
:1010bc0025482a010a1089010400e7242318a700f7
:1010cc000500662c0a1866012b30e800efffc014ef
:1010dc00040084240800e00300000000f6ff001068
:0410ec0003000224d7
:020000040000fa
:020000041d04d9
:1010f00046524d54584f4b200000000088c1049dbb
:1011000046524d52584f4b20000000006cc1049dc8
:101110005258425546434e540000000050c1049db1
:1011200052584f56464c4f570000000034c1049da2
:101130004643534552524f520000000018c1049dcf
:10114000414c474e4552522000000000fcc0049d17
:1011500053434f4c46524d2000000000e0c0049d18
:101160004d434f4c46524d2000000000c4c0049d2a
:020000040000fa
:020000041d04d9
:10117000e8ffbd271400bfaf1000b0af0e21410f34
:10118000258080000e0040101400bf8f34000696aa
:101190002000c23012004054220005967020410ffa
:1011a000000000002c00038e2b10430007004010ad
:1011b000010005249d11410f252000021400bf8f5e
:1011c0001000b08f0800e0031800bd27f5ff0524cc
:1011d000361c410f25200002f9ff00101400bf8fbc
:1011e000b522410f25200002f5ff00101400bf8f2b
:020000040000fa
:020000041d04d9
:1011f000e8ffbd271400bfaf00a0023cb45d44a0cf
:10120000b45d4224021c0500010043a0021a05003f
:10121000020043a0030045a00b0002240500821435
:101220000400032400a0023cffff0324b85d43a098
:10123000050003240180043cd0dd842400a0023c8e
:10124000b45d42243c0082ac400083ac380080acea
:10125000440080ac0180053c6510410f08dea524e8
:10126000010002241400bf8f0800e0031800bd270e
:020000040000fa
:020000041d04d9
:10127000e0ffbd271c00bfaf1800b2af1400b1af34
:101280001000b0af1300a010ffff10241100c01019
:101290002588c000a830410f2590a0000d00401007
:1012a000faff1024ffff3126560050942b803002a5
:1012b000feff03240a18100025806000253020025c
:1012c00059014524c42d410f252040022188510297
:1012d000000020a2251000021c00bf8f1800b28f52
:1012e0001400b18f1000b08f0800e0032000bd276c
:020000040000fa
:020000041d04d9
:1012f000e0ffbd271c00bfaf1800b2af1400b1afb4
:101300001000b0af1300a010ffff10241100c01098
:101310002588c000a830410f2590a0000d00401086
:10132000faff1024ffff3126540050942b80300226
:10133000feff03240a1810002580600025302002db
:1013400059004524c42d410f252040022188510217
:10135000000020a2251000021c00bf8f1800b28fd1
:101360001400b18f1000b08f0800e0032000bd27eb
:020000040000fa
:020000041d04d9
:101370008400878c0004023c2438e2000400e01062
:10138000000000004400838c170060140100022458
:10139000e8ffbd271400bfaf1000b0af258080006c
:1013a0002b380700400086243c00852478f0400f4d
:1013b0004400848c25184000440002ae06006010f2
:1013c000251000008400028e0100032484d6627c74
:1013d000840002ae010002241400bf8f1000b08f01
:1013e0000800e0031800bd270800e003000000002b
:020000040000fa
:020000041d04d9
:1013f000d8ffbd272400bfaf2000b3af1c00b2afa1
:101400001800b1afad1b410f1400b0afffff423069
:1014100000c0503400401124ffff133400c01234c8
:101420003e1f410f252000020a00405425100002f3
:10143000030013522580400201001026ffff1032e6
:10144000ffff3126f6ff2016000000002580000077
:10145000251000022400bf8f2000b38f1c00b28f24
:101460001800b18f1400b08f0800e0032800bd27da
:020000040000fa
:020000041d04d9
:10147000e8ffbd271400bfafde2c410f1000b0af56
:101480002580400016000012251000007100049213
:1014900001000324130083141400bf8f4800038e3f
:1014a000110060501000b08f7000039203000224fe
:1014b00003006210080004240900641425100000d1
:1014c0008615410f252000020400038e0000048ec3
:1014d00023186400ffff632423106200ffff4230e3
:1014e0001400bf8f1000b08f0800e0031800bd2764
:020000040000fa
:020000041d04d9
:1014f000e8ffbd271400bfaf1000b0af258080000b
:101500000e008484ffff02240600825042000296ef
:10151000839f400f00000000ffff02240e0002a680
:1015200042000296060040100180023c44e2448cd6
:101530000c00828c09f840007000058e420000a665
:1015400044000296060040100180023c44e2448cb4
:101550000c00828c09f840007400058e440000a63f
:101560001400bf8f1000b08f0800e0031800bd27e3
:020000040000fa
:020000041d04d9
:10157000e8ffbd27ffff8230160084300a00801488
:101580001400bfaf5a00a394251043005a00a2a430
:101590006c81828f010042246c8182af1400bf8f66
:1015a0000800e0031800bd275a00a394251043004b
:1015b0005a00a2a46c81828f010042246c8182af08
:1015c0000180023cd0c942241800439401006334d6
:1015d000180043a425300000010005240180043ccc
:1015e0005523410fe0c98424edff00101400bf8f84
:020000040000fa
:020000041d04d9
:1015f000d8ffbd272400bfaf2000b3af1c00b2af9f
:101600001800b1af1400b0af0180023ce8e1539480
:101610000a006012259080007481908f2588000058
:10162000252840024d2c410f670004260800401079
:1016300001003126faff33167000102629f6400ffc
:1016400025204002f915410f25204000258040004b
:10165000251000022400bf8f2000b38f1c00b28f22
:101660001800b18f1400b08f0800e0032800bd27d8
:020000040000fa
:020000041d04d9
:10167000040002240700c214010002240b00a2147b
:1016800001000324420082940400627c0800e0030d
:10169000420082a4020002241300c21000000000d5
:1016a000030002241000a21000000000e8ffbd2784
:1016b0001400bfaf42008294f8ff423001000324bf
:1016c0000463627c420082a42400828c100082acfd
:1016d0002800828cce1f410f140082ac1400bf8ff3
:1016e0000800e0031800bd270800e0030000000028
:020000040000fa
:020000041d04d9
:1016f0002000828c010042301b00401400000000da
:10170000e0ffbd271c00bfaf1800b1af1400b0afa1
:101710001000858c0b00a010258080001000a29482
:1017200001004230050040140000b18c7881848fa4
:101730000c00828c09f8400000000000f7ff201622
:10174000252820027881848f0c00828c09f84000c3
:10175000252800021c00bf8f1800b18f1400b08f25
:101760000800e0032000bd270800e003000000009f
:020000040000fa
:020000041d04d9
:10177000d8ffbd272400bfaf2000b3af1c00b2af1d
:101780001800b1af1400b0af258080001000928c1b
:101790000800828c211b410f0200449425984000d0
:1017a000392b410f25204000030051240e000396e1
:1017b0002b18710007006014ffff022403000224ad
:1017c000000042a225286002ba2d410f01004426e4
:1017d000251020022400bf8f2000b38f1c00b28f81
:1017e0001800b18f1400b08f0800e0032800bd2757
:020000040000fa
:020000041d04d9
:1017f000e8ffbd271400bfafb881828f10004018ea
:10180000040005241600839010006554020004248f
:1018100014008294010003240418430027180300d5
:101820000180023ca0e042240c00448c2420830070
:101830000c0044ac1000448c24188300100043ac0e
:101840001400bf8f0800e0031800bd27fcff6414dc
:10185000ffff4224faff4014b88182af4cfd400fd5
:10186000000000000180023cf5ff0010b4e040ac35
:020000040000fa
:020000041d04d9
:10187000d8ffbd272400bfaf2000b3af1c00b2af1c
:101880001800b1afd72e410f1400b0afffff4230a8
:1018900000c0503400401124ffff133400c0123444
:1018a000f21f410f252000020a00405425100002bb
:1018b000030013522580400201001026ffff103262
:1018c000ffff3126f6ff20160000000025800000f3
:1018d000251000022400bf8f2000b38f1c00b28fa0
:1018e0001800b18f1400b08f0800e0032800bd2756
:020000040000fa
:020000041d04d9
:1018f000e0ffbd271c00bfaf1800b1af1400b0afb0
:101900002580a000422d410f2588c00025184000e9
:101910001200601025100000110020121c00bf8f63
:101920005c006490ff000232030082100100042476
:101930000a00001025100000080004162510000001
:101940000000228e180062ac3c00628c60004234c1
:10195000c439027c3c0062ac010002241c00bf8f31
:101960001800b18f1400b08f0800e0032000bd27dd
:020000040000fa
:020000041d04d9
:10197000809a45418e418f804545454949498e8f22
:101980009092924f994f555559999a9b9c9d9e9f25
:1019900041494f55a5a5a6a7a8a9aaabacadaeaf26
:1019a000b0b1b2b3b4b5b6b7b8b9babbbcbdbebfbf
:1019b000c0c1c2c3c4c5c6c7c8c9cacbcccdcecfaf
:1019c000d0d1d2d3d4d5d6d7d8d9dadbdcdddedf9f
:1019d000e0e1e2e3e4e5e6e7e8e9eaebecedeeef8f
:1019e000f0f1f2f3f4f5f6f7f8f9fafbfcfdfeff7f
:020000040000fa
:020000041d04d9
:1019f000010003241c00a31425100000e8ffbd27ec
:101a00001400bfaf1000b0affc21410f2580c00013
:101a10002518400010006010010002241000648ca2
:101a20000000838c0002652c0600a0500400838c0b
:101a3000000202241b004300f401600012100000a9
:101a40000400838c1b006200f401400012180000a7
:101a5000000003ae251000001400bf8f1000b08fef
:101a60000800e0031800bd270800e00300000000a4
:020000040000fa
:020000041d04d9
:101a7000ffff8324feff632c1b0060102510000075
:101a8000ffff83300500652c1700a0100180053c86
:101a9000c01003002110430080100200b4d7a52419
:101aa000211045002000458c0f00a41425100000d3
:101ab000c020030021208300801004000180043c2a
:101ac000b4d784248a21827c07008010251000006e
:101ad000c010030021184300801803000180023c5d
:101ae000b4d74224211043000800e00300000000a6
:020000040000fa
:020000041d04d9
:101af000e8ffbd271400bfaf3c82828f1100401465
:101b000001000324020002243c8282af0d32410f07
:101b1000448280af01000324408283a31432410f2a
:101b2000252040000180043c452b410fe4d484244f
:101b30000a0043040180023c3c8280af0400001094
:101b400025100000080043100100022425100000a9
:101b50001400bf8f0800e0031800bd27e4d442241e
:101b6000448282af01000224f9ff00103c8282af60
:020000040000fa
:020000041d04d9
:101b7000d3e160c35b99f340b2628264d1751060b7
:101b8000e0045da383ff57a57d73a673d2b8d80d7b
:101b9000aaf6a6c35a91bb4579d73fd0c8fed1114a
:101ba000b0391306828adfed528f018121b3febd69
:101bb000c343e797b87dbb63db1333ded9d1ece1d8
:101bc00077cfa6b71fe8ab1da46624ed6415e51c0e
:101bd000cde2c7ca86e283990eeaeb911204155250
:101be0008b2295910281b02dd431f4c9f70427dfff
:020000040000fa
:020000041d04d9
:101bf00004eec63bb231df2c630a1afbe724949d46
:101c0000005a587851e1aa795e477347c8b05662c6
:101c10001c18bddcdd8d99fc5fc2b92053d8cfac58
:101c2000fb0bb8831205fad1ddd6c071318a60187a
:101c3000f03b73f5ede4d4d071f9de03fd7aea10e0
:101c40005d9299b8af99aa075bdb4db9aa28c18dff
:101c5000174b56ee2a014d098896ff2282c955a8d6
:101c60001969e069fa8ce007a180183a07dfae171e
:020000040000fa
:020000041d04d9
:101c7000e0ffbd271c00bfaf1000a0af1000a627db
:101c80000a000524c2ec400f6c00848c1000a38f66
:101c90009cff64246400842c110080140200022440
:101ca00038ff64246400842c0d0080140300022497
:101cb000d4fe64246400842c0900801404000224ef
:101cc00070fe64246400842c050080140500022446
:101cd0000cfe62246400422c0100422c06004224c7
:0c1ce0001c00bf8f0800e0032000bd279f
:020000040000fa
:020000041d04d9
:101cec00e0ffbd271c00bfaf1800b1af1400b0afb0
:101cfc00258880002580a0007328410f2520a00096
:101d0c00120040101c00bf8f420003960800633085
:101d1c000d006010251000001800238e0100022415
:101d2c00ffff6214000000000400038e0600601028
:101d3c00251000001000038e030060140100022423
:101d4c001400028e2b1002001c00bf8f1800b18fe4
:0c1d5c001400b08f0800e0032000bd2739
:020000040000fa
:020000041d04d9
:101d68001c00a0102510a0000000a68c1900c010af
:101d7800251000000180023ce8e147941500e010be
:101d8800251000007481828f2528000004008050ef
:101d9800420043940c0082540100a524420043945d
:101da80040006330080060500100a5240400438c03
:101db8002618c3000800488c241868000500601025
:101dc800000000000100a524f0ffa71470004224c1
:0c1dd800251000000800e00300000000df
:020000040000fa
:020000041d04d9
:101de400e0ffbd271c00bfaf1800b1af1400b0afb7
:101df400258080002588c000401004002110440084
:101e0400801002000180043c5cda8424612a410fc2
:101e1400212082000b002012ffff103200811000ed
:101e24000180043cd0c984242120900008008294bd
:101e340001004234080082a4253000005523410fdc
:101e440001000524010002241c00bf8f1800b18f7b
:0c1e54001400b08f0800e0032000bd2740
:020000040000fa
:020000041d04d9
:101e6000d8ffbd272400bfaf2000b3af1c00b2af26
:101e70001800b1af1400b0af259880002520a00055
:101e80002588c0002590e0000400a28c09f84000dd
:101e90002528e000090040102580400004002012a1
:101ea0002530400225282002422c410f25204000e9
:101eb0002528000217f2400f25206002251000029d
:101ec0002400bf8f2000b38f1c00b28f1800b18f89
:0c1ed0001400b08f0800e0032800bd27bc
:020000040000fa
:020000041d04d9
:101edc00e0ffbd271c00bfaf1800b1af1400b0afbe
:101eec0025808000422d410f2588a0001300401052
:101efc001c00bf8f2c00438c10006010253020027a
:101f0c001c00658c1000648c300044ac0c00849474
:101f1c00f8ff8424340044a40400a494360044a4a0
:101f2c001c00638c08006324380043ac2528000097
:101f3c00d894400f252000021c00bf8f1800b18fd1
:0c1f4c001400b08f0800e0032000bd2747
:020000040000fa
:020000041d04d9
:101f5800e8ffbd271400bfaff98182930400401445
:101f68000000000001000224f88182a3f98182a305
:101f780013008014ffff02241200a0101400bf8f6a
:101f88000180023cf4e2438c0d006014ffff022440
:101f98000800a48c0180033cf4e266240800c4ac69
:101fa8000400a28c0400c2ac02000624f4e266ac71
:101fb8000800428c09f840000000a58c251000009c
:0c1fc8001400bf8f0800e0031800bd27c4
:020000040000fa
:020000041d04d9
:101fd400d8ffbd272400bfaf2000b1af1c00b0afb5
:101fe4002588a0002580c0001000a0af1400a0af79
:101ff4001000a6271da3400f1400a52708004010b9
:102004001000a38f000020ae000000ae2400bf8f9c
:102014002000b18f1c00b08f0800e0032800bd270a
:102024001c00628cfeff42240a0064940210447077
:10203400000022ae0a0062941400a38f02104370c1
:0c204400000002aef1ff001025100000ab
:020000040000fa
:020000041d04d9
:10205000e8ffbd271400bfaf4482828f0600401402
:1020600000000000bc06410f000000004482828f87
:10207000140040101400bf8f40828293ff00423052
:10208000fdff40100000000040828293ff004230bc
:102090000b0040104482828f0d32410f000000007f
:1020a0004082842700008390ffff6324ff00633099
:1020b000000083a01432410f252040004482828f0b
:0c20c0001400bf8f0800e0031800bd27cb
:020000040000fa
:020000041d04d9
:1020cc00e0ffbd271c00bfaf1800b1af1400b0afcc
:1020dc001200801025800000258880000f00a010c1
:1020ec002580a0001408410f0000000011004010d2
:1020fc0025300002252820027c27410f2520400096
:10210c000d32410f000000004082839301006324d4
:10211c00408283a31432410f252040002510000279
:10212c001c00bf8f1800b18f1400b08f0800e003a3
:0c213c002000bd27f2ff001025800000ed
:020000040000fa
:020000041d04d9
:102148000800e003000000002518e003009d043c9f
:10215800e449842416008010000000000000858ceb
:102168001300a010040084240000868c040084243a
:1021780000008b8404008424059d0c3c14d18c251c
:1021880080580b0021606c0100008c8d09f88001db
:10219800000000002520400003008424fcff0624e2
:1021a8002420c4000000858cecffa014000000006f
:0c21b80025f860000800e00300000000b3
:020000040000fa
:020000041d04d9
:1021c4001c00c010ffffc8240000a3800100a72446
:1021d400010082240e006010000083a02130a600bc
:1021e400060000102128a8000100e724ffffe48076
:1021f40009008010ffff64a0251060002340a700a1
:10220400f9ffc714010043240800e00300000000a4
:102214002518400025108000fbff001121206800d4
:1022240001006324feff8314ffff60a00800e003a5
:0c2234000a1082000800e0032510800062
:020000040000fa
:020000041d04d9
:1022400020000524000082800d004510f7ff432484
:102250000500632c0a0060142b0003240a004310bd
:102260002d00032403004314252800000100052449
:102270000100842425100000070000100a00072434
:10228000f0ff001001008424f9ff00102528000051
:10229000010084242310430000008380d0ff6324c6
:1022a0000a00662cfaffc054021047700100a050cb
:0c22b000231002000800e0030000000002
:020000040000fa
:020000041d04d9
:1022bc00e0ffbd271c00bfaf1800b1af1400b0afda
:1022cc002588a000bcfc400f010005241000401024
:1022dc00ffff10240800438c03007114fdff102431
:1022ec00080040ac258000000400518c090020122d
:1022fc00251000020d32410f000000000000239257
:10230c0001006324000023a21432410f2520400059
:10231c00251000021c00bf8f1800b18f1400b08f65
:08232c000800e0032000bd27ba
:020000040000fa
:020000041d04d9
:10233400e0febd271c01bfaf1801b2af1401b1af5d
:102344001001b0af2590a000a830410f2588c0002f
:10235400258040000a000012ffff02240001072428
:102364001000a627252840021374400f25200002e0
:102374000900401025282002500002aeffff02246d
:102384001c01bf8f1801b28f1401b18f1001b08fdf
:102394000800e0032001bd27fb80400f1000a427a4
:0823a400f8ff00101c01bf8fbf
:020000040000fa
:020000041d04d9
:1023ac00e0febd271c01bfaf1801b2af1401b1afe5
:1023bc001001b0af2590a000a830410f2588c000b7
:1023cc00258040000a000012ffff022400010724b0
:1023dc001000a627252840021374400f2520000268
:1023ec000900401025282002500002aeffff0224f5
:1023fc001c01bf8f1801b28f1401b18f1001b08f67
:10240c000800e0032001bd2754d5400f1000a4277d
:08241c00f8ff00101c01bf8f46
:020000040000fa
:020000041d04d9
:10242400e0ffbd271c00bfaf1800b1af1400b0af70
:10243400258080005000878c059d063c7cd6c624f0
:1024440088008594d800410f6800848cffff4530d4
:10245400c70a410f252000020700401425884000c8
:1024640009000224080002ae0180023c48e2458cc7
:10247400f41c410f2520000204000224a40002ae33
:10248400251020021c00bf8f1800b18f1400b08fdc
:082494000800e0032000bd2751
:020000040000fa
:020000041d04d9
:10249c00e0ffbd271c00bfaf1800b1af1400b0aff8
:1024ac00258080004c00878c059d063c88d6c62470
:1024bc0088008594d800410f6800848cffff45305c
:1024cc00c70a410f25200002070040142588400050
:1024dc0007000224080002ae0180023c48e2458c51
:1024ec00f41c410f2520000203000224a40002aebc
:1024fc00251020021c00bf8f1800b18f1400b08f64
:08250c000800e0032000bd27d8
:020000040000fa
:020000041d04d9
:10251400e0ffbd271c00bfaf1800b1af1400b0af7f
:10252400258080004800878c059d063c94d6c624ef
:1025340088008594d800410f6800848cffff4530e3
:10254400c70a410f252000020700401425884000d7
:1025540005000224080002ae0180023c48e2458cda
:10256400f41c410f2520000202000224a40002ae44
:10257400251020021c00bf8f1800b18f1400b08feb
:082584000800e0032000bd2760
:020000040000fa
:020000041d04d9
:10258c001b00c01000000000e0ffbd271c00bfaf07
:10259c001800b2af1400b1af1000b0af2580c0006e
:1025ac002590a000392b410f2520c0004100512c53
:1025bc00400003240b185100258860002530600072
:1025cc0025280002422c410f2000448e2000428e10
:1025dc0021885100000020a21c00bf8f1800b28f70
:1025ec001400b18f1000b08f0800e0032000bd274d
:0825fc000800e00300000000ec
:020000040000fa
:020000041d04d9
:102604007081828f040040500180023c1800441401
:102614000180023c708180afe8e145941200a01073
:10262400251000007481828f42004394400063307f
:102634000b0060547081838f010063240300655490
:10264400700042240500001025100000420044944c
:1026540040008430f9ff8010010063247081838f6f
:1026640003006014000000000800e003708182afe2
:082674000800e0030000000073
:020000040000fa
:020000041d04d9
:10267c000180023cb4e0428c190040102518a000e7
:10268c008410037c08000224030062100e00022454
:10269c001300a21400000000e8ffbd270900801001
:1026ac001400bfaf0180033ca0e063245800849465
:1026bc0001000224041082000c00648c25104400dc
:1026cc000c0062ac253000000001052429fb400ff2
:1026dc000e0004241400bf8f0800e0031800bd276f
:0826ec000800e00300000000fb
:020000040000fa
:020000041d04d9
:1026f400e0ffbd271c00bfaf1800b2af1400b1af9c
:102704001000b0af258880000800908c2c000226b1
:102714000a10100025804000392b410f252040006d
:10272400030052240e0023962b1872000800601434
:10273400ffff02241000248e04000224000082a063
:1027440025280002ba2d410f0100842425104002df
:102754001c00bf8f1800b28f1400b18f1000b08f0f
:082764000800e0032000bd277e
:020000040000fa
:020000041d04d9
:10276c000180023c28df42243400439082bf043ca9
:10277c0000040524140285ac81bf043c1000053c08
:10278c00840085ac0a000424240044ac0200042418
:10279c00280044ac2c00428c0d004010ff0063302c
:1027ac000b0060140180023ce8ffbd271400bfaf92
:1027bc0028df42243000448c2c00428c09f8400065
:1027cc00000000001400bf8f0800e0031800bd27b4
:0827dc000800e003000000000a
:020000040000fa
:020000041d04d9
:1027e400a8ffbd275400bfaf5000b1af4c00b0af3d
:1027f4005800a4af2588a000253000001000a527ac
:102804005e41400f5800a4270d004014258040006d
:102814005800a58f1a32400f1000a4270800401456
:10282400258040003f00a2830500420406001024d6
:102834000300201225282002b16a400f1000a427ab
:10284400251000025400bf8f5000b18f4c00b08f90
:082854000800e0035800bd2755
:020000040000fa
:020000041d04d9
:10285c00e0ffbd271c00bfaf1800b2af1400b1af32
:10286c000d32410f1000b0af258840000180103ca4
:10287c00e8de10260400028e1800428c09f8400095
:10288c00000000001000038e231043002800048e6b
:10289c002c00058e219044002b1042022180450013
:1028ac001432410f25202002251040022518000269
:1028bc001c00bf8f1800b28f1400b18f1000b08fa6
:0828cc000800e0032000bd2715
:020000040000fa
:020000041d04d9
:1028d400e0ffbd271c00bfaf1800b1af1400b0afbc
:1028e4009113410f25808000110040100100112434
:1028f4009c06410f252000020b004010258040005b
:10290400010042900400401000000000e2fb400f70
:1029140025200002010000a2180000a2190000a254
:10292400000000a2258800004022410f00000000a2
:10293400251020021c00bf8f1800b18f1400b08f27
:082944000800e0032000bd279c
:020000040000fa
:020000041d04d9
:10294c00e8ffbd271400bfaf1000b0af0e21410f40
:10295c00258080000c0040101400bf8f34000296bc
:10296c0000f042300b004010090005249d11410f6e
:10297c002520000203004010030002241a0002a6c6
:10298c001c0000a61400bf8f1000b08f0800e003dd
:10299c001800bd27060005249d11410f25200002bb
:1029ac00f8ff4010050002241a0002a6f5ff0010e3
:0429bc001c0000a655
:020000040000fa
:020000041d04d9
:1029c000e8ffbd271400bfaf1000b0af2580800026
:1029d0004775400f00008494000002a64775400f21
:1029e00002000496020002a64475400f0400048e03
:1029f000040002ae4475400f0800048e080002aec9
:102a00004775400f0e0004960e0002a64775400f52
:102a100010000496100002a64775400f120004969d
:102a2000120002a61400bf8f1000b08f0800e00350
:042a30001800bd27a6
:020000040000fa
:020000041d04d9
:102a3400e8ffbd271400bfafde2c410f1000b0af7c
:102a44001300401025180000258040008400428cab
:102a54004005427c09004014010003248400028ed6
:102a640004c6627c840002ae01000524f9b5400f5f
:102a74002520000206004010010003242530000038
:102a84000100052447d9400f25200002010003243a
:102a9400251060001400bf8f1000b08f0800e00301
:042aa4001800bd2732
:020000040000fa
:020000041d04d9
:102aa80025108000000083948439037c2528650064
:102ab8000800c010000085a40300c3880000c39864
:102ac800100083ac0400c390140083a00500c390d9
:102ad800150083a00180033c2cde638c0c0043ac02
:102ae800010003240900e010160043a4e8ffbd27f5
:102af8001400bfaf2520e00017f2400f0400452462
:102b08001400bf8f0800e0031800bd270800e00389
:042b180000000000b9
:020000040000fa
:020000041d04d9
:102b1c00e0ffbd271c00bfaf1800b1af1400b0af71
:102b2c00258080002588a0007a0080a42530000034
:102b3c007973400f0c0084840c00401001000324b6
:102b4c00253820026800068e05000524ac26410fae
:102b5c0025200002253020026800058e39b2400f76
:102b6c000c0004867a0002a62518000025106000cf
:102b7c001c00bf8f1800b18f1400b08f0800e00349
:042b8c002000bd2741
:020000040000fa
:020000041d04d9
:102b90001a008010f7ff02242400828c15004010d8
:102ba000f9ff02243000828c03004010f9ff022458
:102bb0000800e003380082ace8ffbd271400bfaf77
:102bc0001000b0af2580800024000624b02d410ff6
:102bd000252800004400028e09f840004000048ec1
:102be000251000001400bf8f1000b08f0800e00314
:102bf0001800bd270800e003380082ac0800e0039d
:042c000000000000d0
:020000040000fa
:020000041d04d9
:102c04000d00829019004010000000000c0082901a
:102c1400ff004230fdff4010000000000c008390d4
:102c2400ff0063301100601025100000e8ffbd278d
:102c34001400bfaf1000b0af0d32410f25808000eb
:102c44000c000392ffff6324ff0063300c0003a217
:102c54001432410f25204000010002241400bf8fcc
:102c64001000b08f0800e0031800bd270800e0033f
:042c7400000000005c
:020000040000fa
:020000041d04d9
:102c780082bf023c1022428c0e00423017004010e6
:102c880082bf023c1022428c0200423003004010f6
:102c980082bf023c02000324142243ac82bf023ce0
:102ca8001022428c010042300700401082bf033cd2
:102cb80082bf043c3022828c1022628c0100423098
:102cc800fcff40140000000081bf023c0200033cee
:102cd800840043ac0400033c840043ac0800e003d8
:042ce80000000000e8
:020000040000fa
:020000041d04d9
:102cec0082bf023c102a428c0e004230170040106a
:102cfc0082bf023c102a428c02004230030040107a
:102d0c0082bf023c02000324142a43ac82bf023c63
:102d1c00102a428c010042300700401082bf033c55
:102d2c0082bf043c302a828c102a628c0100423013
:102d3c00fcff40140000000081bf023c0010033c6b
:102d4c00940043ac0020033c940043ac0800e00327
:042d5c000000000073
:020000040000fa
:020000041d04d9
:102d6000e0ffbd271c00bfaf1800b2af1400b1af29
:102d70001000b0af258880002590a000982e410f4c
:102d80002580c00025184000010044300b0080144d
:102d90000300022404006330080060140a000224c7
:102da0000600001211000224253800020700062444
:102db000252840020971400f252020021c00bf8fea
:102dc0001800b28f1400b18f1000b08f0800e0031c
:042dd0002000bd27fb
:020000040000fa
:020000041d04d9
:102dd400e0ffbd271c00bfaf1800b2af1400b1afb5
:102de4001000b0af25908000408904002110240217
:102df4000011020000a0103c4037102621105000a2
:102e040002000324000243acffff0324ced2400f90
:102e1400040243ac2188320200891100218011028e
:102e2400040202ae9ce9400f252040021c00bf8f23
:102e34001800b28f1400b18f1000b08f0800e003a7
:042e44002000bd2786
:020000040000fa
:020000041d04d9
:102e48001000822c170040100000000080100400c1
:102e5800049d043c6c2e84240a20827c0800800097
:102e680000000000ac2e049db42e049dac2e049de1
:102e7800ac2e049db42e049db42e049db42e049d46
:102e8800b42e049dac2e049dac2e049dac2e049d46
:102e9800b42e049db42e049dac2e049db42e049d26
:102ea800b42e049d0800e003251000000800e0038c
:042eb80001000224ef
:020000040000fa
:020000041d04d9
:102ebc004554484d414300004d434850424f415208
:102ecc00445f45003139322e3136382e3130302eb8
:102edc00313000003235352e3235352e3235352e27
:102eec00300000003139322e3136382e3130302e50
:102efc0031000000302e302e302e300066756c6c98
:102f0c0000000000706f6f6c2e6e74702e6f726705
:102f1c00000000002f6d6e742f6d63687053697420
:042f2c0065312f00dc
:020000040000fa
:020000041d00dd
:10011000e0ffbd271c00bfaf1800b1af1400b0afa7
:10012000258880002580a000252880008927410f90
:100130002520000209004010010006242528400067
:100140009522410f252000021000438c000060ac76
:100150007000038e09f86000252040006800028ec0
:100160002528200209f840006000048e1c00bf8f83
:100170001800b18f1400b08f0800e0032000bd27e5
:020000040000fa
:020000041d00dd
:10019000e0ffbd271c00bfaf1800b1af1400b0af27
:1001a000258880002580a000252880008927410f10
:1001b00025200002090040100200062425284000e6
:1001c0009522410f252000027400038e4010062462
:1001d000feff052409f86000252040006800028e1b
:1001e0002528200209f840006000048e1c00bf8f03
:1001f0001800b18f1400b08f0800e0032000bd2765
:020000040000fa
:020000041d04d9
:102f3000e0ffbd271c00bfaf1800b2af1400b1af57
:102f40001000b0af258080002588a0002590c0002b
:102f50000800048e0c00028e0a0082540000828c4d
:102f6000080000ae080080140c0000ae1c00bf8feb
:102f70001800b28f1400b18f1000b08f0800e0036a
:102f80002000bd27080002aef2ff20520800048e88
:102f900009f8200225284002eeff00100800048ee8
:020000040000fa
:020000041d04d9
:102fa000e8ffbd271400bfaf1000b0af0e21410fe6
:102fb0002580800012004010090005243400069688
:102fc0002200039600206430fffdc2300002c634a8
:102fd0000b10c40000106330fffe46300001423485
:102fe0000b304300cf11410f252000020400401098
:102ff000040002241a0002a6080002241c0002a6f3
:103000001400bf8f1000b08f0800e0031800bd2728
:020000040000fa
:020000041d04d9
:10301000e8ffbd271400bfaf1000b0af0e21410f75
:10302000258080000e0040101400bf8f34000296ef
:10303000080042300d004010001206242528000030
:10304000cf11410f2520000204004010040002248b
:103050001a0002a60a0002241c0002a61400bf8f58
:103060001000b08f0800e0031800bd27f7ff05240b
:10307000361c410f25200002f9ff00101400bf8ffd
:020000040000fa
:020000041d04d9
:10308000e8ffbd271400bfaf1000b0af258080005f
:103090000800828c1400438c0000638c0a00469464
:1030a00025288000049d043c09f86000044884241d
:1030b00009004014010003243c0000ae0400022477
:1030c0001a0002a61c0002a61400bf8f1000b08fc9
:1030d0000800e0031800bd27fbff4310252840002f
:1030e000361c410f25200002f8ff00101400bf8f8e
:020000040000fa
:020000041d04d9
:1030f00016008490030003241700831001000224ab
:10310000e8ffbd271400bfaf6080828f0e0040141f
:1031100025300000039d053c6c9da5249703410fbd
:1031200006000424070040145c8082af922b410ffc
:1031300000000000251000001400bf8f0800e0030d
:103140001800bd276080828f01004224608082af1a
:10315000f9ff0010010002240800e0030000000055
:020000040000fa
:020000041d04d9
:10316000510082800500400400000000030002249a
:10317000400082a40800e00309000224e8ffbd2704
:103180001400bfaf1000b0af258080000c00828c0f
:10319000000040a028ca400f1800848c0c0002ae2a
:1031a000400004960a00032405008310090002244d
:1031b00050000292500000a20100422c070042245d
:1031c0001400bf8f1000b08f0800e0031800bd2767
:020000040000fa
:020000041d04d9
:1031d000e0ffbd271c00bfaf1800b1af1400b0afb7
:1031e000258080008c00878c059d063c40d6c62437
:1031f00088008594d800410f6800848cffff45301b
:10320000c70a410f2520000207004014258840000e
:1032100025000224080002ae0180023c48e2458cf1
:10322000f41c410f25200002251020021c00bf8f36
:103230001800b18f1400b08f0800e0032000bd27f4
:020000040000fa
:020000041d04d9
:10324000e0ffbd271c00bfaf1800b1af1400b0af46
:10325000258080008c00878c059d063c4cd6c624ba
:1032600088008594d800410f6800848cffff4530aa
:10327000c70a410f2520000207004014258840009e
:1032800014000224080002ae0180023c48e2458c92
:10329000f41c410f25200002251020021c00bf8fc6
:1032a0001800b18f1400b08f0800e0032000bd2784
:020000040000fa
:020000041d04d9
:1032b000e0ffbd271c00bfaf1800b1af1400b0afd6
:1032c000258080008c00878c059d063c58d6c6243e
:1032d00088008594d800410f6800848cffff45303a
:1032e000c70a410f2520000207004014258840002e
:1032f00012000224080002ae0180023c48e2458c24
:10330000f41c410f25200002251020021c00bf8f55
:103310001800b18f1400b08f0800e0032000bd2713
:020000040000fa
:020000041d04d9
:10332000e0ffbd271c00bfaf1800b1af1400b0af65
:10333000258080008c00878c059d063c64d6c624c1
:1033400088008594d800410f6800848cffff4530c9
:10335000c70a410f252000020700401425884000bd
:1033600010000224080002ae0180023c48e2458cb5
:10337000f41c410f25200002251020021c00bf8fe5
:103380001800b18f1400b08f0800e0032000bd27a3
:020000040000fa
:020000041d04d9
:10339000e0ffbd271c00bfaf1800b1af1400b0aff5
:1033a000258080008c00878c059d063c70d6c62445
:1033b00088008594d800410f6800848cffff453059
:1033c000c70a410f2520000207004014258840004d
:1033d0000c000224080002ae0180023c48e2458c49
:1033e000f41c410f25200002251020021c00bf8f75
:1033f0001800b18f1400b08f0800e0032000bd2733
:020000040000fa
:020000041d04d9
:10340000e8ffbd27050080101400bfafa92a410fb7
:103410007081848f140040141400bf8f0180023c1f
:10342000e8e145940f00a010251000007481828f00
:10343000251800004200449440008430060080506b
:10344000010063246400449001008430060080146d
:103450001400bf8f01006324f6ff6514700042243e
:10346000251000001400bf8f0800e0031800bd27de
:020000040000fa
:020000041d04d9
:10347000e8ffbd271400bfaf1000b0afc912410f65
:10348000258080003c00028e448c027c3c0002ae11
:10349000b821410f252000022c00048e030080106b
:1034a00009000624b012410fefff05241200028626
:1034b00080180200d481828f21104300000040acac
:1034c000cc81848f0c00828c09f8400025280002f2
:1034d0001400bf8f1000b08f0800e0031800bd2754
:020000040000fa
:020000041d04d9
:1034e000e8ffbd271400bfaf1000b0af82bf023ca1
:1034f0001022428c0e0042300180103c98df1026d2
:10350000300002ae81bf023c0200033c040143ac28
:103510000400033c040143ac2c0000a21e0b410f2d
:10352000000000002400028e060040101400bf8f2f
:103530002800048e2400028e09f8400000000000dc
:103540001400bf8f1000b08f0800e0031800bd27e3
:020000040000fa
:020000041d04d9
:10355000e8ffbd271400bfaf1000b0af82bf023c30
:10356000102a428c0e0042300180103cccdf102625
:10357000300002ae81bf023c0010033c140143ac9a
:103580000020033c140143ac2c0000a23b0b410f74
:10359000000000002400028e060040101400bf8fbf
:1035a0002800048e2400028e09f84000000000006c
:1035b0001400bf8f1000b08f0800e0031800bd2773
:020000040000fa
:020000041d04d9
:1035c0003400838c1800651025100000e0ffbd2733
:1035d0001c00bfaf1800b1af1400b0af2580800051
:1035e00092f2400f2588a0000a0040140100072431
:1035f00025302002380005267184400f0100049216
:1036000004004050340011ae01000224ffff1124d9
:10361000340011ae1c00bf8f1800b18f1400b08fa2
:103620000800e0032000bd270800e00300000000c0
:020000040000fa
:020000041d04d9
:103630008000822c030040100100033c0800e003de
:10364000ffff82302b18830013006010251000004c
:10365000b50103241000a314c70003240d00831038
:1036600080004224039d033ce635632401000224cc
:1036700080000524000066940600c45080004224a7
:1036800001004224ffff4230faff45140200632488
:1036900080004224ff0042300800e00300000000e8
:020000040000fa
:020000041d04d9
:1036a0000180023c1cdf428c0b0040500180023c38
:1036b000090080500180023c0c00438c2b186400f0
:1036c0000a006014000000000c00438c23206400fa
:1036d0000c0044ac0180023ce8de42241400438c20
:1036e000100043ac0800e003000000000c00438c15
:1036f0000c0040ac1c00428cf6ff401023208300dd
:10370000edff801400000000f3ff00100180023c78
:020000040000fa
:020000041d04d9
:10371000170080100180073c0ce3e28cf0ff862448
:10372000150040102540e000f0ff838c0000458c20
:1037300021488300070049141000a5241000428c82
:1037400021186500f0ff83ac000082ac0800e003a4
:103750000ce3e6ac213845000300c71421186500ce
:103760000800e003000043ac000082ac0ce306adaf
:103770000800e00300000000fcff0010000080ac27
:020000040000fa
:020000041d04d9
:1037800018008010f2ff02240800838c0180023ca4
:10379000ecdb422410006250020085840800e00344
:1037a000f2ff02240f00c010f4ff0224280086acb0
:1037b000200087a402000224180082a41c0080a418
:1037c0001a0080a401000224020082a41e0082a428
:1037d0000800e0030100022402000324f1ffa3100b
:0c37e000f3ff02240800e00300000000da
:020000040000fa
:020000041d04d9
:1037ec00e0ffbd271c00bfaf1800b1af1400b0af95
:1037fc002588a0000400400f2580c0001100405413
:10380c000c0051ac2e36410f000000000300422c7e
:10381c00080040141c00bf8f2c36410f0000000024
:10382c00059d053cb092a524c60f410f25204000f4
:10383c001c00bf8f1800b18f1400b08f0800e0037c
:0c384c002000bd27faff0010140050ac53
:020000040000fa
:020000041d04d9
:10385800d0ffbd272c00bfaf1000a5af7000828c31
:103868000000458c1800a5af7400828c0400468cbb
:103878001400a6af6c00828c0000438c1c00a3af20
:10388800ffff07240a00c71025100000ffff0624c9
:103898000700a610ffff0524050065102528000075
:1038a8006800828c0c00428c09f840001000a427a4
:0c38b8002c00bf8f0800e0033000bd278b
:020000040000fa
:020000041d04d9
:1038c400e0febd271c01bfaf1801b1af1401b0afba
:1038d400a830410f2588a000258040000a0000126e
:1038e400ffff0224000107241000a6272528200238
:1038f4001374400f2520000208004010000000004f
:10390400500002aeffff02241c01bf8f1801b18fcb
:103914001401b08f0800e0032001bd2732db400f03
:0c3924001000a427f9ff00101c01bf8f49
:020000040000fa
:020000041d04d9
:10393000e0febd271c01bfaf1801b1af1401b0af4d
:10394000a830410f2588a000258040000a00001201
:10395000ffff0224000107241000a62725282002cb
:103960001374400f252000020800401000000000e2
:10397000500002aeffff02241c01bf8f1801b18f5f
:103980001401b08f0800e0032001bd27fcda400fce
:0c3990001000a427f9ff00101c01bf8fdd
:020000040000fa
:020000041d04d9
:10399c00e0febd271c01bfaf1801b1af1401b0afe1
:1039ac00a830410f2588a000258040000a00001295
:1039bc00ffff0224000107241000a627252820025f
:1039cc001374400f25200002080040100000000076
:1039dc00500002aeffff02241c01bf8f1801b18ff3
:1039ec001401b08f0800e0032001bd2751b7400f30
:0c39fc001000a427f9ff00101c01bf8f71
:020000040000fa
:020000041d04d9
:103a0800e8ffbd271400bfaf1000b0af25808000cd
:103a18000c000224700082a07400828480180200c6
:103a2800e480828f21104300000040acd880848f4e
:103a38000c00828c09f840001400058ed880848f11
:103a48000c00828c09f840000000058ed880848f15
:103a58000c00828c09f84000252800021400bf8f52
:0c3a68001000b08f0800e0031800bd271c
:020000040000fa
:020000041d04d9
:103a7400e0ffbd271c00bfaf1800b2af1400b1af08
:103a84001000b0af0c00c0102580c0002590a0002d
:103a9400de2c410f2588e0000700405025800000ff
:103aa4007800438c0400605425800000780050acfa
:103ab400760052a47c0051ac251000021c00bf8f7c
:103ac4001800b28f1400b18f1000b08f0800e0030b
:0c3ad4002000bd27f8ff00102580000036
:020000040000fa
:020000041d04d9
:103ae000e0ffbd271c00bfaf1800b1af1400b0af9e
:103af00025808000059d063c28d8c6248800859432
:103b0000d800410f6800848cffff4530c70a410f81
:103b100025200002070040142588400022000224ce
:103b2000080002ae0180023c48e2458cf41c410fc3
:103b300025200002251020021c00bf8f1800b18f25
:0c3b40001400b08f0800e0032000bd2737
:020000040000fa
:020000041d04d9
:103b4c00e0ffbd271c00bfaf1800b1af1400b0af31
:103b5c0025808000059d063c30d8c62488008594bd
:103b6c00d800410f6800848cffff4530c70a410f15
:103b7c00252000020700401425884000180002246c
:103b8c00080002ae0180023c48e2458cf41c410f57
:103b9c0025200002251020021c00bf8f1800b18fb9
:0c3bac001400b08f0800e0032000bd27cb
:020000040000fa
:020000041d04d9
:103bb800e0ffbd271c00bfaf1800b1af1400b0afc5
:103bc80025808000059d063c38d8c6248800859449
:103bd800d800410f6800848cffff4530c70a410fa9
:103be8002520000207004014258840001600022402
:103bf800080002ae0180023c48e2458cf41c410feb
:103c080025200002251020021c00bf8f1800b18f4c
:0c3c18001400b08f0800e0032000bd275e
:020000040000fa
:020000041d04d9
:103c2400e0ffbd271c00bfaf1800b1af1400b0af58
:103c340025808000059d063c40d8c62488008594d4
:103c4400d800410f6800848cffff4530c70a410f3c
:103c54002520000207004014258840000e0002249d
:103c6400080002ae0180023c48e2458cf41c410f7e
:103c740025200002251020021c00bf8f1800b18fe0
:0c3c84001400b08f0800e0032000bd27f2
:020000040000fa
:020000041d04d9
:103c9000e0ffbd271c00bfaf1800b1af1400b0afec
:103ca0002588a0004004f07c28000324140002248e
:103cb0000b107000258040002128a6002128450017
:103cc0002530e000b5cb400fffffa53007004010c6
:103cd0001c00bf8f060020121800b18f1800438c03
:103ce000218070001c0050ac1c00bf8f1800b18fe9
:0c3cf0001400b08f0800e0032000bd2786
:020000040000fa
:020000041d04d9
:103cfc000b00a010240085ac3c00828c0800400412
:103d0c00000000005d00829002004230040040146c
:103d1c00000000003c00828cc418027c3c0082ac89
:103d2c000c00c010251000005c00859001000324dd
:103d3c000800a314000000000000c28c180082ac24
:103d4c003c00828c60004234c439027c3c0082ac62
:0c3d5c00010002240800e0030000000049
:020000040000fa
:020000041d04d9
:103d6800e0ffbd271c00bfaf1800b2af1400b1af11
:103d78001000b0af0c00c0102580c0002588a0003e
:103d8800422d410f2590e00007004050258000009b
:103d98004c00438c04006054258000004c0050ac5b
:103da800500052ac5a0051a4251000021c00bf8fcd
:103db8001800b28f1400b18f1000b08f0800e00314
:0c3dc8002000bd27f8ff0010258000003f
:020000040000fa
:020000041d04d9
:103dd40081bf023c4000043c040144ac1000033c9d
:103de400040143ac82bf023c9e000524400245ac62
:103df40082bf023c00200524040245ac00020524d5
:103e0400040245ac00010524040245ac81bf023c18
:103e1400840044ac840043ac82bf023c0080033481
:103e2400080243ac0180023c28df42240a00032438
:0c3e3400240043ac0800e0030000000084
:020000040000fa
:020000041d04d9
:103e400018008014ffff02242518a0000180023c06
:103e5000f0e24590010004241200a414ffff0224a4
:103e6000e8ffbd271400bfaf1000b0af2528c00089
:103e70000180023ce8e25024080000a2e8e2428c03
:103e80000000428c09f84000252060000100032456
:103e9000080003a21400bf8f1000b08f0800e003d9
:0c3ea0001800bd270800e003000000002f
:020000040000fa
:020000041d04d9
:103eac0018008014ffff02242518a0000180023c9a
:103ebc00f0e24590010004241200a414ffff022438
:103ecc00e8ffbd271400bfaf1000b0af2528c0001d
:103edc000180023ce8e25024080000a2e8e2428c97
:103eec000c00428c09f840002520600001000324de
:103efc00080003a21400bf8f1000b08f0800e0036d
:0c3f0c001800bd270800e00300000000c2
:020000040000fa
:020000041d04d9
:103f1800180080140180023cf4e2428c1500401025
:103f28000180023ce0ffbd271c00bfaf1800b1af05
:103f38001400b0aff8e2518c090020122580a000cf
:103f4800392b410f2520a0001800238e2530400072
:103f5800252800020180023c09f86000fce2448c3c
:103f68001c00bf8f1800b18f1400b08f0800e00349
:0c3f78002000bd270800e003000000004e
:020000040000fa
:020000041d04d9
:103f8400e8ffbd271400bfafac82828f060040104b
:103f9400010003240d004310000000001400bf8f33
:103fa4000800e0031800bd278c1d410f000000002d
:103fb400b32e410f000000004034410f0000000008
:103fc40001000224f5ff0010ac8282af514c400f77
:103fd40000000000bc2e410f00000000e643400f2b
:0c3fe40000000000eeff00101400bf8f72
:020000040000fa
:020000041d04d9
:103ff000200003240b20a5000b180500022c040050
:104000000400a0140212050010006334252880006b
:10401000021205000400401402210200080063346b
:104020002510a00002210200040080548210040028
:104030000400633425204000821004000400405432
:10404000421002000200633425108000421002007a
:0c405000010042380800e0032510430086
:020000040000fa
:020000041d04d9
:10405c0017008010f2ff02240800838c0180023cc0
:10406c00ecdb42240f006250020085840800e00360
:10407c00f2ff02240e00c010f4ff0224280086accc
:10408c0004000224180082a41c0080a41a0080a43e
:10409c0001000224020082a41e0082a40800e00396
:1040ac000100022402000324f2ffa310f3ff0224f8
:0840bc000800e0030000000011
:020000040000fa
:020000041d04d9
:1040c400e8ffbd271400bfaf1000b0af0e21410fb1
:1040d40025808000080040101400bf8f3400029631
:1040e4000800423007004014f7ff0524361c410f36
:1040f400252000021400bf8f1000b08f0800e003d9
:104104001800bd270012062425280000cf11410ff6
:1041140025200002f7ff4010020002241a0002a624
:08412400f4ff00101c0000a6ce
:020000040000fa
:020000041d04d9
:10412c00e8ffbd271400bfaf1000b0af25808000a2
:10413c000800828c1400438c0400638c1000468ca5
:10414c0025288000049d043c09f860000448842460
:10415c000700410425284000361c410f2520000291
:10416c001400bf8f1000b08f0800e0031800bd27ab
:10417c00fbff4014040002241a0002a605000224ce
:08418c00f7ff00101c0002a661
:020000040000fa
:020000041d04d9
:10419400e0ffbd271c00bfaf1800b1af1400b0afe3
:1041a400258880002580a0002800848c0f008230a0
:1041b40001000524042845005731410f0221040061
:1041c400080020ae3400228e0000428c0c00078ec2
:1041d4000000068e0800058e09f840000400048ed5
:1041e400010002241c00bf8f1800b18f1400b08f8f
:0841f4000800e0032000bd27d4
:020000040000fa
:020000041d04d9
:1041fc00e0ffbd271c00bfaf1800b1af1400b0af7b
:10420c00258080000000a494400082300c004010f7
:10421c002588a0000400042678f4400f040025260d
:10422c0025282002552a410f0000048e1c00bf8f48
:10423c001800b18f1400b08f0800e0032000bd27d8
:10424c008000843024000226140003260b10640026
:08425c00f1ff001025204000d5
:020000040000fa
:020000041d04d9
:104264000400a38c0900632815006014ffff0224d6
:104274000000a38c3d000224000062a00700022479
:10428400010062a001000224020062a03c0082241a
:104294000a100400252040000300622403008588de
:1042a40000008598060065a8000045b804008390c6
:1042b400040043a005008390050043a009000224e4
:0842c4000800e0030000000007
:020000040000fa
:020000041d04d9
:1042cc000400a38c0600632815006014ffff022471
:1042dc000000a68c0100c3900400632c1000601435
:1042ec000000000060008290040042300a0040147c
:1042fc000200c524380082240300a3880000a39880
:10430c003b0083a8000043b86400829001000324a2
:10431c004408627c640082a00100c2900200422426
:08432c000800e003000000009e
:020000040000fa
:020000041d04d9
:104334000400a38c0600632815006014ffff022408
:104344000000a38c01006690040005241000c5142d
:1043540000000000600085900400a5300c00a0144b
:10436400060002243c0085240200622403004388e2
:10437400000043983f0083a80000a3b86400829023
:10438400010003248410627c640082a006000224dd
:084394000800e0030000000036
:020000040000fa
:020000041d04d9
:10439c00e0ffbd271c00bfaf1800b2af1400b1afd7
:1043ac001000b0af5122410f2590800025804000b5
:1043bc0054005196ffff3126d72e410f02882272ee
:1043cc00408010001b005000f4010002108000001f
:1043dc00218011027020410f000050ae040042ae4b
:1043ec001c00bf8f1800b28f1400b18f1000b08f5b
:0843fc000800e0032000bd27ca
:020000040000fa
:020000041d04d9
:1044040090ffbd276c00bfaf6800b1af6400b0afd0
:10441400258080002588a000480006242528000067
:10442400b02d410f1400a4271000b1af0000058285
:104434000600a010010010263aff400f1000a42728
:1044440000000582fcffa014010010269b14410ffc
:104454001000a4276c00bf8f6800b18f6400b08f78
:084464000800e0037000bd2711
:020000040000fa
:020000041d04d9
:10446c000200832c16006010ffff02244010040091
:10447c002110440080100200231044008010020020
:10448c000080033c4867638c211862001400648c24
:10449c00ffff06240a008610ffff0224e8ffbd2759
:1044ac001400bfaf0800628c1400428c09f8400065
:1044bc00000000001400bf8f0800e0031800bd27a7
:0844cc000800e00300000000fd
:020000040000fa
:020000041d04d9
:1044d4000200822c160040104010040021104400f9
:1044e4008010020023104400801002000080033c6e
:1044f4004867648c21108200000043900c00601017
:10450400000000000800438c2c00638c080060103d
:1045140000000000e8ffbd271400bfaf09f86000e9
:104524001000448c1400bf8f0800e0031800bd275e
:084534000800e0030000000094
:020000040000fa
:020000041d04d9
:10453c0003000000c8d4049d060000000000000029
:10454c000200000020b6049d0900000028d9049d3b
:10455c000a00000020d9049d0c00000018d9049d0d
:10456c000e00000000e300800f000000c4d0049d8a
:10457c0014000000a4c8049d2400000030d7049d42
:10458c001600000084b0049d0100000060670080ec
:08459c0040100000c4bf049da3
:020000040000fa
:020000041d04d9
:1045a400e0ffbd271c00bfaf1800b2af1400b1afcd
:1045b4001000b0af259080002588a0005516410f4b
:1045c4002580c00006004054000052ac5516410f2f
:1045d400feff0424050040107cff0324000052acbd
:1045e400040051ac080050ac2518000025106000f0
:1045f4001c00bf8f1800b28f1400b18f1000b08f51
:084604000800e0032000bd27bf
:020000040000fa
:020000041d04d9
:10460c002b18a4000e006010251080002120a6009d
:10461c002b1844000b006050212046000600c010ef
:10462c0021184600ffff842400008580ffff6324cf
:10463c00fcff4314000065a00800e003000000002c
:10464c0021204600fcffc010251840000100a524c5
:10465c00ffffa68001006324fcff6414ffff66a02b
:08466c000800e003000000005b
:020000040000fa
:020000041d04d9
:10467400e8ffbd271400bfaf1000b0af2580800055
:1046840001000224300082a0320085a40300022429
:10469400310082a00800828c020042942fbd400f9a
:1046a400360082a42520400003004338050081041d
:1046b4002b100300f4ff0524361c410f25200002b3
:1046c400251000001400bf8f1000b08f0800e00315
:0446d4001800bd27e6
:020000040000fa
:020000041d04d9
:1046d800e8ffbd271400bfaf1000b0af25808000f1
:1046e8000800838c1000628c0600453004004434b6
:1046f8000a10850038004530200044340a1085002f
:10470800100062ac010005249d11410f2520000214
:1047180004004010040002241a0002a6010002242a
:104728001c0002a61400bf8f1000b08f0800e00321
:044738001800bd2781
:020000040000fa
:020000041d04d9
:10473c00e8ffbd271400bfaf1000b0af258080008c
:10474c0001000224300082a0320085a4310082a036
:10475c00340086a40800828c020042942fbd400fc6
:10476c00360082a425204000030043380500810454
:10477c002b100300f4ff0524361c410f25200002ea
:10478c00251000001400bf8f1000b08f0800e0034c
:04479c001800bd271d
:020000040000fa
:020000041d04d9
:1047a000e8ffbd271400bfaf1000b0af0e21410fce
:1047b00025808000080040101400bf8f340002964e
:1047c0000010423007004014f8ff0524361c410f4a
:1047d000252000021400bf8f1000b08f0800e003f6
:1047e0001800bd27252800009d11410f252000023b
:1047f000f8ff4010020002241a0002a6f5ff001084
:044800001c0000a6f2
:020000040000fa
:020000041d04d9
:10480400b42a039dd897049dd8b7049de4bb049da6
:10481400cc4f049d64ce029d085a049d98ad049d1e
:104824006cad049d7c84049d5877049da41b039d5a
:104834004c54049da854049d6c4f049d5c40049dfd
:104844008037049d0c4f049df483049d64a5049d4e
:104854009c77039dd471039ddcc1049d24bc049dfd
:0448640094a5049d76
:020000040000fa
:020000041d04d9
:10486800e8ffbd271400bfafe9f6400f1000b0af56
:104878001000401025804000140044241400429485
:1048880004004050240002966694400f0000000087
:104898002400029603004010240004266694400f6a
:1048a80000000000a800062425280000b02d410fb4
:1048b800252000021400bf8f1000b08f0800e0030d
:0448c8001800bd27f0
:020000040000fa
:020000041d04d9
:1048cc001600801025180000000082801300401094
:1048dc0000000000e0ffbd271c00bfaf1800b0af08
:1048ec002580a0001000a0af1000a627c2ec400f3e
:1048fc000a00052404004004020003241000a28fc7
:10490c00000002ae01000324251060001c00bf8fc4
:10491c001800b08f0800e0032000bd270800e0035a
:04492c0025106000f2
:020000040000fa
:020000041d04d9
:10493000e8ffbd271400bfaf0400848c2400858ce1
:104940001200a0100180033c18de63241400628c66
:104950000800a58c231045003400638c2b10430005
:104960000200405414008424240084243ff8400fa3
:1049700000000000fcff43240a180200251060001c
:104980001400bf8f0800e0031800bd27f7ff0010d8
:044990001400842467
:020000040000fa
:020000041d04d9
:10499400e8ffbd271400bfaf1000b0afb600410f51
:1049a40025808000090040141400bf8f1c07410fac
:1049b40025200002030003240700431401000224fd
:1049c400e11c410f252000021400bf8f1000b08f9e
:1049d4000800e0031800bd27a00002ae3c05410f0b
:1049e40025200002861f410f25200002f6ff00103b
:0449f400ffff02249b
:020000040000fa
:020000041d04d9
:1049f800e0ffbd271c00bfaf1800b1af1400b0af77
:104a08002580c0000002c230050040102588e00063
:104a1800010006240100052429fb400f240004247a
:104a280000041032070000121c00bf8f8600229677
:104a380004004234860022a612e9400f25202002f5
:104a48001c00bf8f1800b18f1400b08f0800e0035e
:044a58002000bd2756
:020000040000fa
:020000041d04d9
:104a5c00251080000000a48c0001033c7f0063241f
:104a6c0012008310000000000180023ce8e1459434
:104a7c000e00a010251000007481828f0400438c5e
:104a8c000a008310000000002518000001006324b8
:104a9c0003006554700042240800e0032510000058
:104aac000400468cfaff8654010063240800e003de
:044abc0000000000f6
:020000040000fa
:020000041d04d9
:104ac000e8ffbd270200a0101400bfaf2e0085a094
:104ad0000800828c060040100000000009f8400029
:104ae0000c00858c1400bf8f0800e0031800bd2760
:104af0002e36410f000000000200422cfaff405405
:104b00001400bf8f2c36410f00000000059d053cae
:104b100064bea52469f2400f25204000f2ff00107a
:044b20001400bf8f2f
:020000040000fa
:020000041d04d9
:104b2400e8ffbd271400bfaf1000b0af5c00839056
:104b34000100022408006214258080000c00848c8b
:104b4400060080500c0000ae2000828c0800423029
:104b540006004010000000000c0000ae1400bf8fdf
:104b64001000b08f0800e0031800bd27bc05410ffa
:104b74000000000056000296ffff4224f6ff0010da
:044b8400560002a62f
:020000040000fa
:020000041d04d9
:104b88000200032415008310ffff0224e8ffbd275d
:104b98001400bfaf2510e0002538c0002530a00064
:104ba800252840005b79400f01000424ffff0324ff
:104bb8000700431080180200d481848f0a18837c70
:104bc8003c00648c01000524448ca47c3c0064ac4b
:104bd8001400bf8f0800e0031800bd270800e00399
:044be80000000000c9
:020000040000fa
:020000041d04d9
:104bec00f8ffbd270400bfaf006802400008033c7b
:104bfc002510430000688240c0000000010003241f
:104c0c0081bf023cc40043ac251000000048824028
:104c1c00c0000000ffff022400588240c0000000ca
:104c2c0000680240c4de027c00688240c0000000c4
:104c3c0081bf023cc80043ac0400bf8f0800e003f6
:044c4c000800bd2778
:020000040000fa
:020000041d04d9
:104c500016008014ffff02240180023cf0e2449021
:104c60000100032411008314ffff0224e8ffbd2785
:104c70001400bfaf1000b0af0180023ce8e2502446
:104c8000080000a2e8e2428c1000428c09f84000c3
:104c90000000000001000324080003a21400bf8fdd
:104ca0001000b08f0800e0031800bd270800e003e3
:044cb0000000000000
:020000040000fa
:020000041d04d9
:104cb40016008014ffff02240180023cf0e24490bd
:104cc4000100032411008314ffff0224e8ffbd2721
:104cd4001400bfaf1000b0af0180023ce8e25024e2
:104ce400080000a2e8e2428c1400428c09f840005b
:104cf4000000000001000324080003a21400bf8f79
:104d04001000b08f0800e0031800bd270800e0037e
:044d1400000000009b
:020000040000fa
:020000041d04d9
:104d180016008014ffff02240180023cf0e2449058
:104d28000100032411008314ffff0224e8ffbd27bc
:104d38001400bfaf1000b0af0180023ce8e250247d
:104d4800080000a2e8e2428c0800428c09f8400002
:104d58000000000001000324080003a21400bf8f14
:104d68001000b08f0800e0031800bd270800e0031a
:044d78000000000037
:020000040000fa
:020000041d04d9
:104d7c0016008014ffff02240180023cf0e24490f4
:104d8c000100032411008314ffff0224e8ffbd2758
:104d9c001400bfaf1000b0af0180023ce8e2502419
:104dac00080000a2e8e2428c0400428c09f84000a2
:104dbc000000000001000324080003a21400bf8fb0
:104dcc001000b08f0800e0031800bd270800e003b6
:044ddc0000000000d3
:020000040000fa
:020000041d04d9
:104de000e8ffbd271400bfaf1000b0af3827410f58
:104df00025808000100040101400bf8f98fb400fea
:104e000025200002ffff10320081100000a0023cac
:104e100000a0033c285d6324285942240a10507cda
:104e20000400648c231044000800638c26104300a7
:104e30000100422c1400bf8f1000b08f0800e00367
:044e40001800bd2772
:020000040000fa
:020000041d04d9
:104e44000180023c18df4390140060140100022426
:104e54000180023c20df4490010003240f008314ee
:104e640025100000e8ffbd271400bfaf1000b0af4d
:104e74000180103ce8de1026380000a20e18410f15
:104e84000800048e310002a2010002241400bf8f26
:104e94001000b08f0800e0031800bd270800e003ed
:044ea400000000000a
:020000040000fa
:020000041d04d9
:104ea800e0ffbd271c00bfaf5a0002241000a2a3d8
:104eb800a5ff02241100a2a3050002241200a2a348
:104ec80082ff02241300a2a3021204001400a2a36a
:104ed8001500a4a3031205001600a2a31700a5a39a
:104ee8001834410f00000000fdff4014080005249d
:104ef800dfdc400f1000a4271c00bf8f0800e00370
:044f08002000bd27a1
:020000040000fa
:020000041d04d9
:104f0c0015008010f2ff02240800838c0180023c03
:104f1c00ecdb42240d006250020086840800e003a2
:104f2c00f2ff0224280085ac06000224180082a49b
:104f3c001c0080a41a0080a401000224020082a498
:104f4c001e0082a40800e0030100022402000324d6
:104f5c00f4ffc310f3ff02240800e003000000007c
:020000040000fa
:020000041d04d9
:104f6c0015008010f2ff02240800838c0180023ca3
:104f7c00ecdb42240d006250020085840800e00343
:104f8c00f2ff0224280086ac03000224180082a43d
:104f9c001c0080a41a0080a401000224020082a438
:104fac001e0082a40800e003010002240200032476
:104fbc00f4ffa310f3ff02240800e003000000003c
:020000040000fa
:020000041d04d9
:104fcc000180023cecdb4224100044500180023c86
:104fdc000800e00300000000e8ffbd271400bfaf8d
:104fec0028dc429480180200059d023c30c2422409
:104ffc000a10437c0180043c09f8400010dc842436
:10500c001400bf8f0800e0031800bd2710dc42908d
:10501c00f1ff40540180023c0800e0030000000056
:020000040000fa
:020000041d04d9
:10502c00e8ffbd271400bfaf1000b0af0e21410f39
:10503c00258080000f0040101400bf8f2800048ec4
:10504c000900801025280000340003968000627c43
:10505c001000633025284000040042340a10a300dd
:10506c00000082ac25280000361c410f25200002d0
:10507c001400bf8f1000b08f0800e0031800bd278c
:020000040000fa
:020000041d04d9
:10508c00e8ffbd271400bfaf00a0023ca45d422482
:10509c00010040a000a0033c05000424b45d64a002
:1050ac000180043cd0dd8424b45d63243c0083acdb
:1050bc0001000324400083ac380082ac02000224bf
:1050cc00440082ac0180053c6510410f08dea5242c
:1050dc00010002241400bf8f0800e0031800bd2754
:020000040000fa
:020000041d04d9
:1050ec00e0ffbd271c00bfaf1800b1af1400b0af7c
:1050fc00258080002588a0002538000062008624c9
:10510c00fc81400f1400858c020003240900431419
:10511c00ffff022401000224000022a20c00022442
:10512c001c00bf8f1800b18f1400b08f0800e00373
:10513c002000bd27140002aef9ff00100d00022460
:020000040000fa
:020000041d04d9
:10514c00e8ffbd271400bfaf1000b0af2881828fdd
:10515c000f0040102580800001000624010005246a
:10516c0062d1400f1000848c1600039202000224be
:10517c00070062142881828fffff42240400401430
:10518c00288182af9be7400f00000000188180afa0
:10519c001400bf8f1000b08f0800e0031800bd276b
:020000040000fa
:020000041d04d9
:1051ac00e8ffbd271400bfaf1000b0af2580800012
:1051bc0024008484ffff0224060082500c00048e1d
:1051cc0065f8400f00000000ffff0224240002a637
:1051dc000c00048e0400801000000000b52a410f62
:1051ec00000000000c0000aed9ea400f25200002a0
:1051fc001400bf8f1000b08f0800e0031800bd270b
:020000040000fa
:020000041d04d9
:10520c00e8ffbd271400bfaf1000b0af5000838c77
:10521c000e006010f2ff10244400828c3000428c8f
:10522c0009f840002520600025804000272002005e
:10523c00e5140724059d063c10d0c624059d053cad
:10524c00c89ba524d1fe400fc227040025100002e4
:10525c001400bf8f1000b08f0800e0031800bd27aa
:020000040000fa
:020000041d04d9
:10526c000400868c1400c004ffff0324e0ffbd275c
:10527c001c00bfaf1800b0af258080001000a7271e
:10528c000c0085242860400f0000848c050040141d
:10529c00ffff03240400048e1000a28f0100825033
:1052ac000800038e251060001c00bf8f1800b08f03
:1052bc000800e0032000bd270800e0032510600073
:020000040000fa
:020000041d04d9
:1052cc00ffff83301900632c1300601013000224bd
:1052dc00ffff833000a0023c002903002859422420
:1052ec00211045000c00458c0b00a4141300022463
:1052fc000019030000a0023c28594224211062002e
:10530c00ffff0324000043ac080040acff00032463
:10531c000c0043ac251000000800e0030000000066
:020000040000fa
:020000041d04d9
:10532c00110080100100022411008210ffff0224e2
:10533c000080023c5467428c0f0040100080033cfc
:10534c005e6763900c00601400000000e8ffbd274e
:10535c001400bfaf09f840000300c6901400bf8fc3
:10536c000800e0031800bd27f1ff00102400c0acba
:10537c00efff00102400c2ac0800e00300000000a6
:020000040000fa
:020000041d04d9
:10538c00e8ffbd271400bfaf8131410f1000b0af53
:10539c000180103cc400400fc4e0048ec4e0102611
:1053ac00fc60400f0800048e049d023ca879428cde
:1053bc0009f840001400048e641b400f1000048e8a
:1053cc00c7af400f2000048ee10f410f000000001a
:1053dc001400bf8f1000b08f0800e0031800bd2729
:020000040000fa
:020000041d04d9
:1053ec00e8ffbd271400bfaf8882838f11006014c3
:1053fc002510000001000224848282af25300000b9
:10540c0000400524ea2b410f06000424001006245a
:10541c0000100524ea2b410f060004247020410fd4
:10542c0000000000808282af02000224888282afda
:10543c00010002241400bf8f0800e0031800bd27f0
:020000040000fa
:020000041d04d9
:10544c0014008010f2ff02240800838c0180023cbf
:10545c00ecdb42240c006250020085840800e0035f
:10546c00f2ff022405000224180082a41c0080a470
:10547c001a0080a401000224020082a41e0082a44f
:10548c000800e0030100022402000324f5ffa3102e
:0c549c00f3ff02240800e0030000000001
:020000040000fa
:020000041d04d9
:1054a80014008010f2ff02240800838c0180023c63
:1054b800ecdb422406006250c1bf023c0800e00356
:1054c800f2ff0224251864000800e0030000a3ace2
:1054d800c0ff438c0006647c01008424c0ff438c19
:1054e8004006637c0100632c00190300f5ffa0143b
:0c54f800251000000800e0030000000088
:020000040000fa
:020000041d04d9
:10550400e8ffbd271400bfaf1000b0afbcfc400fd4
:10551400010005240d004010258040006694400fd2
:10552400252040000400108e090000121400bf8fd3
:105534000d32410f000000000000039201006324bb
:10554400000003a21432410f252040001400bf8f35
:0c5554001000b08f0800e0031800bd2715
:020000040000fa
:020000041d04d9
:10556000e0ffbd271c00bfaf1800b1af1400b0af03
:10557000258080006c35410f2588a000090040146b
:10558000251800000400201200000000872b410fa6
:1055900025200002000022aeb634410f2520000273
:1055a00001000324251060001c00bf8f1800b18f7c
:0c55b0001400b08f0800e0032000bd27ad
:020000040000fa
:020000041d04d9
:1055bc000d0a3430343a2046696c65206e6f7420c5
:1055cc00666f756e643c62723e557365203c61205b
:1055dc00687265663d222f6d70667375706c6f61b5
:1055ec0064223e4d5046532055706c6f61643c2fc5
:1055fc00613e20746f2070726f6772616d207765e9
:0c560c00622070616765730d0a000000e9
:020000040000fa
:020000041d04d9
:105618007000839003000224030062100800052430
:1056280010006514251000000800868c0c00838c7f
:105638002b10c30009004054231066000400858c19
:105648000000828c2310a200ffff42242318c3000d
:10565800231043000800e003ffff4230ffff42240d
:0c566800ffff42300800e00300000000db
:020000040000fa
:020000041d04d9
:10567400e8ffbd271400bfafde2c410f1000b0af10
:105684000d00401025180000258040007000449053
:105694000b0002240900821425106000d102410f7e
:1056a4002520000204004004251800000100022403
:1056b400700002a201000324251060001400bf8fb3
:0c56c4001000b08f0800e0031800bd27a4
:020000040000fa
:020000041d04d9
:1056d000e0ffbd271c00bfaf1800b1af1400b0af92
:1056e0002580c0000002c230050040102588e0007f
:1056f000010006240100052429fb400f2400042496
:1057000000041032050000121c00bf8f8600229694
:1057100002004234860022a61c00bf8f1800b18f01
:0c5720001400b08f0800e0032000bd273b
:020000040000fa
:020000041d04d9
:10572c00e0ffbd271c00bfaf1800b1af1400b0af35
:10573c000000b18c0c00201625100000a92a410f86
:10574c002580a000090040101c00bf8f420043942c
:10575c0000106330060060501800b18f2000038edb
:10576c00c005637c0a1023021c00bf8f1800b18f88
:0c577c001400b08f0800e0032000bd27df
:020000040000fa
:020000041d04d9
:105788000c00828c13004010251800000000828c49
:10579800000045940100a5300800a0500800858c41
:1057a800000045940400057c000045a42400858c75
:1057b800ffffa524240085ac0800858c2110450036
:1057c800010063240c00858c2b286500f1ffa05490
:0c57d800000045940800e0030000000001
:020000040000fa
:020000041d04d9
:1057e4000010032413008310251000000180023ce4
:1057f400e8e145940f00a010251000007481828f09
:10580400ffff8430020043940a006410000000008b
:10581400251800000100632403006554700042242d
:105824000800e0032510000002004694faffc45467
:0c583400010063240800e00300000000f5
:020000040000fa
:020000041d04d9
:105840000e0083940900632c12006014ffff0224f1
:105850001000858c020002240000a2a00800828ca7
:105860003c0043240a180200251060000100a32414
:1058700003004488000044980400a4a8000064b811
:1058800004004490040064a005004290050062a05a
:0c589000090002240800e00300000000f2
:020000040000fa
:020000041d04d9
:10589c00e8ffbd271400bfaf422d410f1000b0af81
:1058ac00258040000d000012251000003000028ef3
:1058bc00040040100000000036000296080040145e
:1058cc001400bf8fa728410f252000023000038e43
:1058dc000200601025100000360002961400bf8fe5
:0c58ec001000b08f0800e0031800bd277a
:020000040000fa
:020000041d04d9
:1058f800d8ffbd272400bfaf2000b1af1c00b0af58
:1059080025888000b1f8400f1000a5270900401431
:10591800258040001000248e06008050000020ae34
:1059280017ff400f0000000002004054258040008f
:10593800000020ae251000022400bf8f2000b18f88
:0c5948001c00b08f0800e0032800bd2701
:020000040000fa
:020000041d04d9
:105954000180023c18dd428c0e0082100180033c61
:1059640024dd632401000224080005240000668c61
:105974000a00c454010042244018020021106200ad
:10598400801802000180023c18dd42240800e00374
:1059940021104300f8ff001025100000f3ff451408
:0c59a4000c0063240800e0032510000044
:020000040000fa
:020000041d04d9
:1059b0004010010038d5049d3cfb009da062049d71
:1059c00060d7049d9490049d2486029dc876049d12
:1059d000948a049d70f7039d78ea029d68d7049d20
:1059e00020ce039d74de019de432039d74a3029dcd
:1059f000b008049dcc76039ddcd9039d4094029da4
:085a0000d060039dd4a4049db5
:020000040000fa
:020000041d04d9
:105a0800130080100180023c0800838cecdb4224e8
:105a18000f00621400000000e8ffbd271400bfafac
:105a28001000b0af258080000c00828c1c00428cd6
:105a380009f840001000848c000000a2020000a6b3
:105a48001400bf8f1000b08f0800e0031800bd27b6
:085a58000800e003000000005b
:020000040000fa
:020000041d04d9
:105a6000e8ffbd271400bfaf0400400f0000000096
:105a70000d004014010003242e36410f00000000e9
:105a80000300422c08004014251800002c36410f5a
:105a900000000000059d053c289fa524c60f410f6e
:105aa0002520400025180000251060001400bf8f3d
:085ab0000800e0031800bd2707
:020000040000fa
:020000041d04d9
:105ab800e0ffbd271c00bfaf1800b2af1400b1afa4
:105ac8001000b0af258080002590c0002588e00038
:105ad800ae34410fff00a530ff004532b234410f0c
:105ae8002520000225282002c41d410f2520000280
:105af8001c00bf8f1800b28f1400b18f1000b08f38
:085b08000800e0032000bd27a6
:020000040000fa
:020000041d04d9
:105b1000e8ffbd271400bfaf1000b0af2580a00084
:105b20008080858f0c00a010080002240000a28c49
:105b3000090040500800022409f84000000000005d
:105b4000020003240400431408000224010002247c
:105b5000000002a2070002241400bf8f1000b08fc3
:085b60000800e0031800bd2756
:020000040000fa
:020000041d04d9
:105b6800e0ffbd271c00bfaf1800b1af1400b0aff5
:105b7800258080002588a0005c008594c228050047
:105b880083de400f0200a530253000006000059636
:105b9800f127410f2520000201000224000022a263
:105ba800251000001c00bf8f1800b18f1400b08fa3
:085bb8000800e0032000bd27f6
:020000040000fa
:020000041d04d9
:105bc000e0ffbd271c00bfaf1800b1afde2c410fb6
:105bd0001400b0af0a004010258800002580400066
:105be000e824410f25204000050040102588400092
:105bf0001c00028e200002ae8df5400f2520000211
:105c0000251020021c00bf8f1800b18f1400b08f28
:085c10000800e0032000bd279d
:020000040000fa
:020000041d04d9
:105c18001300a010251000000180023c20de428cf9
:105c28000f00401010000724d8ffbd272400bfaf85
:105c38001000a0af1400a5af1800a6af1c00a4afb9
:105c48001000a627252840000180043c9807410f32
:105c580038de84242400bf8f0800e0032800bd2715
:085c68000800e0030000000049
:020000040000fa
:020000041d04d9
:105c70000400a38c0300632811006014ffff0224ba
:105c80000000a38c01006790010006240c00e614bc
:105c900000000000020063900800a3ac020005248d
:105ca0000700651403000224600082900400423063
:105cb000ffff0424030003240b188200251060005a
:085cc0000800e00300000000f1
:020000040000fa
:020000041d04d9
:105cc8001300a01025100000d0ffbd272c00bfaf87
:105cd8001881828f0b004010140007241000a0af19
:105ce8001400a5af1800a0af1c00a6af2000a4aff9
:105cf8001000a627252840000180043c9807410f82
:105d080070e284242c00bf8f0800e0033000bd2718
:085d18000800e0030000000098
:020000040000fa
:020000041d04d9
:105d20001c81023c1200a010c59d42342128850030
:105d30001c81023cc59d423400360200401802001e
:105d4000003902002118670021186200c0390200e2
:105d50002118670000120200211062002118c20001
:105d600001008424ffff8290f3ffa4142610430057
:085d70000800e0030000000040
:020000040000fa
:020000041d04d9
:105d78001300801025100000420083944000633017
:105d88000f006010000000000000a68cffff032435
:105d98000900c31001000224e8ffbd271400bfafab
:105da8008d25410f00000000010042301400bf8f14
:105db8000800e0031800bd270800e0030100423096
:085dc8000800e00300000000e8
:020000040000fa
:020000041d04d9
:105dd000e0ffbd271c00bfaf1800b1af1400b0af8b
:105de000258880002520a0002580c00078f4400f81
:105df0002528200206004010251800000c00028e05
:105e00002528200209f84000252000020100032473
:105e1000251060001c00bf8f1800b18f1400b08fd8
:085e20000800e0032000bd278b
:020000040000fa
:020000041d04d9
:105e2800e0ffbd271c00bfaf1800b1af1400b0af32
:105e38002588c0002580e0008c8184af7020410f48
:105e4800808185af252840002e2d410f2520200276
:105e5800050000121c00bf8f7020410f00000000d9
:105e6800a48182af1c00bf8f1800b18f1400b08fbf
:085e78000800e0032000bd2733
:020000040000fa
:020000041d04d9
:105e8000e8ffbd271400bfaf422d410f1000b0af97
:105e9000258040000c000012251000003000028e0a
:105ea000040040545c000492a728410f2520000202
:105eb0005c000492010003240300831425100000f9
:105ec0001400028e2b1002001400bf8f1000b08f40
:085ed0000800e0031800bd27e3
:020000040000fa
:020000041d04d9
:105ed800e0ffbd271c00bfaf1800b1af1400b0af82
:105ee800258880000000908c0000049207008050f4
:105ef800251080006519410fb501052425204000b3
:105f080004008010ffff02242510800001001026e5
:105f1800000030ae1c00bf8f1800b18f1400b08f86
:085f28000800e0032000bd2782
:020000040000fa
:020000041d04d9
:105f300005008010010002240b00821040110600b1
:105f40000800e00300000000401906002118660068
:105f50000019030000a0023c4037422421186200cf
:105f60000800e003000260ac2110460000110200ae
:105f700000a0063c4037c62421104600ffff032442
:085f80000800e003000243ac3d
:020000040000fa
:020000041d04d9
:105f8800e8ffbd271400bfaf1000b0af3827410f9e
:105f9800258080000b0040102518000098fb400f5a
:105fa80025200002ffff10320081100000a0033cf2
:105fb800285963240a18707c00a0023c2c5d428c8e
:105fc80023186200251060001400bf8f1000b08fe6
:085fd8000800e0031800bd27da
:020000040000fa
:020000041d04d9
:105fe0000200832c1200601025100000e8ffbd277e
:105ff0001400bfaf401004002110440080100200c4
:1060000023204400802004000080023c4867428c2a
:10601000212044000800828c1c00428c09f84000ba
:106020001400848c1400bf8f0800e0031800bd2703
:086030000800e003000000007d
:020000040000fa
:020000041d04d9
:10603800e0ffbd271c00bfaf1800b2af1400b1af1e
:106048001000b0af2590800000607141c0000000d2
:10605800a12f410f0000000025804000562d410f60
:10606800252040026a2d410f01002432251000022c
:106078001c00bf8f1800b28f1400b18f1000b08fb2
:086088000800e0032000bd2721
:020000040000fa
:020000041d04d9
:10609000b4c4049de80b029da0ef029db8e7019dea
:1060a000f027019d805e049d0000000000000000bc
:1060b0007c46039d0000000094e1039ddc1d039dd0
:1060c000588a019d00000000948e049d683d049d47
:1060d0005880049d6053029de0bd039d9c58049d23
:0860e000cced039de4a9049d31
:020000040000fa
:020000041d04d9
:1060e80098c4049de80b029da0ef029db8e7019dae
:1060f800f027019d805e049d000000000000000064
:106108007c46039d0000000094e1039ddc1d039d77
:10611800588a019d00000000948e049d683d049dee
:106128005880049d6053029de0bd039d9c58049dca
:08613800cced039de4a9049dd8
:020000040000fa
:020000041d04d9
:10614000dc93049d58ee029d70c6039db887029da6
:10615000b413029d887d049d407d049d94a8049df8
:10616000409a049d7456049d342a049d184d039d45
:10617000ec72049d945b039dc05b049d743a049d86
:10618000d07d049d30b2029d0cc9019dc4a8049d20
:086190001894049db4a9049dbc
:020000040000fa
:020000041d04d9
:106198000016039d58ee029d70c6039db887029da8
:1061a800b413029d887d049d407d049d94a8049da0
:1061b800409a049d7456049d342a049d184d039ded
:1061c800ec72049d945b039dc05b049d743a049d2e
:1061d800d07d049d30b2029d0cc9019dc4a8049dc8
:0861e8001894049db4a9049d64
:020000040000fa
:020000041d04d9
:1061f0001300801053ff02245c0085ac4567023c0d
:10620000012342244c0082accdef023c89ab4234e6
:10621000500082acba98023cfedc4234540082ac9e
:106220003210023c76544224580082ac000080ac0c
:10623000040080ac080080ac600080ac2510000039
:086240000800e003000000006b
:020000040000fa
:020000041d04d9
:10624800059d063c25100000c0cdc624401802005c
:1062580021186600000067800300e0540000858c68
:106268000800e00301006290010042240000a880b9
:1062780004000715ff004230010062900100a524c8
:10628800000085ac0b00432cf1ff6014401802009d
:086298000800e0030000000013
:020000040000fa
:020000041d04d9
:1062a0000080023cd06542241000821400000000ef
:1062b0000e008010000000000080023cf06542905b
:1062c000010042300900401000000000e8ffbd2737
:1062d0001400bfaf0080043c6bca400fd06584241b
:1062e0001400bf8f0800e0031800bd270800e0037a
:0462f00000000000aa
:020000040000fa
:020000041d04d9
:1062f400e8ffbd271400bfaf1000b0af25808000b9
:106304004800828c4000428c253800008c00862492
:106314002528000009f840001800848c0700410477
:10632400010002243424410f252000021400bf8ff1
:106334001000b08f0800e0031800bd27fbff001019
:04634400980002ae0d
:020000040000fa
:020000041d04d9
:10634800e0ffbd271c00bfaf1800b1af1400b0af0d
:10635800258080002588c000ae34410fff00a5309d
:10636800ff002532b234410f25200002b634410f18
:1063780025200002ba34410f25200002040002241f
:106388001c00bf8f1800b18f1400b08f0800e00305
:046398002000bd27fd
:020000040000fa
:020000041d04d9
:10639c00e0ffbd271c00bfaf1800b1afa830410f04
:1063ac001400b0af2580400009000012faff02244f
:1063bc004c00118e5c02062425280000b02d410fe4
:1063cc002520000209f820022520000225100000db
:1063dc001c00bf8f1800b18f1400b08f0800e003b1
:0463ec002000bd27a9
:020000040000fa
:020000041d04d9
:1063f000e8ffbd271400bfaf1000b0afb080828fa0
:106400000c0040182580800055c2400f1000848c7d
:10641000160003920200022406006214b080828fec
:10642000ffff422403004014b08082afffad400f55
:10643000252000021400bf8f1000b08f0800e00379
:046440001800bd275c
:020000040000fa
:020000041d04d9
:10644400251800000080023c206742240080063c9e
:106454004867c624000047940a00e01400000000c6
:106464000a18430004004224fbff465400004794ea
:106474000600a0102510a0000000a3ac0800e00353
:1064840025100000f8ffe454040042240800e0034f
:046494000000000004
:020000040000fa
:020000041d04d9
:10649800e8ffbd271400bfaf1000b0af0b0080109d
:1064a800788180af258080000400828c09f8400044
:1064b8003800052405004010252840000c00038ef4
:1064c80009f8600025200002788190af7881828fda
:1064d8002b1002001400bf8f1000b08f0800e003db
:0464e8001800bd27b4
:020000040000fa
:020000041d04d9
:1064ec00e8ffbd271400bfafa881828f0e004018b3
:1064fc00b481838f1000858c0300a3140700032440
:10650c00b48180af8c8183af160084900200032489
:10651c0005008314ffff422403004014a88182afbe
:10652c00531d410f000000001400bf8f0800e00352
:04653c001800bd275f
:020000040000fa
:020000041d04d9
:1065400090ffbd276c00bfaf6800b1af6400b0af73
:10655000258080002588a00048000624252800000a
:10656000b02d410f1400a4271000b1af2528000260
:106570003aff400f1000a4279b14410f1000a427de
:106580006c00bf8f6800b18f6400b08f0800e0031b
:046590007000bd27b3
:020000040000fa
:020000041d04d9
:106594008000832c1100601425108000b5010324b1
:1065a4000b00a3140001832c0b006010ff7f043c3c
:1065b40080ff84342110440040100200039d043cf9
:1065c400e4358424211082000800e0030000429492
:1065d4000800e00325100000251000000800e00377
:0465e40000000000b3
:020000040000fa
:020000041d04d9
:1065e800e8ffbd271400bfaf1000b0af8882838fcb
:1065f8000c0060142510000001001024848290af64
:106608000040062400400524ea2b410f060004241c
:106618007020410f00000000808282af888290af16
:10662800010002241400bf8f1000b08f0800e0039f
:046638001800bd2762
:020000040000fa
:020000041d04d9
:10663c000000043ce8ffbd27000084240300801008
:10664c001400bfaf09f88000000000000000843087
:10665c000000a530059d083cdcb0082509f80001b8
:10666c00000000000000023c000042240300401027
:10667c000000000009f8400000000000f9ff0010c5
:04668c00000000000a
:020000040000fa
:020000041d04d9
:10669000e0ffbd271800b0af1c00bfaf07fc400fe4
:1066a00025808000060040504400028effff022437
:1066b0001c00bf8f1800b08f0800e0032000bd272a
:1066c000010006241000a52709f84000252000023b
:1066d00001000324f5ff43141000a293f5ff0010fe
:0466e0001c00bf8f4c
:020000040000fa
:020000041d04d9
:1066e400e8ffbd271400bfaf1000b0af2580a000a5
:1066f40002000624252880009522410f252000024f
:106704007400038e401006240100052409f860007b
:10671400252040004001028e01004224400102aec7
:106724001400bf8f1000b08f0800e0031800bd27cd
:020000040000fa
:020000041d04d9
:106734000011040000404330c21104000400423040
:10674400251043004219040008006330251062003c
:10675400801904004020633025186200c010040032
:10676400800342302518430080100400200042308a
:10677400251043004008847c0800e00325108200b3
:020000040000fa
:020000041d04d9
:10678400e8ffbd271400bfaf00a0023c06000324ad
:10679400b45d43a00180043cd0dd8424b45d422474
:1067a4003c0082ac380080ac01000224400082ac82
:1067b400440080ac0180053c6510410f08dea5242f
:1067c400010002241400bf8f0800e0031800bd2755
:020000040000fa
:020000041d04d9
:1067d400e8ffbd271400bfaf1000b0af25808000d4
:1067e400010002240000a2a083de400f0100052462
:1067f40006004010100003242530000060000596b8
:10680400f127410f25200002251800002510600003
:106814001400bf8f1000b08f0800e0031800bd27dc
:020000040000fa
:020000041d04d9
:10682400e0ffbd271c00bfaf1800b1af1400b0af2c
:10683400258880002580a000392b410f2520a00049
:10684400252840004817410f252000020c00238e04
:106854001b004300f4016000101000001c00bf8ff7
:106864001800b18f1400b08f0800e0032000bd278a
:020000040000fa
:020000041d04d9
:106874005365742d436f6f6b69653a200000000007
:106884002e2e2f7372632f636f6e6669672f646594
:106894006661756c742f6c6962726172792f7463ae
:1068a4007069702f7372632f74637069705f6865a9
:1068b4006c706572735f707269766174652e6800be
:020000040000fa
:020000041d04d9
:1068c40070008590fdffa324ff0063300300632c58
:1068d40005006014030002240800a5380100022406
:1068e400030003240a1065008400838c00026530d1
:1068f40025204000040042340a108500000463305f
:1069040025204000080042340800e0030a108300f8
:020000040000fa
:020000041d04d9
:106914008400828c000b427c080040500400828c6e
:10692400010042380100422c010042388400838c6b
:1069340044ef437c0800e003840083ac0000838cb4
:106944002310430066008594401805002118650053
:10695400421803002b104300f3ff001001004238db
:020000040000fa
:020000041d04d9
:10696400544350204e554c4c2064796e616d6963dc
:1069740020616c6c6f636174696f6e2068616e6412
:106984006c652f696e697420646174610000000095
:10699400205443502044796e616d696320616c6cae
:1069a4006f636174696f6e206661696c6564000071
:020000040000fa
:020000041d04d9
:1069b400495076343a204661696c656420746f20ce
:1069c400726567697374657220415250206e6f74ea
:1069d400696669636174696f6e21200d0a000000a5
:1069e400495076343a2041525020656e747269657c
:1069f4007320706f6f6c20656d707479210d0a00bf
:020000040000fa
:020000041d04d9
:106a04000400a38c060063280f006014ffff022417
:106a14000000a38c01006690040004240a00c4143e
:106a240000000000020062901300a2a00300629024
:106a34001200a2a0040062901100a2a005006290be
:106a44001000a2a0060002240800e00300000000d9
:020000040000fa
:020000041d04d9
:106a54000400a38c060063280f006014ffff0224c7
:106a64000000a38c01006690040004240a00c414ee
:106a740000000000020062901700a2a003006290d0
:106a84001600a2a0040062901500a2a00500629066
:106a94001400a2a0060002240800e0030000000085
:020000040000fa
:020000041d04d9
:106aa4000400a38c060063280f006014ffff022477
:106ab4000000a38c01006690040004240a00c4149e
:106ac40000000000020062901b00a2a0030062907c
:106ad4001a00a2a0040062901900a2a0050062900e
:106ae4001800a2a0060002240800e0030000000031
:020000040000fa
:020000041d04d9
:106af4000400a38c050063280f006014ffff022428
:106b04000000a28c37000324000043a003000324e8
:106b1400010043a0059d033c90d96490020044a069
:106b240090d9632401006490030044a002006390a0
:106b3400040043a0050002240800e0030000000054
:020000040000fa
:020000041d04d9
:106b4400e0ffbd271c00bfaf1800b1af1400b0af09
:106b5400258880002580a000392b410f2520a00026
:106b6400252840004817410f252000020c00238ee1
:106b74001b004300f4016000101000001c00bf8fd4
:106b84001800b18f1400b08f0800e0032000bd2767
:020000040000fa
:020000041d04d9
:106b9400e0ffbd271c00bfaf1800b1af1400b0afb9
:106ba40025808000000080ac040080ac0d32410fd1
:106bb400080080ac010011240c0011a21432410f12
:106bc400252040000d0011a2010002241c00bf8feb
:106bd4001800b18f1400b08f0800e0032000bd2717
:020000040000fa
:020000041d04d9
:106be400e0ffbd271c00bfaf1800b1af1400b0af69
:106bf4000d00919009002012251020020d32410f42
:106c0400258080000c000392010063240c0003a281
:106c14001432410f25204000251020021c00bf8f94
:106c24001800b18f1400b08f0800e0032000bd27c6
:020000040000fa
:020000041d04d9
:106c34000180023ce8e146940f00c01025100000da
:106c44007481828f25180000420045944000a530cd
:106c54000600a050010063240400478c0000858cca
:106c64000500e5100000000001006324f6ff66142f
:106c740070004224251000000800e003000000001a
:020000040000fa
:020000041d04d9
:106c84000180023ce8e146940f00c010251000008a
:106c94007481858f25180000ffff84304400a28c86
:106ca4000600405001006324000047940300e454ac
:106cb400010063240800e0030400428cf7ff66141b
:106cc4007000a524251000000800e0030000000067
:020000040000fa
:020000041d04d9
:106cd40011008010000000000300a010000000005c
:106ce4000000a28c040082ac0300c010000000006d
:106cf4000000c28c080082ac0400e0504200829480
:106d04000000e28c0c0082ac420082941000a39339
:106d14000463627c420082a40800e00300000000d7
:020000040000fa
:020000041d04d9
:106d2400e0ffbd271c00bfaf1800b1af1400b0af27
:106d3400258880002580a0003ff8400f25202002f0
:106d4400050040141c00bf8f1800b18f1400b08fd1
:106d54000800e0032000bd270c00038e2528400016
:106d640009f8600025200002f3ff00100000000075
:020000040000fa
:020000041d04d9
:106d74001400e38c100060100180043ce8ffbd2780
:106d84001400bfaf7cd384242320e40083200400b8
:106d9400e338023c398e423402208270010084249c
:106da4001800e78c09f860002026047c1400bf8fcb
:106db4000800e0031800bd270800e00300000000fd
:020000040000fa
:020000041d04d9
:106dc400d8ffbd272400bfaf1c00a0af1800a0afa0
:106dd4001400a0af1000a0af37cf400f253800003b
:106de4000800401082bf033c01000424080264ac84
:106df40081bf033c4000043c080164ac1000043c27
:106e0400080164ac2400bf8f0800e0032800bd27fc
:020000040000fa
:020000041d04d9
:106e1400d8ffbd272400bfaf1c00a0af1800a0af4f
:106e24001400a0af3800a28f37cf400f1000a2afdc
:106e34000800401082bf033c01000424080264ac33
:106e440081bf033c4000043c080164ac1000043cd6
:106e5400080164ac2400bf8f0800e0032800bd27ac
:020000040000fa
:020000041d04d9
:106e64000300832c10006010010002244020040061
:106e740000a0023ca00243902c8282278a21447cf9
:106e8400090064140100022400a0023ca00243246f
:106e9400020060a4ff0004240c0064acffff032480
:106ea400a00243a0251000000800e0030000000039
:020000040000fa
:020000041d04d9
:106eb400e0ffbd271c00bfaf1408410f1000a0afb6
:106ec40004004010040006241000a5277c27410f6d
:106ed400252040000d32410f0000000040828393c2
:106ee40001006324408283a31432410f2520400013
:106ef4001000a28f1c00bf8f0800e0032000bd27f4
:020000040000fa
:020000041d04d9
:106f0400d0ffbd272c00bfaf1000a0af2400a0af5e
:106f1400059d023c149042241400a2af01000224f7
:106f24001800a2af049d023c3c4542241c00a2afc1
:106f34000d0002242000a2af1000a527d4e3400fc7
:106f4400252000002c00bf8f0800e0033000bd277f
:020000040000fa
:020000041d04d9
:106f5400e8ffbd271400bfaf8882838f0d00601443
:106f64002510000001000224848282af0010062450
:106f740000100524ea2b410f060004247020410f61
:106f840000000000808282af04000224888282af65
:106f9400010002241400bf8f0800e0031800bd277d
:020000040000fa
:020000041d04d9
:106fa400c8ffbd273400bfaffeff02242800a2aff4
:106fb4002400a0af5000a28f2000a2af4c00a28feb
:106fc4001c00a2af4800a28f1800a2af1400a7af04
:106fd4001000a6af2538a00025300000b9cd400f21
:106fe400252800003400bf8f0800e0033800bd27c7
:020000040000fa
:020000041d04d9
:106ff4000800838c0d006010251000000000648cd4
:107004000a008010000000000400638cc001637c4f
:10701400261865000100632c040080102110430031
:107024000000868c0300c014251880000800e003cb
:0c70340000000000f4ff00102520c00048
:020000040000fa
:020000041d04d9
:10704000e0ffbd271c00bfaf1800b1af1400b0af08
:10705000258880002580a0004324410f25200002c0
:10706000050040141c00bf8f1800b18f1400b08fb2
:107070000800e0032000bd27252840004129410fda
:0c70800025202002f4ff0010000000009a
:020000040000fa
:020000041d04d9
:10708c0001000224980282ac000000000000000005
:10709c0000000000000000000000000000000000e4
:1070ac0000000000000000000000000000000000d4
:1070bc0000000000000000000000000000000000c4
:0c70cc00000000000800e00300000000cd
:020000040000fa
:020000041d04d9
:1070d8001c0080a41a0080a4180080a402000224c6
:1070e800020082a40b00a1041e0085a4e8ffbd27ae
:1070f8001400bfaf2530a000059d053c44bca52465
:1071080069f2400f252000001400bf8f0800e0033b
:0c7118001800bd270800e0030000000084
:020000040000fa
:020000041d04d9
:10712400e8ffbd271400bfaf1000b0af0e21410f20
:1071340025808000090040100400052434000296d4
:10714400220002a69d11410f2520000203004010d9
:10715400070002241a0002a61c0000a61400bf8f18
:0c7164001000b08f0800e0031800bd27e9
:020000040000fa
:020000041d04d9
:10717000e8ffbd271400bfaf1000b0af0e21410fd4
:107180002580800009004010050005243400029687
:10719000200002a69d11410f25200002030040108f
:1071a000060002241a0002a61c0000a61400bf8fcd
:0c71b0001000b08f0800e0031800bd279d
:020000040000fa
:020000041d04d9
:1071bc00e8ffbd271400bfaf1000b0af0e21410f88
:1071cc00258080000900401006000524340002963a
:1071dc00260002a69d11410f25200002030040103d
:1071ec00050002241a0002a61c0000a61400bf8f82
:0c71fc001000b08f0800e0031800bd2751
:020000040000fa
:020000041d04d9
:10720800e8ffbd271400bfaf1000b0af0e21410f3b
:1072180025808000090040100a00052434000296e9
:10722800240002a69d11410f2520000203004010f2
:10723800040002241a0002a61c0000a61400bf8f36
:0c7248001000b08f0800e0031800bd2704
:020000040000fa
:020000041d04d9
:107254004000839480100300059d033c948b6324b9
:107264000a18627c0b00601025100000e8ffbd279f
:107274001400bfaf2538a0002528c0002520e00059
:10728400081f410f253060001400bf8f0800e00381
:0c7294001800bd270800e0030000000007
:020000040000fa
:020000041d04d9
:1072a000e0ffbd271c00bfaf1800b0af25808000f5
:1072b0001000a62767e4400f0200052406004010d6
:1072c0002518000036a6400f252000021000a397c5
:1072d00023186200ffff6330251060001c00bf8f81
:0c72e0001800b08f0800e0032000bd275c
:020000040000fa
:020000041d04d9
:1072ec00e8ffbd271400bfafde2c410f00000000eb
:1072fc00252040000a0080102510000071008590a8
:10730c00010003240700a3141400bf8f4800838cd2
:10731c0004006010000000005221410f000000002a
:0c732c001400bf8f0800e0031800bd270c
:020000040000fa
:020000041d04d9
:10733800e8ffbd271400bfaf1000b0af2580800064
:107348000000848c0a0080101400bf8fe215410fe2
:1073580000000000ccf0400f24000426ccf0400fc1
:1073680014000426ccf0400f040004261400bf8f3c
:0c7378001000b08f0800e0031800bd27d3
:020000040000fa
:020000041d04d9
:10738400e8ffbd271400bfaf1000b0af3c05410fac
:10739400258080008de5400f0c000486940000ae2b
:1073a400253800002530000001000524ac26410fdb
:1073b40025200002080000ae251000001400bf8f35
:0c73c4001000b08f0800e0031800bd2787
:020000040000fa
:020000041d04d9
:1073d000e0ffbd271c00bfaf1800b2af1400b1af73
:1073e0001000b0af258880005122410f2590a000e9
:1073f0007020410f25804000021812722110620097
:10740000a80022ae1c00bf8f1800b28f1400b18fed
:0c7410001000b08f0800e0032000bd2732
:020000040000fa
:020000041d04d9
:10741c00e0ffbd271c00bfaf1800b1af1400b0af28
:10742c000288a67053a2400f2528200205004010a8
:10743c00258040002530200225280000b02d410f6a
:10744c0025204000251000021c00bf8f1800b18fb2
:0c745c001400b08f0800e0032000bd27e2
:020000040000fa
:020000041d04d9
:10746800e0ffbd271c00bfaf1800b1af1400b0afdc
:10747800258880002580a0007e25410f2520000258
:107488000500401025284000612a410f25202002d0
:10749800f9ff0010000000001c00bf8f1800b18f1a
:0c74a8001400b08f0800e0032000bd2796
:020000040000fa
:020000041d04d9
:1074b400e8ffbd271400bfaf1000b0af0800801074
:1074c4002580a0000000828c050040100000000010
:1074d4000d1b410f00000000050040141400bf8f75
:1074e40002000012251000007081828f1400bf8feb
:0c74f4001000b08f0800e0031800bd2756
:020000040000fa
:020000041d04d9
:107500001000a010251000000000a38c0d006010da
:10751000000000000900c0500a00a6a45881828f14
:10752000251840002016027c2a1046000100405415
:107530002518c0002036037c0a00a6a40c00a6a4cf
:0c754000010002240800e003000000002d
:020000040000fa
:020000041d04d9
:10754c00e8ffbd271400bfaf1c808487ffff022417
:10755c0006008250ac81848f65f8400f000000005b
:10756c00ffff02241c8082a7ac81848f0500801051
:10757c001400bf8fb52a410f00000000ac8180af12
:0c758c001400bf8f0800e0031800bd27aa
:020000040000fa
:020000041d04d9
:10759800e0ffbd271c00bfaf1800b0aff6cb400f0f
:1075a80025808000090040141000a527b1f8400f7d
:1075b80025200002060040141c00bf8f17ff400f53
:1075c8001000048e01004050000000ae1c00bf8f68
:0c75d8001800b08f0800e0032000bd2761
:020000040000fa
:020000041d04d9
:1075e400e0ffbd271c00bfaf1800b1af1400b0af5f
:1075f4002580a0005dff400f0400842407000012d2
:107604001c00bf8f060040141800b18f1801038eb0
:1076140001006054000060a01c00bf8f1800b18fef
:0c7624001400b08f0800e0032000bd2718
:020000040000fa
:020000041d04d9
:10763000e8ffbd271400bfaf2080858f059d043c67
:107640005e31410fd8d484240180023c90e140aceb
:1076500090e14224040040ac080040ac0c0040ac77
:10766000100040ac140040ac180040ac1c0040ac12
:0c7670001400bf8f0800e0031800bd27c5
:020000040000fa
:020000041d04d9
:10767c00e8ffbd271400bfaf2510a00006000324af
:10768c00080083142528c0002530e000248087934f
:10769c00e02e410f252040001400bf8f0800e003ae
:1076ac001800bd27059d063c9cd9c624e02e410f31
:0c76bc0025204000f9ff00101400bf8fd3
:020000040000fa
:020000041d04d9
:1076c800401003240e008314ffff02240080023cb4
:1076d800f06543900100643009008010ffff022428
:1076e8000200633006006014010004240080023c9c
:1076f800d0654224200043904408837c200043a0a6
:087708000800e003000000008e
:020000040000fa
:020000041d04d9
:10771000b00285a40000000000000000000000008e
:107720000000000000000000000000000000000059
:107730000000000000000000000000000000000049
:107740000000000000000000000000000000000039
:087750000800e0030000000046
:020000040000fa
:020000041d04d9
:1077580006008010f2ff02240800838c0180023c9e
:10776800ecdb422407006210f2ff02240800e00369
:1077780000000000eedb42940000c2ac0800e00309
:1077880025100000fbffc0540180023c25100000ba
:087798000800e00300000000fe
:020000040000fa
:020000041d04d9
:1077a000e8ffbd271400bfaf1a0082940300432cea
:1077b0000900601080180200059d023cbcd54224df
:1077c0000a10437c09f84000000000001400bf8f3d
:1077d0000800e0031800bd27361c410ff4ff052404
:0877e000fbff00101400bf8f35
:020000040000fa
:020000041d04d9
:1077e800e8ffbd271400bfaf1a0082940300432ca2
:1077f8000900601080180200059d023cc8d542248b
:107808000a10437c09f84000000000001400bf8ff4
:107818000800e0031800bd27361c410ff4ff0524bb
:08782800fbff00101400bf8fec
:020000040000fa
:020000041d04d9
:10783000e8ffbd271400bfaf1a0082940800432c54
:107840000900601080180200059d023c64bc4224bf
:107850000a10437c09f84000000000001400bf8fac
:107860000800e0031800bd27361c410ff4ff052473
:08787000fbff00101400bf8fa4
:020000040000fa
:020000041d04d9
:10787800e8ffbd271400bfaf1a0082940600432c0e
:107888000900601080180200059d023c58c9422476
:107898000a10437c09f84000000000001400bf8f64
:1078a8000800e0031800bd27361c410ff4ff05242b
:0878b800fbff00101400bf8f5c
:020000040000fa
:020000041d04d9
:1078c000e8ffbd271400bfaf1a0082940300432cc9
:1078d0000900601080180200059d023cd4d54224a6
:1078e0000a10437c09f84000000000001400bf8f1c
:1078f0000800e0031800bd27361c410ff4ff0524e3
:08790000fbff00101400bf8f13
:020000040000fa
:020000041d04d9
:10790800e8ffbd271400bfaf1a0082940500432c7e
:107918000600601480180200361c410ff4ff05248d
:107928001400bf8f0800e0031800bd27059d023c26
:1079380044ce42240a10437c09f8400000000000ad
:08794800f8ff00101400bf8fce
:020000040000fa
:020000041d04d9
:10795000e8ffbd271400bfaf1c0082940b00432c2e
:107960000900601080180200059d023cc4ad42244d
:107970000a10437c09f84000000000001400bf8f8b
:107980000800e0031800bd27361c410ff4ff052452
:08799000fbff00101400bf8f83
:020000040000fa
:020000041d04d9
:107998009852039df8d7049d6848049d909f049dc4
:1079a80028b5019da043039d3c0a049d0455049df0
:1079b800f0ad049dfcd4039dbc22049d54a6049df7
:1079c80084a6049db4a6049d10ed029dd4b7039d22
:0879d80014a7049de4a6049d20
:020000040000fa
:020000041d04d9
:1079e000e0ffbd271c00bfaf1800b1af1400b0af5f
:1079f000258080002588c000ae34410fff00a530ef
:107a0000ff002532b234410f25200002231c410f14
:107a1000252000021c00bf8f1800b18f1400b08f0a
:087a20000800e0032000bd276f
:020000040000fa
:020000041d04d9
:107a2800e8ffbd271400bfaf48f9400f0000000071
:107a3800251840000900601025100000000062941d
:107a4800001202000180033cecd56324211043009e
:107a58005000428c010042380100422c1400bf8fb4
:087a68000800e0031800bd272f
:020000040000fa
:020000041d04d9
:107a7000e8ffbd271400bfaf1000b0af2580800025
:107a8000260080a0253800002530a000260085248f
:107a9000059d043ce4f2400fecd58424200002aea6
:107aa000010042242b1002001400bf8f1000b08f81
:087ab0000800e0031800bd27e7
:020000040000fa
:020000041d04d9
:107ab800e8ffbd271400bfaf1000b0af25808000dd
:107ac800240080a0253800002530a000240085244b
:107ad800059d043ce4f2400fecd584241c0002ae62
:107ae800010042242b1002001400bf8f1000b08f39
:087af8000800e0031800bd279f
:020000040000fa
:020000041d04d9
:107b0000e8ffbd271400bfaf1000b0af2580800094
:107b1000250080a0253800002530a0002500852400
:107b2000059d043ce4f2400fecd58424180002ae1d
:107b3000010042242b1002001400bf8f1000b08ff0
:087b40000800e0031800bd2756
:020000040000fa
:020000041d04d9
:107b4800e8ffbd271400bfaf0180023cd0dd42240e
:107b5800080040ac240044a0180045ac06000324eb
:107b6800e119410f040043ac040040140180033cb8
:107b7800d0dd632402000424080064ac1400bf8f25
:087b88000800e0031800bd270e
:020000040000fa
:020000041d04d9
:107b90001200000000000400540000000000080073
:107ba0001800000000001000580000000000100045
:107bb0000100000000002000410000000000200043
:107bc00002000000000040004200000000004000f1
:087bd0004300000000008000ea
:020000040000fa
:020000041d04d9
:107bd8003423049dac23049dc438049d9c39049d22
:107be8003039049d2cc3049dbcc2049d10c3049d60
:107bf800d4b8049df4c2049dd8c2049db0b8049db5
:107c08008cb8049d74a0029d7012049df012049d0e
:087c18009c63049d04a8049d77
:020000040000fa
:020000041d04d9
:107c2000e0ffbd271c00bfaf1800b0af2580a0004b
:107c30002c00a7af2c00a727afe6400f1000a7af7e
:107c4000070040042b185000ffff10260a10030203
:107c50001c00bf8f1800b08f0800e0032000bd2774
:087c6000fbff001025100000dd
:020000040000fa
:020000041d04d9
:107c6800e8ffbd271400bfaf253880002520a000fd
:107c78005c00e29420004230080040142528c0002f
:107c8800039d063c0c45c624081f410f6200e724eb
:107c98001400bf8f0800e0031800bd27039d063cb1
:087ca800f9ff00109444c6240a
:020000040000fa
:020000041d04d9
:107cb0000600c0102510000071008390ff00a23064
:107cc0000400621001000324251000000800e003f6
:107cd00000000000fdffa314251000000000c28c6e
:107ce000400082ac8400828c84d6627c840082acaa
:087cf0000800e003010002247a
:020000040000fa
:020000041d04d9
:107cf800d480858f0e00a01001000224e480838fb9
:107d0800251000000000668c0500c05001004224c8
:107d18005e00c6940600c4502510000001004224ed
:107d2800f8ff4514040063240800e003010002245e
:087d38000800e0030000000058
:020000040000fa
:020000041d04d9
:107d4000e8ffbd271400bfafde2c410f000000008c
:107d500009004010010003248400448c0002843098
:107d600005008010251800008400438c444a037ce1
:107d7000840043ac01000324251060001400bf8f71
:087d80000800e0031800bd2714
:020000040000fa
:020000041d04d9
:107d8800e8ffbd271400bfafde2c410f0000000044
:107d9800251840000900601025100000700064904c
:107da800fdff8324ff0063300300632c030060148d
:107db80001000224080082380100422c1400bf8f01
:087dc8000800e0031800bd27cc
:020000040000fa
:020000041d04d9
:107dd000e8ffbd271400bfaf1000b0afde2c410f8d
:107de0002580a00007004010251800007800448c72
:107df0000500905425106000780040ac760040a447
:107e000001000324251060001400bf8f1000b08f04
:087e10000800e0031800bd2783
:020000040000fa
:020000041d04d9
:107e1800e8ffbd271400bfaf1000b0af2580800079
:107e28002538000025300000ac26410f020005244b
:107e3800080000aea000068e059d053c48cfa5248d
:107e480069f2400f252000001400bf8f1000b08f8a
:087e58000800e0031800bd273b
:020000040000fa
:020000041d04d9
:107e6000e8ffbd271400bfaf0f0005248523410f95
:107e70000c0004240200433006006014010042306c
:107e800005004014252000001400bf8f0800e00307
:107e90001800bd27010004243022400f000000001c
:087ea000faff00101400bf8f6f
:020000040000fa
:020000041d04d9
:107ea80035000000705c049d010000003443049d0f
:107eb80003000000cc42049d0600000014c7039d87
:107ec800360000009c86049d33000000046a049d6f
:107ed8003a000000546a049d3b000000a46a049d17
:087ee800ff00000050d8049dca
:020000040000fa
:020000041d04d9
:107ef000e8ffbd271400bfaf6881828f01004224d4
:107f0000688182af0180023cd0c9422408004394ba
:107f100002006334080043a4253000000200052459
:107f20000180043c5523410fe0c984241400bf8f15
:087f30000800e0031800bd2762
:020000040000fa
:020000041d04d9
:107f380018008224080040101c0082241800828c3b
:107f4800040082ac1c00828c080082ac2000828c69
:107f5800050000100c0082acfaff401420008224b7
:107f6800fbff40542000828c420082940463027c10
:087f78000800e003420082a4ae
:020000040000fa
:020000041d04d9
:107f80000e0083940700632c0d006014ffff022491
:107f9000f8ffbd271000828c05000324000043a0d9
:107fa0000800838c0400638c0000a3af040043a886
:107fb000010043b8070002240800e0030800bd27c1
:087fc0000800e00300000000ce
:020000040000fa
:020000041d04d9
:107fc800d081858f0e00a01801000224d481838ff0
:107fd800251000000000668c0500c05001004224f6
:107fe8002a00c6940600c45025100000010042244f
:107ff800f8ff4514040063240800e003010002248c
:088008000800e0030000000085
:020000040000fa
:020000041d04d9
:10801000e8ffbd271400bfaf1000b0af422d410fe5
:108020002580a0000700401025180000280050a45b
:108030003c00438c01000424448c837c3c0043ac12
:1080400001000324251060001400bf8f1000b08fc2
:088050000800e0031800bd2741
:020000040000fa
:020000041d04d9
:10805800e8ffbd271400bfaf1000b0af422d410f9d
:108068002580a00007004010251800004c00448c13
:1080780005009054251060004c0040ac5a0040a404
:1080880001000324251060001400bf8f1000b08f7a
:088098000800e0031800bd27f9
:020000040000fa
:020000041d04d9
:1080a000e8ffbd271400bfaf81bf023c4000448cf5
:1080b00081bf023c01000324440043acd881828f7d
:1080c0000600401001008430d88182270400458cce
:1080d0000000428c09f84000000000001400bf8f2f
:0880e0000800e0031800bd27b1
:020000040000fa
:020000041d04d9
:1080e800e8ffbd271400bfaf81bf023c4000448cad
:1080f8008003847c81bf023c00400324440043acdd
:10810800f081828f05004010f08182270400458ca1
:108118000000428c09f84000000000001400bf8fe6
:088128000800e0031800bd2768
:020000040000fa
:020000041d04d9
:108130000080023c4c67428c000043900500605078
:108140000080023c1800438c01008350000040a0d6
:108150000080023c4c67428c1c004390040060107d
:10816000000000003400438c010064501c0040a05b
:088170000800e003000000001c
:020000040000fa
:020000041d04d9
:10817800e0ffbd271c00bfaf1800b1af1400b0afbf
:10818800f909410f2580a000070000121c00bf8fcd
:10819800060040141800b18f1801038e01006054c6
:1081a800000060a01c00bf8f1800b18f1400b08fb2
:0881b8000800e0032000bd27d0
:020000040000fa
:020000041d04d9
:1081c000e8ffbd271400bfaf3482828f0400401443
:1081d000000000000229410f01000424348282af14
:1081e000170a410f000000003482868f25380000f6
:1081f00025204000a553400f252860001400bf8fa4
:088200000800e0031800bd278f
:020000040000fa
:020000041d04d9
:10820800e8ffbd271400bfaf3482828f04004014fa
:10821800000000000229410f01000424348282afcb
:10822800170a410f000000003482868f25380000ad
:1082380025204000a553400f252860001400bf8f5b
:088248000800e0031800bd2747
:020000040000fa
:020000041d04d9
:1082500030cd049da8ba049d48d9049d40d9049d01
:108260000000000001000000201282bf201282bf27
:1082700001000000010000002ce20080220000004c
:10828000ffffffff00000000c0e1e400e803000082
:0882900004000000bcd90080cd
:020000040000fa
:020000041d04d9
:108298000f00c01025100000ffffc624251800009d
:1082a80021108300000042902138a30007004010ed
:1082b8000000e7900600e050231047000400c35078
:1082c80023104700f6ff47100100632423104700de
:0882d8000800e00300000000b3
:020000040000fa
:020000041d04d9
:1082e0008000a3280e006014251000008200a3283f
:1082f00003006014830003240900a314000000009d
:108300000000c28c070042240410027c08004324b1
:108310000000c3ac000040d401000224000080f43f
:088320000800e003000000006a
:020000040000fa
:020000041d04d9
:108328000e00a01000000000e8ffbd271400bfaf3a
:108338001000b0af2580a00025280000fd1b410fcc
:108348001c01848c000002ae251000001400bf8fb1
:108358001000b08f0800e0031800bd270800e003f4
:0483680025100000dc
:020000040000fa
:020000041d04d9
:10836c000e00a01000000000e8ffbd271400bfaff6
:10837c001000b0af2580a00001000524fd1b410fab
:10838c001c01848c000002ae251000001400bf8f6d
:10839c001000b08f0800e0031800bd270800e003b0
:0483ac002510000098
:020000040000fa
:020000041d04d9
:1083b0000e00a01000000000e8ffbd271400bfafb2
:1083c0001000b0af2580a00025280000fd1b410f44
:1083d0001401848c000002ae251000001400bf8f31
:1083e0001000b08f0800e0031800bd270800e0036c
:0483f0002510000054
:020000040000fa
:020000041d04d9
:1083f40006008010f2ff02240800838c0180023cf6
:10840400ecdb422406006210f2ff02240800e003c1
:10841400000000000000a2ac0800e00325100000ea
:10842400fcffa0543c00828c251000000800e003ef
:048434000000000044
:020000040000fa
:020000041d04d9
:10843800e8ffbd271400bfaf1000b0af1bde400f30
:108448002580800025204000020043380500810473
:108458002b100300f4ff0524361c410f25200002d1
:10846800251000001400bf8f1000b08f0800e00333
:048478001800bd2704
:020000040000fa
:020000041d04d9
:10847c000e008010f2ff02240800838c0180023c65
:10848c00ecdb422409006214f2ff0224e8ffbd2752
:10849c001400bfaf361c410ff1ff0524251000005e
:1084ac001400bf8f0800e0031800bd270800e0038c
:0484bc0000000000bc
:020000040000fa
:020000041d04d9
:1084c000ffff03240d008310251000000180023cf3
:1084d000d0dd42240800438c080060102510000005
:1084e000e8ffbd271400bfafd21e410f20000424b7
:1084f0001400bf8f0800e0031800bd270800e00348
:048500000000000077
:020000040000fa
:020000041d04d9
:108504007884039d3cf5019d8053039de001029d09
:108514004064039d900a019d6031049d105b049d9d
:10852400d8f0009d641e019d30bf019d48e6039d67
:10853400ec50049dfc36009dc00a049d685b049dbc
:04854400d467049d57
:020000040000fa
:020000041d04d9
:108548000800858c1000838c0c00a31025100000f7
:10855800600083940900601001000624e8ffbd272d
:108568001400bfaf0820400f100005240100422c62
:108578001400bf8f0800e0031800bd270800e003bf
:0485880000000000ef
:020000040000fa
:020000041d04d9
:10858c00e8ffbd271400bfaf1000b0af25808000fe
:10859c004775400f00008494000002a64775400ff9
:1085ac0002000496020002a64775400f06000496ce
:1085bc00060002a61400bf8f1000b08f0800e00365
:0485cc001800bd27af
:020000040000fa
:020000041d04d9
:1085d000e8ffbd271400bfaf1000b0af25808000ba
:1085e000ac00829402004234ac0082a42538000022
:1085f00025300000ac26410f01000524080000ae24
:10860000251000001400bf8f1000b08f0800e00399
:048610001800bd276a
:020000040000fa
:020000041d04d9
:108614000e008010251080000000848c01000324cb
:108624000800831400000000e8ffbd271400bfaf5a
:1086340030b1400f252040001400bf8f0800e00334
:108644001800bd270800e003251000000800e0031f
:048654000000000022
:020000040000fa
:020000041d04d9
:108658000400a38c030063280c006014ffff0224ad
:108668000000a38c35000224000062a0010002244f
:10867800010062a00c00a28c090045380300042404
:108688000a108500020062a0030002240800e0032b
:0486980000000000de
:020000040000fa
:020000041d04d9
:10869c000400a38c060063280c006014ffff022466
:1086ac000000a38c01006690040004240700c4148d
:1086bc000c00a424020062240300438800004398a9
:1086cc000f00a3a8000083b8060002240800e003f2
:0486dc00000000009a
:020000040000fa
:020000041d04d9
:1086e000e8ffbd271400bfaf1000b0af40009024da
:1086f0007e25410f252000020600401009000624b7
:10870000efff0524b012410f25204000f8ff0010b4
:10871000000000001400bf8f1000b08f0800e003bd
:048720001800bd2759
:020000040000fa
:020000041d04d9
:10872400554450204e554c4c2064796e616d6963fc
:1087340020616c6c6f636174696f6e2068616e6434
:108744006c6500005544502044796e616d69632066
:10875400616c6c6f636174696f6e206661696c65ce
:0487640064000000ad
:020000040000fa
:020000041d04d9
:10876800e0ffbd271c00bfaf1800b1af1400b0afc9
:10877800258080004231410f2588a0000200032493
:1087880003004310252820027d2e410f25200002da
:108798001c00bf8f1800b18f1400b08f0800e003d1
:0487a8002000bd27c9
:020000040000fa
:020000041d04d9
:1087ac00e0ffbd271c00bfaf1800b1af1400b0af85
:1087bc00258080004231410f2588a000020003244f
:1087cc000300431025282002742e410f252000029f
:1087dc001c00bf8f1800b18f1400b08f0800e0038d
:0487ec002000bd2785
:020000040000fa
:020000041d04d9
:1087f0000200832c0d0060102510000040100400c2
:108800002110440080100200231044008010020058
:108810000080033c4867648c212082002000838c08
:1088200002006010251000002800828c0800e00380
:048830000000000044
:020000040000fa
:020000041d04d9
:10883400000083900d00601009000224e8ffbd27aa
:108844001400bfaf1000b0af25808000661d410f3b
:108854000400842401004050000000a21400bf8fd3
:108864001000b08f0800e0031800bd270800e003e3
:048874000000000000
:020000040000fa
:020000041d04d9
:10887800000083900d00601009000224e8ffbd2766
:108888001400bfaf1000b0af258080003e16410f26
:108898000400842401004050000000a21400bf8f8f
:1088a8001000b08f0800e0031800bd270800e0039f
:0488b80000000000bc
:020000040000fa
:020000041d04d9
:1088bc000200832c0d0060100b000224e0ffbd278a
:1088cc001c00bfaf300084241000a4a33a00022483
:1088dc001100a2a31200a0a3cd15400f1000a427d5
:1088ec001c00bf8f0800e0032000bd270800e00338
:0488fc000000000078
:020000040000fa
:020000041d04d9
:10890000e8ffbd271400bfaf1000b0af0180103cde
:10891000e8de1026310005920b2c410f0800048e72
:1089200030000292030040140180023c0100032445
:1089300020df43a01400bf8f1000b08f0800e003b9
:048940001800bd2737
:020000040000fa
:020000041d04d9
:10894400e8ffbd271400bfaf3482828f04004014b7
:10895400000000000229410f01000424348282af88
:10896400c335410f000000003482838f1b00430095
:10897400f4016000121000001400bf8f0800e0032f
:048984001800bd27f3
:020000040000fa
:020000041d04d9
:10898800e8ffbd271400bfaf248084a301000224a0
:10899800688282af60000624252800000180043c1c
:1089a800b02d410fb8dc8424658280a3648280a343
:1089b800608280af5c8280a31400bf8f0800e00350
:0489c8001800bd27af
:020000040000fa
:020000041d04d9
:1089cc0000606041c000000099aa033c80bf023cdb
:1089dc0055666324300040ac300043ac6655033c14
:1089ec00aa996334300043ac80bf023c01000324dd
:1089fc00581243ac80bf023c5012428c7522410b82
:048a0c000000000066
:020000040000fa
:020000041d04d9
:108a10000180023c24e1438ce8ffbd271000b0af89
:108a20001400bfaf030060142580400051b8400f10
:108a3000000000000180023c28e1438c1400bf8f3d
:108a400024e1028e1000b08f1800bd270800e0035b
:048a5000231062008d
:020000040000fa
:020000041d04d9
:108a54007800838c090060102510a000e8ffbd2772
:108a64001400bfaf2528c00009f86000252040008d
:108a74001400bf8f0800e0031800bd272c00858c6c
:108a840024104500260085840800e0030a10457c74
:020000040000fa
:020000041d04d9
:108a94000080023cd06542240b00821400000000d8
:108aa400090080100080023cf065429001004230d1
:108ab400050040100080023cd06542242000439011
:108ac4004408037c200043a00800e00300000000e9
:020000040000fa
:020000041d04d9
:108ad400e8ffbd271400bfaf0010a33007006010eb
:108ae400f8ff02240002a5300400a014f6ff0224bb
:108af4002000c630f5ff02240b100600361c410f7f
:108b0400252840001400bf8f0800e0031800bd278b
:020000040000fa
:020000041d04d9
:108b1400e0ffbd271c00bfaf1800b1af1400b0af19
:108b24002588a00048f9400f2580c00004004010ab
:108b34001c00bf8f080051ac0c0050ac1c00bf8f50
:108b44001800b18f1400b08f0800e0032000bd2787
:020000040000fa
:020000041d04d9
:108b540000000000000000005472049d5472049d43
:108b6400d8b2049d5472049d5472049d5472049da1
:108b740064a8049d5472049d34a8049d0000000060
:108b840000000000000000005472049d687c049df5
:020000040000fa
:020000041d04d9
:108b94000000000000000000fc46019d3047019ddc
:108ba400000000005847019d9047019dcc47019d5e
:108bb400000000000448019d0000000000000000c7
:108bc40000000000000000003048019d000000008b
:020000040000fa
:020000041d04d9
:108bd400a048019da048019dac48019dc048019d4d
:108be4000049019d2c49019d4849019d6449019d0d
:108bf4007c49019d9449019da449019d0000000008
:108c04000000000000000000a449019dc849019d26
:020000040000fa
:020000041d04d9
:108c14000d008010251000000180023c20de468cef
:108c24000900c01025100000e8ffbd271400bfafe5
:108c34000180053c7417410f38dea5241400bf8f52
:108c44000800e0031800bd270800e003000000004e
:020000040000fa
:020000041d04d9
:108c5400e8ffbd271400bfaf1000b0af258080002f
:108c640001000224ac0082a4253800002530000055
:108c7400ac26410f01000524080000ae25100000b9
:108c84001400bf8f1000b08f0800e0031800bd2748
:020000040000fa
:020000041d04d9
:108c94000d00801025100000e8ffbd271400bfafb1
:108ca4001081868f0500c010059d073ce4bce724b5
:108cb4000180053c4def400f50e2a5241400bf8f06
:108cc4000800e0031800bd270800e00300000000ce
:020000040000fa
:020000041d04d9
:108cd4002e2e2f7372632f636f6e6669672f646520
:108ce4006661756c742f6c6962726172792f74633a
:108cf4007069702f7372632f74637069705f686535
:108d04006c706572735f707269766174652e680049
:020000040000fa
:020000041d04d9
:108d14002e2e2f7372632f636f6e6669672f6465df
:108d24006661756c742f6c6962726172792f7463f9
:108d34007069702f7372632f74637069705f6865f4
:108d44006c706572735f707269766174652e680009
:020000040000fa
:020000041d04d9
:108d54000400838c0c0060102538c000e8ffbd2798
:108d64001400bfaf2530a0000180023cd0c94224ca
:108d74002310820009f86000032902001400bf8f49
:108d84000800e0031800bd270800e003000000000d
:020000040000fa
:020000041d04d9
:108d94000d00801400000000e0ffbd271c00bfafe1
:108da4002510e0002538c0002530a0001000a2af37
:108db400059d053c69f2400f909ba5241c00bf8fc4
:108dc4000800e0032000bd270800e00300000000c5
:020000040000fa
:020000041d04d9
:108dd4000d00801025100000020002240500a214da
:108de4000100032442008294080042380800e00392
:108df400c000427c0400a3142510000042008294a9
:108e0400100042380001427c0800e003000000002a
:020000040000fa
:020000041d04d9
:108e1400ffff8430001104000180043cd0c9842485
:108e2400212082000800829427180500241862007b
:108e34000001a5300400a010080083a45081838f92
:108e4400ffff6324508183af0800e00300000000ab
:020000040000fa
:020000041d04d9
:108e5400e8ffbd271400bfaf422d410f1000b0af93
:108e640006004010258040009a28410f252040002c
:108e740002004050258000000800108e25100002da
:108e84001400bf8f1000b08f0800e0031800bd2746
:020000040000fa
:020000041d04d9
:108e9400e8ffbd271400bfaf422d410f1000b0af53
:108ea40006004010258000003000438c010060540f
:108eb40036005094a728410f2520400025100002b9
:108ec4001400bf8f1000b08f0800e0031800bd2706
:020000040000fa
:020000041d04d9
:108ed400e8ffbd271400bfafe08182270400448c63
:108ee4000000428c0500401081bf023ce081828f6b
:108ef40009f840000000000081bf023c0040033c30
:108f0400440043ac1400bf8f0800e0031800bd27e1
:020000040000fa
:020000041d04d9
:108f1400e8ffbd271400bfafe88182270400448c1a
:108f24000000428c0500401081bf023ce881828f22
:108f340009f840000000000081bf023c2000033c0f
:108f4400440043ac1400bf8f0800e0031800bd27a1
:020000040000fa
:020000041d04d9
:108f540084bf023c00800334040443ac84bf023c5d
:108f640070000324080443ac84bf023c100440acea
:108f740084bf023cffff0334200443ac81bf023ca6
:108f840000400324c80043ac0800e00300000000d4
:020000040000fa
:020000041d04d9
:108f94001b00a290001202001a00a39025104300a7
:108fa40000008490030003240700831400000000e1
:108fb4001500a390001a03001400a490251864005f
:108fc400001c0300251043000800e003000000001b
:020000040000fa
:020000041d04d9
:108fd400e8ffbd271400bfaf1000b0af3827410f22
:108fe40025808000050040102518000098fb400fe4
:108ff4002520000200a0023c305d438c2510600057
:109004001400bf8f1000b08f0800e0031800bd27c4
:020000040000fa
:020000041d04d9
:10901400bc2e049dc42e049d00000000d02e049d8f
:10902400e02e049df02e049df02e049d002f049d3f
:10903400082f049d09000000b059049d00000000a1
:10904400000000000000000000000000000000001c
:020000040000fa
:020000041d04d9
:10905400e8ffbd271400bfaf25280000059d043c90
:109064002e33410fe4bf84242833410f010004242c
:10907400010005246c31410f01000424fb14410f4d
:10908400000000001400bf8f0800e0031800bd2793
:020000040000fa
:020000041d04d9
:109094000080033cd06563240a008314ffff02248c
:1090a40008008010000000000080023cf06543903e
:1090b4000100633003006010ffff02240080023cc3
:0c90c400ec65428c0800e0030000000096
:020000040000fa
:020000041d04d9
:1090d000e8ffbd271400bfaf1000b0af25808000af
:1090e000200082900421027c4429027c7020410fe0
:1090f000200082a0840002ae980000ae1400bf8f52
:0c9100001000b08f0800e0031800bd272d
:020000040000fa
:020000041d04d9
:10910c000000828c09004010000000000400838cd9
:10911c00080062540000438c000080ac040080ac5a
:10912c000800838cffff6324080083ac0800e00375
:0c913c0000000000faff0010000083acef
:020000040000fa
:020000041d04d9
:109148000c0080142538c000e8ffbd271400bfaf0d
:109158002530a000059d053c69f2400fc4bba5243d
:109168005080828ffeff40141400bf8f0800e00378
:0c9178001800bd270800e0030000000004
:020000040000fa
:020000041d04d9
:109184000c0080142538c000e8ffbd271400bfafd1
:109194002530a000059d053c69f2400f04bca524c0
:1091a4005480828ffeff40141400bf8f0800e00338
:0c91b4001800bd270800e00300000000c8
:020000040000fa
:020000041d04d9
:1091c000e8ffbd271400bfaf1000b0af25808000be
:1091d0009d11410f010005240400401004000224e9
:1091e0001a0002a6090002241c0002a61400bf8f68
:0c91f0001000b08f0800e0031800bd273d
:020000040000fa
:020000041d04d9
:1091fc00e8ffbd271400bfaf1000b0af2580800082
:10920c009d11410f090005240400401004000224a4
:10921c001a0002a6070002241c0002a61400bf8f2d
:0c922c001000b08f0800e0031800bd2700
:020000040000fa
:020000041d04d9
:10923800e8ffbd271400bfaf1000b0af2580800045
:1092480000800634cf11410f25280000030040108c
:10925800010002241a0002a61c0000a61400bf8ff9
:0c9268001000b08f0800e0031800bd27c4
:020000040000fa
:020000041d04d9
:10927400e8ffbd271400bfaf1000b0af0e21410faf
:1092840025808000060040101400bf8f340006962d
:1092940022000596b522410f252000021400bf8f3d
:0c92a4001000b08f0800e0031800bd2788
:020000040000fa
:020000041d04d9
:1092b0004452565f4d454d4f52595f5472616e7323
:1092c00066657248616e646c657253657428293aec
:1092d00020496e76616c69642064726976657220db
:0c92e00068616e646c652e0a00000000de
:020000040000fa
:020000041d04d9
:1092ec000c0080142538c000e8ffbd271400bfaf68
:1092fc002530a000059d053c69f2400f20b8a5243f
:10930c005880828ffeff40141400bf8f0800e003ca
:0c931c001800bd270800e003000000005e
:020000040000fa
:020000041d04d9
:109328000000828c09004010000000000400838cbb
:10933800080062540000438c040080ac000080ac3c
:109348000800838cffff6324080083ac0800e00357
:0c93580000000000faff0010000083acd1
:020000040000fa
:020000041d04d9
:10936400e8ffbd271400bfaf6080828f080040185b
:10937400020003241600849005008314ffff422496
:1093840003004014608082af922b410f0000000064
:0c9394001400bf8f0800e0031800bd2784
:020000040000fa
:020000041d04d9
:1093a0001c00828c2000858c2b1845000400605422
:1093b0001800838c231045000800e003ffff4230b3
:1093c000231865001400848c2310440021106200cf
:0c93d000010042240800e003ffff4230cf
:020000040000fa
:020000041d04d9
:1093dc00010003240b008314ffff0224e8ffbd27c8
:1093ec001400bfaf2538c0002530a00001000524b3
:1093fc00b450400f010004241400bf8f0800e00398
:0c940c001800bd270800e003000000006d
:020000040000fa
:020000041d04d9
:10941800e8ffbd271400bfafde2c410f000000009d
:109428002520400006008010251000004800838c8d
:10943800040060101400bf8f8615410f0000000063
:0c9448001400bf8f0800e0031800bd27cf
:020000040000fa
:020000041d04d9
:10945400e8ffbd271400bfaf0100063c0200c6248c
:109464001c000524b5cb400f380004240400401030
:10947400059d033c789a6324080043ac0c0040ac7f
:0c9484001400bf8f0800e0031800bd2793
:020000040000fa
:020000041d04d9
:10949000e8ffbd271400bfaf1000b0af25808000eb
:1094a0002520a0004817410f040005240c00038e5e
:1094b0001b004300f4016000101000001400bf8f77
:0c94c0001000b08f0800e0031800bd276a
:020000040000fa
:020000041d04d9
:1094cc006000838c0b00601025100000e0ffbd27ae
:1094dc001c00bfaf2510e0002538c0001000a2af63
:1094ec0009f86000a400868c1c00bf8f0800e00304
:0c94fc002000bd270800e0030000000075
:020000040000fa
:020000041d04d9
:109508000c0080142538c000e8ffbd271400bfaf49
:109518002530a000059d053c69f2400f64b9a524db
:10952800f480828ffeff40141400bf8f0800e00310
:0c9538001800bd270800e0030000000040
:020000040000fa
:020000041d04d9
:109544000c00801025100000e8ffbd271400bfaff9
:109554001881868f0500c0101400bf8f0180053c60
:109564007417410f70e2a5241400bf8f0800e003b4
:0c9574001800bd270800e0030000000004
:020000040000fa
:020000041d04d9
:10958000e8ffbd27010003240700c3141400bfaf88
:10959000253000004a95400f010007241400bf8fba
:1095a0000800e0031800bd272510c0002530a000ea
:0c95b00002004238f7ff00100a280200f9
:020000040000fa
:020000041d04d9
:1095bc00240080ac0c00828c0a00401025100000a6
:1095cc000000838c000060a40800858c21186500c5
:1095dc00010042240c00858c2b284500faffa05476
:0c95ec00000060a40800e0030000000084
:020000040000fa
:020000041d04d9
:1095f8000000828c09004010000000000400838ce9
:10960800080062540000438c000080ac040080ac69
:109618000800838cffff6324080083ac0800e00384
:0c96280000000000faff0010000083acfe
:020000040000fa
:020000041d04d9
:109634000c00801025100000420083944000633029
:1096440008006010000000000800828c271002004f
:109654000400838c251043000000a38c26104300d3
:0c9664000100422c0800e00300000000a0
:020000040000fa
:020000041d04d9
:10967000ff0003240b0083101300022400a0023c0f
:10968000b002438c070064141300022400a0023cc3
:10969000a0024224ff000324100043ac080040aca9
:0c96a000251000000800e003000000009e
:020000040000fa
:020000041d04d9
:1096ac008400832425108000000040a00100422487
:1096bc00fdff431400000000251880008400842462
:1096cc00251000000000659001006324fdff641468
:0c96dc00251045000800e0032b100200e0
:020000040000fa
:020000041d04d9
:1096e8000000848c03008104251000000800e003ba
:1096f80000000000e8ffbd271400bfafe9ff400fde
:1097080000000000ffff0324010043502510000063
:0c9718001400bf8f0800e0031800bd27fc
:020000040000fa
:020000041d04d9
:10972400e0ffbd271800b0af1000a6af2580800071
:109734001c00bfaf1138400f1000a6270400038e91
:109744001c00bf8fffff0424100063300b10830044
:0c9754001800b08f0800e0032000bd27c3
:020000040000fa
:020000041d04d9
:109760000800c01025108000200003242318660084
:109770000600601c0620c500252000000610c5005c
:10978000252880000800e0032518a0000610c2006c
:1097900004286500faff0010251045000800c010dd
:1097a0002510800020000424232086000600805c11
:1097b0000418c200251800000428c200251060000b
:1097c0000800e0032518a0000428c5000610820048
:0897d000faff00102528a20099
:020000040000fa
:020000041d04d9
:1097d8000180023cecdb4224090044140180023c75
:1097e800ecdb422402000324040043a40400a38cfd
:1097f8000c0043ac1000a38c140043ac240040a020
:089808000800e003000000006d
:020000040000fa
:020000041d04d9
:10981000e8ffbd271400bfaf1000b0af2580800067
:109820009d11410f01000524030040100100022496
:109830001a0002a61c0000a61400bf8f1000b08ff3
:089840000800e0031800bd2739
:020000040000fa
:020000041d04d9
:10984800e8ffbd271400bfaf1000b0af258080002f
:109858009d11410f0100052403004010010002245e
:109868001a0002a61c0000a61400bf8f1000b08fbb
:089878000800e0031800bd2701
:020000040000fa
:020000041d04d9
:10988000e8ffbd271400bfaf1000b0af25808000f7
:109890009d11410f25280000030040100100022403
:1098a0001a0002a61c0000a61400bf8f1000b08f83
:0898b0000800e0031800bd27c9
:020000040000fa
:020000041d04d9
:1098b800e8ffbd271400bfaf1000b0af25808000bf
:1098c8009d11410f010005240300401001000224ee
:1098d8001a0002a61c0000a61400bf8f1000b08f4b
:0898e8000800e0031800bd2791
:020000040000fa
:020000041d04d9
:1098f000d8ffbd272400bfaf020002241c00a2af86
:10990000030002241800a2af010002241400a2af39
:109910003800a28fa64f400f1000a2af2400bf8fc7
:089920000800e0032800bd2748
:020000040000fa
:020000041d04d9
:109928004452565f4d454d4f52595f436f6d6d61bf
:109938006e6453746174757347657428293a2049b5
:109948006e76616c696420647269766572206861fc
:089958006e646c652e0a00002c
:020000040000fa
:020000041d04d9
:10996000e8ffbd271400bfaf48f9400f000000001a
:10997000070040101400bf8f000042940012020044
:10998000d40043240180023cecd542242110430042
:089990000800e0031800bd27e8
:020000040000fa
:020000041d04d9
:109998001c00848cffff032409008310251000009d
:1099a800e8ffbd271400bfaf350a410f00000000d3
:1099b800010002241400bf8f0800e0031800bd272f
:0899c8000800e00300000000ac
:020000040000fa
:020000041d04d9
:1099d0001800848cffff0324090083102510000069
:1099e000e8ffbd271400bfaf350a410f000000009b
:1099f000010002241400bf8f0800e0031800bd27f7
:089a00000800e0030000000073
:020000040000fa
:020000041d04d9
:109a0800e8ffbd271400bfaf0c00a28c00004794ec
:109a1800020003240200e314253000000400468cf1
:109a28004af1400f1000a58c251000001400bf8fcc
:089a38000800e0031800bd273f
:020000040000fa
:020000041d04d9
:109a4000e8ffbd271400bfafde2c410f000000006f
:109a5000252040000500801025100000f9b5400fba
:109a60000100052427100200c21702001400bf8f56
:089a70000800e0031800bd2707
:020000040000fa
:020000041d04d9
:109a78000180023c5cde428c080044502000828c4d
:109a8800e8ffbd271400bfafbc05410f0000000070
:109a98001400bf8f0800e0031800bd27c418027c1b
:089aa8000800e003200082ac7d
:020000040000fa
:020000041d04d9
:109ab0006400838c0a0060102510e000e0ffbd27e1
:109ac0001c00bfaf2538c0001000a2af09f860002d
:109ad000a400868c1c00bf8f0800e0032000bd2777
:089ae0000800e0030000000093
:020000040000fa
:020000041d04d9
:109ae800e8ffbd271400bfaf1000b0af258080008d
:109af8002538000025300000ac26410f0100052460
:109b0800080000ae251000001400bf8f1000b08fb1
:089b18000800e0031800bd275e
:020000040000fa
:020000041d04d9
:109b20002e2e2f7372632f636f6e6669672f6465c5
:109b30006661756c742f6c6962726172792f7463df
:109b40007069702f7372632f74637069705f6865da
:089b50006c706572732e630056
:020000040000fa
:020000041d04d9
:109b5800544350495020537461636b2041737365bb
:109b680072743a20696e2066696c653a2025732cf8
:109b78002066756e633a2025732c206c696e653af1
:089b88002025642c200d0a00c9
:020000040000fa
:020000041d04d9
:109b9000544350495020537461636b20436f6e648b
:109ba0003a20696e2066696c653a2025732c206620
:109bb000756e633a2025732c206c696e653a2025fa
:089bc000642c200d0a000000d6
:020000040000fa
:020000041d04d9
:109bc8002e2e2f7372632f636f6e6669672f64651d
:109bd8006661756c742f6c6962726172792f746337
:109be8007069702f7372632f74637069705f6d6131
:089bf8006e616765722e6300c7
:020000040000fa
:020000041d04d9
:109c00000180033c60de63240c00628c0800648cdd
:109c10002b188200030060140180033c0800e0035d
:109c20002310820060de63241800638c2118640016
:089c30000800e00323106200ac
:020000040000fa
:020000041d04d9
:109c38000180033c60de63242800648c2c00628c65
:109c48002b188200030060140180033c0800e00325
:109c58002310820060de63243000638c21186400c6
:089c68000800e0032310620074
:020000040000fa
:020000041d04d9
:109c70000180033ca4de63240c00628c0800648c29
:109c80002b188200030060140180033c0800e003ed
:109c900023108200a4de63241800638c2118640062
:089ca0000800e003231062003c
:020000040000fa
:020000041d04d9
:109ca8000180033ca4de63242800648c2c00628cb1
:109cb8002b188200030060140180033c0800e003b5
:109cc80023108200a4de63243000638c2118640012
:089cd8000800e0032310620004
:020000040000fa
:020000041d04d9
:109ce000ffff83301900632c09006010251000006d
:109cf000ffff823000a0033c0011020028596324ba
:109d0000211862000c00628c261044000100422cd5
:089d10000800e0030000000060
:020000040000fa
:020000041d04d9
:109d1800251800000a00c31000000000211083006d
:109d2800010063242138a30000004290ffffe79060
:109d3800f8ff4710231047000800e0030000000068
:089d48000800e00325100000f3
:020000040000fa
:020000041d04d9
:109d5000e8ffbd271400bfaf1000b0af1c00a5afd7
:109d6000392b410f258080001c00a58f2520000283
:109d7000ce2d410f010046241400bf8f1000b08f7c
:089d80000800e0031800bd27f4
:020000040000fa
:020000041d04d9
:109d88000a00801053ff02240800a0100000000001
:109d9800e8ffbd271400bfaf849a400f0000000001
:109da8001400bf8f0800e0031800bd270800e00377
:049db80000000000a7
:020000040000fa
:020000041d04d9
:109dbc000a00801053ff02240800a01000000000cd
:109dcc00e8ffbd271400bfaf54a0400f00000000f7
:109ddc001400bf8f0800e0031800bd270800e00343
:049dec000000000073
:020000040000fa
:020000041d04d9
:109df0000a00801053ff02240800a0100000000099
:109e0000e8ffbd271400bfaf7d97400f00000000a2
:109e10001400bf8f0800e0031800bd270800e0030e
:049e2000000000003e
:020000040000fa
:020000041d04d9
:109e24000800a28c09004010000000000400a38c6c
:109e34008002637c030060100080033c0800e003a0
:109e44002510430000a0033c251043000800e00354
:049e5400000000000a
:020000040000fa
:020000041d04d9
:109e58000000a290200382a00100a290210382a00a
:109e68000200a290100382a00300a290110382a016
:109e78000400a290000382a00500a2900800e0035d
:049e8800010382a0b0
:020000040000fa
:020000041d04d9
:109e8c00200382900000a2a0210382900100a2a0d6
:109e9c00100382900200a2a0110382900300a2a0e2
:109eac00000382900400a2a0010382900800e0034a
:049ebc000500a2a05b
:020000040000fa
:020000041d04d9
:109ec000d8ffbd272400bfaf020002241c00a2afb0
:109ed0001800a2af1400a2af1000a7af2538c00031
:109ee000a64f400f253000002400bf8f0800e0037c
:049ef0002800bd2762
:020000040000fa
:020000041d04d9
:109ef4004452565f4d454d4f52595f47656f6d65ee
:109f040074727947657428293a20496e76616c69c0
:109f140064206472697665722068616e646c652e73
:049f24000a0000002f
:020000040000fa
:020000041d04d9
:109f28004452565f4d454d4f52595f4973417474c1
:109f3800616368656428293a20496e76616c6964b2
:109f4800206472697665722068616e646c652e0a99
:049f58000000000005
:020000040000fa
:020000041d04d9
:109f5c004452565f4d454d4f52595f416464726592
:109f6c00737347657428293a20496e76616c69646d
:109f7c00206472697665722068616e646c652e0a65
:049f8c0000000000d1
:020000040000fa
:020000041d04d9
:109f90000a008010ffff02240800828c02000324c4
:109fa00006004354ffff0224020083940100633043
:109fb000ffff04240800e0030a1083000800e00308
:049fc000000000009d
:020000040000fa
:020000041d04d9
:109fc400e8ffbd271400bfaf8080878f0700e01033
:109fd4001400bf8f1800e28c040040100000000041
:109fe40009f84000000000001400bf8f0800e003df
:049ff4001800bd276d
:020000040000fa
:020000041d04d9
:109ff800000202240900c21401000624e8ffbd275c
:10a008001400bfaf0100052429fb400f16000424eb
:10a018001400bf8f0800e0031800bd270800e00304
:04a028000000000034
:020000040000fa
:020000041d04d9
:10a02c002e2e2f7372632f636f6e6669672f6465b4
:10a03c006661756c742f6c6962726172792f7463ce
:10a04c007069702f7372632f687474705f6e6574af
:04a05c002e6300006f
:020000040000fa
:020000041d04d9
:10a06000e8ffbd271400bfaf1000b0af2580a000ef
:10a070002528c0000a000624c42d410f090004262b
:10a08000130000a21400bf8f1000b08f0800e0037f
:04a090001800bd27d0
:020000040000fa
:020000041d04d9
:10a09400144a019d204a019d204a019d204a019da8
:10a0a4002c4a019d384a019d444a019d504a019d14
:10a0b4005c4a019d684a019d844a019d844a019d30
:04a0c400984a019d18
:020000040000fa
:020000041d04d9
:10a0c800a84a019d004a019d044a019d0c4a019d30
:10a0d800104a019dac4a019db04a019db44a019db8
:10a0e800b84a019dbc4a019dc04a019dc84a019dcc
:04a0f800d04a019dac
:020000040000fa
:020000041d04d9
:10a0fc00e8ffbd271400bfaf1000b0af7020410fb8
:10a10c0025808000a800038e231043002710020036
:10a11c00c21702001400bf8f1000b08f0800e003bc
:04a12c001800bd2733
:020000040000fa
:020000041d04d9
:10a13000000102240900c21401000624e8ffbd2723
:10a140001400bfaf0100052429fb400f0c000424bc
:10a150001400bf8f0800e0031800bd270800e003cb
:04a1600000000000fb
:020000040000fa
:020000041d04d9
:10a16400000102240900c21401000624e8ffbd27ef
:10a174001400bfaf0100052429fb400f0f00042485
:10a184001400bf8f0800e0031800bd270800e00397
:04a1940000000000c7
:020000040000fa
:020000041d04d9
:10a1980042008294c420027c420082a40800a230bb
:10a1a80006004010000000004200829401000324d1
:10a1b800c418627c420082a4010002240800e00363
:04a1c8000000000093
:020000040000fa
:020000041d04d9
:10a1cc00e8ffbd271400bfafa92a410f0000000013
:10a1dc002518400004006010251000004200629415
:10a1ec00001042380003427c1400bf8f0800e003cb
:04a1fc001800bd2763
:020000040000fa
:020000041d04d9
:10a20000000102240900c21401000624e8ffbd2752
:10a210001400bfaf0100052429fb400f14000424e3
:10a220001400bf8f0800e0031800bd270800e003fa
:04a23000000000002a
:020000040000fa
:020000041d04d9
:10a23400000102240900c21401000624e8ffbd271e
:10a244001400bfaf0100052429fb400f0e000424b5
:10a254001400bf8f0800e0031800bd270800e003c6
:04a2640000000000f6
:020000040000fa
:020000041d04d9
:10a268005c008590010003240800a3142510000059
:10a278000c00828c050040502b1002002000438cfb
:10a28800080063300b1003002b1002000800e003e5
:04a2980000000000c2
:020000040000fa
:020000041d04d9
:10a29c00e8ffbd271400bfaf1000b0af25808000d1
:10a2ac007e25410f40008424252840004efb400fa2
:10a2bc00252000021400bf8f1000b08f0800e003af
:04a2cc001800bd2792
:020000040000fa
:020000041d04d9
:10a2d000f8ffbd270400bfaf006802400008033c40
:10a2e0002510430000688240c000000081bf023c8e
:10a2f00001000324c40043ac0400bf8f0800e00346
:04a300000800bd276d
:020000040000fa
:020000041d04d9
:10a30400e8ffbd271400bfaf1000b0af0180023cce
:10a3140060de42243000508c0e27410fffff1026d0
:10a32400231002021400bf8f1000b08f0800e00356
:04a334001800bd2729
:020000040000fa
:020000041d04d9
:10a33800e8ffbd271400bfaf1000b0af0180023c9a
:10a3480060de42241800508c0027410fffff1026c2
:10a35800231002021400bf8f1000b08f0800e00322
:04a368001800bd27f5
:020000040000fa
:020000041d04d9
:10a36c00e8ffbd271400bfaf1000b0af0180023c66
:10a37c00a4de42241800508c1c27410fffff10262e
:10a38c00231002021400bf8f1000b08f0800e003ee
:04a39c001800bd27c1
:020000040000fa
:020000041d04d9
:10a3a000e8ffbd271400bfaf1800a4affa03410fa8
:10a3b0001800a42725184000030060040b000224a5
:10a3c000088283a3251000001400bf8f0800e0035b
:04a3d0001800bd278d
:020000040000fa
:020000041d04d9
:10a3d400ebfe904d53444f53352e30004e4f204edc
:10a3e400414d452020202046415433322020200076
:10a3f4004e4f204e414d45202020204641542020e0
:04a4040020202000f4
:020000040000fa
:020000041d04d9
:10a40800e8ffbd271400bfaf0180023cf4de428c98
:10a41800e803062425380000190044001220000033
:10a42800a553400f102800001400bf8f0800e00358
:04a438001800bd2724
:020000040000fa
:020000041d04d9
:10a43c00e8ffbd271000b0af1400bfaf7fe6400fa0
:10a44c002580a000000043901400bf8fff00103245
:10a45c00261870000b1003001000b08f0800e003ea
:04a46c001800bd27f0
:020000040000fa
:020000041d04d9
:10a470002c00838ce8ffbd27060060101400bfafde
:10a4800009f86000000000001400bf8f0800e0031e
:10a490001800bd272636410f0000848cfbff0010fa
:04a4a0001400bf8f56
:020000040000fa
:020000041d04d9
:10a4a4000900801053ff0224e8ffbd271400bfaf4a
:10a4b400152b410f00000000251000001400bf8f71
:10a4c4000800e0031800bd270800e00300000000b6
:020000040000fa
:020000041d04d9
:10a4d4000080033cd06563240600831425108000ab
:10a4e4000500801000000000a400628c0800e00356
:10a4f40000000000251000000800e0030000000038
:020000040000fa
:020000041d04d9
:10a504000000a0ac0400828c07004054000045ac5d
:10a51400000085ac040085ac0800828c0100422454
:10a524000800e003080082acfbff0010040085acc7
:020000040000fa
:020000041d04d9
:10a534000319050008006010ffff0224f00702243d
:10a54400140082ac00190300f0076330180083acd8
:10a554002510a0000418027c0800e003000000009d
:020000040000fa
:020000041d04d9
:10a5640009008010f2ff02240800838c0180023c61
:10a57400ecdb4224030062503c0085ac0800e0039d
:10a58400f2ff0224251000000800e0030000000090
:020000040000fa
:020000041d04d9
:10a59400e8ffbd271400bfaf1bde400f0000000022
:10a5a40003004004f4ff0324020042380100432c5a
:10a5b400251060001400bf8f0800e0031800bd27b9
:020000040000fa
:020000041d04d9
:10a5c400d8ffbd272400bfaf010002241c00a2afa6
:10a5d4001800a0af1400a0af3800a28fa64f400f00
:10a5e4001000a2af2400bf8f0800e0032800bd279d
:020000040000fa
:020000041d04d9
:10a5f400605a049d3000049dc4a5049df098049df8
:10a60400ec37049dc01c039dc4a5049d3409049d1e
:10a61400c09e049dbc59019dd070029df083019d94
:020000040000fa
:020000041d04d9
:10a624000000a0ac0400828c07004054000045ac3c
:10a63400040085ac000085ac0800828c0100422433
:10a644000800e003080082acfbff0010040085aca6
:020000040000fa
:020000041d04d9
:10a65400d8ffbd272400bfaf010002241800a2af19
:10a664003800a28f1400a2af1000a7affaa6400fc3
:10a67400253800002400bf8f0800e0032800bd2710
:020000040000fa
:020000041d04d9
:10a68400d8ffbd272400bfaf020002241800a2afe8
:10a694003c00a28f1400a2af3800a28ffaa6400f8c
:10a6a4001000a2af2400bf8f0800e0032800bd27dc
:020000040000fa
:020000041d04d9
:10a6b400d8ffbd272400bfaf030002241800a2afb7
:10a6c4003800a28f1400a2af1000a7affaa6400f63
:10a6d400253800002400bf8f0800e0032800bd27b0
:020000040000fa
:020000041d04d9
:10a6e400d8ffbd272400bfaf040002241800a2af86
:10a6f4003800a28f1400a2af1000a7affaa6400f33
:10a70400253800002400bf8f0800e0032800bd277f
:020000040000fa
:020000041d04d9
:10a71400d8ffbd272400bfaf050002241800a2af54
:10a724003c00a28f1400a2af3800a28ffaa6400ffb
:10a734001000a2af2400bf8f0800e0032800bd274b
:020000040000fa
:020000041d04d9
:10a74400e8ffbd271400bfaf01000224a80082acbb
:10a75400a000848c0f0085300428a2005031410fe2
:10a76400022104001400bf8f0800e0031800bd2775
:020000040000fa
:020000041d04d9
:10a77400287a049d6099049d44b8049d60b2049da8
:10a78400148b049db4e5039d44b8049d00000000af
:10a7940000000000d8ba029d9427039d1003009d79
:020000040000fa
:020000041d04d9
:10a7a400ffff022408008210000000000180023c28
:10a7b400e4dd428c0400401000000000ffff42244e
:10a7c4000180033ce4dd62ac0800e003000000000b
:020000040000fa
:020000041d04d9
:10a7d400e8ffbd271400bfaf0000a28c340082ac98
:10a7e4001400428c25288000059d043c09f8400093
:10a7f400b0b284241400bf8f0800e0031800bd2702
:020000040000fa
:020000041d04d9
:10a80400e8ffbd271400bfafa830410f00000000cf
:10a8140003004010faff03245000438c500040ac66
:10a82400251060001400bf8f0800e0031800bd2746
:020000040000fa
:020000041d04d9
:10a83400e8ffbd271400bfaf2510a0002528c000e5
:10a8440062008724039d063c6463c624081f410fed
:10a85400252040001400bf8f0800e0031800bd2726
:020000040000fa
:020000041d04d9
:10a86400e8ffbd271400bfaf2510a0002528c000b5
:10a874001800878c059d063c30cac624081f410f6a
:10a88400252040001400bf8f0800e0031800bd27f6
:020000040000fa
:020000041d04d9
:10a89400e8ffbd271400bfafde2c410f000000000d
:10a8a4002518400003006010251000008400628c0d
:10a8b4008002427c1400bf8f0800e0031800bd270b
:020000040000fa
:020000041d04d9
:10a8c400e8ffbd271400bfafde2c410f00000000dd
:10a8d400252040000300801025100000e824410fcb
:10a8e400000000001400bf8f0800e0031800bd271b
:020000040000fa
:020000041d04d9
:10a8f4002e2e2f7372632f636f6e6669672f6465e4
:10a904006661756c742f6c6962726172792f7463fd
:10a914007069702f7372632f646863702e63000014
:020000040000fa
:020000041d04d9
:10a924002e2e2f7372632f636f6e6669672f6465b3
:10a934006661756c742f6c6962726172792f7463cd
:10a944007069702f7372632f646e732e630000003e
:020000040000fa
:020000041d04d9
:10a954000000a294010042300700401000000000f3
:10a964000000a2940400027c0000a2a42400828cb3
:10a97400ffff4224240082ac0800e0030000000032
:020000040000fa
:020000041d04d9
:10a984000000a0ac0400828c07004054000045acd9
:10a99400000085ac040085ac0800828c01004224d0
:10a9a4000800e003080082acfbff0010040085ac43
:020000040000fa
:020000041d04d9
:10a9b400e8ffbd271400bfaf1119410f252800007f
:10a9c400251840000300601025100000020062906a
:10a9d400010042301400bf8f0800e0031800bd27b7
:020000040000fa
:020000041d04d9
:10a9e400e8ffbd271400bfaf1119410f252800004f
:10a9f4002518400003006010251000000200629436
:10aa04004000427c1400bf8f0800e0031800bd27fb
:020000040000fa
:020000041d04d9
:10aa14000180023ce8e143942b1883000600601097
:10aa240025100000c010040023104400001102008f
:10aa34007481848f211082000800e003000000006c
:020000040000fa
:020000041d04d9
:10aa44000900801025100000420083944000633008
:10aa540005006010000000000800828c271002002e
:10aa64000400838c251043000800e003000000006c
:020000040000fa
:020000041d04d9
:10aa7400420082940410027c420082a40100a230ad
:10aa840005004010000000004200839401000524ea
:10aa94000400a37c420083a40800e003000000003b
:020000040000fa
:020000041d04d9
:10aaa4000900801025108000420083944000633028
:10aab400050060502510000064008390010063309d
:10aac4000800e0030a1003000800e003000000008f
:020000040000fa
:020000041d04d9
:10aad4000900801000000000e8ffbd271400bfaf8c
:10aae40010000624b02d410f252800001400bf8f4c
:10aaf4000800e0031800bd270800e0030000000080
:020000040000fa
:020000041d04d9
:10ab0400e8ffbd271400bfaf40100400211044002b
:10ab1400801002000180043c5cda84247e25410f0d
:10ab2400212082001400bf8f0800e0031800bd2715
:020000040000fa
:020000041d04d9
:10ab340082bf023c1018438c0180023c28e042246e
:10ab44001c004490ff0084300300801401000224a0
:10ab540080006338c001627c0800e003000000004c
:020000040000fa
:020000041d04d9
:10ab64000000000003000000d4af049d403e049d9b
:10ab74007c4d049d184d049dac3e049d504c049d99
:10ab8400b44c049da8d8049dd0cc049da0d8049da9
:020000040000fa
:020000041d04d9
:10ab9400feffa5241c00838cfeff63242b18a30056
:10aba40005006010251000000a0082943000838c98
:10abb40002204570211083000800e003000000001b
:020000040000fa
:020000041d04d9
:10abc4000b0085242510000042180200c011020069
:10abd4002510620001008424ffff839021104300ac
:10abe400f9ff8514ff0042300800e0030000000074
:020000040000fa
:020000041d04d9
:10abf4001a00a6a0003ac27c1b00a2a00000839009
:10ac04000300022404006214023406001400a6a007
:10ac1400023206001500a6a00800e00300000000b0
:020000040000fa
:020000041d04d9
:10ac2400e0ffbd271c00bfaf300084241000a4a3a4
:10ac34003a0002241100a2a31200a0a3e828410fa5
:10ac44001000a4271c00bf8f0800e0032000bd27cc
:020000040000fa
:020000041d04d9
:10ac54000900801053ff0224e8ffbd271400bfaf92
:10ac6400feff06247c18410f252800001400bf8f26
:10ac74000800e0031800bd270800e00300000000fe
:020000040000fa
:020000041d04d9
:10ac8400a65ad0f345db4e0effe875c3a2e71f4278
:10ac9400c7129d620ff5c119a9ef55f05185e0fb6c
:10aca4008581f9317517276e06e9607ddbcbcc2ee3
:020000040000fa
:020000041d04d9
:10acb40063363377e41e86468deb0ab4a8ed683f0d
:10acc4006a134e47e014c700454e81e95358a569fd
:10acd400808aa38f2a72a62359915a9f8a04ca682c
:020000040000fa
:020000041d04d9
:10ace4000000828008004010000000002510800051
:10acf4000100422400004380feff6054010042240e
:10ad04000800e003231044000800e00325100000bd
:020000040000fa
:020000041d04d9
:10ad14000800801053ff0224e8ffbd271400bfafd2
:10ad24002c2c410f000000001400bf8f0800e0032a
:0cad34001800bd270800e003000000002c
:020000040000fa
:020000041d04d9
:10ad4000e8ffbd271400bfaf2510c0006400c38c0e
:10ad50002530a0002528800009f860006000448ca0
:0cad60001400bf8f0800e0031800bd279e
:020000040000fa
:020000041d04d9
:10ad6c0008008010f2ff02240800838c0180023c52
:10ad7c00ecdb4224030062501e0082840800e003d6
:0cad8c00f2ff02240800e00300000000b9
:020000040000fa
:020000041d04d9
:10ad980008008010ffff02240800838c0180023c19
:10ada800ecdb422403006250020082840800e003c6
:0cadb800ffff02240800e0030000000080
:020000040000fa
:020000041d04d9
:10adc400d846049d24c6029d60d4039d8030049d12
:10add4002c41049d9412039dfc91049da02f049d7d
:0cade400c091049d1030049d90c0039da0
:020000040000fa
:020000041d04d9
:10adf000e8ffbd271400bfafbcfc400f25280000b2
:10ae00002518400002006010ffff02240c00628c35
:0cae10001400bf8f0800e0031800bd27ed
:020000040000fa
:020000041d04d9
:10ae1c00e8ffbd271400bfaf1000b0afc234410f24
:10ae2c0025808000fa35410f252000021400bf8fc9
:0cae3c001000b08f0800e0031800bd27d4
:020000040000fa
:020000041d04d9
:10ae4800e8ffbd271400bfaf5c80848f0500801029
:10ae58001400bf8fb52a410f000000005c8080af4e
:0cae68001400bf8f0800e0031800bd2795
:020000040000fa
:020000041d04d9
:10ae7400e8ffbd271400bfaf8480828f0400401018
:10ae8400252880000400438c09f860002520400038
:0cae94001400bf8f0800e0031800bd2769
:020000040000fa
:020000041d04d9
:10aea000e8ffbd271400bfaf8480828f04004010ec
:10aeb000252880000c00438c09f860002520400004
:0caec0001400bf8f0800e0031800bd273d
:020000040000fa
:020000041d04d9
:10aecc00080080102510000042008294400042309f
:10aedc0004004010000000005e008294ecff42244d
:0caeec00ffff42300800e00300000000ff
:020000040000fa
:020000041d04d9
:10aef800444843503a204661696c656420746f2069
:10af08007265676973746572204950763420666982
:0caf18006c74657221200d0a000000001e
:020000040000fa
:020000041d04d9
:10af2400e8ffbd271400bfaf1000b0af491b410fad
:10af34002580800028fd400f252000021400bf8fcb
:0caf44001000b08f0800e0031800bd27cb
:020000040000fa
:020000041d04d9
:10af500008008010251000001000838c0500601090
:10af6000000000000c0064940000638cfdff60147e
:0caf7000211044000800e003ffff423005
:020000040000fa
:020000041d04d9
:10af7c00f8ffbd270400bfaf006802400008033c87
:10af8c002510430000688240c0000000d88180afcb
:0caf9c000400bf8f0800e0030800bd2780
:020000040000fa
:020000041d04d9
:10afa8000012040086bf043c300084242120820063
:10afb8000000828c263046002428c5002628a200de
:0cafc800000085ac0800e0030000000061
:020000040000fa
:020000041d04d9
:10afd400080080140180033ce8e262240100042498
:10afe400080044a00000a48ce8e264ac010003243f
:0caff400040043ac0800e0030000000073
:020000040000fa
:020000041d04d9
:10b0000003008390001a0300020082902510430081
:10b01000001a020001008290251043000012020075
:0cb02000000083900800e003251062008f
:020000040000fa
:020000041d04d9
:10b02c000800a01000000000e8ffbd271400bfaf0f
:10b03c004c2d410f000000001400bf8f0800e003ee
:0cb04c001800bd270800e0030000000011
:020000040000fa
:020000041d04d9
:10b05800e8ffbd271400bfaf388286af0100072480
:10b0680025308000059d043ce4f2400f84bf842411
:0cb078001400bf8f0800e0031800bd2783
:020000040000fa
:020000041d04d9
:10b08400040064000004000450000a000a000300e5
:10b094000000040000020a000a000a000000000088
:0cb0a40078b6039d1037049d202f049dfa
:020000040000fa
:020000041d04d9
:10b0b000e0ffbd271c00bfaffeff02241000a2afbf
:10b0c0002538000025300000036c400f25280000c3
:0cb0d0001c00bf8f0800e0032000bd271b
:020000040000fa
:020000041d04d9
:10b0dc00e8ffbd271400bfafbca0400f2520000027
:10b0ec0032000524aa13410f00610424e314410f1c
:0cb0fc0000000000fdff0010000000003c
:020000040000fa
:020000041d04d9
:10b108000800c01025108000213086002518800016
:10b118000100a524ffffa79001006324fcff66142b
:0cb12800ffff67a00800e003000000002b
:020000040000fa
:020000041d04d9
:10b13400000082800000a38003004314ff006330fa
:10b144000400405401008424ff0042300800e0035e
:0cb1540023104300f6ff00100100a524aa
:020000040000fa
:020000041d04d9
:10b16000e0ffbd27ffff0224251800001000a2af5a
:10b170001400a3af1c00bfafcae9400f00000000dd
:0cb180001c00bf8f0800e0032000bd276a
:020000040000fa
:020000041d04d9
:10b18c00e0ffbd270080023c251800001000a2af94
:10b19c001400a3af1c00bfafcae9400f00000000b1
:0cb1ac001c00bf8f0800e0032000bd273e
:020000040000fa
:020000041d04d9
:10b1b8004000838c3c00868c500085ac23106600d0
:10b1c8000400a010540082ac2a10a20001004054d0
:0cb1d8002118c5000800e0034c0083ac07
:020000040000fa
:020000041d04d9
:10b1e4000180043c0ce1822401000324080043ace8
:10b1f4000180033c18e363240ce183ac0400033caa
:0cb20400000063240800e003040043acd9
:020000040000fa
:020000041d04d9
:10b210004452565f4d454d4f52595f436c6f7365b5
:10b2200028293a20496e76616c69642068616e64f1
:08b230006c652e0a000000000d
:020000040000fa
:020000041d04d9
:10b23800e8ffbd271400bfaf2538a000059d063cd8
:10b24800f4a5c624a401410f252880001400bf8f4f
:08b258000800e0031800bd2707
:020000040000fa
:020000041d04d9
:10b26000e0ffbd271c00bfaf010002241400a2af05
:10b270003000a28f5169400f1000a2af1c00bf8f99
:08b280000800e0032000bd27d7
:020000040000fa
:020000041d04d9
:10b28800e8ffbd271400bfaf02000724059d063c58
:10b2980074a7c624a401410f252880001400bf8f7d
:08b2a8000800e0031800bd27b7
:020000040000fa
:020000041d04d9
:10b2b000e8ffbd271400bfaf440080ac400080ac65
:10b2c000380080acf85a400f3c0080ac1400bf8faf
:08b2d0000800e0031800bd278f
:020000040000fa
:020000041d04d9
:10b2d800e8ffbd271400bfaf2520a0002528c00027
:10b2e800049d063c081f410fbc55c6241400bf8f9f
:08b2f8000800e0031800bd2767
:020000040000fa
:020000041d04d9
:10b30000e0ffbd271c00bfaf1000a5a31100a0a344
:10b31000ada4400f1000a527ffff42301c00bf8fd7
:08b320000800e0032000bd2736
:020000040000fa
:020000041d04d9
:10b328000d0a0d0a000000004d50465302010000ae
:10b338002f6d6e742f776562000000002f646576ac
:08b348002f6e766d61310000eb
:020000040000fa
:020000041d04d9
:10b35000436f6f6b69653a00417574686f72697a03
:10b360006174696f6e3a0000436f6e74656e742d80
:08b370004c656e6774683a0039
:020000040000fa
:020000041d04d9
:10b378000700800425100000d480838f2b188300d9
:10b388000300601080200400e480828f0a10447c4f
:08b398000800e00300000000c2
:020000040000fa
:020000041d04d9
:10b3a000ae0082900600401000000000ae0080a0b9
:10b3b000600080ac860080a4ffff0224980082ac6d
:08b3c0000800e0032510000065
:020000040000fa
:020000041d04d9
:10b3c8004e4c53542025730d0a0000004e4c535424
:10b3d8000d0a00004c4953542025730d0a00000043
:08b3e8004c4953540d0a00000a
:020000040000fa
:020000041d04d9
:10b3f0004950763420496e69743a204661696c651b
:10b400006420746f20696e6974616c697a653a2092
:08b41000256421200d0a000053
:020000040000fa
:020000041d04d9
:10b418000c00838c2b18a300050060102510000079
:10b428000800828c0000838c0220a2702110830007
:08b438000800e0030000000021
:020000040000fa
:020000041d04d9
:10b440000000828c0000a2ac000085ac0400828c5d
:10b4500001004050040085ac0800828c01004224a9
:08b460000800e003080082acc3
:020000040000fa
:020000041d04d9
:10b4680007008010251000004200839440006330dc
:10b478000300601000000000640082900100423068
:08b488000800e00300000000d1
:020000040000fa
:020000041d04d9
:10b490005443502f495020537461636b3a20496ed6
:10b4a000697469616c697a6174696f6e2053746143
:08b4b00072746564200d0a00ae
:020000040000fa
:020000041d04d9
:10b4b800e8ffbd271400bfaf7c81828f04004010d5
:10b4c8001400bf8f09f84000000000001400bf8f6f
:08b4d8000800e0031800bd2785
:020000040000fa
:020000041d04d9
:10b4e0000e0083940300632c05006014ffff022408
:10b4f0001000828c01000324000043a003000224fa
:08b500000800e0030000000058
:020000040000fa
:020000041d04d9
:10b508000700800425100000d081838f2a1883004b
:10b518000300601080200400d481828f0a10447ccc
:08b528000800e0030000000030
:020000040000fa
:020000041d04d9
:10b53000421104000029020081bf023cc0004224e5
:10b54000211045000100032404188300080043acc7
:08b550000800e0030000000008
:020000040000fa
:020000041d04d9
:10b55800421104000029020081bf023cc0004224bd
:10b56800211045000100032404188300040043aca3
:08b578000800e00300000000e0
:020000040000fa
:020000041d04d9
:10b58000421104000029020081bf023c4000422415
:10b59000211045000100032404188300040043ac7b
:08b5a0000800e00300000000b8
:020000040000fa
:020000041d04d9
:10b5a8000700801000000000f8ffbd270400bfafaf
:10b5b800206062410400bf8f0800e0030800bd2737
:08b5c8000800e0030000000090
:020000040000fa
:020000041d04d9
:10b5d000e8ffbd271400bfaf2538a000253080004c
:10b5e00025280000955d400f252000001400bf8f26
:08b5f0000800e0031800bd276c
:020000040000fa
:020000041d04d9
:10b5f800e8ffbd271400bfaf2538a0002530800024
:10b6080025280000725e400f252000001400bf8f1f
:08b618000800e0031800bd2743
:020000040000fa
:020000041d04d9
:10b620000500000001000000b00400003c00000024
:10b6300002000000320000004b000000010000008a
:08b640000300000001000000fe
:020000040000fa
:020000041d04d9
:10b6480000000000002088bf00000000400000004b
:10b6580070c9049d000000009879049d38d9049da4
:08b66800000000008c67008067
:020000040000fa
:020000041d04d9
:10b670000000000084ba049d0100000000000000ea
:10b6800001040000284500a000e20080e8e00080fe
:08b690000100000001000000b0
:020000040000fa
:020000041d04d9
:10b69800e8ffbd271400bfaf25300000059d053c1d
:10b6a80060d9a5246911410f252000001400bf8f1f
:08b6b8000800e0031800bd27a3
:020000040000fa
:020000041d04d9
:10b6c0000700c01025108000202c057c213086004a
:10b6d0002518800001006324feff6614ffff65a0ab
:08b6e0000800e0030000000077
:020000040000fa
:020000041d04d9
:10b6e800e8ffbd271000b0af1400bfafd82d410f41
:10b6f800258080001400bf8f251000021000b08f35
:08b708000800e0031800bd2752
:020000040000fa
:020000041d04d9
:10b71000e8ffbd271000b0af1400bfaf7108410fa4
:10b72000258080001400bf8f251000021000b08f0c
:08b730000800e0031800bd272a
:020000040000fa
:020000041d04d9
:10b73800ff00a53021308600050086102510000086
:10b74800ffffc390ffffc224fbff651425304000b4
:08b758000800e00300000000fe
:020000040000fa
:020000041d04d9
:10b7600002000010251080002510c0000100a52453
:10b77000ffffa38001004624fbff6014ffffc3a06e
:08b780000800e00300000000d6
:020000040000fa
:020000041d04d9
:10b788000180033c0ce3668c0500c0142510000002
:10b798000ce364ac100080ac000085ac010002240e
:08b7a8000800e00300000000ae
:020000040000fa
:020000041d04d9
:10b7b000000000000000f03f000000000000e03f3b
:10b7c0000000000000005043000000000000b03ff7
:08b7d000000000000000204011
:020000040000fa
:020000041d04d9
:10b7d8000180023cecdb4224040044140180033c59
:10b7e800040040a4ecdb60a0140040ac0800e003b7
:04b7f800000000004d
:020000040000fa
:020000041d04d9
:10b7fc00465f4452565f5048595f534d49547261ed
:10b80c006e7366657257616974436f6d706c6574a5
:04b81c0065000000c3
:020000040000fa
:020000041d04d9
:10b82000644d49494d204173736572743a20257304
:10b830002c20696e206c696e653a2025642c200de1
:04b840000a000000fa
:020000040000fa
:020000041d04d9
:10b84400e0ffbd271c00bfaf1400a0af3000a28fe3
:10b854005169400f1000a2af1c00bf8f0800e00325
:04b864002000bd27dc
:020000040000fa
:020000041d04d9
:10b86800ffff022405008210000000000180023c56
:10b87800d0dd42242c0045ac300046ac0800e00383
:04b8880000000000bc
:020000040000fa
:020000041d04d9
:10b88c00e8ffbd271400bfaf2520a0002528c0006d
:10b89c00c6da400f2530e0001400bf8f0800e0032b
:04b8ac001800bd279c
:020000040000fa
:020000041d04d9
:10b8b000e8ffbd271400bfaf2520a0002528c00049
:10b8c00014dd400f2530e0001400bf8f0800e003b6
:04b8d0001800bd2778
:020000040000fa
:020000041d04d9
:10b8d400e8ffbd271400bfaf2520a0002528c00025
:10b8e400bca7400f2530e0001400bf8f0800e00320
:04b8f4001800bd2754
:020000040000fa
:020000041d04d9
:10b8f8005472616e736665722d456e636f64696e0e
:10b90800673a206368756e6b65640d0a0d0a00005e
:04b918000d0a000014
:020000040000fa
:020000041d04d9
:10b91c002564000076617200535349204563686fbb
:10b92c00202d204e6f7420466f756e643a2025735f
:04b93c000000000007
:020000040000fa
:020000041d04d9
:10b94000200000003d20000022000000202c00000c
:10b95000696e63003c2f636f64653e003c636f64f7
:04b96000653e000040
:020000040000fa
:020000041d04d9
:10b9640049507634204173736572743a2025732ce0
:10b9740020696e206c696e653a2025642c200d0abe
:04b9840000000000bf
:020000040000fa
:020000041d04d9
:10b98800902b049d4c89029d1c74049dbcfd019d57
:10b9980050cb049ddcbb039da4bd049d68cb049dd6
:04b9a80080cb049daf
:020000040000fa
:020000041d04d9
:10b9ac000400a38c05006018ffff02240000a28c89
:10b9bc00ffff0324000043a0010002240800e00361
:04b9cc000000000077
:020000040000fa
:020000041d04d9
:10b9d000e8ffbd271400bfaf019d023c14b642240e
:10b9e00009f84000000000001400bf8f0800e003c9
:04b9f0001800bd2757
:020000040000fa
:020000041d04d9
:10b9f400e8ffbd271400bfaf019d023c6cb6422492
:10ba040009f84000000000001400bf8f0800e003a4
:04ba14001800bd2732
:020000040000fa
:020000041d04d9
:10ba18000400a28cfc8182af008282270800a394d4
:10ba2800040043a402000324000043ac0800e00320
:04ba380025100000d5
:020000040000fa
:020000041d04d9
:10ba3c004018040021386400803807000180023c63
:10ba4c0058dc42242138e2000800e5ac0800e00391
:04ba5c000400e6ac50
:020000040000fa
:020000041d04d9
:10ba6000e8ffbd271400bfaf049d043cbd35410f66
:10ba7000305f8424251000001400bf8f0800e0030d
:04ba80001800bd27c6
:020000040000fa
:020000041d04d9
:10ba840038e5029da4a7049dc084049df8d5049db7
:10ba9400b800049d4001049d68b8049de43a039de8
:04baa40084bc049dbd
:020000040000fa
:020000041d04d9
:10baa80000000000ffffffffffffffffffffffff9a
:10bab800ffffffffffffffffffffffffffffffff8e
:04bac8000004000076
:020000040000fa
:020000041d04d9
:10bacc00e8ffbd271400bfaf1524410f0000000094
:10badc006222410f252000001400bf8f0800e003f4
:04baec001800bd275a
:020000040000fa
:020000041d04d9
:10baf000e8ffbd271400bfafb552400f00000000a3
:10bb0000a771400f000000001400bf8f0800e00381
:04bb10001800bd2735
:020000040000fa
:020000041d04d9
:10bb1400200083349fff63241a00632c0300601405
:10bb240001000224d0ff84240a00822c0800e003d0
:04bb3400000000000d
:020000040000fa
:020000041d04d9
:10bb3800d0ff83240a00632c04006014010002244f
:10bb4800200084349fff82240600422c0800e00372
:04bb580000000000e9
:020000040000fa
:020000041d04d9
:10bb5c000180043c10e3828c954c033c2d7f6324c4
:10bb6c00021043700100422410e382ac0800e00391
:04bb7c00421402006d
:020000040000fa
:020000041d04d9
:10bb8000e0ffbd272c00a7af2c00a7271c00bfafec
:10bb9000afe6400f1000a7af1c00bf8f0800e00306
:04bba0002000bd279d
:020000040000fa
:020000041d04d9
:10bba4000100000002000000080000000400000082
:10bbb4001000000020000000400000008000000091
:020000040000fa
:020000041d04d9
:10bbc40050485920436f6e643a2025732c20696ec7
:10bbd400206c696e653a2025642c200d0a00000053
:020000040000fa
:020000041d04d9
:10bbe4000180023cecdb4224030044500180023c0f
:10bbf4000800e003ffff02240800e003f0db4284b6
:020000040000fa
:020000041d04d9
:10bc0400504859204173736572743a2025732c206f
:10bc1400696e206c696e653a2025642c200d0a003b
:020000040000fa
:020000041d04d9
:10bc2400e0ffbd271c00bfaf01000224aee2400fbd
:10bc34001000a2af1c00bf8f0800e0032000bd2746
:020000040000fa
:020000041d04d9
:10bc44004452565f504859206f7065726174696f31
:10bc54006e206572726f723a2025640d0a0000002e
:020000040000fa
:020000041d04d9
:10bc64004898049da872039d4c29049d0872049d64
:10bc7400bc71049d7071049d2471049d8cb6029d59
:020000040000fa
:020000041d04d9
:10bc8400ffff032404008310020002240180023c0d
:10bc9400d0dd42240800428c0800e00300000000cc
:020000040000fa
:020000041d04d9
:10bca400e8ffbd271400bfaf0900a4244d2c410fa9
:10bcb4002528c0001400bf8f0800e0031800bd272a
:020000040000fa
:020000041d04d9
:10bcc400465f485454505f50726570656e64537497
:10bcd400617274487474704368756e6b0000000080
:020000040000fa
:020000041d04d9
:10bce400080082900400401000000000fc80828f55
:10bcf400ffff4224fc8082af0800e0030000000044
:020000040000fa
:020000041d04d9
:10bd0400e8ffbd271400bfaf010006244558400fcb
:10bd1400252880001400bf8f0800e0031800bd2709
:020000040000fa
:020000041d04d9
:10bd2400e8ffbd271400bfaf0000828c09f8400073
:10bd3400000000001400bf8f0800e0031800bd27b6
:020000040000fa
:020000041d04d9
:10bd4400e8ffbd271400bfaf0400828c09f840004f
:10bd5400000000001400bf8f0800e0031800bd2796
:020000040000fa
:020000041d04d9
:10bd6400e8ffbd271400bfaf0800828c09f840002b
:10bd7400000000001400bf8f0800e0031800bd2776
:020000040000fa
:020000041d04d9
:10bd8400e8ffbd271400bfaf0c00828c09f8400007
:10bd9400000000001400bf8f0800e0031800bd2756
:020000040000fa
:020000041d04d9
:10bda40005008010251000002c00828c3000838c4c
:10bdb40023104300001102000800e003000000000b
:020000040000fa
:020000041d04d9
:10bdc400e8ffbd271400bfaf2000a48c4d2c410f09
:10bdd4002528c0001400bf8f0800e0031800bd2709
:020000040000fa
:020000041d04d9
:10bde400000000000000000001000000e8cf049df6
:10bdf40002000000f0cf049d03000000f4cf049d76
:020000040000fa
:020000041d04d9
:10be04000500801025100000420083944000633038
:10be1400010060540400828c0800e003000000006c
:020000040000fa
:020000041d04d9
:10be24000500801025100000420083944000633018
:10be3400010060540800828c0800e0030000000048
:020000040000fa
:020000041d04d9
:10be44000500801025108000420083944000633078
:10be54003c0082240a1003000800e00300000000f4
:020000040000fa
:020000041d04d9
:10be64005061636b65742041636b3a206f72706834
:10be7400616e207061636b657421200d0a000000ff
:020000040000fa
:020000041d04d9
:10be8400421904000019030081bf023cc00042248f
:10be94000a10437c061082000800e00301004230cf
:020000040000fa
:020000041d04d9
:10bea400f8ffbd270400bfaf00606241c00000007e
:10beb400010042300400bf8f0800e0030800bd27e2
:020000040000fa
:020000041d04d9
:10bec40084bf023c03000324002a43ac81bf023c2c
:10bed4000040033cc80043ac0800e003000000003d
:020000040000fa
:020000041d04d9
:10bee40084bf023c03000324002643ac81bf023c10
:10bef4002000033cc80043ac0800e003000000003d
:020000040000fa
:020000041d04d9
:10bf0400e8ffbd271400bfaf25380000955d400f42
:10bf1400253000001400bf8f0800e0031800bd277f
:020000040000fa
:020000041d04d9
:10bf2400e8ffbd271400bfaf25380000725e400f44
:10bf3400253000001400bf8f0800e0031800bd275f
:020000040000fa
:020000041d04d9
:10bf44004010040021204400802004000180023cb1
:10bf540058dc4224212082000800e003000085ac64
:020000040000fa
:020000041d04d9
:10bf6400000085a002120500010082a00214050051
:10bf7400020082a0022e05000800e003030085a051
:020000040000fa
:020000041d04d9
:10bf8400e8ffbd271400bfaf3882828f09f8400054
:10bf9400252800001400bf8f0800e0031800bd2707
:020000040000fa
:020000041d04d9
:10bfa4009861049d4061049de860049d9060049d37
:10bfb400000000000000000000000000000000007d
:020000040000fa
:020000041d04d9
:10bfc4000800000608000400000001000200f4015b
:10bfd40037420000002088bf0448049d48b6049df1
:020000040000fa
:020000041d04d9
:10bfe400e8ffbd271400bfaf7020410f0000000020
:10bff400748282af1400bf8f0800e0031800bd27cd
:020000040000fa
:020000041d04d9
:10c00400e62b8a8ee8f141b6980566e3bfe3c049a2
:10c0140003dad4ac2cdf9f2280010a6739bc83d3b6
:020000040000fa
:020000041d04d9
:10c02400002104000180023c6cdb422421208200b8
:10c03400080085ac0c0086ac0800e003000000009a
:020000040000fa
:020000041d04d9
:10c04800000000000000f03f000000000000244055
:10c0580000000000000050430000000000001440f1
:10c06800000000000000e043000000000000e0c302
:10c07800000000f0ffff1f34000000000000f00780
:020000040000fa
:020000041d04d9
:10c0880000008c90ffffc624010084240000aca0af
:10c09800fbffc0140100a5240800e0032510800060
:020000040000fa
:020000041d04d9
:10c0a8004452562050485920696e69742066616967
:0cc0b8006c65643a2025640d0a0000004d
:020000040000fa
:020000041d04d9
:10c0c400e8ffbd271400bfaff635410f00000000a4
:0cc0d4001400bf8f0800e0031800bd2717
:020000040000fa
:020000041d04d9
:10c0e000e8ffbd271400bfaff435410f000000008a
:0cc0f0001400bf8f0800e0031800bd27fb
:020000040000fa
:020000041d04d9
:10c0fc00e8ffbd271400bfaff235410f0000000070
:0cc10c001400bf8f0800e0031800bd27de
:020000040000fa
:020000041d04d9
:10c11800e8ffbd271400bfaff035410f0000000055
:0cc128001400bf8f0800e0031800bd27c2
:020000040000fa
:020000041d04d9
:10c13400e8ffbd271400bfafee35410f000000003b
:0cc144001400bf8f0800e0031800bd27a6
:020000040000fa
:020000041d04d9
:10c15000e8ffbd271400bfafe035410f000000002d
:0cc160001400bf8f0800e0031800bd278a
:020000040000fa
:020000041d04d9
:10c16c00e8ffbd271400bfafec35410f0000000005
:0cc17c001400bf8f0800e0031800bd276e
:020000040000fa
:020000041d04d9
:10c18800e8ffbd271400bfafea35410f00000000eb
:0cc198001400bf8f0800e0031800bd2752
:020000040000fa
:020000041d04d9
:10c1a400e8ffbd271400bfafa6b8400f252000004c
:0cc1b4001400bf8f0800e0031800bd2736
:020000040000fa
:020000041d04d9
:10c1c000007f0224340282ac002a0500007fa530e3
:0cc1d000380285ac0800e003000000000d
:020000040000fa
:020000041d04d9
:10c1dc00e0ffbd271c00bfafaee2400f1000a0afc8
:0cc1ec001c00bf8f0800e0032000bd27ee
:020000040000fa
:020000041d04d9
:10c1f800e8ffbd271400bfaf361c410f25280000fb
:0cc208001400bf8f0800e0031800bd27e1
:020000040000fa
:020000041d04d9
:10c21400465f4452565f5048595f534d49547261ca
:0cc224006e7366657253746172740000e2
:020000040000fa
:020000041d04d9
:10c23000f0d7049d0879049dc078049d7878049d0a
:0cc240003078049de877049da077049df1
:020000040000fa
:020000041d04d9
:10c24c00465f4452565f4d49494d5f52656c65617e
:0cc25c0073654f704463707400000000b4
:020000040000fa
:020000041d04d9
:10c26800e8ffbd271400bfaf6935410f000000008b
:0cc278001400bf8f0800e0031800bd2771
:020000040000fa
:020000041d04d9
:10c28400e8ffbd271400bfafbe34410f000000001b
:0cc294001400bf8f0800e0031800bd2755
:020000040000fa
:020000041d04d9
:10c2a00004008010251080004800838c261864004c
:0cc2b0000b1003000800e0030000000079
:020000040000fa
:020000041d04d9
:10c2bc00e8ffbd271400bfaf1fdf400f2520a000f3
:0cc2cc001400bf8f0800e0031800bd271d
:020000040000fa
:020000041d04d9
:10c2d800e8ffbd271400bfaf57e8400f2520a00096
:0cc2e8001400bf8f0800e0031800bd2701
:020000040000fa
:020000041d04d9
:10c2f400e8ffbd271400bfaf18e2400f2520a000bf
:0cc304001400bf8f0800e0031800bd27e4
:020000040000fa
:020000041d04d9
:10c31000e8ffbd271400bfaf4ae2400f2520a00070
:0cc320001400bf8f0800e0031800bd27c8
:020000040000fa
:020000041d04d9
:10c32c00e8ffbd271400bfafebde400f2520a000b7
:0cc33c001400bf8f0800e0031800bd27ac
:020000040000fa
:020000041d04d9
:10c34800465f485454505f50726f63657373447905
:0cc358006e5661724368756e6b00000049
:020000040000fa
:020000041d04d9
:10c3640054435049505f485454505f4e45545f49bc
:0cc374006e697469616c697a65000000f4
:020000040000fa
:020000041d04d9
:10c380000300c2880000c298251840000800a28c53
:0cc39000261043000800e0032b10020000
:020000040000fa
:020000041d04d9
:10c39c00504f52542025642c25642c25642c256484
:0cc3ac002c25642c25640d0a0000000004
:020000040000fa
:020000041d04d9
:10c3b80054435049505f495056345f446973706123
:0cc3c8007463685061636b6574000000d2
:020000040000fa
:020000041d04d9
:10c3d40054435049505f495056345f5061636b6514
:0cc3e40074466f726d61745478000000a4
:020000040000fa
:020000041d04d9
:10c3f0005886049d048d039df46a049d00a5039d49
:0cc40000b0d2019d6442049dacb9049dc3
:020000040000fa
:020000041d04d9
:10c40c00e8ffbd271400bfaf1a9f400f2530000076
:0cc41c001400bf8f0800e0031800bd27cb
:020000040000fa
:020000041d04d9
:10c42800ffff82300224040021104400007c447c79
:0cc43800211044000800e003ffff423028
:020000040000fa
:020000041d04d9
:10c44400756e6b0065746800776c616e00000000a7
:0cc45400707070006733616470000000bd
:020000040000fa
:020000041d04d9
:10c46000e8ffbd271400bfafe51a410f0000000030
:0cc470001400bf8f0800e0031800bd2777
:020000040000fa
:020000041d04d9
:10c47c0090d8049de0b4049d4058049d7017049d11
:0cc48c00f426049d807f049d68d4049d6c
:020000040000fa
:020000041d04d9
:10c49800e8ffbd271400bfaf0dbf400f0100072400
:0cc4a8001400bf8f0800e0031800bd273f
:020000040000fa
:020000041d04d9
:10c4b400e8ffbd271400bfafe212410f02000724ba
:0cc4c4001400bf8f0800e0031800bd2723
:020000040000fa
:020000041d04d9
:10c4d000e8ffbd271400bfaf73fb400f0000000052
:0cc4e0001400bf8f0800e0031800bd2707
:020000040000fa
:020000041d04d9
:10c4ec00e8ffbd271400bfafd894400f010006240d
:0cc4fc001400bf8f0800e0031800bd27eb
:020000040000fa
:020000041d04d9
:10c50800f8ffbd270400bfaf00800240030042309f
:0cc518000400bf8f0800e0030800bd27ee
:020000040000fa
:020000041d04d9
:10c52400f8ffbd270400bfaf00588440c0000000de
:0cc534000400bf8f0800e0030800bd27d2
:020000040000fa
:020000041d04d9
:10c540000022040086bf023c38004224211044002f
:0cc55000000045ac0800e0030000000003
:020000040000fa
:020000041d04d9
:10c55c000022040086bf023c340042242110440017
:0cc56c00000045ac0800e00300000000e7
:020000040000fa
:020000041d04d9
:10c57800040080100180023c28df42242c0044acd7
:0cc58800300045ac0800e003000000009b
:020000040000fa
:020000041d04d9
:10c59400e8ffbd271400bfaf0027410f00000000d3
:0cc5a4001400bf8f0800e0031800bd2742
:020000040000fa
:020000041d04d9
:10c5b0000180033ca4de632434006290340064a054
:0cc5c0003c0065a00800e0030000000043
:020000040000fa
:020000041d04d9
:10c5cc00e8ffbd271400bfaf1c27410f000000007f
:0cc5dc001400bf8f0800e0031800bd270a
:020000040000fa
:020000041d04d9
:10c5e8000943023c0f000324c47a627c060003243a
:0cc5f8004451627c0800e0030420027c37
:020000040000fa
:020000041d04d9
:10c60400e8ffbd271400bfaf3b24400f000000002b
:0cc614001400bf8f0800e0031800bd27d1
:020000040000fa
:020000041d04d9
:10c62000e8ffbd271400bfaf2a67400f0400842431
:0cc630001400bf8f0800e0031800bd27b5
:020000040000fa
:020000041d04d9
:10c63c00e8ffbd271400bfaf9d68400f04008424a1
:0cc64c001400bf8f0800e0031800bd2799
:020000040000fa
:020000041d04d9
:10c65800e8ffbd271400bfafc0c1400f00000000b5
:0cc668001400bf8f0800e0031800bd277d
:020000040000fa
:020000041d04d9
:10c67400e8ffbd271400bfaf0777400f000000009c
:0cc684001400bf8f0800e0031800bd2761
:020000040000fa
:020000041d04d9
:10c69000e8ffbd271400bfaf33eb400f0400c624f2
:0cc6a0001400bf8f0800e0031800bd2745
:020000040000fa
:020000041d04d9
:10c6ac00e8ffbd271400bfaf46ed400f00000000af
:0cc6bc001400bf8f0800e0031800bd2729
:020000040000fa
:020000041d04d9
:10c6c800e8ffbd271400bfaf2860400f0400842492
:0cc6d8001400bf8f0800e0031800bd270d
:020000040000fa
:020000041d04d9
:10c6e400e8ffbd271400bfafde72400f000000005a
:0cc6f4001400bf8f0800e0031800bd27f1
:020000040000fa
:020000041d04d9
:10c70000e8ffbd271400bfaff9bf400f00000000d5
:0cc710001400bf8f0800e0031800bd27d4
:020000040000fa
:020000041d04d9
:10c71c00e8ffbd271400bfaf026a400f0000000005
:0cc72c001400bf8f0800e0031800bd27b8
:020000040000fa
:020000041d04d9
:10c73800e8ffbd271400bfaf9eb4400f0400842457
:0cc748001400bf8f0800e0031800bd279c
:020000040000fa
:020000041d04d9
:10c75400e8ffbd271400bfaf50f6400f00000000f3
:0cc764001400bf8f0800e0031800bd2780
:020000040000fa
:020000041d04d9
:10c77000e8ffbd271400bfaf94fd400f000000008c
:0cc780001400bf8f0800e0031800bd2764
:020000040000fa
:020000041d04d9
:10c78c00e8ffbd271400bfafec6d400f00000000a8
:0cc79c001400bf8f0800e0031800bd2748
:020000040000fa
:020000041d04d9
:10c7a800e8ffbd271400bfaff6cb400f0400842478
:0cc7b8001400bf8f0800e0031800bd272c
:020000040000fa
:020000041d04d9
:10c7c400e8ffbd271400bfaf5019410f0400a52492
:0cc7d4001400bf8f0800e0031800bd2710
:020000040000fa
:020000041d04d9
:10c7e000e8ffbd271400bfaf0111410f0400a524cd
:0cc7f0001400bf8f0800e0031800bd27f4
:020000040000fa
:020000041d04d9
:10c7fc00e8ffbd271400bfaf853d400f0400842423
:0cc80c001400bf8f0800e0031800bd27d7
:020000040000fa
:020000041d04d9
:10c81800e8ffbd271400bfaf580b410f0000000010
:0cc828001400bf8f0800e0031800bd27bb
:020000040000fa
:020000041d04d9
:10c83400e8ffbd271400bfafa92f410f000000007f
:0cc844001400bf8f0800e0031800bd279f
:020000040000fa
:020000041d04d9
:10c85000e8ffbd271400bfaf6a2d410f00000000a4
:0cc860001400bf8f0800e0031800bd2783
:020000040000fa
:020000041d04d9
:10c86c00e8ffbd271400bfaf170a410f00000000fe
:0cc87c001400bf8f0800e0031800bd2767
:020000040000fa
:020000041d04d9
:10c8880038d0049dec4b049dd0a2049ddcd6049db9
:0cc898000000000024c5049d40cc049d5d
:020000040000fa
:020000041d04d9
:10c8a400102f049dbc2e049d010000000600000012
:0cc8b40094020000580200000e0000007a
:020000040000fa
:020000041d04d9
:10c8c000bfff83241a00632c020060102510800033
:0cc8d000200082340800e003000000009b
:020000040000fa
:020000041d04d9
:10c8dc009fff83241a00632c020060102510800037
:0cc8ec005f0082300800e0030000000044
:020000040000fa
:020000041d04d9
:10c8f8000000200201020006000000000b080000f2
:08c90800010000000000000026
:020000040000fa
:020000041d04d9
:10c910007f000224240282ac7f00a530280285ac6f
:08c920000800e0030000000024
:020000040000fa
:020000041d04d9
:10c928007f000224340282ac7f00a530380285ac37
:08c938000800e003000000000c
:020000040000fa
:020000041d04d9
:10c940004452565f4554485048595f496e6974696e
:08c95000616c697a65000000ca
:020000040000fa
:020000041d04d9
:10c958008098049da047049d6869039d7492049d76
:08c96800d83d039d7011049df0
:020000040000fa
:020000041d04d9
:10c970008cd6029d64a9029de0d5049d00000000b4
:08c980000000000000000000af
:020000040000fa
:020000041d04d9
:10c98800465f4452565f4d49494d5f4765744f7045
:08c9980044637074000000000c
:020000040000fa
:020000041d04d9
:10c9a0004d49494d5f50726f636573735f526561a6
:08c9b0006445787400000000ea
:020000040000fa
:020000041d04d9
:10c9b8004d49494d5f50726f636573735f57726974
:08c9c80074654578740000005d
:020000040000fa
:020000041d04d9
:10c9d000465f4452565f4d49494d5f50726f6365e3
:08c9e00073734f7000000000aa
:020000040000fa
:020000041d04d9
:10c9e800465f4452565f4d49494d5f4f704c6973dd
:08c9f8007452656d6f76650055
:020000040000fa
:020000041d04d9
:10ca0000022104000a00832c300082245700842471
:08ca10000800e0030a10830096
:020000040000fa
:020000041d04d9
:10ca18000f0084300a00832c3000822457008424bd
:08ca28000800e0030a1083007e
:020000040000fa
:020000041d04d9
:10ca30000d0a3330342052656469726563743a209c
:08ca400025730d0a000000003f
:020000040000fa
:020000041d04d9
:10ca4800465f485454505f44796e56617245787415
:08ca580072616374000000002c
:020000040000fa
:020000041d04d9
:10ca6000465f485454505f50726f636573735353fd
:08ca7000494368756e6b00007c
:020000040000fa
:020000041d04d9
:10ca7800465f485454505f537461727448747470bc
:08ca88004368756e6b000000ad
:020000040000fa
:020000041d04d9
:10ca9000465f485454505f44796e56617250726fcd
:08caa0006365737300000000e0
:020000040000fa
:020000041d04d9
:10caa800e846019dccc5039df046019d48ec019ddb
:08cab800f446019d6cd7019dbd
:020000040000fa
:020000041d04d9
:10cac00053544f552025730d0a00000053544f5204
:08cad0002025730d0a0000008f
:020000040000fa
:020000041d04d9
:10cad8004200000053000000430000004d4f444551
:08cae8002025730d0a00000077
:020000040000fa
:020000041d04d9
:10caf0005200000046000000500000005354525500
:08cb00002025730d0a0000005e
:020000040000fa
:020000041d04d9
:10cb0800410000004500000049000000545950450c
:08cb18002025730d0a00000046
:020000040000fa
:020000041d04d9
:10cb200054435049505f495056345f4172704861d8
:08cb30006e646c6572000000e8
:020000040000fa
:020000041d04d9
:10cb380054435049505f495056345f4172704c69b4
:08cb48007374507572676500fb
:020000040000fa
:020000041d04d9
:10cb500003008010251000002c00828c00110200c0
:08cb60000800e00300000000e2
:020000040000fa
:020000041d04d9
:10cb680003008010251000003400828c00110200a0
:08cb78000800e00300000000ca
:020000040000fa
:020000041d04d9
:10cb800003008010f7ff02243800828c380080ac4c
:08cb90000800e00300000000b2
:020000040000fa
:020000041d04d9
:10cb9800465f4448435052784d7367547970653204
:08cba8004576656e7400000083
:020000040000fa
:020000041d04d9
:10cbb000465f444e53436f6d706c65746548617396
:08cbc00068456e7472790000f3
:020000040000fa
:020000041d04d9
:10cbc80054435049505f444e535f436c69656e74db
:08cbd80050726f636573730076
:020000040000fa
:020000041d04d9
:10cbe000465f444e535f436c65616e4361636865a5
:08cbf000456e7472790000002b
:020000040000fa
:020000041d04d9
:10cbf80003008010000000000000a28c0c0082ac32
:08cc08000800e0030000000039
:020000040000fa
:020000041d04d9
:10cc100003008010000000000000a28c100082ac15
:08cc20000800e0030000000021
:020000040000fa
:020000041d04d9
:10cc280003008010000000000000a28c140082acf9
:08cc38000800e0030000000009
:020000040000fa
:020000041d04d9
:10cc4000f8ffbd270400bfaf004802400400bf8fbb
:08cc50000800e0030800bd2705
:020000040000fa
:020000041d04d9
:10cc58000022040086bf023c200042240a10447cc3
:08cc68000800e00300000000d9
:020000040000fa
:020000041d04d9
:10cc70000180023c28e04224200044ac240045ac62
:08cc80000800e00300000000c1
:020000040000fa
:020000041d04d9
:10cc88000180023c50e04224200044ac240045ac22
:08cc98000800e00300000000a9
:020000040000fa
:020000041d04d9
:10cca000030080100180023ca4de4224380044ac22
:08ccb0000800e0030000000091
:020000040000fa
:020000041d04d9
:10ccb8000180023ca4de4224200044ac240045aca0
:08ccc8000800e0030000000079
:020000040000fa
:020000041d04d9
:10ccd00003008014030002240180023cece2428c39
:08cce0000800e0030000000061
:020000040000fa
:020000041d04d9
:10cce8006e766d00736400006d6d63626c6b00009e
:08ccf80072616d006d746400af
:020000040000fa
:020000041d04d9
:10cd0000b8b3039d389c049d04a3049d54ac029dbc
:08cd100094c5049d38a3049da5
:020000040000fa
:020000041d04d9
:10cd18005476019d04bf049dd0b5049d34ab049d99
:08cd28000000000070cc049d26
:020000040000fa
:020000041d04d9
:10cd3000c879019d24bf049df8b5049db8a5039d45
:08cd40004cd0049d88cc049d39
:020000040000fa
:020000041d04d9
:10cd4800f8ffbd270400bfaf006802400070024032
:08cd5800ffff001000000000c5
:020000040000fa
:020000041d04d9
:10cd6000f8ffbd270400bfaf00680240007002401a
:08cd7000ffff001000000000ad
:020000040000fa
:020000041d04d9
:10cd7800f8ffbd270400bfaf006802400070024002
:08cd8800ffff00100000000095
:020000040000fa
:020000041d04d9
:10cd9000f8ffbd270400bfaf0068024000700240ea
:08cda000ffff0010000000007d
:020000040000fa
:020000041d04d9
:10cda80000601a40bfff1b3cffff7b3724d05b03aa
:08cdb80000609a4018000042df
:020000040000fa
:020000041d04d9
:10cdc00068076c094c836a9074a07ac000806888f8
:08cdd00000846c820081000068
:020000040000fa
:020000041d04d9
:10cdd800000000000000f0bf000000000000304329
:08cde800000000000000f03f14
:020000040000fa
:020000041d04d9
:10cdf000ffffc6240000a0a0fdffc0140100a52471
:08ce00000800e003251080008a
:020000040000fa
:020000041d04d9
:10ce0800f462049d40f1039de8ae039db0f0039ddc
:04ce18000071039d05
:020000040000fa
:020000041d04d9
:10ce1c00822805002000828c84f8a27c0800e003a4
:04ce2c00200082acb4
:020000040000fa
:020000041d04d9
:10ce3000822805003000828c84f8a27c0800e00380
:04ce4000300082ac90
:020000040000fa
:020000041d04d9
:10ce4400c850039db813039d187e039de8e3029d1b
:04ce54005079049d70
:020000040000fa
:020000041d04d9
:10ce5800465f4452565f4d49494d5f4f7052657366
:04ce6800756c740071
:020000040000fa
:020000041d04d9
:10ce6c00465f4452565f4d49494d5f5265706f7233
:04ce7c00744f70007f
:020000040000fa
:020000041d04d9
:10ce80004d49494d5f50726f636573735f526561c1
:04ce9000640000003a
:020000040000fa
:020000041d04d9
:10ce94004d49494d5f50726f636573735f57726993
:04cea40074650000b1
:020000040000fa
:020000041d04d9
:10cea8004d49494d5f50726f636573735f5363619a
:04ceb8006e00000008
:020000040000fa
:020000041d04d9
:10cebc00bc97039de0a7039d98af039d4418039d69
:04cecc00e433039dab
:020000040000fa
:020000041d04d9
:10ced0000400060008000a000e0014001c002800d0
:04cee00030003200ec
:020000040000fa
:020000041d04d9
:10cee400465f485454505f53657276654865616483
:04cef40065727300f0
:020000040000fa
:020000041d04d9
:10cef800465f485454505f41646446696c654368b2
:04cf0800756e6b00d7
:020000040000fa
:020000041d04d9
:10cf0c00465f485454505f5353494578747261637b
:04cf1c00740000009d
:020000040000fa
:020000041d04d9
:10cf2000465f485454505f456e644874747043685b
:04cf3000756e6b00af
:020000040000fa
:020000041d04d9
:10cf3400465f485454505f467265654368756e6b2e
:04cf440000000000e9
:020000040000fa
:020000041d04d9
:10cf480046545043204552524f52203a2025640df2
:04cf58000a000000cb
:020000040000fa
:020000041d04d9
:10cf5c0046435f55385074724469666632554931a0
:04cf6c00360000008b
:020000040000fa
:020000041d04d9
:10cf700054435049505f444843505f50726f63655b
:04cf800073730000c7
:020000040000fa
:020000041d04d9
:10cf8400465f444843504576656e74536f757263cb
:04cf94006500000034
:020000040000fa
:020000041d04d9
:10cf9800465f444843504e6f74696679436c6965cf
:04cfa8006e74730030
:020000040000fa
:020000041d04d9
:10cfac00465f444e535f56616c69646174654966b3
:04cfbc000000000071
:020000040000fa
:020000041d04d9
:10cfc000465f444e535f53656e645f517565727979
:04cfd000000000005d
:020000040000fa
:020000041d04d9
:10cfd40046435f5538507472446966663255493128
:04cfe4003600000013
:020000040000fa
:020000041d04d9
:10cfe80066756c6c000000006c6f7700646f776e7c
:04cff8000000000035
:020000040000fa
:020000041d04d9
:10cffc0002008010ffff0224580082940800e00316
:04d00c000000000020
:020000040000fa
:020000041d04d9
:10d010005443504950537461636b5061636b657442
:04d020005478000040
:020000040000fa
:020000041d04d9
:10d0240044c4049d48c4049d4cc4049d54c4049d3c
:04d0340058c4049d3b
:020000040000fa
:020000041d04d9
:10d03800d8818227000044ac040045ac0800e00316
:04d0480000000000e4
:020000040000fa
:020000041d04d9
:10d04c0082bf023c1012428c800042380800e00380
:04d05c00c001427c51
:020000040000fa
:020000041d04d9
:10d060000180023cccdf4224140042900800e0031f
:04d0700000000000bc
:020000040000fa
:020000041d04d9
:10d074002a3a3c3e7c223f7f000000002b2c3b3da3
:04d084005b5d0000f0
:020000040000fa
:020000041d04d9
:10d088002b2e2c3b3d5b5d2f2a3a3c3e7c5c223f9d
:04d098007f00000015
:020000040000fa
:020000041d04d9
:10d09c00e8cc049deccc049df0cc049df8cc049d14
:04d0ac00fccc049d17
:020000040000fa
:020000041d04d9
:10d0b0001c00828c1000838c261043000800e003c3
:04d0c0000100422cfd
:020000040000fa
:020000041d04d9
:10d0c4000100000005000000000000000500010050
:04d0d4000100000057
:020000040000fa
:020000041d04d9
:10d0d8002573202d2025733a092054696d656f75d5
:04d0e800740d0a00b9
:020000040000fa
:020000041d04d9
:10d0ec0053494d42617369635f50726f636573732b
:04d0fc000000000030
:020000040000fa
:020000041d04d9
:10d10000a4828227000040ac040040ac0800e00389
:04d11000a08280a3d6
:020000040000fa
:020000041d04d9
:10d11400f0cd049d88c0049d4821049d4821049db0
:04d124004821049dfd
:020000040000fa
:020000041d04d9
:10d1280001000224080082ac0800e00300000000af
:020000040000fa
:020000041d04d9
:10d1380000800234080282ac0800e003000000000e
:020000040000fa
:020000041d04d9
:10d1480000800234040282ac0800e0030000000002
:020000040000fa
:020000041d04d9
:10d1580000800234040082ac0800e00300000000f4
:020000040000fa
:020000041d04d9
:10d1680000800234080082ac0800e00300000000e0
:020000040000fa
:020000041d04d9
:10d1780000020224040082ac0800e0030000000062
:020000040000fa
:020000041d04d9
:10d1880000020224080082ac0800e003000000004e
:020000040000fa
:020000041d04d9
:10d1980000010224040082ac0800e0030000000043
:020000040000fa
:020000041d04d9
:10d1a80000010224080082ac0800e003000000002f
:020000040000fa
:020000041d04d9
:10d1b80040028294046aa27c0800e003400282a430
:020000040000fa
:020000041d04d9
:10d1c800400282940418a27c0800e003400282a472
:020000040000fa
:020000041d04d9
:10d1d80000080224680282ac0800e0030000000096
:020000040000fa
:020000041d04d9
:10d1e80060028294c45a027c0800e003600282a4b0
:020000040000fa
:020000041d04d9
:10d1f800600282940442a27c0800e003600282a4d8
:020000040000fa
:020000041d04d9
:10d20800ffc0a530a40085ac0800e00300000000c2
:020000040000fa
:020000041d04d9
:10d21800ffc0a530a80085ac0800e00300000000ae
:020000040000fa
:020000041d04d9
:10d22800002c0500080085ac0800e00300000000a1
:020000040000fa
:020000041d04d9
:10d2380008000224080282ac0800e0030000000095
:020000040000fa
:020000041d04d9
:10d2480004000224080282ac0800e0030000000089
:020000040000fa
:020000041d04d9
:10d2580080000224080082ac0800e00300000000ff
:020000040000fa
:020000041d04d9
:10d26800480086ac580087ac0800e00300000000c6
:020000040000fa
:020000041d04d9
:10d2780002000224880282ac0800e00300000000db
:020000040000fa
:020000041d04d9
:10d2880002000224840282ac0800e00300000000cf
:020000040000fa
:020000041d04d9
:10d2980001000224880282ac0800e00300000000bc
:020000040000fa
:020000041d04d9
:10d2a80001000224840282ac0800e00300000000b0
:020000040000fa
:020000041d04d9
:10d2b800a00282940462a27c0800e003a00282a477
:020000040000fa
:020000041d04d9
:10d2c800a00282940420a27c0800e003a00282a4a9
:020000040000fa
:020000041d04d9
:10d2d80004000224d80282ac0800e0030000000029
:020000040000fa
:020000041d04d9
:10d2e80002000224980282ac0800e003000000005b
:020000040000fa
:020000041d04d9
:10d2f80002000224940282ac0800e003000000004f
:020000040000fa
:020000041d04d9
:10d3080001000224940282ac0800e003000000003f
:020000040000fa
:020000041d04d9
:10d3180000800234880282ac0800e00300000000ac
:020000040000fa
:020000041d04d9
:10d3280000800234840282ac0800e00300000000a0
:020000040000fa
:020000041d04d9
:10d33800800282948428a27c0800e003800282a4f0
:020000040000fa
:020000041d04d9
:10d348004452565f4554485048595f4f70656e00c7
:020000040000fa
:020000041d04d9
:10d35800010002245100a2a00800e0030000000020
:020000040000fa
:020000041d04d9
:10d3680074da039d2057039d3c79039dd04f029d9d
:020000040000fa
:020000041d04d9
:10d378004452565f4d49494d5f5461736b730000c9
:020000040000fa
:020000041d04d9
:10d38800300d0a0d0a0000000d0a300d0a0d0a00c2
:020000040000fa
:020000041d04d9
:10d398007669727475616c0066696c6500000000de
:020000040000fa
:020000041d04d9
:10d3a80046435f50747244696666325549313600a7
:020000040000fa
:020000041d04d9
:10d3b800465f485454505f5353494563686f0000b3
:020000040000fa
:020000041d04d9
:10d3c800465f485454505f436c65616e7570000049
:020000040000fa
:020000041d04d9
:10d3d8000300c2880000c2980800e0030800a2ac5d
:020000040000fa
:020000041d04d9
:10d3e8002046545043204572726f720d0a000000a7
:020000040000fa
:020000041d04d9
:10d3f800020102010201020202020103030300000a
:020000040000fa
:020000041d04d9
:10d40800465f444e535f526561644e616d6500002e
:020000040000fa
:020000041d04d9
:10d41800465f444e535f50726f6365737352520098
:020000040000fa
:020000041d04d9
:10d42800465f444e534765744461746100000000d0
:020000040000fa
:020000041d04d9
:10d43800465f444e53507574537472696e670000aa
:020000040000fa
:020000041d04d9
:10d44800000080ac040080ac0800e003080080ac59
:020000040000fa
:020000041d04d9
:10d4580006080200000001000008030000000000a8
:020000040000fa
:020000041d04d9
:10d468001400828c2b1002000800e0034010020018
:020000040000fa
:020000041d04d9
:10d47800010004001000400000010002000000004c
:020000040000fa
:020000041d04d9
:10d488000100020004000800100020000000000055
:020000040000fa
:020000041d04d9
:10d49800070000000000000000000000000000007d
:020000040000fa
:020000041d04d9
:10d4a80001030507090e10121416181c1e000000af
:020000040000fa
:020000041d04d9
:10d4b80001000000a007049d020000001807049d59
:020000040000fa
:020000041d04d9
:10d4c8000a0000000000000000000000000000004a
:020000040000fa
:020000041d04d9
:10d4d8000400838c0180023c0800e00390e143ac27
:020000040000fa
:020000041d04d9
:10d4e80053494d4472697665725f5461736b0000ed
:020000040000fa
:020000041d04d9
:10d4f800ffff84240180023c0800e00310e344acf1
:020000040000fa
:020000041d04d9
:10d50800494e4600696e66004e414e006e616e00df
:10d51800494e4600696e66004e414e006e616e00cf
:020000040000fa
:020000041d04d9
:10d52800000000000000e07f000000000000600331
:020000040000fa
:020000041d04d9
:0cd538005049433332494e5400000000bb
:020000040000fa
:020000041d04d9
:0cd54400e000828c0800e003c001427c83
:020000040000fa
:020000041d04d9
:0cd55000e000828c0800e0038001427cb7
:020000040000fa
:020000041d04d9
:0cd55c00e000828c0800e0034001427ceb
:020000040000fa
:020000041d04d9
:0cd56800d40085ac0800e00300000000c7
:020000040000fa
:020000041d04d9
:0cd57400c80085ac0800e00300000000c7
:020000040000fa
:020000041d04d9
:0cd58000c40085ac0800e00300000000bf
:020000040000fa
:020000041d04d9
:0cd58c00d40085ac0800e00300000000a3
:020000040000fa
:020000041d04d9
:0cd598000000828c0800e003c003427c0d
:020000040000fa
:020000041d04d9
:0cd5a400d00282900800e0030100423039
:020000040000fa
:020000041d04d9
:0cd5b000d00282900800e0038000427c62
:020000040000fa
:020000041d04d9
:0cd5bc003892049d60cf039d7c8b039d82
:020000040000fa
:020000041d04d9
:0cd5c8001098049dc440049df8c1049d0f
:020000040000fa
:020000041d04d9
:0cd5d400b898049d60f2039d2c50049d4b
:020000040000fa
:020000041d04d9
:0cd5e0002600023c0800e003a0254224c5
:020000040000fa
:020000041d04d9
:0cd5ec00010002240800e003000082a0ff
:020000040000fa
:020000041d04d9
:0cd5f8000180023c0800e003dcdd428cf6
:020000040000fa
:020000041d04d9
:0cd604003c212d2d230000002d2d0000e6
:020000040000fa
:020000041d04d9
:0cd61000696e6465782e68746d0000007f
:020000040000fa
:020000041d04d9
:0cd61c006d70667375706c6f61640000c7
:020000040000fa
:020000041d04d9
:0cd6280047455400504f535400000000d0
:020000040000fa
:020000041d04d9
:0cd6340050b9049d00200000089a049ddd
:020000040000fa
:020000041d04d9
:0cd64000524554522025730d0a000000d2
:020000040000fa
:020000041d04d9
:0cd64c0044454c452025730d0a000000e9
:020000040000fa
:020000041d04d9
:0cd65800524d442025730d0a0000000014
:020000040000fa
:020000041d04d9
:0cd664004d4b442025730d0a000000000f
:020000040000fa
:020000041d04d9
:0cd670004357442025730d0a0000000001
:020000040000fa
:020000041d04d9
:0cd67c00414343542025730d0a000000b8
:020000040000fa
:020000041d04d9
:0cd68800504153532025730d0a00000090
:020000040000fa
:020000041d04d9
:0cd69400555345522025730d0a0000007c
:020000040000fa
:020000041d04d9
:0cd6a0001800828c0800e00310004224f7
:020000040000fa
:020000041d04d9
:0cd6ac001800828c0800e0030c004224ef
:020000040000fa
:020000041d04d9
:0cd6b80046435f737072696e7466000078
:020000040000fa
:020000041d04d9
:0cd6c4000180023c0800e003e8e1429411
:020000040000fa
:020000041d04d9
:0cd6d000adde023c0800e003defa42344c
:020000040000fa
:020000041d04d9
:0cd6dc00f505023c0800e00300e14234c8
:020000040000fa
:020000041d04d9
:0cd6e80046415433322020200000000096
:020000040000fa
:020000041d04d9
:0cd6f4000080023c0800e003546744acd6
:020000040000fa
:020000041d04d9
:0cd70000190082900800e0032b100200ca
:020000040000fa
:020000041d04d9
:0cd70c000180023c0800e003f4de428cc7
:020000040000fa
:020000041d04d9
:0cd7180000000000040000000000000001
:020000040000fa
:020000041d04d9
:0cd7240098d9049d64ab049d0000000037
:020000040000fa
:020000041d04d9
:0cd73000030000000200000000000000e8
:020000040000fa
:020000041d04d9
:0cd73c005f72657370506172736572005b
:020000040000fa
:020000041d04d9
:0cd748005f6f70656e5461736b00000031
:020000040000fa
:020000041d04d9
:0cd75400286e696c290000002500000010
:020000040000fa
:020000041d04d9
:08d760000800e00300000000d6
:020000040000fa
:020000041d04d9
:08d768000800e00301000224a7
:020000040000fa
:020000041d04d9
:08d770000004a300000000000a
:020000040000fa
:020000041d04d9
:08d778000800e003500285a443
:020000040000fa
:020000041d04d9
:08d780000800e003e2008290c2
:020000040000fa
:020000041d04d9
:08d788000800e0032000828c80
:020000040000fa
:020000041d04d9
:08d790000800e0033000828c68
:020000040000fa
:020000041d04d9
:08d798000800e003b20085a0c7
:020000040000fa
:020000041d04d9
:08d7a0000800e003b00085a0c1
:020000040000fa
:020000041d04d9
:08d7a8000800e0031001829467
:020000040000fa
:020000041d04d9
:08d7b0000800e003400182942f
:020000040000fa
:020000041d04d9
:08d7b8000800e0030001829467
:020000040000fa
:020000041d04d9
:08d7c0000800e003500182940f
:020000040000fa
:020000041d04d9
:08d7c8000800e00360018294f7
:020000040000fa
:020000041d04d9
:08d7d0000800e003200182942f
:020000040000fa
:020000041d04d9
:08d7d8000800e0033001829417
:020000040000fa
:020000041d04d9
:08d7e0000800e003d000828c78
:020000040000fa
:020000041d04d9
:08d7e8000800e003c002829476
:020000040000fa
:020000041d04d9
:08d7f0000800e0030000000046
:020000040000fa
:020000041d04d9
:08d7f8000800e003000000003e
:020000040000fa
:020000041d04d9
:08d800000800e0030000000035
:020000040000fa
:020000041d04d9
:08d808000800e003000000002d
:020000040000fa
:020000041d04d9
:08d810000800e0030000000025
:020000040000fa
:020000041d04d9
:08d8180025780d0a0000000054
:020000040000fa
:020000041d04d9
:08d8200076616c7565000000e3
:020000040000fa
:020000041d04d9
:08d82800504153560d0a0000a7
:020000040000fa
:020000041d04d9
:08d830005057440d0a000000ee
:020000040000fa
:020000041d04d9
:08d83800515549540d0a00008e
:020000040000fa
:020000041d04d9
:08d84000434455500d0a00009d
:020000040000fa
:020000041d04d9
:08d848000800e00325100000b8
:020000040000fa
:020000041d04d9
:08d850000800e00325100000b0
:020000040000fa
:020000041d04d9
:08d85800ffffffffffff0000ce
:020000040000fa
:020000041d04d9
:08d860000800e0037081828fd3
:020000040000fa
:020000041d04d9
:08d868000800e0034481828ff7
:020000040000fa
:020000041d04d9
:08d870000800e0034081828ff3
:020000040000fa
:020000041d04d9
:08d878000800e003788180af95
:020000040000fa
:020000041d04d9
:08d880000800e003f4ff02249c
:020000040000fa
:020000041d04d9
:08d888000800e0030c0002247b
:020000040000fa
:020000041d04d9
:08d890000800e0032510000070
:020000040000fa
:020000041d04d9
:08d898000800e003ffff022479
:020000040000fa
:020000041d04d9
:08d8a0000800e003010002246e
:020000040000fa
:020000041d04d9
:08d8a8000800e003000000008d
:020000040000fa
:020000041d04d9
:08d8b0000800e00304828297e6
:020000040000fa
:020000041d04d9
:08d8b8000800e003fc81828fef
:020000040000fa
:020000041d04d9
:08d8c0000800e0032510000040
:020000040000fa
:020000041d04d9
:08d8c8004d504653020100001f
:020000040000fa
:020000041d04d9
:08d8d0002f6d6e742f00000c97
:020000040000fa
:020000041d04d9
:08d8d8000800e0031882828fb2
:020000040000fa
:020000041d04d9
:08d8e0002f6465762f000000a3
:020000040000fa
:020000041d04d9
:08d8e8004d5046530000000002
:020000040000fa
:020000041d04d9
:08d8f000c201d201e201f201c4
:020000040000fa
:020000041d04d9
:08d8f8000800e0031c00828c13
:020000040000fa
:020000041d04d9
:08d900000800e0031000828c16
:020000040000fa
:020000041d04d9
:08d9080088c8049d0000000026
:020000040000fa
:020000041d04d9
:08d9100001000000a4bf049d0a
:020000040000fa
:020000041d04d9
:08d9180000000a004400430076
:020000040000fa
:020000041d04d9
:08d920000a00000000020002f1
:020000040000fa
:020000041d04d9
:08d928000a00000200000000eb
:020000040000fa
:020000041d04d9
:08d9300018cd049d1800000051
:020000040000fa
:020000041d04d9
:08d9380000000000002088bf80
:020000040000fa
:020000041d04d9
:08d940000000000000010000de
:020000040000fa
:020000041d04d9
:08d94800000000004000000097
:020000040000fa
:020000041d04d9
:08d950000800e0037882828fd9
:020000040000fa
:020000041d04d9
:08d958000800e0038482828fc5
:020000040000fa
:020000041d04d9
:08d960000800e003f1fe0224bf
:020000040000fa
:020000041d04d9
:08d968000800e003feff0224a9
:020000040000fa
:020000041d04d9
:08d970000800e00300000000c4
:020000040000fa
:020000041d04d9
:08d978000800e003ac8280af5f
:020000040000fa
:020000041d04d9
:08d980000800e00300000000b4
:020000040000fa
:020000041d04d9
:08d988000800e00300000000ac
:020000040000fa
:020000041d04d9
:04c044002e2e2f006d
:020000040000fa
:020000041d04d9
:04d990000103060089
:020000040000fa
:020000041d04d9
:04d9940063825363f4
:020000040000fa
:020000041d04d9
:04d9980000cd049d1d
:020000040000fa
:020000041d04d9
:04d99c0025730000ef
:00000001FF
