:020000040000fa
:020000041d00dd
:10020000030000100000000040f386000000000022
:100210008600400f0000000000601a40c0045a7fb2
:100220000500401300000000049d1a3cf0675a27a7
:10023000080040030000000008801d3cf0ffbd27bf
:1002400000801c3cf07f9c27026009402058200160
:1002500007000a248449497d02608940c0000000eb
:1002600000e0dc41ffff4a25faff401500000000d6
:1002700002608b40c0000000049d083ca07408256b
:1002800009f8000100000000039d083c30700825bb
:1002900009f80001000000000080083c4800082523
:1002a0000080093c540229250300001000000000d2
:1002b000000000ad040008252b080901fcff2014f4
:1002c0000000000000bd083c7007082509f8000187
:1002d00000000000049d083c38db082509f80001f7
:1002e0000000000081bf093c00000a3c38144a2588
:1002f000e0072aad0000093c00002925010020117b
:100300000000000000488040ffff0a2400588a4097
:100310004000083c00600a4025500a0100608a4005
:10032000009d093c00002925c0000000017889409b
:100330000000093c0100292500000a2444492a7dc7
:1003400001608a408000093c0068894000800840c4
:100350008005097d404c0900006008405800013cc0
:100360002440010100010a3c2540480100240a3cc8
:1003700025404801254028010060884000010a3cd2
:1003800000f8ca44c0000000049d083ca874082579
:1003900009f800010000000000600840bfff013cb8
:1003a000ffff2134244001010060884000008430b8
:1003b0000000a530049d083cb01d08250800000180
:0403c0000000000039
:020000040000fa
:020000041d00dd
:1006b0000080094000000a2400000b2400000d24e3
:1006c00000000e240080013c24402101250000117f
:1006d00001800940000000003800013c2440210155
:1006e000c24408000f0000110000000001000825ae
:1006f0000700013c2460210102640c0001008c25ec
:100700002550800101000b2404580b0104500a01fc
:10071000c001013c24402101824508000600082553
:1007200004500a01001c2831824208000d0000110b
:10073000000000000100082580032f31c2790f005e
:100740000100ef252568e00101000e2404700e0170
:1007500004680d0100e02831424308000600082526
:1007600004680d010800e003000000000000000024
:100770000080084007000924244828010200293984
:1007800004002011000000000800e0030000000049
:10079000000000002518e003c5ff11040000000060
:1007a00000600840feff0924244828010400293580
:1007b00000608940c000000000d0804000e0804020
:1007c000c0000000009d043c00008424010080144f
:1007d000009d043c0400401121288a0021208b0048
:1007e000feff8514fcff88bc0080043c00008424cc
:1007f000010080140080043c0400a01121288d0019
:1008000021208e00feff8514fcff89bc0f00000034
:100810000080013c24002aac0080013c30002dac5b
:100820000080013c28002bac0080013c34002eac41
:100830000080013c2c002cac0080013c38002fac27
:1008400000608840c0000000008009400700293592
:10085000070029390300293500808940c0000000c5
:1008600025f860000800e003000000000000000020
:020000040000fa
:020000041d00dd
:10000000039d1a3ca8435a27080040030000000043
:020000040000fa
:020000041d00dd
:10010000039d1a3cd0425a2708004003000000001b
:020000040000fa
:020000041d00dd
:10018000039d1a3cbc3d5a270800400300000000b4
:020000040000fa
:020000041d00dd
:10140000e88b400b000000005c8c400b00000000eb
:10141000d08c400b00000000448d400b0000000009
:10142000b88d400b000000002c8e400b0000000027
:10143000a08e400b000000000000023c000042248f
:10144000070040100000023c00004224050040500c
:10145000049d023c3f0000700800e0030000000013
:10146000049d023cb02e4224030040100000000006
:1014700009f84000000000000800e0030000000040
:020000040000fa
:020000041d00dd
:10087000000000d01f00c0001f00c400000000d214
:100880001f00c8001f00cc00000000f01700c000cf
:100890001700c400000000f21700c8001700cc00c9
:1008a000000000c01f0080001f008400000000c284
:1008b0001f0088001f008c00000000e0170080006f
:1008c00017008400000000e21700880017008c0069
:020000040000fa
:020000041d00dd
:1014800040ffbd27bc00bfaf9800b0afb800beaff3
:1014900025808000b400b7afb000b6afac00b5afe8
:1014a000a800b4afa400b3afa000b2af9c00b1af2e
:1014b000e01c410f5800a0a3252040001400062482
:1014c0008cf1400f5800a5275800a38f7477023c79
:1014d0006e654224510062105c00a48f6462023c7d
:1014e0006d6f4224ba0062105c00a48f5800a48f74
:1014f0006e2e023c63614224280082105c00a49797
:101500005800a48f7669023c64654224f80082503a
:101510005c00a58f7669023c64654224b502825066
:101520005c00a58f7669023c6465422423038250e7
:101530005c00a58f7669023c646542245e018210de
:101540005c00a48f6e74023c636f4224cc01621075
:101550005c00a38f5800a38f6465023c696e42242f
:10156000600262105c00a38f25100000bc00bf8fda
:10157000b800be8fb400b78fb000b68fac00b58f87
:10158000a800b48fa400b38fa000b28f9c00b18fcd
:101590009800b08f0800e003c000bd2768740224e3
:1015a000d8ff82145800a48f5e00a4936d0002241b
:1015b000d4ff82145800a48fea1c410f252000029a
:1015c000252000021e11410f258840002b105100dc
:1015d0007000401425200002ee1c410f252000025f
:1015e0002b10510067034010bc00bf8f0100022484
:1015f000b800be8fb400b78fb000b68fac00b58f07
:10160000a800b48fa400b38fa000b28f9c00b18f4c
:101610009800b08f0800e003c000bd276b2e023c8d
:101620006f724224aeff82146462023c6000a49791
:1016300068740224aaff82146462023c6200a493cc
:101640006d000224a6ff82146462023cea1c410f72
:1016500025200002252000021e11410f2588400090
:101660002b1051004b00401425200002ee1c410fae
:10167000252000022b885100bcff20160100022407
:10168000e21c410f2520000225200002e41c410f2e
:101690002588400025984000029d023c7000a2afc2
:1016a000029d023c7400a2af029d023c7c00a2afee
:1016b0000180023c8000a2af0180023c8800a2af02
:1016c0000180023c8400a2af0180023c029d143cd8
:1016d000029d163c029d173c029d1e3c0180153c5c
:1016e0007800a2afea1c410f252000023e04401002
:1016f0000c0006242528200268fb400f252000024c
:101700002a0440140c003226f2ff6626ffffc63082
:1017100025284002cfd3400f252000022304401487
:1017200050bc85268a14410f252020025603401004
:1017300058bcc5268a14410f2520200248034014b6
:1017400064bce5268cc9a5262200a290e5ff4014c2
:101750000000000009a9400f25204002e1ff4014cd
:1017600000000000029d023c44bc448c44bc422466
:101770000400438c030024aa000024ba0800428c11
:10178000070023aa040023ba0b0022aa080022bae9
:1017900025200002e61c410f08000524bc00bf8f75
:1017a00025100000b800be8fb400b78fb000b68f10
:1017b000ac00b58fa800b48fa400b38fa000b28f87
:1017c0009c00b18f9800b08f0800e003c000bd27d7
:1017d0002e68023c7573422445ff82145800a48f82
:1017e0006000a497746d022441ff82145800a48ff6
:1017f0006200a2933fff40146e2e023cea1c410f90
:1018000025200002252000021e11410f25884000de
:101810002b105100dfff401425200002ee1c410f69
:10182000252000022b10510070ff4014bc00bf8f18
:10183000e21c410f2520000225200002e41c410f7c
:101840002588400025984000029d143c029d153ccf
:10185000029d173c0180163cea1c410f2520000226
:101860000c00322625282002252000029904401071
:101870000c00062468fb400f00000000f2ff662603
:10188000ffffc63025284002000440142520000236
:10189000cfd3400f00000000acbc8526fb034014f2
:1018a000252020028a14410f00000000b8bca526a4
:1018b000fe024010252020028a14410f0000000083
:1018c000c4bce5260c034010252020028a14410fd9
:1018d00000000000e0ff4014000000000af7400f85
:1018e000252040028cc9c326dbff0010610062a0e6
:1018f0005073023c6365422407ffa2147669023ce0
:101900006000a58f6874023c312e422402ffa214ad
:101910007669023c6400a5936d000224fefea214c9
:101920007669023cea1c410f2520000225200002b6
:101930001e11410f258840002b10510095ff4014c7
:1019400025200002ee1c410f252000022b10510023
:1019500026ff4014bc00bf8fe21c410f252000026f
:1019600025200002e41c410f2588400025984000f6
:10197000029d023c7000a2af029d023c7400a2af27
:10198000029d023c7800a2af029d023c7c00a2af07
:10199000029d023c029d143c029d153c029d173c99
:1019a000029d1e3c8000a2af0180163cea1c410f44
:1019b00025200002e50440100c0006242528200202
:1019c00068fb400f25200002120440140c00322650
:1019d000f2ff6626ffffc63025284002cfd3400f16
:1019e000252000020b0440140cbd85268a14410feb
:1019f00025202002cf02401018bda5268a14410fd1
:101a0000252020020403401024bde5268a14410f3e
:101a1000252020024503401030bdc5278a14410f00
:101a200025202002be0340107000a28f2520200236
:101a30008a14410f38bd4524060440107400a28f5b
:101a4000252020028a14410f40bd45248f044010f8
:101a50007800a28f252020028a14410f48bd45241a
:101a6000fd0440107c00a28f252020028a14410f23
:101a700054bd45245b0540108000a28f2520200224
:101a80008a14410f60bd4524c8ff401400000000c7
:101a90000af7400f25204002ffff4230214e432c21
:101aa000c2ff60108cc9c326022202006f0062a030
:101ab000beff0010700064a05073023c63654224b6
:101ac000a1fe82146e74023c6000a48f6874023c14
:101ad000342e42249cfe82146e74023c6400a49353
:101ae0006d00022498fe82146e74023cea1c410fc1
:101af00025200002252000021e11410f25884000ec
:101b00002b10510023ff401425200002ee1c410f32
:101b1000252000022b105100b4fe4014bc00bf8fe2
:101b2000e21c410f2520000225200002e41c410f89
:101b30002588400025984000029d023c7000a2af1d
:101b4000029d023c7400a2af029d023c7800a2af4d
:101b5000029d023c7c00a2af029d023c029d143c0f
:101b6000029d153c029d173c029d1e3c8000a2afc9
:101b70000180163cea1c410f252000022705401079
:101b80000c0006242528200268fb400f25200002b7
:101b90005e0440140c003226f2ff6626ffffc630ba
:101ba00025284002cfd3400f2520000257044014bf
:101bb0000cbd85268a14410f25202002bd0240104d
:101bc00018bda5268a14410f2520200224034010a9
:101bd00024bde5268a14410f2520200292034010df
:101be00030bdc5278a14410f25202002f80340107c
:101bf0007000a28f252020028a14410f38bd452491
:101c0000780440107400a28f252020028a14410f0e
:101c100040bd4524df0440107800a28f252020021b
:101c20008a14410f48bd4524610540107c00a28ff5
:101c3000252020028a14410f54bd4524a5054010db
:101c40008000a28f252020028a14410f60bd452408
:101c5000c8ff4014000000000af7400f2520400292
:101c6000ffff4230214e432cc2ff60108cc9c326b7
:101c700002220200b40062a0beff0010b50064a002
:101c80006c2e023c726f422433fe62145800a38f04
:101c90006000a397687402242ffe62145800a38f7b
:101ca0006200a3936d0002242bfe62145800a38fe0
:101cb000252000022800a0afea1c410f1000a0afb1
:101cc000252000021e11410f258840002b105100d5
:101cd000affe401425a80000ee1c410f2520000295
:101ce0002b88510021fe201601000224e21c410f26
:101cf0002520000225200002e41c410f2588400019
:101d000025984000029d023c7000a2af029d023c5b
:101d10007400a2af029d023c7c00a2af029d023c77
:101d20008000a2af029d023c8400a2af029d023c53
:101d30008800a2af029d023c8c00a2af029d023c33
:101d40009000a2af029d023c9400a2af0180023c31
:101d5000029d143c029d163c029d1e3c0180173cd6
:101d60007800a2afea1c410f25200002f3044010c6
:101d70000c0006242528200268fb400f25200002c5
:101d8000280440140c003226f2ff6626ffffc630fe
:101d900025284002cfd3400f252000022104401403
:101da000a8bd85268a14410f252020027502401007
:101db000b0bdc5268a14410f25202002ee02401036
:101dc000bcbdc5278a14410f2520200249034010bd
:101dd0007000a28f252020028a14410fc8bd45241f
:101de000cf0340107400a28f252020028a14410fd7
:101df000d0bd4524380440107c00a28f252020024d
:101e00008a14410fdcbd4524a70440108000a28f36
:101e1000252020028a14410fe8bd452419054010f1
:101e20008400a28f252020028a14410ff0bd452492
:101e3000360540108800a28f252020028a14410f09
:101e4000fcbd4524480540108c00a28f25202002af
:101e50008a14410f08be45245a0540109000a28ff5
:101e6000252020028a14410f10be45246005401031
:101e70009400a28f252020028a14410f1cbe452405
:101e8000b8ff4014000000000af7400f2520400270
:101e90008cc9e426b9008390b8008590ffff4230da
:101ea000001a0300251865002b184300adff6014cd
:101eb00000000000b3008390b2008590001a030078
:101ec000251865002b186200a6ff6014021a020094
:101ed000ac0082a001000224ad0083a0a1ff00108d
:101ee0002b00a2a36874023c782e42249ffd62144a
:101ef000251000006000a3936d0002249bfd621476
:101f000025100000ea1c410f2520000225200002b8
:101f10001e11410f258840002b1051001dfe40145a
:101f200025200002ee1c410f252000022b1051003d
:101f3000aefd4014bc00bf8fe21c410f2520000203
:101f400025200002e41c410f258840002598400010
:101f5000029d143c029d153c029d163cea1c410f5b
:101f600025200002bf0440100c0006242528200272
:101f700068fb400f25200002160440140c00322696
:101f8000f2ff6626ffffc63025284002cfd3400f60
:101f9000252000020f04401444be85268a14410ff8
:101fa00025202002cc0140104cbea5268a14410fea
:101fb000252020024602401054bec5268a14410f37
:101fc00025202002e5ff4014000000000af7400f22
:101fd00025204002ff00423001000324c4014314c5
:101fe000029d023c6e02410f00000000dbff00106a
:101ff000000000005073023c636542244afda214b5
:102000007669023c6000a58f6874023c322e42243f
:1020100045fda2147669023c6400a5936d0002247c
:1020200041fda2147669023cea1c410f2520000202
:10203000252000021e11410f258840002b10510061
:10204000d4fd401425200002ee1c410f2520000283
:102050002b10510065fd4014bc00bf8fe21c410fe6
:102060002520000225200002e41c410f25884000a5
:1020700025984000029d023c7000a2af029d023ce8
:102080007400a2af029d023c7800a2af029d023c08
:102090007c00a2af029d023c029d143c029d153cb7
:1020a000029d173c029d1e3c8000a2af0180163ca1
:1020b000ea1c410f252000025f0340100c0006249b
:1020c0002528200268fb400f252000027c024014d6
:1020d0000c003226f2ff6626ffffc630252840029c
:1020e000cfd3400f25200002750240140cbd852679
:1020f0008a14410f252020023e01401018bda5265c
:102100008a14410f252020025f01401024bde526de
:102110008a14410f25202002a801401030bdc52798
:102120008a14410f252020022f0240107000a28f38
:10213000252020028a14410f38bd45249402401006
:102140007400a28f252020028a14410f40bd45242f
:10215000140340107800a28f252020028a14410f1a
:1021600048bd45247b0340107c00a28f252020021f
:102170008a14410f54bd4524e20340108000a28f11
:10218000252020028a14410f60bd4524c8ff401459
:10219000000000000af7400f25204002ffff4230f8
:1021a000214e432cc2ff60108cc9c32602220200bc
:1021b000860062a0beff0010870064a05073023c3e
:1021c00063654224dcfca2147669023c6000a58fa2
:1021d0006874023c332e4224d7fca2147669023c78
:1021e0006400a5936d000224d3fca2147669023c1e
:1021f000ea1c410f25200002252000021e11410f7c
:10220000258840002b10510062fd4014252000025b
:10221000ee1c410f252000022b105100f3fc40144e
:10222000bc00bf8fe21c410f2520000225200002c8
:10223000e41c410f2588400025984000029d023c87
:102240007000a2af029d023c7400a2af029d023c4e
:102250007800a2af029d023c7c00a2af029d023c2e
:10226000029d143c029d153c029d173c029d1e3ca4
:102270008000a2af0180163cea1c410f252000021d
:102280002c0340100c0006242528200268fb400f78
:1022900025200002590240140c003226f2ff662667
:1022a000ffffc63025284002cfd3400f2520000273
:1022b000520240140cbd85268a14410f25202002ad
:1022c000e000401018bda5268a14410f25202002e9
:1022d0002101401024bde5268a14410f252020024b
:1022e0009a01401030bdc5278a14410f25202002d5
:1022f000e80140107000a28f252020028a14410faf
:1023000038bd4524710240107400a28f25202002a0
:102310008a14410f40bd4524df0240107800a28f8f
:10232000252020028a14410f48bd45244e03401049
:102330007c00a28f252020028a14410f54bd452421
:10234000ba0340108000a28f252020028a14410f7a
:1023500060bd4524c8ff4014000000000af7400f8c
:1023600025204002ffff4230214e432cc2ff601067
:102370008cc9c326022202009d0062a0beff00108d
:102380009e0064a0e21c410f2520000225200002cf
:10239000e41c410f2588400025984000029d023c26
:1023a0007400a0af25b80000029d143c029d163cad
:1023b000029d1e3c7000a2af0180153cea1c410f3b
:1023c00025200002120240100c00062425282002bd
:1023d00068fb400f25200002470140140c00322604
:1023e000f2ff6626ffffc63025284002cfd3400ffc
:1023f0002520000240014014d4bc85268a14410fd8
:102400002520200244004010e0bcc5268a14410f5c
:102410002520200250004010e8bcc5278a14410f37
:1024200025202002900040107000a28f252020025d
:102430008a14410ff4bc4524e0ff40140000000062
:102440000af7400f252040028cc9a3265d0062a830
:102450005a0062b801000224d8ff00107400a2af35
:102460008a14410f25202002190040146cbcc52796
:102470008cc9a226220042909afc40147800a28fb8
:10248000b4fc001094c945240af7400f25204002ef
:10249000ff0043300200632cb2fc60108cc9a326fd
:1024a000010042308ffc0010220062a00af7400faa
:1024b00025204002ff0043300200632c8cc9c42653
:1024c000f400601001004230e3fc0010620082a0c2
:1024d0008a14410f25202002260040147000a28f8c
:1024e0008cc9a226220042907efc40148400a28f58
:1024f00098fc001090c945240af7400f252040029f
:10250000ffff42308cc9c326022202005f0062a096
:10251000d1fc0010600064a00af7400f25204002a3
:102520000100422c8cc9a326530062a0a3ff001017
:10253000010017240af7400f25204002e0ff432442
:10254000ffff63307f00632c18fd60108cc9c32629
:1025500016fd0010770062a00af7400f2520400208
:102560008cc9a326570062a8540062b893ff0010dc
:1025700001001724252020028a14410f74bc452431
:10258000140140107400a28f252020028a14410fec
:1025900080bc45246e0140107c00a28f25202002c3
:1025a0008a14410f88bc45244efc40142800a32700
:1025b000252840020b16410f252060002590400081
:1025c0008000a28ffd12410fc7c94424253040006e
:1025d0008000a28f1000a527ef0a410fc7c944242d
:1025e0000303401001000224618280a33dfc00101f
:1025f000608282a30af7400f25204002e0ff4324b7
:10260000ffff63307f00632ca9fe60108cc9c326d6
:10261000a7fe00108e0062a00af7400f252040029e
:10262000ffff423038ff43240907632cdffc6010b2
:102630008cc9c32602220200750062a0dbfc0010d8
:10264000760064a00af7400f25204002e0ff4324f3
:10265000ffff63307f00632c07ff60108cc9c32627
:1026600005ff0010a50062a00af7400f25204002d8
:102670000100422c8cc9a326590062a0010002244b
:102680004eff00107400a2af0af7400f2520400251
:10269000ffff423038ff43240907632c84fe60109b
:1026a0008cc9c326022202008c0062a080fe0010aa
:1026b0008d0064a00af7400f25204002e0ff43246c
:1026c000ffff63307f00632c2afd60108cc9c32696
:1026d00028fd0010bc0062a00af7400f2520400230
:1026e000ff004230010003241cfe4310029d023c07
:1026f000c4be438cc4be42240400448c030023aafd
:10270000000023ba0800438c070024aa0c0045905f
:102710000d004290040024ba0b0023aa080023ba3b
:102720000c0025a21afc00100d0022a20af7400f8f
:1027300025204002ffff423030f84324411f632c24
:102740009afc60108cc9c32602220200630062a0ba
:1027500096fc0010640064a00af7400f2520400298
:10276000ffff423038ff43240907632cc2fe60108c
:102770008cc9c32602220200a30062a0befe001084
:10278000a40064a00af7400f25204002ffff42305a
:102790000200432c73fd60107800a38fa4a662a4ee
:1027a000010002246ffd00101000a2a3f9fb20120b
:1027b00025200002ecfb0010029d023c0af7400fae
:1027c00025204002ffff423030f84324411f632c94
:1027d00037fe60108cc9c326022202007a0062a074
:1027e00033fe00107b0064a00180123c8cc953268c
:1027f00022006292db00401400000000f40e410f42
:10280000252000002520400021db400f25904000be
:102810000a0240140180063c21b7400f000000006e
:10282000adf6400f00000000029d023c90bc438cbe
:1028300090bc42240400448c030023aa000023ba65
:102840000800438c070024aa0c004290040024ba1c
:102850000b0023aa080023bacdfb00100c0022a213
:102860000af7400f25204002ffff423038ff432483
:102870000907632cbffc60108cc9c326022202002a
:10288000ba0062a0bbfc0010bb0064a0c1fb201218
:1028900025200002029d023ca0bc448ca0bc422426
:1028a0000400438c030024aa0800469009004590c8
:1028b0000a004290000024ba070023aa040023baa9
:1028c000080026a2090025a2b1fb00100a0022a2de
:1028d0000af7400f25204002ff0042300100032488
:1028e00083ff4354029d023c9b0b410f618282a3f4
:1028f0009afd001000000000a5fb2012029d023c82
:10290000ccbc438cccbc42240400428c030023aae0
:10291000000023ba070022aa9dfb0010040022ba7f
:102920000af7400f25204002ffff423038ff4324c2
:10293000594d632c1dfc60108cc9c3260222020075
:10294000780062a019fc0010790064a00af7400f1b
:1029500025204002ffff423030f84324411f632c02
:1029600045fe60108cc9c32602220200910062a0bd
:1029700041fe0010920064a00af7400f252040029b
:102980008cc9e4267200839071008590ffff42306d
:10299000001a0300251865002b184300f1fc601491
:1029a000000000006c0083906b008590001a03000b
:1029b000251865002b186200eafc6014021a020058
:1029c000650082a001000224660083a0e5fc0010df
:1029d0002800a2a3252840021516410f4000a42775
:1029e00040fb0010000000000af7400f25204002c5
:1029f000ffff423038ff4324594d632cacfd60107b
:102a00008cc9c326022202008f0062a0a8fd00101c
:102a1000900064a05efb2012029d023cfcbc438c33
:102a200035ff0010fcbc42240af7400f252040026d
:102a3000ffff423030f84324411f632c4dfc6010ef
:102a40008cc9c32602220200a80062a049fc001023
:102a5000a90064a00af7400f25204002ffff423082
:102a6000e903432cd1fb60108cc9c326720064902b
:102a70007100659000220400252085002b20820033
:102a8000cafb8010022202006b0062a0c7fb00108c
:102a90006c0064a00af7400f25204002ffff42307f
:102aa00038ff4324594d632cf3fd60108cc9c326b5
:102ab00002220200a60062a0effd0010a70064a0a1
:102ac00033fb2012029d023c6cbd438c0aff0010b8
:102ad0006cbd422421b7400f00000000c60f410f1b
:102ae00000000000029d023c5cbe448c20fb0010f4
:102af0005cbe42240af7400f252040028cc9e42620
:102b00007400839073008590ffff4230001a030029
:102b1000251865002b18430092fc6014000000008b
:102b20006e0083906d008590001a030025186500e3
:102b30002b1862008bfc6014021a0200670082a04e
:102b400001000224680083a086fc00102800a2a3d4
:102b5000252840021516410f1000a427e1fa0010a5
:102b600000000000f40e410f252000002520400049
:102b700022e4400f25a040000300658a2520800242
:102b800009c2400f8cc9459a23ff001000000000c5
:102b90000af7400f25204002ffff4230e903432c93
:102ba00043fd60108cc9c32689006490880065903d
:102bb00000220400252085002b2082003cfd80108f
:102bc00002220200820062a039fd0010830064a08e
:102bd0000af7400f25204002ffff423038ff432410
:102be000594d632ce3fb60108cc9c32602220200fe
:102bf000bd0062a0dffb0010be0064a0e4fa20125a
:102c0000029d023c7cbd438cbbfe00107cbd422477
:102c100021b7400f000000009609410f000000009e
:102c2000029d023c68be448c68be42240400438c72
:102c3000030024aa08004290000024ba070023aa37
:102c4000040023ba0700e012080022a20180023c1f
:102c500050d3422408004390010004240400837ce4
:102c6000080043a07400a28fcafa40102520000279
:102c70000180023c50d342240c0043900100042404
:102c80000400837cc2fa00100c0043a00af7400f36
:102c900025204002ffff4230c800432c43fb601454
:102ca0008cc9c4266c0083906b008590001a0300c9
:102cb000251865002b1843003cfb6010021a020027
:102cc000710082a039fb0010720083a00af7400f48
:102cd00025204002ffff4230e903432c66fd6010cf
:102ce0008cc9c326a00064909f0065900022040058
:102cf000252085002b2082005ffd8010022202002b
:102d0000990062a05cfd00109a0064a0a0fa201255
:102d1000029d023c8cbd438c77fe00108cbd42248a
:102d20000af7400f25204002ffff42300200432ceb
:102d30000cfc60107800a38fa4a66324c80062a4d2
:102d40000100022407fc00101100a2a321b7400fcc
:102d5000000000003da6400f00000000029d023c64
:102d600074be438c74be42240400448c030023aa26
:102d7000000023ba0800438c070024aa0c004690e8
:102d80000d0045900e004290040024ba0b0023aac7
:102d9000080023ba0c0026a20d0025a27cfa001020
:102da0000e0022a20af7400f25204002ffff42300a
:102db000c800432cbefc60148cc9c42683008390d9
:102dc00082008590001a0300251865002b18430027
:102dd000b7fc6010021a0200880082a0b4fc001048
:102de000890083a00af7400f25204002ffff4230f0
:102df000e903432c5ffb60108cc9c326b7006490c5
:102e0000b600659000220400252085002b2082005a
:102e100058fb801002220200b00062a055fb001097
:102e2000b10064a05afa2012029d023c9cbd448c61
:102e30004ffa00109cbd422421b7400f0000000053
:102e40003da6400f00000000029d023c84be438c62
:102e5000c5ff001084be42240af7400f252040021f
:102e6000ffff42304400432cd0fa60108cc9c426c6
:102e70007400839073008590001a03002518650084
:102e80002b186200c9fa6010021a02006d0082a0bd
:102e9000c6fa00106e0083a00af7400f25204002fa
:102ea000ffff4230c800432cf3fc60148cc9c426d9
:102eb0009a00839099008590001a030025186500f8
:102ec0002b184300ecfc6010021a02009f0082a045
:102ed000e9fc0010a00083a00af7400f2520400263
:102ee0008cc9e3268900649088006590ffff42301a
:102ef00000220400252085002b20440099fb80142b
:102f000000000000830064908200659000220400ad
:102f1000252085002b20820092fb801402220200d3
:102f20007c0062a0010002247d0064a08dfb0010e3
:102f30002900a2a321b7400f000000003da6400fca
:102f400000000000029d023c94be438c86ff0010ee
:102f500094be42240af7400f25204002ffff423072
:102f60004400432c52fc60108cc9c4268b00839013
:102f70008a008590001a0300251865002b1862004e
:102f80004bfc6010021a0200840082a048fc001072
:102f9000850083a00af7400f25204002ffff423042
:102fa000c800432cf3fa60148cc9c426b100839086
:102fb000b0008590001a0300251865002b18430007
:102fc000ecfa6010021a0200b60082a0e9fa0010c2
:102fd000b70083a0eff9201225200002c4fd0010e5
:102fe000029d023c0af7400f252040028cc9c426ee
:102ff0006e0083906d008590ffff4230001a030041
:10300000251865002b18430068fa6010021a0200a8
:10301000730082a065fa0010740083a021b7400fee
:10302000000000003da6400f00000000029d023c91
:10303000a4be438c4cff0010a4be4224252860028d
:103040002520400201000724b8ee400f90c9c62495
:103050000180053c94c9a524020f410f25204002a0
:10306000edfd0010000000000af7400f252040028f
:10307000ffff42304400432c7ffc60108cc9c42603
:10308000a2008390a1008590001a03002518650016
:103090002b18620078fc6010021a02009b0082a0cc
:1030a00075fc00109c0083a00af7400f2520400209
:1030b0008cc9e3268b0064908a006590ffff423044
:1030c00000220400252085002b20440025fb8014cd
:1030d00000000000850064908400659000220400d8
:1030e000252085002b2082001efb80140222020076
:1030f0007e0062a0010002247f0064a019fb001082
:103100002900a2a30af7400f252040028cc9c4263b
:103110008500839084008590ffff4230001a0300f1
:10312000251865002b184300e1fb6010021a02000d
:103130008a0082a0defb00108b0083a021b7400f25
:103140001000b4273da6400f2800b3270080123c92
:103150008a21957e80101500746d4326040080102e
:10316000020005240a10627c5100455021187500a8
:103170008a11757e09004014ff00a5320100b526b2
:1031800004000224f3ffa2568a21957e029d023c90
:1031900028be438ca7fd001028be42242530000025
:1031a00011fe400f01000424f5ff00100100b526b8
:1031b0000af7400f25204002ffff42304400432c15
:1031c0006cfa60108cc9c426b9008390b800859051
:1031d000001a0300251865002b18620065fa6010bc
:1031e000021a0200b20082a062fa0010b30083a0ab
:1031f0008800a28f4000a5271516410fafc94424af
:103200008000a28f2800a327233043020100c62498
:10321000252860007f14410fc7c9442401000224ff
:10322000618282a32ff90010608280a30af7400f09
:10323000252040028cc9c4269c0083909b00859069
:10324000ffff4230001a0300251865002b184300c9
:1032500009fc6010021a0200a10082a006fc001006
:10326000a20083a0cc1b410f01000424cc1b410f02
:1032700002000424029d023cb4be438cbafe00103e
:10328000b4be42240af7400f25204002ffff42301f
:103290000200432cb3fa60107800a38fa4a6632425
:1032a000900162a401000224aefa00101200a2a351
:1032b00070196290afff40548a11757eff00a532ed
:1032c0002530000011fe400f02000424a9ff001069
:1032d0008a11757e0af7400f252040028cc9c4264a
:1032e000b3008390b2008590ffff4230001a0300c4
:1032f000251865002b1843001efa6010021a020000
:10330000b80082a01bfa0010b90083a00af7400f92
:10331000252040028cc9e426a00083909f00859060
:10332000ffff4230001a0300251865002b184300e8
:103330008cfa6014000000009a0083909900859038
:10334000001a0300251865002b18620085fa601426
:10335000021a0200930082a001000224940083a0bc
:1033600080fa00102a00a2a30af7400f252040028d
:103370008cc9e426a2008390a1008590ffff423013
:10338000001a0300251865002b18430075fa601415
:10339000000000009c0083909b008590001a0300b1
:1033a000251865002b1862006efa6014021a0200dc
:1033b000950082a001000224960083a069fa001003
:1033c0002a00a2a30af7400f25204002ffff423047
:1033d0000200432c63fa60107800a38fa4a6632434
:1033e000580262a4010002245efa00101300a2a396
:1033f0000af7400f252040028cc9e426b7008390cd
:10340000b6008590ffff4230001a030025186500c2
:103410002b18430053fa601400000000b1008390a1
:10342000b0008590001a0300251865002b18620073
:103430004cfa6014021a0200aa0082a001000224c1
:0c344000ab0083a047fa00102b00a2a3f1
:020000040000fa
:020000041d00dd
:10344c0090ffbd270f0005240a0004244800b0afec
:10345c006c00bfaf6800beaf6400b7af6000b6af22
:10346c005c00b5af5800b4af5400b3af5000b2af6e
:10347c00c00d410f4c00b1af25804000010042301f
:10348c00100040546210113c02001032470000162c
:10349c00c880838f6c00bf8f6800be8f6400b78fad
:1034ac006000b68f5c00b58f5800b48f5400b38f9a
:1034bc005000b28f4c00b18f4800b08f0800e00371
:1034cc007000bd27009d123c04000010d34d312626
:1034dc000a0006247d01410f25208002ba18410ff5
:1034ec000a000424e8ff401025a040002c0095960b
:1034fc001400a22ef6ff4014f2ff05241c00968e39
:10350c000c00c28e0019427c0500432cf1ff6014a4
:10351c000a000624801002002a10a202edff4014bb
:10352c0002001e3c2000828e24f05e00e9ffc017d2
:10353c00f1ff05241800938e000242301000632620
:10354c00d80040142800a3af1000628e0c00638ecc
:10355c002520a0021c00a2af000602241800a3af75
:10356c00b377400f2000a2a7253000000c000524e3
:10357c001800a427bb77400f2200a2a72000838e3f
:10358c002710020004006330b6016014ffff4630c0
:10359c002528a002bb77400f2520c002c100401097
:1035ac00f6ff0524cbff00100a000624b9ff6010bb
:1035bc006210123c2588000025800000009d133c01
:1035cc00d34d5226d880828f808010000a80507c88
:1035dc001f0000120b000224760004921c008210c3
:1035ec00c000023c3c00148e2410820229004010c2
:1035fc003e000296c005947e0400433029006014fe
:10360c0010001524080042302f0040140000000068
:10361c0076000392050002245400621000000000a2
:10362c003300a0160100863a3e0002960200433099
:10363c0036006014004042300400401003000224a5
:10364c00760003925700621000000000c880838f40
:10365c0001003126208e117c2b102302d9ff40143f
:10366c00258020026c00bf8f6800be8f6400b78f6e
:10367c006000b68f5c00b58f5800b48f5400b38fc8
:10368c005000b28f4c00b18f4800b08f0800e0039f
:10369c007000bd2725a8000004004330d9ff60103e
:1036ac0025a00000e3fe400f000000002800038e60
:1036bc0023104300d3ff40043e0002960800423022
:1036cc00d3ff401010001524e3fe400f0000000053
:1036dc002c00038e23104300cdff40040500022470
:1036ec00760003921d016210100015240100863a29
:1036fc002528a002a725400f252000023e00029697
:10370c0002004330ccff601000404230e3fe400f1b
:10371c00000000002400038e23104300ccff420461
:10372c00c880838f760005920a00a22c54014010a9
:10373c0080100500503763260a10627c0800400098
:10374c00000000008c3c009d003c009d483c009d0e
:10375c00cc3b009d1438009d8c3c009da43b009def
:10376c008c3c009d8c3c009d1438009de3fe400f6a
:10377c00000000003000038e23104300a8ff40041b
:10378c000100062414000524a725400f2520000263
:10379c00252800009c7a400f25200002acff001069
:1037ac00c880838fe3fe400f000000002400038ece
:1037bc0023104300a6ff4004c880838f7900039236
:1037cc00840002921c0262101000052425200002c5
:1037dc00a725400f02000624e3fe400f010031260e
:1037ec0070000496b880858fc880838f0220857006
:1037fc001900920010200000822104002110820088
:10380c0094ff0010240002ae780002920500432cb5
:10381c00da006010000000005000038e010042240a
:10382c00ff00423025a00000110005241000048e7a
:10383c000c00068e40180300780002a223108600ac
:10384c002b208600500003ae06008010ffff423094
:10385c000400038e0000048e231864002110430022
:10386c00ffff4230640004965400038e100006ae35
:10387c00253000002318620021104400540003aed0
:10388c00640002a6a725400f252000026fff8012be
:10389c00252800009c7a400f252000026cff0010a8
:1038ac00c880838ffcf7400f2520c0021c008e8e31
:1038bc000c00cb8e0200cd9500196b7dff006b3197
:1038cc003602a01180580b000e0067960c00629611
:1038dc000000cf95c880868f2138e2002138e7019f
:1038ec002638ed002d02c010ffffe73028008c8e2b
:1038fc00d8808a8f251000002528000025b80000ec
:10390c00080000100b0008241400831100000000b4
:10391c000100a524202e057c2b18a6002c0060107d
:10392c002510a000801002000a10427df9ff4050c3
:10393c000100a52476004490f6ff88500100a524d0
:10394c00770043900200632cf2ff60500100a52425
:10395c004800438cecff601400000000180080103d
:10396c0072004394ebffe3140100a5240000c48d06
:10397c006000438ce7ff8314000000004000448c7f
:10398c000c00638ee4ff8314202e057c01000324bd
:10399c00770043a02800a38fed02601048004cacc8
:1039ac00740043941000648e010005240463a37c0e
:1039bc00440044ac740043a41800001025b8400027
:1039cc00d3ffa3510ab85700d2ff00100100a52461
:1039dc00f201e012010003240c00628e7700e3a2d6
:1039ec004000e2ae2800a28f070040104800ecae69
:1039fc007400e2961000638e010004240463827c40
:103a0c004400e3ae7400e2a60000e28e7200e7a66a
:103a1c006000efa66200eda61000e2ae1000848eee
:103a2c003e00e3960d00d3920c008294004065306a
:103a3c000800c88e23104b000c0082a40400a010b8
:103a4c000400c98e02006330990060107900e0a276
:103a5c007400e3967600e2920442037cb4014010b9
:103a6c007400e3a60100042489014450040062326e
:103a7c001400b5262358ab02ffff6b31ecff6a250f
:103a8c00ffff4a3101006c32860080152568400129
:103a9c0002006432030080101c00f58e0100ab257f
:103aac00ffff6d312000e48e2b28a402cc01a05422
:103abc0023a895001800e58e1400e68e23a8a40216
:103acc002320a60023a89500ffffb5325800eb8eeb
:103adc00c601a01123582b01cb01a0520400733254
:103aec00e90160052b207501080080140600643282
:103afc002a207501040080142328ad022a28ab006b
:103b0c00c101a0540400733206006432cb0180144e
:103b1c00100064327a0080100a00442cca00801015
:103b2c0080200200403b45260a20a47c080080002f
:103b3c0000000000543e009d543e009d2840009d16
:103b4c00403d009d403d009d403d009d403d009d01
:103b5c00543e009d403d009dfc3c009de3fe400f0b
:103b6c00000000003000038e23104300dffe4204ef
:103b7c001000152403ff001001000624aa01801672
:103b8c000100062414000524a725400f252000025f
:103b9c0040ff001025280000780002920500432cfd
:103bac00f6ff60100000000001004224ff004230cc
:103bbc005000038e25a000001cff001010000524ef
:103bcc00780002920500432cf8ff60540100422457
:103bdc000400032410ff8016760003a201000624c3
:103bec0011000524a725400f2520000298fe001087
:103bfc00c880838f780002920400432c69016054c2
:103c0c0001004224b880848f0500022425a0000006
:103c1c004019040023186400801803002118640064
:103c2c00c0180300190072000200052410180000cf
:103c3c0082190300fdfe00100019030078000292a7
:103c4c000300432c5c0160503e00039601004224ab
:103c5c00ff0042305000038e25a00000f3fe001040
:103c6c00120005242538c0002528c0022530a002ea
:103c7c0061af400f2520800248fe001000000000bc
:103c8c0073fea012c880838f99038016010006244e
:103c9c002528a002a725400f252000026cfe00104d
:103cac00c880838fedff6b2579ff0010ffff6d310e
:103cbc003000a9af2c00a8afe3fe400f2800abaf3b
:103ccc007000e396b880848f3000a98f2c00a88fe9
:103cdc00021864702800ab8f1900710010180000d6
:103cec00821903002110620059ff00102400e2ae7b
:103cfc005400e28e01004224c40002112528000069
:103d0c007a00e6962430de00f1fdc0100200052496
:103d1c007c00e28eeffd40500a0006242800858ec0
:103d2c008000e78e09f840003c00e486e8fd0010b6
:103d3c00020005245400e78e2570e0001000e68e8a
:103d4c000800e58e2320a60006008104231007013d
:103d5c000400e28e0000ef8e23104f002120820021
:103d6c0023100701231044000d0040580c00e48e72
:103d7c007400e48e04000e240402843068018e1456
:103d8c000100042467014454253000000100ee2496
:103d9c00444a437c5400eeae7400e3a60c00e48e5f
:103dac002318c4002b10c4006301401023186e00ac
:103dbc000000e68e0400e28e231046002130020142
:103dcc002118c300030060182b1043008d01401014
:103ddc00dc0502243800e28ecb0140543c00aaaf33
:103dec007d0185503e00e2965400e78e0e00c2968f
:103dfc006e00e3962b186200010060546e00e2a680
:103e0c006400e4962118480023186700070080140a
:103e1c00ffff6330060060507600e2923e00e296af
:103e2c00010004248431827c3e00e2a67600e292fa
:103e3c0004000424610144106400e3a6060003247a
:103e4c00450243100000000020007332acff6016e6
:103e5c00f8ff43240200632ca9ff6014060003241e
:103e6c00a8ff43507a00e6963a004011000000008b
:103e7c000c00c28e1c00e58e1800e48e0019427cea
:103e8c0080100200e301601921184b012a30a302b3
:103e9c000500c0102130a3002350ab02ffff4a31b4
:103eac0021184b012130a3002110c2022b308600b7
:103ebc00ec02c0102400a2af2398850001007326e9
:103ecc0023986b02d40260064000a3afffff73324d
:103edc00010016242128ab00253860022400a627f7
:103eec00252080021000b6af2800aaaf3c00adaf71
:103efc003800acaf3400a9af3000a8af65ae400fae
:103f0c002c00abaf2800aa8f1400e58e2400a62746
:103f1c00233853011000b6afffffe7302520800295
:103f2c0065ae400f25a840002110a202ffff4230d1
:103f3c002800aa8f2c00ab8f3000a88f3400a98fdb
:103f4c003800ac8f3c00ad8f4000a38f7f024251f4
:103f5c005c00e28e1100a011000000007600e292dd
:103f6c00fdff42240300422c040040543e00e29624
:103f7c001c00e28e2000e2ae3e00e29610004330c0
:103f8c000902601401000624010003240421627c50
:103f9c0008004430410280103e00e2a659ff8051d7
:103fac007a00e6965800e38e2148a90101006324ab
:103fbc0054ff69547a00e6963e00e4967600e2924d
:103fcc00010005248452a47c030005245800e3aeb0
:103fdc000004de37890245103e00e4a60400432ca1
:103fec0082016014040003246902431005000324b9
:103ffc0088004354010006242520e00225300000ef
:10400c00a725400f10000524252800009c7a400f9e
:10401c002520e0023bff00107a00e6965400e78e64
:10402c00dd0007152570e000030002247600e2a2f3
:10403c0042ff001000011e2401000524252000026f
:10404c00e7b8400f3c00148e3e000296010003249a
:10405c000004947e0400627c001006243e0002a63c
:10406c0025280000c3da400f2520000278fd805679
:10407c00c880838f3e0002960a000324760003a2b8
:10408c000400027c3e0002a671fd0010c880838fe4
:10409c001bff401410006b320400601102007332dd
:1040ac005400f58e7d0015555400e8ae15ff605296
:1040bc007a00e6960e00c296010029255800e9ae5a
:1040cc006e00e2a66400e2a64dbe400f2520c002a1
:1040dc003c00e38e000f637c890060106a00e2a64e
:1040ec00010062382b1002007400e39601000624d4
:1040fc00c47b437c770060117400e3a61000052498
:10410c00a725400f2520e0023e00e2960300032481
:10411c0000404230950040147600e3a23e00e29647
:10412c0000011e244408027cf5fe00103e00e2a6ad
:10413c0004006232b4ff4014100062324800401494
:10414c0002007332b1ff60122528000001002925fe
:10415c005800e9ae4dbe400f2520c0023c00e38e56
:10416c00000f637c530060106a00e2a60100623805
:10417c002b1002007400e3960100062412000524a3
:10418c00c47b437c7400e3a6a725400f2520e002e6
:10419c0002000224dafe00107600e2a2ccfc001031
:1041ac00f1ff05245000038eff00423025a00000d3
:1041bc009efd001002000524010063306ffe6014a8
:1041cc0000000000490080160100062402000524ae
:1041dc00a725400f252000021dfd0010c880838fed
:1041ec00ffffb52639fe0010ffffb53247fe601108
:1041fc0006006432030060052a20750143fe80141a
:10420c000600643204007332befe60567a00e696f5
:10421c000100062410000524a725400f2520e002ec
:10422c00b8fe00107a00e69601004224ff004230ee
:10423c005000038e7dfd0010140005240400733221
:10424c0072ff6012252800003e00e2960100032454
:10425c0000081e24444a627c6cff00103e00e2a65b
:10426c002520e0025400e8ae25300000a725400fc1
:10427c0004000524252800009c7a400f2520e0022c
:10428c00a0fe00107a00e6962120ab01deff8058dc
:10429c00040073321dfe0010060064320100062477
:1042ac0004000524a725400f2520e00294fe0010f1
:1042bc005400f5ae0400e38e0000e58e40200200b1
:1042cc00212082002310650043180400a9ff001070
:1042dc002a10430012000524a725400f2520e002d8
:1042ec000200022486fe00107600e2a201004224a5
:1042fc00ff0042305000038e4cfd001025a0000042
:10430c000400e38e0000e58e402002002120820094
:10431c00231065004318040073ff00102a1043009b
:10432c002530000010000524a725400f2520e002b1
:10433c0074fe00107a00e69621180301070060183d
:10434c00000000000400e28e0000e78e23104700fe
:10435c002b1043002b004010dc050224a0fec410df
:10436c00000000009cfe00103800e28ee3fe400fbf
:10437c00000000007000e396b880848f021864700f
:10438c00190071001018000082190300211062003e
:10439c0062ff00102400e2ae5400e8ae01000624d7
:1043ac00040005242520e002a725400f2800a7af14
:1043bc002800a78f52fe00105400e7ae6f00075183
:1043cc007400e29620007332a7fe60120000000019
:1043dc004cfe00107a00e696000143305e006054fb
:1043ec005400e78e004042306e0140543c00aaafae
:1043fc003e00e2965400e78e4408027c7bfe0010df
:10440c003e00e2a63400e2ae4000aaaf3c00a3afef
:10441c003800abaf3400adaf3000acaf2c00a9af5f
:10442c00e3fe400f2800a8afb880858f3400e68edd
:10443c00e8030e243e00ef960230c5700c00e48eab
:10444c003c00a38f1000e58e44290f7c3e00efa6a4
:10445c00211883002b38a4000c00e3ae252060004b
:10446c002800a88f2c00a98f3000ac8f3400ad8fa2
:10447c003800ab8f4000aa8f1b00ce00f401c001a6
:10448c00123000002110c2001901e0143800e2ae15
:10449c002b10a300240140545400e78e0400e28e3c
:1044ac002b3062000700c0542b18a2000000e48ed1
:1044bc0023204400231864000c00e3ae2520600088
:1044cc002b18a200060060547600e2920000e38ee6
:1044dc00231043002328a2001000e5ae7600e292e0
:1044ec000300032405004310080003240400435078
:1044fc000400de373afe00100800e58e0400de37bb
:10450c0037fe00100800e58e3800abaf3400adafbd
:10451c003000acaf2c00a9afe3fe400f2800a8afd1
:10452c003800e38e2800a88f2c00a98f231043009d
:10453c003000ac8f3400ad8f3800ab8fa600410437
:10454c003c00aa8f0800e58e25fe00100c00e48ebe
:10455c0032fd001025b8400025fe07550e00c2960e
:10456c007400e3960400633021fe60500e00c29686
:10457c00fdfe42301dfe00103e00e2a6040042305b
:10458c0091ff4050200073323c00aaaf3800abaf13
:10459c003400adaf3000acaf2c00a9afe3fe400f40
:1045ac002800a8afb880858fd0070324e803042423
:1045bc0002186570050005247600e5a22800a88f76
:1045cc002c00a98f3000ac8f3400ad8f3800ab8f2e
:1045dc003c00aa8f1b006400f4018000121800003c
:1045ec002110620077ff00103000e2ae02000324bd
:1045fc0007ff4314090002247600e2a201000624fe
:10460c0011000524a725400f2520e002bdfd001058
:10461c007a00e69623104b00ffff633021b0c202f4
:10462c002b1075002400b6af020040102598a00294
:10463c0025986000ffff73322110b3002b1082000d
:10464c00490040100100022423108500010056246b
:10465c00ffffc33201000a24253860002400a6277e
:10466c00252080021000aaaf3800adaf3400acafeb
:10467c003000a9af2c00a8af65ae400f2800a3af47
:10468c002800a38f1400e58e01000a24231863026e
:10469c00ffff67301000aaaf2400a6272520800258
:1046ac0065ae400f25a840001400e38e2c00a88fa7
:1046bc003000a98f3400ac8f3800ad8f2110a202ce
:1046cc0023b07602ffff42302118760021fe6216dd
:1046dc00000000007600e2925800e48e1c00e3ae6d
:1046ec00fdff4224212064020300422c02004010f2
:1046fc005800e4ae0002de375c00e28effff0624b9
:10470c0014fe4610239853006800e5962128b30048
:10471c00f500a0045c00f3ae0efe601e21208500a7
:10472c001800e28e211865002b2843005800e4aed7
:10473c000600a0101c00e3ae1400e48e231044000d
:10474c0027100200211862001c00e3aeffff0224b8
:10475c0000fe00105c00e2ae6afd07557a00e6969a
:10476c002afe0010252800001000a2af2538600298
:10477c002400a627252080023400adaf3000acaf5a
:10478c002c00a9af65ae400f2800a8af1c00e38e2b
:10479c003400ad8f3000ac8f211873002c00a98f22
:1047ac00caff00102800a88f100005242520e00265
:1047bc003400adaf3000acaf2c00a9afa725400f33
:1047cc002800a8af2800a88f2c00a98f3000ac8f30
:1047dc00f2fd00103400ad8f3400e28e00fa043488
:1047ec003c00aaaf4018020001fa02342b10620000
:1047fc000b2062003400e4ae3800abaf3400adaf38
:10480c003000acaf2c00a9afe3fe400f2800a8afde
:10481c00b880848f3400e38ee80306241000e58e04
:10482c00021864700c00e48e5400e78e2800a88fe8
:10483c002370a4002338ee002b28a4005400e7ae0c
:10484c002c00a98f3000ac8f3400ad8f3800ab8fab
:10485c003c00aa8f1b006600f401c0001218000077
:10486c00211062000600a0103800e2ae0400e28eb7
:10487c000000e38e231043002338e2005400e7ae1f
:10488c003e00e296010003240800e58ec439627ce8
:10489c001000e4ae52fd00103e00e2a6c418627c8b
:1048ac003400adaf3000acaf2c00a9af2800a8afde
:1048bc00e3fe400f3e00e2a6b880858f640003241f
:1048cc00e8030424021865703400ad8f3000ac8fff
:1048dc002c00a98f2800a88f1b006400f401800015
:1048ec001218000021106200acfd00102c00e2ae8a
:1048fc000400e28e0000e68e233046002130a60034
:10490c002b38c300e7fee0502b3062005400e78eda
:10491c00233066001000e3ae2138e6005400e7ae09
:10492c00dffe0010252860000400e28e23286500bd
:10493c002138e5002b2862005400e7aee7fea014f6
:10494c001000e3aed9fe001025286000ffff042400
:10495c005a0044102b2862016800e4965a00a010fb
:10496c00212082002b2883000700a0546800eaa6af
:10497c002b106200040040546800eaa623208b0030
:10498c00ffff8a306800eaa672fd00105c00ebaef7
:10499c005400e28e98fd0211060002241cfe001049
:1049ac007600e2a23800abaf3400adaf3000acaf54
:1049bc002c00a9afe3fe400f2800a8af7000e396cf
:1049cc00b880858fe80304243c00aa8f0218657018
:1049dc003800ab8f3400ad8f3000ac8f2c00a98f1a
:1049ec002800a88f1b006400f4018000121800003e
:1049fc00211062007efe00102400e2ae7400e296ec
:104a0c00080003240001423001fe40107600e3a2ae
:104a1c00bcfc00107a00e6961400e28effff6625bf
:104a2c0025384001231082002310c2000100042409
:104a3c001000a4af2400a6272128a2002520800264
:104a4c003c00adaf3800acaf3400a9af3000a8af1c
:104a5c002c00abaf65ae400f2800aaaf35fd00109f
:104a6c002800aa8f01000224253840012128ab0020
:104a7c001000a2af2400a627252080024000a3af7f
:104a8c003c00adaf3800acaf3400a9af3000a8afdc
:104a9c002c00aaaf65ae400f2800abaf4000a38f2f
:104aac003c00ad8f3800ac8f3400a98f3000a88f3c
:104abc002c00aa8f25fd00102800ab8f5c00ebaefc
:104acc0024fd00106800eaa62b18830021fd60105d
:104adc002b208b001ffd80142310620121504201fa
:104aec001cfd00106800eaa61afd00105c00e6ae82
:104afc00780002925000038e2528a0020100422467
:0c4b0c00ff00423049fb001025a0000013
:020000040000fa
:020000041d00dd
:104b180038ffbd27b800b6af3400968cc400bfafcd
:104b2800c000beafbc00b7afb400b5afb000b4af03
:104b3800ac00b3afa800b2afa400b1afcf00c012b1
:104b4800a000b0af6000a5af0800c5961800a2305d
:104b5800f50140102580800010000524180245103a
:104b6800049d033c1c00c28e5c00a3af049d033c63
:104b78004c00a2af6400a3af08004224fcff43949a
:104b88004800a2af049d023c5800a2af049d023c1d
:104b98007000a2af049d023c7400a2af049d023cc9
:104ba8007800a2af049d023c8800a2af049d023c9d
:104bb8008c00a2af049d023c9000a2af049d023c71
:104bc8008000a2af049d023c8400a2af049d023c79
:104bd8006800a2af049d023c7c00a2af049d023c89
:104be8005400a3af6c00a2af2200c5962400c6965d
:104bf8002330c500ffffc6307100c0144800a28fe3
:104c08000a00c39202000224890062500800c59677
:104c18001800d18e35012012a481838f3c00028eaa
:104c28004400a0af2a1043001a0140143400d426cf
:104c38008081878ff9ff02241401e0104400a2af9d
:104c4800f9ff0524ffff11241800e28c060040102c
:104c58002530800209f840002520000202000224c5
:104c6800640022126000a38f810020121800c0aed9
:104c78000800c2964c00a38f2598000000035e34fc
:104c8800120077240800dea6400042309b00405006
:104c98001400c28e2000c233259000002588000031
:104ca800010004240100152430014010259800005b
:104cb8000400c233460140540200b5264401605640
:104cc8000200b5262540000025a0800001001e2412
:104cd8000d0080104800a28f8e8182930a00401434
:104ce8004800a28f2520e00225286002d204410f47
:104cf8005000a8af5000a88f2188510023b8e202c5
:104d0800ffff31324800a28f23b8e202fffff732db
:104d18002188f102ffff31322200d7a61600801247
:104d28002400d1a68e81829312004014010002242f
:104d38002201a212020002242f01a2125800a28fff
:104d48000700132407000624003845244800a28fd2
:104d58002120510056008010218871027f14410fd4
:104d68005000a8af2400d1965000a88f2188710266
:104d7800ffff31322400d1a60200c0130200022432
:104d88000a00c2a299ff48522200c5967481848ff6
:104d98000c00c58e233012012000828c09f84000d7
:104da800010007242200c5962400c6962330c500ba
:104db800ffffc63093ffc0500a00c3924800a28f7d
:104dc80046000486d3e1400f212845002200c396ff
:104dd8000800c4962400c5962110430004008434ba
:104de800ffff42300800c4a685ffa2102200c2a619
:104df8006000a38fc400bf8f01000224000062a0de
:104e0800c000be8f0d000224bc00b78fb800b68f5b
:104e1800b400b58fb000b48fac00b38fa800b28fc8
:104e2800a400b18fa000b08f0800e003c800bd2720
:104e38000001a2300c0040502528c0028081878fd5
:104e48000002a5300100a52c0600e010faffa524f9
:104e58001800e28c030040103400c62609f8400010
:104e6800252000022528c0027a9a400f252000023a
:104e78003400058e7401a014c400bf8fc400bf8f16
:104e88000e000224c000be8fbc00b78fb800b68fda
:104e9800b400b58fb000b48fac00b38fa800b28f48
:104ea800a400b18fa000b08f0800e003c800bd27a0
:104eb800b0ff0010ffff31325400a68f7481848f39
:104ec8000c00c58e2b18d3002c00828c0b98c300c5
:104ed8002538600209f840002530e002c00062125f
:104ee800259040000800c29600015e344000423020
:104ef80068ff40140800dea61400c28e1000c48e9d
:104f0800254060022110620226a082001400c2ae71
:104f18000100942e259060020a00c29208004014f5
:104f2800ffff713201000224259880009700801647
:104f38000a00c2a225f0000067ff001025a80000a3
:104f4800980080124800a28f2000c233af0040149e
:104f58004800a28f25f080026bff00100100152485
:104f68002530000025280000837e400f2520000200
:104f780052004010259040000400c28e340055268f
:104f88002520a00219000624040042ae1f16410f76
:104f9800252880028081848f4d0040a2200050aed9
:104fa80005018010080042961000848c0100805092
:104fb800002042344000a0af1000c88e1400c68ef6
:104fc8007481848f1c00d38e233006012c00898cb9
:104fd8000c00c58e3300c8280473027c08007326b1
:104fe800320007240b38c800080042a625306002aa
:104ff80009f8200125f0e000d601c21325b84000c9
:1050080021107e024000a2affbff02242588000089
:105018005000a2af8081878f0800e0104000a68f63
:105028001800e28c050040105000a58f2530a00222
:1050380009f84000252000024000a68f2330d30045
:105048000800de107481848f0c00c58e2330de00ca
:105058002000828c09f84000010007244000a88f36
:1050680023f013011400c28e21405e00a701201610
:105078001400c8ae252840027a9a400f2520000265
:105088004400a58f8903a0148081878ff8fe001043
:105098001800c0ae0800d19610003132b0ff2012bf
:1050a8004400a7272530000010000524837e400f08
:1050b800252000026200401425a840004400a58f66
:1050c8005b00a0048081878f4affa0106000a38f37
:1050d80049ffe010c400bf8f1800e28c45ff401064
:1050e80002001124dbfe0010253080021000d38e50
:1050f8001400c28e4c00a38f239862026eff6016c4
:10510800120077240800de96259000000001d133b4
:105118004000c233ddfe2016000000001400c58eda
:105128001000c48e2128650226a0a4001400c5ae74
:10513800140040100100942e1000601225a80000f1
:10514800ffff713201001524010014240400a4108b
:105158002540600225208002ddfe001025f00000b9
:105168002000c233d2fe4014252080022540600270
:1051780025a08000d6fe001001001e24f3ff0010b9
:1051880025a0000064ff0010254060022000c23303
:10519800010015240300042425f08002cefe00102f
:1051a8000ba8820023b8e202fffff7322188f10240
:1051b8002200d7a6f3fe00102400d1a65c00a28f1f
:1051c8000200132402000624e0fe0010d0824524c9
:1051d8002540600201001e24bdfe001001001424b9
:1051e8000800de964000c233fd0040542198f202c8
:1051f800c8ff00100001d1336400a28f05001324fa
:1052080005000624d1fe0010f837452425f0800259
:105218000300152423b8e202fffff7322188370282
:10522800ffff31322200d7a6befe00102400d1a60f
:1052380085fee014fbff11248dfe00101800c0ae9f
:105248000400c28e19000624252880023400a426f2
:105258001f16410f0400a2ae4d00a0a21c00d18e63
:105268004000a0af1000c38e1400c28e7481848fda
:105278000c00c58e231062006500472864000324d3
:105288002c00898c0b18470008003126253860004f
:105298002530200209f8200125f0600067015e1022
:1052a80021103e024000a2af5000b4af2598000084
:1052b800fbff17248081878f0800e0104000a68f2d
:1052c8001800e28c040040105000a68f2528e00248
:1052d80009f84000252000024000a68f2330d100a5
:1052e8001601de107481848f0c00c58e010007241e
:1052f8002000828c09f840002330de004000a38f94
:105308001400c28e23887100218851007b0060122e
:105318001400d1ae4400a58f0401a0148081878faa
:10532800d3fe00101800c0ae0a00c2927e004050a2
:105338000040a23001000424cbfe44542528c002ba
:105348000b00c4928f0080501400c28e0180133c61
:105358001cd4732601000224f001821402000224e6
:105368001400d18e5e022012020002240a00229646
:10537800080032960400258e4600048623904202d7
:10538800ffff523225304002d3e1400f2128a2000e
:105398000a00239621184300ffff633094fe42164b
:1053a8000a0023a608002296b2014310000000005c
:1053b800e8ff00100b00c492fefe001000204234eb
:1053c8001800c296060040148081878fa70200103b
:1053d80000000000a7fe40503400058e1800c29659
:1053e8003000c3961a00c7961c00c626ffff63301c
:1053f800232062002b406200c02803002138e2000d
:10540800c02004002a106700050000152130c500df
:10541800be0140503400058e2c00c68e2130c400d9
:105428001400c28e2338e3002528c00209f8400082
:105438002520000202000324e6ff43146000a38f26
:105448006dfe0010c400bf8f0d000224c000be8f87
:10545800bc00b78fb800b68fb400b58fb000b48f5a
:10546800ac00b38fa800b28fa400b18fa000b08f9a
:105478000800e003c800bd278081868fd901c010cd
:105488009400b08f1c00c78cd601e0105000a38f89
:105498000500622e040004240b2062021000a227db
:1054a8003800a4af3000b4af3400a3af3c00a2afc3
:1054b8003000a52709f8e00025200002ca014010a5
:1054c8008800a28f4000a68f2330d100b201de10e1
:1054d8007481848f0c00c58e010007242000828c03
:1054e80009f840002330de004000a38f1400c28e6c
:1054f80023887100211051001400c2ae2528a00293
:105508007a9a400f252000024400a58fd8fda050ac
:105518001800c0ae8081878fcbfde014fcff1124fa
:10552800d3fd00101800c0ae020040140c00d18e4c
:10553800080080ac0020a5300301a0108081868f70
:10554800251000001000c48e050080108081868f11
:105558000800828c2528200209f840002520000236
:105568000800c4960800058e5801a010ffbf8430bb
:10557800004084340800c4a6010002240a00c2a620
:105588001400c28e780140102530000008004394b2
:105598000000428cfdff40142130c3007301c0108d
:1055a800030002240400c48e049d053c7873a524de
:1055b8000800829404004234080082a43d16410f7a
:1055c8001000a4278e81849315028010ffff5130ac
:1055d800010002240b00c2a25cff00100100042499
:1055e8001400d48e1000d58e0a000524000060a295
:1055f8000c10410f2520e002be00405021a092026d
:105608000800de960100532425a8e0028000c2337a
:105618000d004010010006246c00a28f2520a00276
:10562800d0f1400f18384524310040100000000028
:105638007fffde33070055248000c233f6ff401495
:105648000800dea6010006243000a5274ba2400f63
:105658002520a002010006241000a5272520a0026d
:1056680025a040005cce400f1000a0af25304000c0
:105678001a0080120800de96980040102b10820253
:10568800960040141000a28fefffde330800dea65c
:105698009400a2af7c00a28f2520a0025000a6afe4
:1056a800d0f1400f20384524b10140105000a68f9a
:1056b8002b18c200060060508000de379400a38fcc
:1056c8002ba04300ab0180522588c0008000de3744
:1056d8000800dea6cdff0010060055241000a28f9a
:1056e800efffde330800dea6eaffc0149400a2af85
:1056f800830060120003c4371800d1ae23987702e4
:105708000001d13383fe00104000c2332000c2964e
:105718000c00438e4400a58f010044242000c4a639
:10572800fffea010080062a48081878ffcfee010b5
:105738002588000045fd00101800e28c1400c78e73
:105748002138fe00f3fe60161400c7ae6cff00108f
:105758002528a00221106202000040a02530000088
:105768004000a5275cce400f25206002150140109f
:1057780025a840003a0005249311410f2520400038
:105788000800401028000424000044a0fd12410f26
:105798002520a0022110a20229000424000044a010
:1057a800010040a0280005249311410f2520a002e4
:1057b80079004010010046242520c000000040a0c8
:1057c800290005249311410f5000a6af3c01401059
:1057d8005000a68f000040a05000a0af9400a0afda
:1057e8001000a0af1400a0af1800a0af1c00a0af1d
:1057f8002000a0af2400a0af2800a0af2c00a0afcd
:105808001000be272520c0009800b0af6800a28f06
:105818003ae6400f1438452425804000b5000012b0
:105828000400222e3b0040542520000201003126ae
:10583800ffff3132f5ff001025200000000040a0d6
:10584800253000004000a5274ba2400f252020024c
:105858004d0040107000a38f252040001000b7278e
:105868003ae6400f083865245000a2af259800009a
:105878009400b0af7400a28f252000003ae6400fd4
:105888000c384524259040007800a28f2520000080
:10589800f9fe4012103845243ae6400f0000000097
:1058a80025804000252040007000a28f04000012cf
:1058b8000838452420d1400f000000000a8002006b
:1058c8000400622aebff4010010073260000f2aecc
:1058d8000400f0aee7ff00100800f7263000a28fa2
:1058e8001000de370800dea69400a2af69ff0010a2
:1058f8002530800244ff95120800de960003c43765
:105908004000c2330800c4a625f08000dffc001068
:10591800259840023000a5277ed0400f3000a0af68
:10592800c4ff401002000424ab0044100000c2a7ca
:105938003000a28f0800de27fcffc2af010031262d
:10594800bcff0010ffff3132252000021000c28c7e
:1059580009f840002528200201000424d40044103e
:10596800feff44240200842c2f0080542400c49697
:105978000800c49600208530fbfea0500800058e64
:10598800f1fe00101000c48e5000b1af2598000041
:1059980048fe0010f1ff17241400042425f000002d
:1059a8005000a0af9400a0af7c81828f09f840001e
:1059b80000000000ad00401025384000000055ac44
:1059c800040054ac9400a28f1000f2ac0b00f1a0bc
:1059d800af0020160a00e2a00c00e0ac8000a28f05
:1059e8000c0047ae2528a0028a14410f2838442409
:1059f800a3004014080044968400a28f0020843439
:105a080014714224100042ae5000a28f001084345a
:105a1800080044a625f0e00287fd4010010011248b
:105a28007dfd00108081878f9081859701008424f7
:105a3800ffff84302b28a400cdffa0102400c4a6ab
:105a48008081878f0800e0500800c4961800e28c17
:105a5800c7ff4010038005340000268e09f8400077
:105a6800252000020800c49625100000c2ff00107f
:105a780000208530840d410f1400c4260c00519479
:105a8800252840002520600201003132750d410fa4
:105a98000400528c2ffe20520b00c4928081828f0a
:105aa800252840022520000241fe401025304000f4
:105ab8001400428c27fe40500b00c49209f84000a5
:105ac8000000000023fe00100b00c492feff4524d6
:105ad8000200a52ca8fea0100800c4a6004084342b
:105ae80003000524c2fc45100800c4a6a3fe00104c
:105af800010002240500222e520040109800b08fa9
:105b0800c0f01100a8ff00101400c427d9fcc51666
:105b180000000000d4fc00100000000013008214f4
:105b2800030002248e818293100040140300022493
:105b38004600048625300000ab80400f0200052493
:105b48000200422cabfc40146000a38f4600048680
:105b5800049d053c02000624d3e1400fd082a52411
:105b6800a4fc40106000a38f030002240b00c2a213
:105b78000800c29600404230560040140300022438
:105b88000a00c2a23400058ebafcc5160000000047
:105b9800b5fc00102528c0021400c78e2528a002d5
:105ba800252000022138fe007a9a400f1400c7ae63
:105bb8004400a58f58fea0148081878f2cfc00100c
:105bc8001800c0aef8ff022425a86002258800004e
:105bd80010fd00105000a2af0400d0af57ff001016
:105be8000800de278800a28f5000a48ff0374524d4
:105bf8008c00a28f006747249000a28f25b8e00090
:105c08008a14410f10675224090040102538e00219
:105c18001d00f252259800000800f7260000e58ec6
:105c28008a14410f5000a48ff9ff40142538e00270
:105c38002d00601625b84000259800009dfd001035
:105c4800efff17249400a28f3400042420001e24a0
:105c5800040042349400a2af5000a28f0400112423
:105c68000280423450ff00105000a2aff3ff02241c
:105c780025f0e00225880000e6fc00105000a2afe5
:105c880060ff0010251000008afd0010f0ff1724a7
:105c98001400e4240c00e4ac2530c0031000a52750
:105ca8007f14410f9400a7af4cff00109400a78ffa
:105cb8000800c4960020843422fe00100800c4a600
:105cc800018002345000a2af02000224c4fe00107a
:105cd8009400a2af0a00c0a266fc00103400058e32
:105ce80090ff00100b00c2a20500622a230040505a
:105cf800100013240300622a69004010c03013000a
:105d08001000a5271c00a4267f14410f9400a7affc
:105d18009400a78f5000a38f0400e28c0c00a3ae60
:105d28001000b4ae1400a2ae1800b3a61a00a0a6c4
:105d38002c00a0ae4000a68f2330d1004700c61328
:105d48007481848f0c00c58e010007242000828c8a
:105d580009f840002330de004000a38f1400c28ef3
:105d680023887100211051006afd00101400c2ae92
:105d78002588c00060fe00102598c00004801734f4
:105d8800020012247c81828f2520600209f84000dd
:105d98009400a7af254840003e0040109400a78f0c
:105da8001000aa8f1400a68f1c00a2261800a58f29
:105db8001c00a48f03004aa800004ab8070046a8a0
:105dc800040046b80b0045a8080045b80f0044a8d1
:105dd8000c0044b825306002252020012000a527aa
:105de8007f14410f9400a7af9400a78f2548400067
:105df8005000a38f0400e28c1000b4ae0c00a3aed8
:105e08001400a2ae020002241800a2a61a00b2a62c
:105e1800c8ffe0122c00a9ae26fd001001001324d3
:105e28004600048625300000ab80400f252820025c
:105e38002b105100effb40146000a38f460004862e
:105e480025302002d3e1400f1000a527e9fb4010c0
:105e58006000a38fdffd0010010002241400c28e31
:105e680021185e002bfd00101400c3ae76fde01073
:105e7800c400bf8f1800e28c74fd40500d0002244e
:105e88000c00c68e09f8400006800534f9fb0010a6
:105e98003400058e2598000006fd0010eeff17243b
:105ea800feff7226b7ff0010c098120066fbe014d0
:0c5eb800fdff11246efb00101800c0aeae
:020000040000fa
:020000041d00dd
:105ec40068ffbd270180023c1800a2af0180023c9c
:105ed4002000a2af049d023c4000a2af0080023c1f
:105ee4004400a2af049d023c4800a2af049d023cc2
:105ef4004c00a2af0180023c3800a2af0180023cfa
:105f04003c00a2af0180023c2400a2af0180023c0d
:105f14003400a2af0180023c1c00a2af049d023ced
:105f24002c00a2af0180023c7400b1af0180033c9d
:105f34000180113c3000a2af049d023c8800b6af42
:105f44008000b4af7800b2af7000b0af9400bfafc0
:105f54009000beaf8c00b7af8400b5af7c00b3af88
:105f640050ac762425800000009d123c3cd33126a1
:105f74000180143c2800a2af0000c28e0600432c0e
:105f840061006010ff00133280100200a05f4326fe
:105f94000a10627c08004000000000004c61009d73
:105fa4009c60009d6460009d3c60009db85f009d06
:105fb400c461009de3fe400f40a810001800a58fa7
:105fc40021a835022cd1a5240000a4868018100035
:105fd4002118a3001efd400f000062acb300401462
:105fe40025b84000a604410f0000a4867e0040149a
:105ff4002000a28f0000c0ae010010260a00022477
:10600400ddff02160400d6269400bf8f9000be8fd9
:106014008c00b78f8800b68f8400b58f8000b48f52
:106024007c00b38f7800b28f7400b18f7000b08f92
:106034000800e0039800bd2740981000219833021f
:10604400fa07410f00006486ebff40500000c0ae29
:106054001be5400f00006486e7ff00100000c0ae9f
:106064008cc98326600062905f0066904020100017
:106074000a21247e00120200253800002530460043
:10608400db96400f0100052420004050010010263b
:10609400d9ff00100000c0ae8cc983266000629056
:1060a4005f0065902530000000120200252845009d
:1060b4000100042453b5400f409810002198330286
:1060c400ffff03246b004310000062a61c00a38f93
:1060d400000705242520400064d467242800a38fea
:1060e4002138f0007006410fa488662400006486fd
:1060f4001000a627090005244497400f1000a0a310
:10610400020002240000c2ae010010260a0002248c
:1061140099ff02160400d6269400bf8f9000be8f0c
:106124008c00b78f8800b68f8400b58f8000b48f41
:106134007c00b38f7800b28f7400b18f7000b08f81
:106144000800e0039800bd27e3fe400f80a810007c
:106154001800a38f2cd1632421a875000000b38eee
:106164002502410f23985300801802002110620079
:106174002b9862028b0060122400a38f6001022618
:1061840080100200a4a66324211062000400438c42
:10619400010064300f008054040043908000647c4c
:1061a400840080104000637c040043908410037cce
:1061b400040043a003000224d3ff00100000c2ae79
:1061c40040201000d500410f0a21247e8aff0010d0
:1061d4000000c0ae0400037c040043a005000224b8
:1061e400c9ff00100000c2ae58d4438c8cc982266b
:1061f40061004290060063907fff62540000c0aecd
:106204002000a28f58d447240400e28c000042905e
:106214001100432cf4016010009d033c8010020027
:10622400346263240a10627c08004000000000000d
:10623400ec69009db068009dec69009db466009d0a
:10624400ec69009dd865009dd867009dec69009db0
:10625400ec69009dec69009dec69009dec69009d72
:10626400ec69009dec69009dec69009dec64009d67
:10627400d863009d1c00a28f3000b38f64d44624e1
:106284002c00a28f8a31d07c3cd064263d16410f6d
:10629400b4574524ff00453003000624b1a8400f3d
:1062a4003cd0642699ff0010010010263400a28f10
:1062b40080f1100021f0d00380f01e00849c47245c
:1062c40023f0d0032118fe002520600003010624da
:1062d400252800000116410f5000a7af25184000e3
:1062e4000401e22e020040145000a78f030117247a
:1062f4000000a486ffffe632252860005400a7af03
:10630400c591400f5000a3af5000a38f5400a78f36
:106314002000b78f01006490000066900700e2241b
:10632400002204000800e72458d4e526252086002e
:1063340021105e0021f0fe000800beac58d4e3ae8c
:10634400b377400f0400a2ac5000a38f58d4fe8e44
:10635400007a447c000062a0010064a00300c293a0
:106364000200c49300120200b377400f25204400ba
:1063740058d4f78e007a437c0300c3a30200c2a35f
:106384000500e2920400e49200120200b377400f89
:1063940025204400007a437c0400e2a211ff00108f
:1063a4000500e3a2e3fe400f0100102657ff001092
:1063b4000000a2ae55ff6050010010260400439077
:1063c4004408037c040043a0040002244eff001090
:1063d4000000c2ae0800f78c0200e2920300e392d0
:1063e4000012020021104300ffff49304060090001
:1063f400bd02222d86014010ff0083310400e29289
:1064040084014314252860020000e8920100e2920e
:106414000042080021400201ffff0831bc02022da6
:106424007701401021580901bd026229740140100e
:106434004000a28fffff6b31ffff6a25d46a42241c
:10644400ffff4a3114004424170003242b1868006a
:106454000500605404004224000043942b184301b7
:10646400c301601004004224f8ff825402004394e4
:106474004400a48f4800a58f251800002b686800ed
:1064840025100000746d8424040006240c00a0155b
:106494008074a5242b1843010a006054010042248f
:1064a400801802000a18837c0200632cf500601433
:1064b4002118820070196390f30060542400a28fa5
:1064c40001004224de014610401802002118a300f6
:1064d400000063942b686800faffa0550100422471
:1064e400edff00102b1843010800eb8c02006691ad
:1064f40003006291003206002130c200ffffc63063
:106504000700c33003006010c038c27c010042247d
:10651400ff0042305100c32c3e0160102528600268
:10652400040063913b0162140000000000006591c7
:1065340001006291002a05002128a200ffffa53076
:106544005000a22c2d0140102110a6005100422819
:106554002a0140104000a22c860140142400a28f7e
:106564003700c01005006b2501000d24a4a64324a8
:1065740008000e2400006c9125480000c24005006c
:10658400214068000700aa3078050f9104104d01de
:1065940007202c01271002000100843024104f0032
:1065a40004204401ffffc624251044000100a52453
:1065b400ffffc630780502a12100c010ffffa530ff
:1065c40001002925eeff2e15c2400500e9ff001049
:1065d40001006b250800e58c0000a2900100a39047
:1065e4000012020021104300ffff42305000432cf0
:1065f400020160104000432cc22002005c016014c0
:10660400070042300200a3900300a590001a030083
:1066140021186500ffff63307a0160502400a38fc6
:1066240000ff05346f0165102400a38f2528600244
:1066340003000424e8e5400f5000a7af5000a78fe3
:1066440025206002ecf8400f5000a7af0000a4869c
:10665400bf16410f252800000000a486bf16410f75
:10666400060005242000a28f0000a48658d4428c82
:10667400bf16410f060045905000a78f0000a48666
:106684000400e28cbf16410f000045905000a78f14
:106694000000a486040006241e6b400f0800e58c4d
:1066a40003fd400f0000a48653fe00100000c0ae9e
:1066b4000800e28c02005e900300439000005790b3
:1066c40000f21e000100429021f0c30300ba17003b
:1066d400ffffde3321b8e202bd02c22fcc0040101e
:1066e400fffff732bc02e22ec40040102110fe026c
:1066f400bd024228c20040502528600225206002c5
:1067040040981e005400a7afecf8400fff0073320e
:106714000000a48603006326022a0300bf16410f6b
:106724005000a3af5000a38f2400a28f0000a486c2
:10673400ff006530a4a64324bf16410f5000a3af49
:106744002000a28f0000a48658d4428cbf16410fab
:10675400060045905400a78f0000a4860400e28c34
:10676400bf16410f000045900000a4862528600252
:10677400bf16410f409817005000a38f1000c0139c
:1067840021987300ffffd727fffff7320100f72698
:1067940040b8170021b87702000065960000a4866f
:1067a40002007326bf16410f022a0500feff659200
:1067b400bf16410f0000a486f8ff775600006596c7
:1067c4000000a48603fd400f010010260bfe0010fc
:1067d4000000c0ae0800e58c0000b7900100a29054
:1067e40000ba170021b8e202fffff732bc02e22e22
:1067f400820040104000a28f17000324d46a422470
:10680400140044242b18770005006054040042242b
:10681400000043942b18e302d500601004004224c6
:10682400f8ff8254020043944400a48f4800a68fca
:1068340025180000746d8824251000000400042429
:106844000800e3128074c624010042247500441039
:10685400401802002118c30000006394fbffe356b4
:1068640001004224801802000a18037d0200632cf0
:10687400040060142118020170196390f3ff601082
:10688400010042242400a28f25286002040004246d
:10689400a4a643248005629002004234e8e5400f38
:1068a400800562a0d4fd00100000c0ae0800e28c98
:1068b40002005e90030043900000579000f21e0017
:1068c4000100429021f0c30300ba1700ffffde333a
:1068d40021b8e2025100c22f4d004010fffff732f1
:1068e4005000e22e450040102110fe0251004228c3
:1068f400430040102528600225206002ecf8400f78
:106904005000a7af0700c233c038d37f4201401004
:106914005000a78f0000a486bf16410f2528000051
:106924000000a48604006526bf16410fff00a530b1
:106934002000a28f0000a48658d4428cbf16410fb9
:10694400060045905000a78f0000a4860400e28c46
:10695400bf16410f000045900000a4860100652683
:10696400bf16410fff00a5302400a38f0000a486aa
:1069740025280000251000002598000006000010be
:10698400a4a6632401007326ffff73322b307e021a
:106994008100c0100100f726c330170021306600c3
:1069a4007805c6900700e732010048240730e60066
:1069b4000100c630041046002528450008000624be
:1069c400ff000231efff4614ff00a530bf16410f50
:1069d4005000a3af0000a486251000002528000065
:1069e400e8ff00105000a38f25286002e8e5400f5f
:1069f4000100042480fd00100000c0ae25286002c0
:106a0400e8e5400f020004247bfd00100000c0ae46
:106a140025286002e8e5400f0300042476fd0010f9
:106a24000000c0ae0200a2900300a4900d00e32e6b
:106a3400001202002110440029006010ffff4230c0
:106a44002d00e0162400a38f40201700a4a6632481
:106a540021206400000082a44c00a28f0c000424b6
:106a6400546442241c0045242b20970005008054c4
:106a740004004224000044942b20e4026a008010a5
:106a840004004224f8ffa254020044942520e002aa
:106a9400010005245400a7afd4b6400f5000a3afa3
:106aa4005000a38f0100022414046494f3008210a4
:106ab4005400a78f0cfee2260300422c4000401035
:106ac40009fee2263800a28f0100042450d3422498
:106ad400080043900400837cd9fe0010080043a002
:106ae4007100e32e1a006010d500e32e6500e32e3a
:106af400d5ff60142400a38f406017005400a7af93
:106b0400a4a6632421686c005000a3af3c00a38fab
:106b14000000a4950000a2a578ac6524216085013d
:106b240065aa400f000084a55000a38fcaff40143b
:106b34005400a78f000082952528600204000424d5
:106b4400e8e5400f0000a2a52bfd00100000c0ae38
:106b540017006014c900e32ed3fee3260c00632c57
:106b6400e5ff60142400a38fb8ff00104020170035
:106b74002400a28f2528600204000424a4a6432430
:106b84008005629001004234e8e5400f800562a070
:106b940019fd00100000c0ae0aff40100000000004
:106ba400bf16410f0000000006ff00100000a4867d
:106bb400a5ff60142400a38fd0ff001040601700cd
:106bc4000300422c9efe40103800a28f01000424d2
:106bd40050d342240c0043900400837c98fe0010a0
:106be4000c0043a0a4a663242118640078056590d2
:106bf40001000424041044002510450090fe0010f8
:106c0400780562a0a4a66324211864007805659021
:106c1400010004240410440027100200241045003d
:106c240087fe0010780562a05400a7af997f400f3b
:106c34005000a3af5000a38f94ff00105400a78fff
:106c44000d00022d200040507100022d230040153c
:106c54003c00a38fb6002011257000002400a28ff1
:106c6400a4a643240500e2262520000125b800003f
:106c740025f000000800001001000f2409fe8524ff
:106c84000300a52c0bb8e50101008424ffff843028
:106c9400820064110200422400004d9001005890cb
:106ca40040300400006a0d000cfe8524213066008b
:106cb4002168b8010300a52cf0ffa0100000cda4aa
:106cc400f1ff001001001e247f004010d500022daa
:106cd4006500422ddfff40143c00a38f40100800e4
:106ce4002530800178ac64242400a38f2120820005
:106cf4006800a7afa4a66324212862006400aaaf99
:106d04006000abaf5c00a9af5800a8af5400acafb3
:106d14007f14410f5000a3af5c00a98f01000e2423
:106d24005000a38f5400ac8f5800a88f6000ab8f25
:106d34006400aa8fcbff20156800a78f25f0000000
:106d440025b800006400a7af6000acaf5c00a3af3f
:106d54005800aaaf5400a9af65aa400f5000a8afcd
:106d64005000a88f5400a98f5800aa8f5c00a38fed
:106d74006000ac8f730040106400a78f25200001d1
:106d8400252820015c00a7af5800a3af5400aaaf88
:106d9400d4b6400f5000a8af4c00a28f0c000424be
:106da4005000a88f546442241c0045245400aa8f28
:106db4005800a38f5c00a78f2b2088000500805407
:106dc40004004224000044942b2044014800801015
:106dd40004004224f8ffa25402004494140464946e
:106de4000100022431008210010004240600c013b3
:106df4003800a28f0100042450d342240800439099
:106e04000400837c080043a00efee05225206002ab
:106e14006eff00103800a28f0000a4862528000011
:106e2400bf16410f5000a7af0000a48603006526db
:106e3400bf16410fff00a5302000a28f0000a486da
:106e440058d4428cbf16410f060045905000a78fbe
:106e54000000a4860400e28cbf16410f0000459098
:106e64000000a486bf16410f25286002bffec0178c
:106e74002400a38f53fe00100000a4860100042404
:106e84005000a7afcc1b410f140460a4cc1b410fce
:106e94000200042407ff00105000a78faaffc0556a
:106ea4006400a7afb6ff0010252000015000a7af73
:106eb400cc1b410f140460a4cc1b410f020004241a
:106ec400caff00105000a78f140040143901022d8e
:106ed4000d0040142400a28f2570000061ff2015ce
:106ee400a4a6432425f00000a4ff001025b8000048
:106ef4005400a7af997f400f5000a3af5000a38f59
:106f0400b6ff00105400a78f2d01422d73ff4010cf
:106f14003c00a38f4fff001000000000c900422d69
:106f24006eff40103c00a38f4aff001000000000d9
:106f34002400a28f25f0000025b800008fff001068
:106f4400a4a643243c00a28f4040080021206800ee
:106f540078ac45242128a8007f14410f25308001f6
:106f640025286002e8e5400f0400042422fc0010f8
:046f74000000c0aeab
:020000040000fa
:020000041d00dd
:106f780048000080180000000000000008d00080d1
:106f880032000000000000006000008002000000e5
:106f980000000000640000800600000000000000ff
:106fa80000d30080140000000000000050d30080cf
:106fb8001000000000000000540200800c000000d7
:106fc800010000004083039dd0ef039d60ef039d07
:106fd8006c00008008000000000000000000008035
:106fe8000800000001000000ffffffffffffffff98
:106ff80054d10080240000000000000064d200800a
:107008001c00000000000000740000800100000067
:1070180000000000600200a010080000040000004a
:107028000002109d0002109d00ff00ff00ff00fffe
:1070380000ff00ff00ff00ff00100000502800a024
:10704800100000000000000080d200801c0000003a
:1070580000000000902800a00004000000000000cc
:10706800750000800100000000000000780000802a
:107078000400000000000000902c00804001000087
:10708800010000008810049d0000000000000000be
:1070980000000000000000000000000000000000e8
:1070a80000000000000000000000000000000000d8
:1070b80000000000000000000000000000000000c8
:1070c80000000000000000000000000000000000b8
:1070d80000000000000000000000000000000000a8
:1070e8000000000000000000000000000000000098
:1070f8000000000000000000000000000000000088
:107108000000000000000000000000000000000077
:107118000000000000000000000000000000000067
:107128000000000000000000000000000000000057
:107138000000000000000000000000000000000047
:107148000000000000000000000000000000000037
:107158000000000000000000000000000000000027
:107168000000000000000000000000000000000017
:107178000000000000000000000000000000000007
:1071880000000000000000000000000000000000f7
:1071980000000000000000000000000000000000e7
:1071a80000000000000000000000000000000000d7
:1071b80000000000000000000000000000000000c7
:1071c8000000000084ce00806c0000000000000079
:1071d8007c000080080000000000000000cb008058
:1071e800ac000000000000008400008004000000e3
:1071f80000000000accb0080a800000000000000e8
:10720800f0ce00804800000000000000602800a0c8
:107218003000000000000000782e008028000000e8
:1072280004000000bb01030001d1010100014b0271
:1072380001000133020300017c02030001dd0303a6
:107248000001de03030001e003030001e103010084
:1072580001b3220100010000880000800400000042
:107268000000000078d10080240000000000000029
:107278008c000080010000000000000090000080e9
:1072880006000000000000009800008010000000c8
:107298000000000008000080060000000100000057
:1072a800ffffffffffff000038cf0080480000000d
:1072b80000000000a8000080050000000000000099
:1072c800ae0000800400000000000000b400008050
:1072d800280000000000000060d3008010000000bb
:1072e80000000000dc000080020000000000000038
:1072f800e0000080080000000000000010d40080ba
:107308000c0000000000000070d300801000000096
:1073180000000000e80000800a00000000000000f3
:1073280080d300801000000000000000f4000080fe
:107338000e00000000000000040100800c000000a6
:10734800000000001001008008000000000000009c
:1073580014d3008014000000000000001801008011
:107368000800000000000000f4cc0080900000003d
:1073780000000000f0c10080800200000000000052
:10738800200100800c0000000000000010000080b8
:107398000400000001000000ffffffffb8d20080da
:1073a8001800000000000000e4d100802000000068
:1073b800000000002c0100802000000000000000f8
:1073c800d0d2008018000000000000004c010080ae
:1073d800280000000000000004d200802000000007
:1073e80000000000740100800b0000000000000095
:1073f800800100800200000000000000840100807d
:1074080004000000000000001cd400800c000000f4
:107418000000000088010080080000000000000053
:1074280028d400800c0000000000000090010080bb
:10743800040000000000000034d400800c000000ac
:1074480000000000940100802000000000000000ff
:10745800d02e008014000000010000002838049d90
:107468001065019d1465019d1c65019d2065019da8
:10747800a4c60080680100000000000070c40080fd
:107488003402000000000000a00a00a06000000014
:1074980000000000b40100800800000000000000a7
:1074a80004d100802800000000000000f0b1008036
:1074b800000800000000000080cf008044000000a9
:1074c80000000000bc010080010000000000000076
:1074d800c001008004000000000000000cc800800b
:1074e800c000000000000000c40100800800000087
:1074f80000000000f0b90080000400000000000057
:10750800cc0100800a00000000000000f0bd0080ef
:10751800000400000000000040d4008018000000b3
:1075280000000000d80100800c00000000000000ee
:10753800101d00a00001000000000000f02700a0be
:107548004000000000000000101e00a00001000024
:1075580000000000b02700a040000000000000006c
:10756800e40100800100000000000000700a00a093
:107578001400000004000000ff000bff0003ff00e0
:1075880003000000302800a02000000000000000d8
:10759800101f00a0a000000000000000001b00a0b9
:1075a8001000000000000000e80100800200000058
:1075b80000000000a02e008018000000010000005c
:1075c800d8d000809cd20080e06e049d00000000ae
:1075d800101b00a000000000101b00a0000200000b
:1075e80000000000b01f00a000080000000000001c
:1075f800ea0100800100000000000000ec010080aa
:1076080008000000000000009cd200801c00000060
:1076180000000000d8d000802c000000000000000e
:10762800f4010080050000000000000054cc008038
:10763800a000000000000000e4910080a00a000003
:1076480000000000fc0100800800000000000000ad
:1076580028d300801400000000000000040200800d
:107668000800000000000000140000800200000074
:1076780004000000010001004cca0080b4000000b2
:1076880000000000c8cf008040000000000000009b
:107698000c0200800800000000000000c4cf008039
:1076a8000400000000000000900a00800c000000a8
:1076b80001000000f4010000d007000001000000f4
:1076c800b82e008018000000010000000100000032
:1076d80001000000000000004083039dd0ef039ddf
:1076e800820e010070d40080040000000000000039
:1076f80024d2008020000000000000009cd10080ff
:107708002400000000000000e8d2008018000000fb
:1077180000000000000b00a00010000000000000a6
:10772800e8860080fc0a00000000000016000080c7
:107738000200000001000000ffff000044d20080aa
:107748002000000000000000140200800c0000006f
:10775800000000003cd00080320000000000000063
:1077680078ac0080780500000000000058d4008044
:107778000c00000000000000849c00801e0a00002d
:10778800000000002cd1008028000000000000004c
:1077980064d400800a000000000000003cd3008090
:1077a8001400000000000000a4a60080d40500001a
:1077b8000000000090d3008050000000000000008e
:1077c80070d000803200000000000000e0d300808c
:1077d80010000000000000002002008003000000ec
:1077e80000000000240200800200000000000000e9
:1077f800f0d3008010000000000000002802008084
:107808000400000000000000746d0080741900007e
:1078180000000000180000800800000001000000bf
:10782800ffffffffffffffff2c02008008000000a2
:1078380000000000a4d0008032000000000000001a
:1078480034020080080000000000000020000080d2
:107858000100000001000000030000003c0200805d
:10786800040000000000000000d4008010000000a8
:10787800000000004002008002000000000000003c
:1078880044020080060000000000000084cd008053
:107898007e00000000000000ccc80080bf0000008f
:1078a8000000000004ce00807e0000000000000000
:1078b8008cc90080bf000000000000004c0200805e
:1078c8000600000000000000e42e0080903e00004a
:1078d80000000000d02d0080a8000000010000007a
:1078e800ac51039df0ee039db851039d2051049dba
:1078f800c451039d4c51049dcc51039d7851049d66
:10790800d451039df0cc039ddc51039db41c049d10
:10791800e851039d44f1019df451039da451049d38
:10792800f851039d04da019d0852039d503c029dc5
:107938001452039dd051049d2052039d081d049d9f
:107948002852039d2856019d3052039df008029d40
:107958003c52039dc850049d4452039df450049d1d
:107968004c52039d806e029d5852039d8800029dd3
:107978006052039df8ed029d6852039d7034019d8d
:107988007452039d5c1d049d400581bfe800000002
:107998000100000000140000381400003814000032
:1079a800381400003814000038140000381400009f
:1079b800381400003814000038140000381400008f
:1079c800381400003814000038140000381400007f
:1079d800381400003814000038140000381400006f
:1079e800381400003814000038140000381400005f
:1079f800381400003814000038140000381400004f
:107a0800381400003814000038140000381400003e
:107a1800381400003814000038140000381400002e
:107a2800381400003814000038140000381400001e
:107a3800381400003814000038140000381400000e
:107a480038140000381400003814000038140000fe
:107a580038140000381400003814000038140000ee
:107a680038140000381400003814000038140000de
:107a78003814000038140000381400002c0681bfa8
:107a88004c00000001000000381400003814000009
:107a980038140000381400003814000038140000ae
:107aa800381400003814000038140000381400009e
:107ab800381400003814000038140000381400008e
:107ac800381400003814000038140000381400007e
:107ad80038140000d80681bf18000000010000001b
:107ae800381400003814000038140000381400005e
:107af8003814000038140000f40681bf2400000088
:107b08000100000038140000381400003814000088
:107b180008140000101400001814000038140000a5
:107b280038140000381400001c0781bf180000003a
:107b38000100000038140000381400003814000058
:107b4800381400003814000038140000400781bfc2
:107b58005000000001000000381400003814000034
:107b680038140000381400003814000038140000dd
:107b780038140000381400003814000038140000cd
:107b880038140000381400003814000038140000bd
:107b980038140000201400002814000038140000d5
:107ba80038140000381400009c0781bf64000000ee
:107bb80001000000381400003814000030140000e0
:107bc800381400003814000038140000381400007d
:107bd800381400003814000038140000381400006d
:107be800381400003814000038140000381400005d
:107bf800381400003814000038140000381400004d
:107c0800381400003814000038140000381400003c
:107c180038140000381400000c0881bf1800000058
:107c28000100000038140000381400003814000067
:107c3800381400003814000038140000300881bfe0
:107c48000c00000001000000381400003814000087
:107c580038140000400881bf0c000000010000003b
:107c6800381400003814000038140000500881bf90
:107c7800040000000100000038140000580881bf0b
:107c8800140000000100000038140000381400003f
:107c9800381400003814000038140000740881bf3c
:107ca800180000000100000038140000381400001b
:107cb800381400003814000038140000381400008c
:107cc800940881bf0400000001000000381400007f
:107cd800240000802400000001000000ffffffffd7
:107ce800ffffffff01000000ffffffffffffffff97
:107cf80001000000ffffffffffffffff0100000082
:107d080074d4008008000000000000009c0a008075
:107d18000400000001000000010000007cd4008085
:107d28000400000000000000c0d100802400000012
:107d38000000000080d40080040000000000000063
:107d48000000000066666666666666666666666663
:107d580066666666666666666666666666666666bb
:107d680066666666666666666666666666666666ab
:020000040000fa
:020000041d00dd
:107d78000180023c28ffbd27a4a643240080023cc2
:107d8800b800b2af746d52240180023cd0d34224b3
:107d98006800a2af388282276400a2af0180023c4b
:107da8008cc942244400a2af049d023c4000a2af0b
:107db8000180023cf0d342245000a2af0180023c73
:107dc80090d342246000a2af0180023c50d34224e9
:107dd8005400a2af0180023c7000a2af0180023cb7
:107de8009000a2af0180023c5800a2af0080023c84
:107df8007400a2af0180023c9800a2af049d023c2f
:107e0800a400a2af0180023c6c00a2af049d023c1a
:107e18007c00a2af0080023c7800a2af049d023c27
:107e2800a000a2af049d023cc800b6afc000b4af2a
:107e3800bc00b3afb400b1afd400bfafd000beaf89
:107e4800cc00b7afc400b5afb000b0af5c00a3af13
:107e58004800b2af25b0600025a06000259800005a
:107e6800258800009c00a2af6800a28fc00c57268e
:107e7800e3fe400f218053004800a38f0000158eb9
:107e880023f043022502410f23a85500aaaa033c68
:107e9800abaa63341900430010100000421002001e
:107ea8002ba8a2024501a012000000006400a28fc6
:107eb80021a851000000a392010002245a01621077
:107ec8004080110078058392790584923803428ea8
:107ed80001002526318283a3308284a34800401004
:107ee8004c00a5af3003448e7400a28f4800a38fc6
:107ef8000021040021209e00846d422421104400aa
:107f08005800a88f211873000000448c0400468c88
:107f18000800458c0c00478c0000628cb0d31725f4
:107f2800b0d304ad0400e6ae0800e5aee1014010b0
:107f38000c00e7ae0100042414004454020003249a
:107f4800e3fe400fac00a3af9800a38f8028110078
:107f5800a0d36424212885000000a48ca800a5af24
:107f6800232044002502410f9400a4af9400a48f5d
:107f780040100200a800a58f2b2082005d01801010
:107f8800ac00a38f0000628c02000324620143103e
:107f98005800a28fe3fe400f000000005000a38f9e
:107fa8003803468e21187300bf01c010000062ac70
:107fb8003003458eeb51023c1f8542340100a52455
:107fc8001800a200c33f0500ffffc624380346aed1
:107fd80031828393308284931010000003110200d1
:107fe80023104700403002002130c200c030060094
:107ff8002110c200401002002310a200300342ae3c
:108008000000a2920400037c002a04000100423010
:10801800251043002118a2005000a58f790584a2dd
:10802800780582a221b8b3002c00c3a6e3fe400f56
:10803800318282a30000e38e231043002502410f02
:108048002000a2af4400a48f21181102c018030019
:1080580023187100211883007900649078006590d6
:108068004000a38f2800a2af2c00a0afc47461c445
:10807800001a040025186500000083442400a0affe
:1080880020008046030001462800a1d7a008a0468a
:108098002000a1d76008a046020002463e01014622
:1080a800aa0005457c00a28f6000a28f21801102e2
:1080b800c0801000e3fe400f21a853000000a38eeb
:1080c80023801102231043002502410f3000a2af84
:1080d8004400a38f4000a58f2180700064000392a4
:1080e80063000492c474a1c4001a03002518640034
:1080f800000083443800a2af2000804603000146f8
:108108003c00a0af3800a1d73400a0afa008a0461b
:108118003000a1d76008a046020002463e02014690
:108128008300094500000000e80f428e2900401432
:10813800358286935400a28f080043900c00459026
:10814800020063300200a53032828893348287931c
:108158004c00b18ffe000231010008350b100301fd
:10816800fe004330010048340b180501002a0300c3
:108178002130a6005c00a58f0012020021104700e4
:10818800040004241004a2a4328283a31204a6a427
:108198002c035226c800d6260200942632ff241645
:1081a80004007326d400bf8fd000be8fcc00b78fd9
:1081b800c800b68fc400b58fc000b48fbc00b38fa1
:1081c800b800b28fb400b18fb000b08f0800e003e0
:1081d800d800bd27e00f448e7800a38f5800a98fe0
:1081e80000310400347a632421f0de0021f07e009f
:1081f8000000c38f0400c78f0800c68f0c00c88f0b
:10820800b0d3252501001024b0d323ad0400a7acba
:108218000800a6ac550170100c00a8ac4001601015
:1082280002000624000166145400a38f0c00a290db
:108238009f014010000000006c00b08f9c00a28fce
:108248004c00a68f70d004263d16410f60e44524eb
:10825800ff00453070d00426b1a8400f253000003b
:108268001600d0960000c3960118023c0082100048
:10827800a000422401000424258002024401641065
:108288001000a0af090060540600c8967000a28fc5
:10829800020003241000a3a3e0d3422421105300ba
:1082a80003000324000043ac0600c8965400a38fc3
:1082b8000800c7960400c69640100800080065909c
:1082c80021104800c0100200801807008020060016
:1082d8002110480021186700212086008010020024
:1082e80040180300402004000200a5301200a4a793
:1082f8001400a2a79c01a0141600a3a75400a28fe3
:108308000c0045900200a5305d01a0141000a727bd
:10831800e80f428e358286935400a38f080063903d
:1083280089ff401002006330c4000010e00f448e43
:10833800e3fe400f000000004800a38f0000a2ae3b
:108348002118710078ff0010701960a0010026261e
:1083580044e445246c00a28f3d16410f70d044249c
:10836800ff0045306c00a28f25300000b1a8400ff7
:1083780070d044247000a28f0000a0a2e0d3432450
:108388004800a28f21187300000060ac2110530030
:10839800e3fe400f000040ac0000e2ae0000c0a6c3
:1083a8002800c0a62a00c0a62c00c0a62e00c0a681
:1083b800780580a23cff0010790580a2e3fe400ffb
:1083c800000000007000a38f01000424000002ae2a
:1083d800e0d363240a18737caa006450e80f448e23
:1083e800b2fe60100400632cb0fe60100200052489
:1083f800e80f438e320002241000a5afabfe6210d6
:108408001c00a4a31000a527b4e8400f2520e00213
:108418006400a28f21a851000000a3920100022449
:10842800a8fe621440801100e3fe400f9400a3af41
:108438009000a38f40801100c0d365242128b30089
:108448000000a48c4c00a5af231044002502410f66
:108458008000a2af4400a38f21201102c020040095
:108468002320910021206400760086907500879073
:108478004000a38f0022060025208700c47461c431
:10848800000084448800a2af200080460300014613
:108498008c00a0af8800a1d78400a0afa008a04698
:1084a8008000a1d76008a046020002463e000146af
:1084b80085fe024578058392e3fe400f0000000028
:1084c8004c00a58f9400a38fe80f468e3200042439
:1084d8000000a2ac1000a0af7afec4101c00a3a339
:1084e8001000a527b4e8400f2520e00276fe001012
:1084f80078058392a800a5afe3fe400f9400a3afd0
:10850800a800a58f9400a38f0000a2ac020002244b
:10851800000062ac5800a28f05000324b0d3428c3f
:10852800fe004310060003249afe43147000a28f35
:108538000700e5920900e692e0d347240600e3929b
:108548000800e2922138f3000000e88c002a0500b8
:10855800003206002128a3002130c20001000424b3
:10856800ffffa530ffffc6300400e3921501041198
:108578000500e292c2210300020009242800c5a6d2
:108588002a00c6a6040009112e00c4a60300092467
:1085980053010915000000000000c8963901045174
:1085a8000000e0acc22902004030040000290500a8
:1085b800c2200200308287932528a600c02104002b
:1085c800c2300300424002002528a4000400c6303f
:1085d80042180300402002002528a6000400843029
:1085e8000800663025180001020008312528a60079
:1085f8002000633040300200252004014418077c25
:10860800421002002518a3004000c630252087002c
:10861800080042302518660025108200318283a3a5
:108628005cfe0010308282a3358286930c00659030
:10863800080063900200a53002006330eb51073c4c
:10864800010084241f85e73418008700ffff4224b7
:10865800c3470400e80f42ae1038000003110700ba
:1086680023104800403802002138e200c0380700d3
:108678002110e2004010020023208200b2fe001008
:10868800e00f44ae320002241000a3af07fe8210b0
:108698001c00a3a31000a527b4e8400f2520e00282
:1086a8005cff00106400a28f3182839354fe001097
:1086b800308284930400022436fe821401000724c9
:1086c800000067ace3fe400f9400a3af9800a38faf
:1086d8008040110001000724a0d36424a400a38fc4
:1086e800214088000100262628e465246c00a38f19
:1086f800000002ad0000a7a23d16410f70d064240f
:108708006c00a38fff00453025300000b1a8400f52
:1087180070d064249400a38f1bfe00100000628cac
:108728005400a38f1600d0964018053c08006390ab
:1087380000821000a000a5240200633025800502f5
:108748001000a0af610060141400a0af5400a38f04
:108758000c006390020063306e0060141000b127b3
:1087680035828693b5ff0010252800000000c396c7
:108778000e0060145400a58f358286930800a390dc
:108788000c00a59002006330acff00100200a53079
:108798007000a28f1000a3a302000324e0d3422498
:1087a80021105300c0fe0010000043ac1600d09604
:1087b800a000a38f6c00b18f4c00a68f0012100090
:1087c8000118103c80e4652470d02426a0001026ef
:1087d8003d16410f25805000ff0045302530000030
:1087e800b1a8400f70d024260600c8960400c6968b
:1087f8005400a38f0800c796401008000800659031
:108808002110480080200600c010020080180700d0
:10881800212086004020040021104800211867000c
:1088280080100200401803001200a4a70200a5301f
:10883800050004241000a0a71400a2a71000a4a3f8
:108848008300a0141600a3a75400a28f0c00459023
:108858000200a5307200a014358286937000a28fa2
:10886800e0d34324211873000000648caafe80140e
:10887800e80f428e01000424a7fe0010000064ac3b
:1088880008000624252800020c04410f01000424d6
:1088980042004050358283935400a28f35828693dc
:1088a8000c004590e80f428e9bfe00100200a53098
:1088b800e3fe400f000000004800a38f0000a2aeb6
:1088c800218871005cfe0010701930a21000b127d9
:1088d8002538200208000624252800020c04410f30
:1088e80025200000070040145400a28f3482829390
:1088f800ff0043382b18030021104300348282a361
:108908005400a28f0c0045900200a53081fea050b3
:10891800e80f428edaff0010253820020400e392a7
:10892800308282938001657c822003000e004230f1
:1089380025104500c02104004228030025104400ea
:108948001000a53040200300251045002000843089
:10895800c018030025104400400063302510430070
:108968008cfd0010308282a31000a727080006247f
:10897800252800020c04410f2520000060fe401449
:108988005400a28f34828293ff0043382b180300cf
:108998002110430059fe0010348282a35400a28f94
:1089a800ff0066380c0045902b3006002118660041
:1089b800ff006630e80f428e358286a356fe00100f
:1089c8000200a530cccc043ccdcc84341900a400e2
:1089d8000400c89610200000c2200400232088004c
:1089e800040084240900842c09008010c22103009b
:1089f800eb51043c1f8584341900c4000600c89656
:108a0800102000004221040042000411c22103008a
:108a18002800c5a62a00c6a6e2fe00102e00c4a69d
:108a28001000a72708000624252800020c04410f7f
:108a3800010004242e004050358282935400a28ff6
:108a4800358286930c00459084ff00100200a53003
:108a58001000a72708000624252800020c04410f4f
:108a68002520000079ff40145400a28f348282939d
:108a7800ff0043382b1803002110430072ff001039
:108a8800348282a3cccc083ccdcc08351900a80090
:108a98000400c89610280000c22805002328a80052
:108aa800c3470500262805012328a8000500a52896
:108ab8000900a01001000524eb51053c1f85a534d1
:108ac8001900c5000600c6961028000042290500b6
:108ad800b4fec51001000524b2fe00100000e5ac8c
:108ae800e9ff0011cccc083caffe0010c2290200ff
:108af8005400a38fff0046382b3006000c00659009
:108b080021104600ff004630358286a353ff00102f
:108b18000200a5300000e0ac2800c5a62a00c6a6c1
:088b2800d8ff00102e00c4a6c6
:020000040000fa
:020000041d00dd
:108b300088fdbd272c02b3af2802b2af2402b1af2b
:108b40002510a0004402bfaf4002beaf3c02b7af49
:108b50003802b6af3402b5af3002b4af2002b0afc6
:108b60006802bcf76002baf75802b8f75002b6f7cd
:108b70004802b4f7258880002598c0002590e000c1
:108b80002528000030000324420043102e00032457
:108b900064004314251800003c00228e4c00238ef4
:108ba0002b18430048006010010043243c0023ae12
:108bb0000000429025a0000025a8000030000324fa
:108bc00046004310010003241000a0af25f0000070
:108bd00025b80000253800002580000025b00000e1
:108be000d0ff44240a00882c510000552e00082490
:108bf0002e00042450004410000000000aa0e302ec
:108c00000aa8e3007f02a01020004334650004247a
:108c10009e026414252020028c02a58fc56d400f92
:108c20001002a7af0e0040141002a78f0080043c72
:108c30000c006454211082028c02a38f7e0260100b
:108c4000252800004c00248e050080102518000007
:108c50003c00238effff63243c0023ae2518400018
:108c6000211082022b20540021a8a30225a040003d
:108c700021a895008802a0c71000a48f6500801469
:108c800021068046000080440000e0446e0200108f
:108c9000020038463c00228e4c00238e2b184300e5
:108ca00005006010010043243c0023ae0000429008
:108cb000b4ff00100100052442df400f25202002f0
:108cc000b0ff0010010005242520200242df400fe4
:108cd0001002a5afb7ff00101002a58f3c00228e36
:108ce0004c00238e2b1843000a006010010043241f
:108cf0003c0023ae00004290ffff84262b18940016
:108d0000ffffb52625a0800021a87500abff00104d
:108d10000100052442df400f25202002f7ff00104c
:108d2000ffff842625a00000a7ff001025a8000053
:108d30000d0048140100e8263400601401000324eb
:108d400025a0e00225a8e0003c00228e4c00248ee5
:108d50002b20440024008010010044243c0024ae59
:108d60009fff0010000042902b48170125b800011a
:108d70007d00082a150000112138270130004238f3
:108d80000bf0e2020700c012801010001000a527af
:108d90002128a2000000a58c0a00082402300571d9
:108da0002120c4001000a5272110a200000044ac1f
:108db0000100d62609000224e3ffc21601000524a3
:108dc00001001026e0ff001025b000003000042450
:108dd000ddff44100002a28f5c041e240100423417
:108de000d9ff00100002a2af252020021802a7af71
:108df0001402a3af42df400f1002a5af1802a78fe5
:108e00001402a38f76ff00101002a58f7dff0010c3
:108e10002e0002241300f416c21712001200f514db
:108e2000211052000f00a01ec21712000300a0164e
:108e30000a00822e0b004010c21712001f00622a87
:108e4000030040100610640206004014c21712000e
:108e500000008444251800000000e3448bff00104c
:108e60002100a046211052004310020023100200ee
:108e7000c31f02002a207500050080540180023cb7
:108e80000900a3162b105400070040100180023c7b
:108e90002200032480d443ac049d023c580940d4f2
:108ea0007aff001002c6204696ff4226c31f02002a
:108eb0002a20a302050080540180023c080075149a
:108ec0002b108202060040100180023c2200032485
:108ed00080d443ac049d023cf1ff0010600940d4f3
:108ee0000800c012801010001000a327211062009b
:108ef0000a0004240900c32a1e0060540000438ca9
:108f0000010010260900c22b3700401025b880024e
:108f10002af09e023400c0171200822a320040104c
:108f200009000224caff82121000a48f0900822abd
:108f30001400401000008444251800000000e344a1
:108f40000800022423a054002100a046049d023cf6
:108f5000020038466052422480a0140021a0820200
:108f60000000828e00088244210e8046b601001067
:108f7000030038460100d62602186470ddff001099
:108f8000000043acf7ff8226801802002310430044
:108f9000211053001f0043280300601006104400f6
:108fa00012004014ffff0326f6ff9426049d023ca6
:108fb0006052422480a0140021a082020000828e10
:108fc0002518000000008244a1008046000084446f
:108fd0000000e3442100a046020038469a01001038
:108fe0000210204625806000ffff0326801003004a
:108ff0001000a427211082000000428cf9ff4010cd
:10900000090011241a009102f401200210880000c6
:109010001c00201289000b3c010082060900312649
:109020000800022423105100049d033c6052632475
:1090300080100200211043000000468c9a3b073c40
:109040001000a5272518000025400000252000005d
:1090500000cae734530090540000a28c0500601051
:10906000801010001000a42721108200000043ace3
:109070000100102623b8f1020900f7262588000117
:1090800089000b3c9a3b143c9a3b0c3c25b00000f9
:1090900012000d245f706b2500ca943625a80000cd
:1090a00001ca8c351200e22a51004014ffff1e262f
:1090b0000700ed16801011001000a3272110620098
:1090c0000000428c2b104b004a0040147f00de331e
:1090d0008900043c2f0f053c9a3b063c12000824f3
:1090e0005f708424000aa5240100072409000924d4
:1090f00000cac634120030121000a32780101100dd
:10910000211062000000428c2b1844000c006014f7
:10911000000000000c004414010022267f004230b1
:1091200007000212801002001000a3272110620025
:109130000000428c2b104500040040101c00e32a64
:109140009300e812000000001c00e32a2510200113
:109150000b10e30004704700251840000778460014
:10916000ffffce2525102002255000006e00505430
:109170008060020009004011010002267f00423099
:109180007b005150ffff0226808010001000ab27ab
:109190002180700100000aae25804000d5ff00103c
:1091a00021b0c302010089241b004600f401c00065
:1091b0001210000021104300050088141050000018
:1091c00003004014000000007f002831f7fff7265d
:1091d0001a00e600f401c0000000a2ac2520200126
:1091e0000400a524121000009aff001002184a7013
:1091f0007f00de332548000080501e001000a227ab
:1092000021104a000000488cc210080040470800a6
:10921000217009012b40c801214002010300001503
:109220002b10cc01240040142510c0012520c001c2
:1092300025280001253080022538a0021c02aaaf93
:109240001802aeaf685a400f1402a8af1802ae8fd2
:109250001402a88f253080022538a0022520c001e5
:1092600025280001575b400f1002a2af8900033c84
:109270001002a98f1c02aa8f5f706b349a3b033ccb
:1092800012000d2401ca6c341000a32721506a007b
:10929000ffff03267f00633009007e14000042ad0b
:1092a0000900d153251820020a80c203ffffde27e0
:1092b000d1ff00107f00de33f3ff001025480000cf
:1092c000fbffd157ffffde2776ff2051e3ffd626b5
:1092d000ffff31267f0031320c001116ffff6224a0
:1092e0007f0042301000a427801002008028030075
:1092f00021108200212885000000a58c0000448cec
:109300002580600025208500000044ac80101100fd
:109310001000a327211062000900f726000049acc5
:1093200060ff0010e3ffd6261000ab2721586c0128
:1093300000006b8d06686b002150aa0105005114d6
:1093400001004d24040040551000a2277f00b131d8
:10935000f7fff7261000a22721604c0000008aad1d
:109360002450cb0102504f7180ff00107f00a231ca
:109370007f0042301000aa27801002002110420115
:1093800000004a8c01004a3584ff001000004aacfe
:1093900007003016010024267f009030ffff0226d0
:1093a000801002001000a32721106200000040acd2
:1093b0001000a22780281100212845000000a28c5f
:1093c0002518000000b080440000824400b0e04452
:1093d0000000e3447f0082302105a0460800021609
:1093e00000a53646010010267f001032ffff03263d
:1093f000801803001000a42721188300000060ac2f
:10940000801002001000a327211062000000448c8d
:1094100025280000049d023c00008444680942d4d1
:109420000000e5443500d5262100a04621a5024cc8
:1094300023a0b2022a1093026300401002c53446f2
:109440006400800601001e2425b8800200d08044fc
:109450003500e22a00d0e0441500401006d720462f
:10946000049d023c70095cd4690006242330d700b7
:10947000d0ef400f06e32046060320463819410f7f
:1094800086a3204606e32046350006242330d70075
:10949000d0ef400f86062046860320464619410f2e
:1094a00006a3204601a520460607204600d53446df
:1094b000020022267f0042301d0050101000a3271a
:1094c00080100200211062000000438ccd1d023c80
:1094d000006542242b206200400080100000000044
:1094e00004006014030031267f0031320500301281
:1094f00035000224049d023c780940d421c7804fe6
:1095000035000224231057000200422808004014ae
:10951000049d023c700958d406e320464619410fc9
:1095200086c32046320036460100034500e7384630
:109530002390120000a53c4623985302ffff6226a9
:1095400000f0b57e2aa8a2021a00a01681a63a460b
:109550003f19410f06d32046049d023c900942d496
:109560003e112046090004453400c2260200c01303
:1095700026a097022bf01400049d023c880940d4d9
:109580000100d62682d620463400c2260300732668
:109590002a985300050060520180023c0500c01368
:1095a00032e23646030009450180023c22000324d2
:1095b00080d443ac06d320464d19410f2530c0025c
:1095c000220000104402bf8f25b860029fff0010e8
:1095d00025f00000a2ff001025b800000400625032
:1095e00003003126049d023cc4ff0010800940d4d2
:1095f0007f003132fbff3016049d023cbfff00109c
:10960000880940d4090040040180023c4c00228ead
:1096100004004010000000003c00228effff4224a6
:109620003c0022ae93fda0140180023c16000324ee
:1096300080d443ac25280000a014410f252020022f
:10964000000080440000e0444402bf8f4002be8f0f
:109650003c02b78f3802b68f3402b58f3002b48f18
:109660002c02b38f2802b28f2402b18f2002b08f58
:109670006802bcd76002bad75802b8d75002b6d732
:109680004802b4d70800e0037802bd27dfff410499
:0c9690008802a0c779fd00101000a48f14
:020000040000fa
:020000041d00dd
:10969c007700839001000224c401621400000000d2
:1096ac00a8ffbd273c00b3af4c00938c4800b6af6d
:1096bc003800b2af3000b0af5400bfaf5000beaff7
:1096cc004c00b7af4400b5af4000b4af3400b1affd
:1096dc00258080002590a0001001601225b0c000ec
:1096ec002000628e080043300c01601408004234e4
:1096fc001000648e0100a330200062ae540060aef6
:10970c00480060ae6c0060ae600060ae000080ace3
:10971c005e0060100c0080a43e0002960100042440
:10972c00fe0052320442827c3e0002a63e000292af
:10973c0001000424030042300a0164143e0002a21a
:10974c001c00718e060042320c0023920439037cfb
:10975c00570040100c0023a2020057325d00e012ab
:10976c00030042324800048e02040224bf01801020
:10977c001c00a2a7c310410f000000000c00238e98
:10978c000c002492ecff42240019637c010063243a
:10979c000439647cffff42306c0002a60c0024a24a
:1097ac0077000492a010027c01000324b501831001
:1097bc001e00a2a75400028e460040140300423241
:1097cc0084fb400f0000000025a04000541c410ffa
:1097dc002c00a3af2217410f2800a2af2217410f74
:1097ec0025a840002c00a38f40291400c23e140071
:1097fc0025f04000401103002320b4002510e200a6
:10980c002b38a400232843002328a70082460400f9
:10981c0080390400801105002320e400251002018a
:10982c002b38e400232845002328a700c028050076
:10983c00c03804004227040021a0f400252885002c
:10984c002b3887022128a3002128e500821614005a
:10985c0080290500252845002800a68f80260500b4
:10986c0000c8947e2538000025209400822905002c
:10987c0000ac1500685a400fffffde3325a8be026e
:10988c0021a8a20212000010540015ae1c00718e0b
:10989c003e0002920c002392030042303e0002a2d2
:1098ac000439037c06004232abff40140c0023a2a7
:1098bc000800038e1000028e120162106a001596c9
:1098cc00640002963b014014000000000200573275
:1098dc0003004232a70040100200c23225a800004b
:1098ec0025a000000100d6320d00c012b880838f75
:1098fc00780000a2401103002310430080100200e6
:10990c00211043006210033cc0100200d34d6324ad
:10991c00190043001010000082110200500002ae2a
:10992c00e3fe400f000000005000048e3e00059640
:10993c005400038e21108200010004244408857c0d
:10994c00240002ae3e0005a6212074000c002292d9
:10995c0062000796600006965800058e0418027c7b
:10996c000c0022a2000027a6020026a6040023aeab
:10997c00080025ae0d0032a2100020ae10004232bd
:10998c00540004ae0a00e0121400142401004050ec
:10999c00080020ae740005960800a630cb00c0501d
:1099ac0001000324ffff6324040023ae18001424d9
:1099bc00010043320400601001000424740003967b
:1099cc008410837c740003a6060040501c00028e99
:1099dc0074000296010003240442627c740002a607
:1099ec001c00028e2000038e2b2043002600805486
:1099fc00231062001800048e1400058e23104300ff
:109a0c002318850023106200ffff42300e0022a6af
:109a1c0025202002fcf7400f660002a60c00228ec7
:109a2c000c002392010004240019427c05004224fe
:109a3c000439437c0c0023a277000292230044508b
:109a4c004000028e9500a012ffff02243800028e07
:109a5c008e004014dc050224e3fe400f340002aefd
:109a6c003400038eb880858fe803042402186570d7
:109a7c001b006400f4018000121800002110620029
:109a8c0082000010380002aeffff4224ffff42307c
:109a9c000e0022a625202002fcf7400f660002a62d
:109aac000c00228e0c002392010004240019427c2d
:109abc00050042240439437c0c0023a27700029257
:109acc00e0ff4414000000004000028e32004014fd
:109adc0000000000deffa0563800028effff0224bb
:109aec002000638e5400bf8f5000be8fc418037cbf
:109afc00200063ae4c00b78f4800b68f4400b58f82
:109b0c004000b48f3c00b38f3800b28f3400b18f5b
:109b1c003000b08f0800e0035800bd279004410fbf
:109b2c002520000283004010259840002000428c24
:109b3c004c00048e08004234200062ae6f0080108e
:109b4c007700039201004232f4fe40543e0002962c
:109b5c003e0002920100042403004230f8fe64101f
:109b6c003e0002a20c0002900439027c0c0002a000
:109b7c00340000005b004054790002923e001596c0
:109b8c000200b5327800a0560100d6325400038e84
:109b9c006eff001025206000def7400f252000022c
:109bac0038004010218895021000648e4800038e06
:109bbc004400068e0c0082944000058e1c00768eac
:109bcc0021108202380066ae3c0065ae400063aee8
:109bdc000c0082a41000c0a660006290010042300c
:109bec0019004014ffff3132252020020006022408
:109bfc001000a6af1400a5afb377400f1800a2a7b2
:109c0c00253000000c0005241000a427bb77400f62
:109c1c001a00a2a727100200ffff46302528800259
:109c2c00bb77400f2520c002273802000e01a0167a
:109c3c00ffffe7301000648e10008394c418037c7f
:109c4c00100083a41000c2a6850003928600029225
:109c5c00252060022000a7272530200206000524bd
:109c6c002100a3a32000a2a35075400f2200a0a3a3
:109c7c00000060ae211c410f252060028f004014b3
:109c8c000000000072ffa0563800028e770003928d
:109c9c000100022492ff6210ffff02245400bf8fc8
:109cac005000be8f4c00b78f4800b68f4400b58f64
:109cbc004000b48f3c00b38f3800b28f3400b18faa
:109ccc003000b08f0800e0035800bd270100842449
:109cdc00c418657c540004ae740005a634ff001053
:109cec00180014245400048e25a8000001004224fe
:109cfc00790002a215ff0010ffff832491ff0010d2
:109d0c004c0013ae3e00029600014230f0fe4010b3
:109d1c000200573264000296eefe401003004232fd
:109d2c00ecfea0120000000001005236e7fe00100d
:109d3c00ff0052325400bf8ffdff02245000be8f33
:109d4c004c00b78f4800b68f4400b58f4000b48fdd
:109d5c003c00b38f3800b28f3400b18f3000b08f1d
:109d6c000800e0035800bd270800c01600000000e2
:109d7c007800029205004010ffff42245000038e31
:109d8c00780002a242100300500002aee3fe400f26
:109d9c0025a800005000048e5400038e2110820070
:109dac00240002aee9fe0010252060000800e0034c
:109dbc00feff0224c81c410f0000000005004014e7
:109dcc000800048e6c0002962b18a2020b10a30242
:109ddc0025a840001000028e2b1844005a00601079
:109dec002538a00264000396232082002ba0830058
:109dfc000a20740025a080002b20a402700080543f
:109e0c003e000496ffff9532770005920100042472
:109e1c002100a4100000000021105400100002ae1c
:109e2c003e000296000142300700401025b8400267
:109e3c0005007410000000000300871200000000f1
:109e4c0001005736ff00f732a0fe80522590e00249
:109e5c00640002960800f236ff00523223105500bf
:109e6c00640002a69ffe00100200f732def7400fde
:109e7c002520000274004050770003923dfe001034
:109e8c004800048e1c00a38f14002226170023aa5e
:109e9c0048fe0010000043b870004010480060ae4f
:109eac001000658e48006426560075a6540075a6f1
:109ebc00500062aed8ff00100000a4ac0500a05208
:109ecc00040052323800028e7a004010dc05022465
:109edc0004005232100040125400bf8f7c00088ed8
:109eec000e000011251000007a0003960800633064
:109efc006cff60105000be8f8000078e4800058eee
:109f0c003c0004860800062409f800012800a2afd2
:109f1c0062ff00102800a28f251000005000be8f99
:109f2c004c00b78f4800b68f4400b58f4000b48ffb
:109f3c003c00b38f3800b28f3400b18f3000b08f3b
:109f4c000800e0035800bd270400068e0000088eb0
:109f5c00640003962328c20021208500232088005a
:109f6c002ba083000a20740025a080002b20a402c3
:109f7c00250080543e000496ffff95322b2085026d
:109f8c00140080542528a00223208502470080104d
:109f9c000100092477000a922000491100000000fa
:109fac00211054002b2046009dff8014100002ae9f
:109fbc002330c8002310460099ff0010100002ae99
:109fcc000100052425a0a002c439a47c8eff00103a
:109fdc003e0004a67700099201000424f1ff2455e9
:109fec00211054002a004010480060ae1000698e09
:109ffc0048006426560065a6540065a6500062ae63
:10a00c00e7ff0010000024ad0100092425a0a002e8
:10a01c00c439247dd9ff00103e0004a62100001194
:10a02c00ffff8430600069266e0064a66c0064a695
:10a03c00680068ae480069ae180040101000698ec8
:10a04c00ebff0010ffffa53001000224a4fe6210fc
:10a05c00fcff022412ff00105400bf8f1000648e0e
:10a06c006dff0010000080ac1000638e5000658ef8
:10a07c002530a002100062942520600208004234b2
:10a08c0061af400f100062a4effe00101000c2a6da
:10a09c001000648ec2ff0010000080acc0ff0010e6
:10a0ac00000020ade4ff0010480060aec9ff0010b6
:10a0bc00ffffa530e3fe400f340002ae3400058ee6
:10a0cc00b880838fe8030424021865701b006400b9
:10a0dc00f401800012180000211062007cff0010b7
:04a0ec00380002ae88
:020000040000fa
:020000041d00dd
:10a0f00098ffbd274400b1af0180113ce4d1222676
:10a100006400bfaf6000beaf5c00b7af5800b6af31
:10a110005400b5af5000b4af4c00b3af4800b2af7d
:10a12000b30044144000b0af2c81838fffff622442
:10a130000200422cae0040105081908fa00000120f
:10a1400001000224b60062102080928fe4d1229692
:10a1500095014010259000004c00028e3500401003
:10a16000252040004400028e1800428c09f840006f
:10a170000000000042000296004042302e004010d5
:10a18000e4d122964400028e1400428c09f840006b
:10a190004c00048e020140040200032426004314f4
:10a1a000e4d122964400028e5000048edc05032484
:10a1b0004000428c1000a5272000a3af1000a0afe4
:10a1c0001400a0af1800a0af1c00a0af2400a0afe7
:10a1d0002800a0af09f840002c00a0af1000a28f0b
:10a1e000408005243f0002aa3c0002ba1400a39359
:10a1f00042000296400003a21500a393410003a26f
:10a200001800a38f2b180300446b627c420002a647
:10a210002800a38f2000a48fbf3f4230600003a21c
:10a220002400a38f251045005e0004a6610003a250
:10a23000420002a6e4d12296010052262a184202c8
:10a24000c5ff60146c0010262c81848f010003244c
:10a25000a3008310000000004c81828f5e0140103b
:10a26000000000004481828f0600401400000000be
:10a270004881828f3081838f251043005d0040101c
:10a280006400bf8f4481828f57014014000000009a
:10a290004881838f5081908fe4d122963e016010d7
:10a2a00025900000488180af1602401025a80000cc
:10a2b0000d0000100180143c0020423006004010c8
:10a2c000e4d122964400028e3800428c09f8400006
:10a2d0005000048ee4d122960100b5262a10a20275
:10a2e000c50040106c00102642000296400042302b
:10a2f000f9ff4010e4d122964400028e5000048ef3
:10a300005400428c09f840005a0013960e1d410f6c
:10a31000259862025a000496ffff7632271816002d
:10a32000241864005a0003a6101d410f2520400088
:10a330004400028e5c0003965000048e5000428c54
:10a3400025b0c302252860025c0016a609f840006b
:10a3500016007332d8ff6052420002964400028e0b
:10a360005000048e252800003400428c09f840007b
:10a3700025300000252840000c00401000cd842628
:10a38000750d410f280050ac4400028e5000048e21
:10a39000252800003400428c09f8400025300000d8
:10a3a00025284000f6ff401400cd84263c81828f92
:10a3b000010042243c8182afbfff001042000296a0
:10a3c0002881828f09f840001000a4270900401c52
:10a3d0006400bf8f060040542c8180af1000a48f12
:10a3e000030080502c8180af9f37400f0000000099
:10a3f0006400bf8f6000be8f5c00b78f5800b68fbf
:10a400005400b58f5000b48f4c00b38f4800b28f0a
:10a410004400b18f4000b08f0800e0036800bd2702
:10a42000ffff02244aff4216e4d12296049d063c17
:10a430000c2ac62425280000e419410f0500042435
:10a4400095015210208082af2502410f0180103cff
:10a4500080200200212082006210053ce703842452
:10a46000d34da524190085000180123c10c203269b
:10a4700070c45226102000008229040040210500eb
:10a48000232085008020040021208500c0200400b6
:10a490001b008200f401400012200000388184afcc
:10a4a000040000102036047c100063248e0172101a
:10a4b0004c0182240000628cfcff40501000632499
:10a4c0000a006284f9ff4050100063242b284400e6
:10a4d0000b10c5000c0062a4f3ff00100a0062a478
:10a4e000b50040105081928f252840022580000041
:10a4f0002518000000040924010008244200a49447
:10a50000000c86301f00c91004386800258007023f
:10a5100001006324f9ff43146c00a5240100032407
:10a5200004104300ffff4224a4005050039d053c4b
:10a53000e4d1229607004014259800001d01001068
:10a54000ffff0224e4d122962a1062021801401073
:10a550006c0052264000428e4040033c24104300d1
:10a56000f8ff40100100732625284002030007244d
:10a57000040006242bd2400fe4d12426f2ff001061
:10a58000e4d122962036047c99ffc1044000843037
:10a59000e0ff805001006324ddff001025800702ea
:10a5a0002528000203000724040006242bd2400fb4
:10a5b000e4d1242642000296010003240100522621
:10a5c000c47b627c420002a6e4d122962a18420291
:10a5d000e1fe60146c0010261cff00102c81848f9b
:10a5e0004881828fa30040100180103c488180afd9
:10a5f000010012240180143c049d023c3000a2aff3
:10a60000049d023c0180133c3400a2af049d023c37
:10a6100025800000f0c173260180153c3800a2aff0
:10a62000840d410f00cd84261400401025f0400019
:10a630001400c28fb377400f0c0044940608042422
:10a64000e90044503000a28f000804240401445063
:10a650003400a28fffff04340b01441001000624d4
:10a660002520c0037d01410ff3ff0524840d410f18
:10a6700000cd8426eeff401425f040000e1d410f52
:10a680000000000018006396252040000400037cb1
:10a69000101d410f180063a6e4d122961600401049
:10a6a0005081908f25980000420002964000423071
:10a6b0000d004010010073265c00029686064330b0
:10a6c00005006050620003924081838f0100632483
:10a6d000408183af62000392020064302400801442
:10a6e000252060005c0000a6e4d122962a106202b8
:10a6f000edff40146c0010265e0040560180103cb7
:10a700000180123c0180103c10c2102670c45226f9
:10a710000000028e0800039605004010100010266d
:10a72000030060100000000009f840000000000075
:10a73000f8ff12560000028e3081828f2dff4010ec
:10a740006400bf8f0180023c04c2428c29ff40108c
:10a750000180043c25380000000106240100052486
:10a7600009f8400000c2842422ff00106400bf8f5b
:10a770000010453404006330000842344408047c6f
:10a78000620004a20b284300d3c4400f252000021e
:10a79000d5ff00105c0000a6c3ff405425980000c0
:10a7a000d8ff00100180123c2c81838f010002240d
:10a7b000aafe62544c81828f039d053c0200022454
:10a7c000c033a5242520000048f1400f2c8182af22
:10a7d000a2fe00104c81828f2b00410f0000000070
:10a7e000a0fe001000000000448180af541c410f07
:10a7f0000000000084fb400f258040002520400021
:10a8000025300002253800002528600025904000f2
:10a81000685a400f259860006210063cd34dc6244c
:10a8200019000602248182af25380000252040024d
:10a830002528600210300000685a400f823106005f
:10a84000208182af3881838f3481828f231043002f
:10a8500037004018348182af4881838f5081908fb8
:10a8600051006014e4d122968eff4014010012249e
:10a870000180103c10c210260180123c0180133c64
:10a880002588000270c4522605000010f0c173260e
:10a890000c0024a6100031261c003212000000001b
:10a8a0000000228efcff4050100031260a00238653
:10a8b000f8ff60103881848f0c002296231044002a
:10a8c000ffff42302026027cf1ff801c2110430054
:10a8d000080023960400288e2328330202006334e4
:10a8e0002520200225380000020006240329050047
:10a8f0000c0022a6e7ff0011080023a609f80001ba
:10a9000010003126e4ff0010000000000e1d410f72
:10a910000000000008006396252040004408037ce6
:10a92000101d410f080063a67aff00100000028e80
:10a93000e4d123964d014224348182af28ff601078
:10a940005081908f259000004200029640004230d6
:10a950000e004010010052264400028e2400428c5a
:10a9600009f840005000048e6200049201000524a2
:10a97000251880004408a37c8410437c01008430a7
:10a98000020044100400437c620003a2e4d122963a
:10a990002a184202ecff60146c0010264881838f55
:10a9a000b1ff60105081908f3efe00100100122414
:10a9b000ffff0224001d410f2c8182af8dfe40500d
:10a9c0006400bf8ffe1c410f00000000039d053c8a
:10a9d00025300002f033a524bbde400f25204000c7
:10a9e00084fe00106400bf8f0100162418000424a8
:10a9f0000100083c105f57242000c28ff4cca92628
:10aa00002528c00304ac027c251048002000c2affa
:10aa1000750d410f212024012410160200ff40145f
:10aa2000000000000200e5962580160200290500be
:10aa300021206502080082940400838c01004234c6
:10aa4000f7fe6010080082a42538000001000624eb
:10aa500009f8600002290500f1fe00100000000066
:10aa6000185f5724010002240200e5960100062425
:10aa70000400e88e4020050021208500802004008d
:10aa8000ddff001004b046003800a28f205f57247d
:10aa9000f5ff001002000224001d410f000000001d
:10aaa0001a0040140000000011c6400f0000000012
:10aab000ffff0224001d410f2c8182af4dfe40504c
:10aac0006400bf8ffe1c410f00000000039d053c89
:10aad000ffff06248033a524bbde400f2520400065
:10aae00044fe00106400bf8f1b004400f40180008e
:10aaf0005081908f121000000220447093fd0010ce
:10ab0000348184afbcfe00100180143cfe1c410f58
:10ab100000000000039d053c050006245033a524d9
:10ab2000bbde400f25204000dfff001000000000ca
:020000040000fa
:020000041d00dd
:10ab3000000080440300a22c750240100000e04495
:10ab4000049d023c5c52422480ffbd272110a200dc
:10ab50005400b7af00005780049d023c4028050018
:10ab6000545242242128a2004800b4af0000b4840b
:10ab70004400b3af3800b0af5c00bfaf5800beaf09
:10ab80005000b6af4c00b5af4000b2af3c00b1af23
:10ab90007000b8f76800b6f76000b4f72598c000f9
:10aba000258080003c00028e4c00038e2b18430051
:10abb00036006010010043243c0003ae00005690b4
:10abc00020000224f7ffc212f7ffc2260500422c24
:10abd000f4ff40142b0002240500c21225100000cf
:10abe0002d0002240b00c2160100122402000224d0
:10abf00001001224239042024c00038e3c00028e7e
:10ac00002b18430025006010010043243c0003aed4
:10ac100000005690049d153c25880000606fb52605
:10ac20002118b102000063802000c2361f004310cb
:10ac300003000224050022120400222e40004014ca
:10ac400000000000e40060524c00028e4c00038eb5
:10ac500004006010000000003c00028effff422450
:10ac60003c0002ae1f006012030004241e002412e8
:10ac7000ffff0224fdff6010ffff31263c00028e23
:10ac8000ffff4224f9ff00103c0002ae42df400ffc
:10ac900025200002caff001025b0400042df400f0f
:10aca00025200002dbff001025b040000700022431
:10acb00009002252010031263c00028e4c00038e16
:10acc0002b1843001a006010010043243c0003ae1f
:10acd000000056900100312608000224d1ff221600
:10ace0002118b102ffff0224fe014212049d023c22
:10acf000a80940d45c00bf8f5800be8f5400b78fa6
:10ad00005000b68f4c00b58f4800b48f4400b38f0d
:10ad10004000b28f3c00b18f3800b08f7000b8d7c0
:10ad20006800b6d76000b4d70800e0038000bd27f4
:10ad300042df400f25200002e6ff001025b0400052
:10ad4000a4002016049d153c6c6fb5262118b10295
:10ad5000000063802000c23640004310020002243d
:10ad60009c00201630000224d501c21625a8e0025e
:10ad70003c00028e4c00038e2b1843009c00601098
:10ad800000000000010043243c0003ae000042909c
:10ad90002000423478000424c40144144c00038e83
:10ada0003c00028e2b1843009500601001004324e4
:10adb0003c0003ae00004290254000003000032418
:10adc000930043102e0003249e00431025f0000042
:10add000253000002538000000b08044049d163c5a
:10ade00000b0e0447009d8d606b52046251800000a
:10adf0002528000025480000d0ff4a240a00442de1
:10ae0000b6008014200044349fff84240600842c64
:10ae1000b20080142e000424b3004410000000008f
:10ae2000fb0000550af067004c00028eb001401094
:10ae300000000000ef0060123c00028e0200e054af
:10ae4000fdff4224feff42243c0002ae000092447b
:10ae500021008046a7ff001002003446090022525c
:10ae6000010031263c00028e4c00038e2b1843005b
:10ae700010006010010043243c0003ae0000569017
:10ae80000100312603000224b1ff22162118b1026d
:10ae90003c00038e4c00028e2b10620009004054cf
:10aea0000100622442df400f25200002080000104c
:10aeb0002800423842df400f25200002f0ff00103a
:10aec00025b040003c0002ae0000629028004238ed
:10aed0002b1002000a004010010011244c00028ec9
:10aee000040040543c00028e049d023c81ff00108f
:10aef000a00940d4ffff4224fbff00103c0002ae3b
:10af00003c00028e4c00038e2b1843001100601091
:10af100000000000010043243c0003ae000042900a
:10af2000d0ff43240a00632c080060142518400059
:10af30004429037cbfff63241a00632c03006014c0
:10af40005f0003240700431429000324ecff0010d2
:10af50000100312642df400f25200002f1ff0010e2
:10af6000d0ff4324e1ff4310049d023c4c00038ebc
:10af700004006010000000003c00028effff42242d
:10af80003c0002ae0f006016000000000180023c91
:10af90001600032480d443ac25280000a014410fe0
:10afa000252000020000804452ff00100000e04411
:10afb00004006010ffff31263c00028effff422498
:10afc0003c0002aefaff2016049d023c49ff00102f
:10afd000a00940d44c00028eedff40100180023cdd
:10afe0003c00028effff4224e8ff00103c0002ae4e
:10aff00042df400f2520000266ff0010200042348f
:10b0000042df400f252000026cff001025400000a9
:10b010003c00028e4c00038e2b184300050060108c
:10b02000010043243c0003ae0000429063ff001087
:10b030000100082442df400f252000025fff0010be
:10b04000010008243c00028e4c00038e2b184300a4
:10b050000a006010010043243c0003ae000042904f
:10b0600025f00000253000003000032408004310c4
:10b070000100072459ff001000b080442520000281
:10b0800042df400f1800a8aff5ff00101800a88f8e
:10b090003c00028e4c00038e2b1843000a00601007
:10b0a000010043243c0003ae00004290ffffc42790
:10b0b0002b189e00ffffc62425f08000213066007b
:10b0c000e9ff0010010008242520000242df400fa4
:10b0d0001800a6aff5ff00101800a68f2e0004245c
:10b0e000110044143a0044280501e0142550600082
:10b0f0002558a000010007243c00028e4c00048e5d
:10b100002b2044002a008010010044243c0004ae9f
:10b110000000429025f060002530a0002518400175
:10b1200035ff001025286001020080142000423401
:10b13000a9ff4a241600a01c000000000300a01470
:10b140000800622c0a0040100e00622c00891100d9
:10b150002188510101006a242b1843012158650000
:10b16000010008242518c003e3ff00102528c000b3
:10b1700007004010049d023cb00940d402c620469e
:10b1800000008a4421008046f2ff0010a105d84e3d
:10b19000f1ff401101006a24efff2015049d023cdd
:10b1a000880940d401000924ebff0010a1c5c04e5e
:10b1b000252000023000abaf2c00aaaf2800a5afbd
:10b1c0002400a3af2000a8af1c00a9af42df400fae
:10b1d0001800a7af3000ab8f2c00aa8f2800a58fd6
:10b1e0002400a38f2000a88f1c00a98fc9ff001086
:10b1f0001800a78fffff42243c0002ae2528000064
:10b20000a014410f2520000211ff001000009244fd
:10b210000a30a7000600a05c200042341600a014eb
:10b220000800642c150080140100642420004234be
:10b23000700003243a0043142528600225200002f0
:10b24000c56d400f1800a6af140040141800a68f5b
:10b250000080043c11006414000000004fff6012e5
:10b26000252800004c00038e090060543c00038e2a
:10b270000900001025100000010064242b38830011
:10b280000089110025188000e2ff00102128e50048
:10b29000ffff63243c0003ae25180000ebfe2012e4
:10b2a000f8ffc4272bf09e00ffffc62421f0c60341
:10b2b000822f040080f01e008020040025f0be00d4
:10b2c000211082002b2044002118c30323281400de
:10b2d00021188300c32705002a38830025804000f9
:10b2e0000500e01425306000140064142b28a2002f
:10b2f0001300a01096ff84260180023c2200032444
:10b3000080d443ac049d023c00009244580942d4ce
:10b31000210080460200224676fe001002002246ee
:10b320004c00028edcff4050251000003c00028ed5
:10b33000ffff4224ceff00103c0002ae96ff8426a1
:10b34000c32f04002a3865000500e0540180023c48
:10b350005200a3142b204400500080100180023cb6
:10b36000220003240000924480d443ac049d023c9c
:10b3700021008046e7ff0010600942d43e003646b7
:10b38000440000454088110001b1224601003126e9
:10b3900080b52446ffff04262b109000ffffc32436
:10b3a0002580800021304300f4ff21062000042680
:10b3b0002b1090002118460023289400c317140076
:10b3c000231062002b208500c33f17002310440088
:10b3d000000092442a1847000500601421068046a8
:10b3e0000700e2142bb8b7000600e05200008044ca
:10b3f00023a01402200095260500a20625a800001f
:10b40000000080443500a22a120040100000e044f1
:10b410007009ccd654000624d0ef400f2330d5005d
:10b420000603204686c320463819410f2000b52a5e
:10b430000800a01232b13446060005450100223250
:10b44000050040140008914400b0804401003126fa
:10b4500000b0e04400089144251800000008e344cf
:10b46000210ba0462163184c21c3964d0163204651
:10b4700032623446030008450180023c2200032466
:10b4800080d443ac4d19410f253000021afe001044
:10b490005c00bf8fbfff001080b53646049d023ca4
:10b4a000880940d4c0ff00107009c2d60500605062
:10b4b0001400b3af3c00028effff42243c0002aefa
:10b4c0001400b3af1000b2af253880022530e0027f
:10b4d0002528c002cc22400f2520000206fe0010c5
:10b4e0005c00bf8f049d023c02fe0010980940d40e
:10b4f00057fe60560000924441ff001025280000ce
:10b5000044ff00152e00022448fe00104c00028e5d
:08b510000800e0030000000048
:020000040000fa
:020000041d00dd
:10b51800d081828fa0febd275c01bfaf5801beafae
:10b528005401b7af5001b6af4c01b5af4801b4af45
:10b538004401b3af4001b2af3c01b1af8700401442
:10b548003801b0afdc819e8f7b00c013d581869314
:10b55800049d023ce400a2af039d023ce000a2afc0
:10b56800039d023c0001a2af049d023c0401a2af6e
:10b57800049d023c0801a2af0180023c1001a2af69
:10b588000180023cfc00a2af039d023c2c01a2af4b
:10b59800039d023c0c01a2af039d023cf800a2af40
:10b5a800049d023c1401a2af039d023c1801a2af06
:10b5b800039d023c2801a2af039d023c1c01a2afdf
:10b5c800039d023c2001a2af039d023c2401a2afcf
:10b5d800039d023c1cda4224e800a2af049d023c11
:10b5e800ec00a2af049d023c11000010f000a2afd5
:10b5f800208e117c2110c20303000324120052a0e4
:10b608008f0023121000d1a70300222a06004054fd
:10b618000800de8f0c00d08f0800028ea000225296
:10b628000000058e0800de8f4d00c0135c01bf8f3f
:10b638000000d18f0400d08f0c00228e09f8400042
:10b6480025200002f8ff40500800de8f1000228eef
:10b6580009f8400025200002259040001000c2870c
:10b66800e3ff4054010051240d00022448004252d7
:10b678001c00c38f0a000224450042521c00c38fdd
:10b6880008000224c30042127f000224f100421283
:10b698001b000224540142122000d3271c00c28f31
:10b6a80023185300500063280a0160101801a38f63
:10b6b8001800c78f233847001000e0507200c0a35d
:10b6c80023204700ffff4390ffff4224fdff44145f
:10b6d800010043a01c00c28f2801a38f7200c42759
:10b6e80010db6524010043241c00c3af010040a007
:10b6f8001800c68f3d16410f0100c6247100d2a361
:10b708000000228e7100c52709f84000252000029c
:10b718001800c28f000052a01800c28f1c00c38fef
:10b72800010042242b186200beff60101800c2af4f
:10b73800bcff00101c00c2af049d043cd5818527c6
:10b7480037d6400fac6a84243a014010cc818293ea
:10b75800dc819e8f7fffc017049d023c5c01bf8f78
:10b76800010002245801be8f5401b78f5001b68fd3
:10b778004c01b58f4801b48f4401b38f4001b28f9b
:10b788003c01b18f3801b08f0800e0036001bd278c
:10b798002000d2270e0172100000228ee400a38f31
:10b7a8002520000209f8400030b565241c00c28f2e
:10b7b8005100062425284002000040a00400d38f31
:10b7c8001800d2af1c00d2af6c00a427c000a0aff5
:10b7d800c400a0afc800a0afcc00a0afd000a0affd
:10b7e800d400a0afd800a0afdc00a0af1f16410f57
:10b7f800f400b3af08000624c000a5273ab6400fee
:10b808006c00a4273000401425a840000000c28f17
:10b81800f800a38f252060020000428c09f8400040
:10b828004cda6524e000a38f0000228e2520000258
:10b8380009f84000ecda65247bff00100800de8f71
:10b84800ec00a28fe800a58f1200d227e42a50242a
:10b85800f000a28f1500c0a3030006242520400293
:10b86800ef0a410f2c2b53240a0040500800028e87
:10b878000c00102612001312030006240000058e87
:10b88800ef0a410f25204002faff40540c00102611
:10b898000800028e63ff22160c00d0af0000058e50
:10b8a8008a14410f1200c4275eff40541000c0a73d
:10b8b8000400028e2528000209f840002520c00354
:10b8c80058ff00101000c0a75b0040580000c28f4e
:10b8d800cc00c28fd000d38f8b005350cc00c0afa8
:10b8e8000400638ed000c3af000062ac040043ac18
:10b8f80051000624252840021f16410f080064261f
:10b90800cc00c28fbc004050cc00d3af000062ae68
:10b91800d000c38f040063ae000073ac040053acc6
:10b92800cc00d3af0001a28fc000b48fd400c0af49
:10b9380020da45240401a28f25208002b05b53241d
:10b948000801a28f8a14410fc85b562408004010d2
:10b958000900a22a6e0076120c0073260000658e7c
:10b968008a14410f25208002faff40140900a22af8
:10b97800c20040500000c28f0400628ec000a6279b
:10b988002528a00209f840002520c003a6ff0010c2
:10b99800e000a38f1800c28f2000c3272b18620075
:10b9a80021ff60500800de8f1c00c48f2b18440054
:10b9b800950060102001a38f233882000800e01052
:10b9c800ffff43240000439001004224fdff82143e
:10b9d800feff43a01800c38f1c00c48fffff632421
:10b9e800ffff82241800c3af1c00c2afffff80a076
:10b9f8002401a28f1800c68f7100d227252040028b
:10ba08003d16410ff0da45240000228e2528400219
:10ba180009f840002520000203ff00100800de8f0f
:10ba2800fc00a28f1800f726ccc842243c00e2563e
:10ba38000400f38e0000c28f0c01a38ff400a48fc2
:10ba48000000428c09f8400084da652476ff001073
:10ba5800e000a38f1c00c48f1800c38f2b10640054
:10ba6800f1fe40500800de8f010062242338820076
:10ba78000900e0102128670003000010010064900d
:10ba88000100422401006490000064a0fcff4514fa
:10ba9800251840001c00c48fffff82241c00c2af81
:10baa800ffff80a01c01a28f1800c68f7100d2274b
:10bab800252040023d16410f04db45240000228e5c
:10bac8002528400209f8400025200002d6fe001073
:10bad8000800de8f0000228e2520000209f84000b1
:10bae80018db6524e000a38f0000228e25200002c9
:10baf8001800d3af1c00d3af09f84000ecda652476
:10bb0800c9fe00100800de8f79ff0010d000c0af1a
:10bb18001001a28f3001b2af0cc857240400f38e75
:10bb2800c0ff6012fc00a28f1000f48e110080127a
:10bb38003001a58f510006241f16410f1800a427b5
:10bb48001400e28e510007241800a6271000a2afa7
:10bb58002528c00309f880022520600231ff40141f
:10bb680008000624c000a5273ab6400f1800a427ed
:10bb780025a840000900a22a400040500000c28fba
:10bb88000000f48ea6ff80120400f28ec000b68f6b
:10bb98000300001025980000a1ff74120c00522623
:10bba8000000458e2520c0028a14410f010073262b
:10bbb800f9ff4014c000a6270400428e2528a002e1
:10bbc80009f840002520c00317ff0010e000a38fec
:10bbd8001401a38f2520000209f840004071652454
:10bbe80091fe00100800de8f010002241200d2a38b
:10bbf8008cfe00101000c2a7d000d3af000073aeb7
:10bc080048ff0010040073ae0000228e25200002b9
:10bc180009f84000fcda65241800c38f1c00c28fa5
:10bc2800ffff6324ffff42241800c3af7dfe00100e
:10bc38001c00c2afc7fe4014dc819e8f001d410f5f
:10bc4800000000000200422c030040100100022402
:10bc5800bffe0010cc8182a3fe1c410f0000000033
:10bc6800039d053c25204000bbde400f28daa524b3
:10bc780001000224b6fe0010cc8182a32c01a38f00
:10bc8800f400a48f0400428c0800062409f8400040
:0cbc9800b4da6524e4fe0010e000a38f85
:020000040000fa
:020000041d00dd
:10bca4002882828f30fdbd27cc02bfafc802beaf51
:10bcb400c402b7afc002b6afbc02b5afb802b4afee
:10bcc400b402b3afb002b2afac02b1af24004014bf
:10bcd400a802b0af2c82828f0100102452005010b1
:10bce400000000003c004010020003240d0043103b
:10bcf40000000000cc02bf8fc802be8fc402b78f01
:10bd0400c002b68fbc02b58fb802b48fb402b38f31
:10bd1400b002b28fac02b18fa802b08f0800e0036a
:10bd2400d002bd27dce6400f26808487cc02bf8f7b
:10bd3400c802be8fc402b78fc002b68fbc02b58fd3
:10bd4400b802b48fb402b38fb002b28fac02b18f19
:10bd5400a802b08f2c8280af0800e003d002bd2778
:10bd6400c619410f000000002482908f481c410f27
:10bd740023805000801002002b800202d6ff0016a0
:10bd84002c82828f26808487fa07410f288280af15
:10bd9400d9ff4010cc02bf8f039d033c00206224d6
:10bda4000020688c0400478c0800438c268084871c
:10bdb4000c00428c0f0006241402a5271402a8af1d
:10bdc4001802a7af1c02a3af1e6b400f2002a2af44
:10bdd400c1ff00102c82828f25300000c41d052471
:10bde40053b5400f01000424ffff03241200431045
:10bdf400268082a7cc02bf8f2c8290afc802be8f50
:10be0400c402b78fc002b68fbc02b58fb802b48f1c
:10be1400b402b38fb002b28fac02b18fa802b08f5c
:10be24000800e003d002bd27fa07410f268084876b
:10be34000e00401400000000cc02bf8fc802be8f69
:10be4400c402b78fc002b68fbc02b58fb802b48fdc
:10be5400b402b38fb002b28fac02b18fa802b08f1c
:10be6400288280af0800e003d002bd271efd400fea
:10be74002680848726808487a604410f258040007d
:10be84002b8850000a101102ffff513099ff201235
:10be9400039d033c7802a3af039d033c7c02a3af44
:10bea400039d033c8002a3af039d033c8402a3af24
:10beb4000180033c8802a3af0180033c8c02a3af42
:10bec4000180033c9002a3af0180033c9402a3af22
:10bed4000180033c9802a3af0180033c9c02a3af02
:10bee400039d033cc800122425100000039d133c4d
:10bef400039d143c039d163c039d153c039d173c78
:10bf040004000010a002a3af2b1851007aff6010a8
:10bf1400cc02bf8fc80050242b18300203006010dd
:10bf24002680848723902202ffff5232253040026c
:10bf34004c01a527c591400f4c01a0a31be5400f60
:10bf4400268084870300062410206526ef0a410f0b
:10bf54004c01a42794004010050006244c01a52799
:10bf6400ef0a410f6c2084262882838f251043001a
:10bf7400d400401001000224b00062100200022428
:10bf8400e1ff6214ffff0232eb1b410f4c01a427b7
:10bf9400fb00401025f04000b020c5263417410fa7
:10bfa40025204000070040102402a427b420e526e1
:10bfb4003417410f2520c003150040547802a28f86
:10bfc4002402a42754000624252800000116410f4a
:10bfd400288280af0020a2260400478c0800438cee
:10bfe4000020a88e0c00428c268084870f00062433
:10bff4001402a5271402a8af1802a7af1c02a3af0e
:10c004001e6b400f2002a2afbfff0010ffff0232e1
:10c014002520c0033417410fc4204524e9ff4010f4
:10c024002402a4277c02a28f2520c0033417410fc9
:10c03400cc204524e3ff40102402a4278002a28fd1
:10c044002520c0033417410fd4204524ddff4010c0
:10c054002402a4278402a28f2520c0033417410f91
:10c06400dc204524d7ff40102402a427b020c52695
:10c07400661c410f2520c0031000458cc400a0108d
:10c084008802a28f1516410f44d24424b420e52619
:10c09400661c410f2520c0031000458cbc00a01075
:10c0a4008c02a28f1516410f04ce44247802a28f6d
:10c0b4002520c003661c410fc42045241000458c74
:10c0c400b300a0109002a28f1516410f22ce442473
:10c0d4007c02a28f2520c003661c410fcc2045247e
:10c0e4001000458caa00a0109402a28f1516410fcf
:10c0f40036ce44248002a28f2520c003661c410f43
:10c10400d42045241000458ca100a0109802a28fd1
:10c114001516410f4ace44248402a28f2520c00361
:10c12400661c410fdc2045241000458c9800a010ab
:10c134009c02a28f1516410f5ace44240bc7400f00
:10c1440000000000a6cf400f2520c0032202a42730
:10c1540056000624252800000116410f288280afce
:10c16400a002a38f268084870e000624e420622484
:10c17400e420698c0400488c0800478c0c0043942c
:10c184000e0042901402a5271402a9af1802a8af0a
:10c194001c02a7af2002a3a71e6b400f2202a2a37a
:10c1a40059ff0010ffff0232280106242528000051
:10c1b4002400a4270116410f2000a0af0180023cf7
:10c1c4005ace42241c00a2af0180023c4ace422433
:10c1d4001800a2af0180023c36ce42241400a2af64
:10c1e4000180023c22ce42240180073c0180063caf
:10c1f400039d053c2000a4271000a2af04cee72431
:10c2040044d2c6243d16410f1420a524a604410f90
:10c2140026808487b8fe4050cc02bf8ffd12410fa8
:10c224002000a42726808487ffff46301e6b400f22
:10c234002000a527b0fe0010cc02bf8f039d043c54
:10c24400090006244c01a527ef0a410f8420842409
:10c254003300401456000624c619410f00000000a4
:10c2640056000624252800002202a4270116410fa7
:10c27400248282af039d033c902062249020688c2a
:10c284000400478c0800438c268084870c00429469
:10c294000d0006241402a5271402a8af1802a7afa4
:10c2a4001c02a3af1e6b400f2002a2a7c619410fa8
:10c2b40000000000248282af020002248dfe0010e0
:10c2c400288282af54000624252800002402a427d3
:10c2d4000116410f288282af039d033c742062241f
:10c2e4007420688c0400478c0800438c2680848763
:10c2f4000c00428c0f0006241402a5271402a8afd8
:10c304001802a7af1c02a3af1e6b400f2002a2affe
:10c31400c619410f0000000076fe0010248282af8f
:10c32400252800002202a4270116410f288280af8d
:10c33400039d033ca0206224a020698c0400488c47
:10c344000800478c0c004394268084870e0042909a
:10c354000e0006241402a5271402a9af1802a8afe0
:10c364001c02a7af2002a3a71e6b400f2202a2a3a8
:10c37400c619410f000000005efe0010248282af47
:10c38400a6cf400f252000005bfe0010cc02bf8f1b
:10c39400a6cf400f2520c00357fe0010cc02bf8f4c
:020000040000fa
:020000041d00dd
:10c3a400d0ffbd270f0005240c0004242c00bfafd0
:10c3b4002800b4af2400b3af2000b2af1c00b1af6b
:10c3c400c00d410f1800b0af030042303c004010d4
:10c3d4002c00bf8f241c410f258800003500401815
:10c3e4002590400004000010019d133c01003126fb
:10c3f4003000511200000000f40e410f25202002ed
:10c40400faff401025a04000420042944000423010
:10c41400f7ff40500100312625208002a819410f62
:10c424001c81908f8018020021186200801803007c
:10c434002118620080180300218003025000039237
:10c4440001006230eaff4050010031264e0002969e
:10c45400feff44240700842c200080142000633055
:10c464000e00432ce1ff60108010020080c463269c
:10c474000a10627c0800400000000000f0c3009d28
:10c48400fcc8009d2cc8009dc8c5009d08c6009d21
:10c4940084c8009df0c6009d44c9009d18c8009d35
:10c4a4001cc5009d44c5009dd4c7009d50c7009d78
:10c4b40060c6009df8fa400f108184872c00bf8f5e
:10c4c4002800b48f2400b38f2000b28f1c00b18fda
:10c4d4001800b08f0800e0033000bd27e1ff6010b2
:10c4e4000e00432c2000038edeff60100e00432c50
:10c4f400d21c410f000000002000038e4800049667
:10c50400231043002b10440027014010010006248f
:10c51400d3ff00104e000296d21c410f0000000011
:10c524000800038e1000048e231043002b104400d7
:10c53400afff4054010031260a0002244e0002a637
:10c54400253800000900062425288002025e400fd9
:10c5540025200002a6ff401001003126d21c410f05
:10c56400000000000c0002ae090005243fe8400f63
:10c57400252080020800058e1400028e1000048e0f
:10c584000c00038e211045002310440023104300a7
:10c5940050000492421002003c00432c3c0005244d
:10c5a4008410047c0b10a300500004a2d21c410f81
:10c5b4001c0002ae040002ae0b0002248cff00102b
:10c5c4004e0002a625288002259d400f252000024a
:10c5d4000a000324b00043100000000084ff405010
:10c5e40001003126500003920100052402000424b6
:10c5f400c418a37c7dff4414500003a20400022449
:10c604004e0002a64c0002960100072403000324f6
:10c61400020042380b3862000300062425288002f9
:10c62400025e400f2520000271ff401001003126f8
:10c63400d21c410f00000000080002ae02000524d5
:10c644003fe8400f2520800295fe400f2520000280
:10c654000500022466ff00104e0002a62528800271
:10c66400259d400f252000020a00032460ff435447
:10c6740001003126d21c410f000000000800038e87
:10c684001800048e231043002b104400ed004014c6
:10c694000200033c50000292010063242000443055
:10c6a400090080104c0003ae2000038e0100042416
:10c6b4004429827c04006014500002a2d21c410f61
:10c6c40000000000200002ae50000292010003248a
:10c6d40007000524c439627c500002a23fe8400fe1
:10c6e4002520800242ff0010010031262c00028e1a
:10c6f400253000001000a5272520800235c0400ffa
:10c704001000a2afba0040101000a527c1d1400ffd
:10c71400252080022528800225200002030007240a
:10c72400025e400f0400062407000224d21c410fbd
:10c734004e0002a6040002ae050005243fe8400fa7
:10c74400252080022aff0010010031260100072461
:10c754000900062425288002025e400f25200002dd
:10c7640023ff401001003126d21c410f00000000bd
:10c774000c0002ae0a0005243fe8400f2520800289
:10c784000800058e1800028e1400048e0c00038e1f
:10c79400211045002310440023104300500004924c
:10c7a400421002003c00432c3c0005248410047c0d
:10c7b4000b10a300500004a2d21c410f1c0002aeb7
:10c7c400040002ae0d00022409ff00104e0002a670
:10c7d40025288002259d400f2520000225a0400029
:10c7e4000a00022402ff825601003126d21c410fa6
:10c7f400000000000800038e1400048e2310430080
:10c804002b104400700040140c000224f7fe0010aa
:10c814004e0002a625288002f2c8400f25200002ff
:10c82400f3fe0010010031262528000011ad400f51
:10c834002520000250000296280000ae03000724c1
:10c84400f9004230500002a6010006242528800287
:10c85400025e400f25200002e5fe40500100312613
:10c86400010005243fe8400f2520800295fe400f7b
:10c874002520000203000224dcfe00104e0002a664
:10c8840025288002259d400f252000020a0003244c
:10c89400d7fe435401003126e3fe400f00000000a0
:10c8a4000400038e0000048e231043002b10440068
:10c8b400cffe405401003126440002960200033c9e
:10c8c4000100632440100200ffff42304100442c69
:10c8d400020080144c0003ae40000224440002a66f
:10c8e400500002922000433079ff6050010003247d
:10c8f4006eff00102000038eea10410f25208002f5
:10c90400bbfe4050010031264c0002960200032475
:10c914004700431003000424480044100a00022482
:10c924004e0003a64000048eb1fe80500100312663
:10c9340067d3400f01000524adfe0010010031262d
:10c94400d21c410f000000000400038e231043009a
:10c954000a00422ca6fe40540100312650000292e7
:10c964000200033c010063242000443009008010cd
:10c974004c0003ae2000038e010004244429827c71
:10c9840004006014500002a2d21c410f00000000f9
:10c99400200002ae5000029201000324c439627cdc
:10c9a40092fe0010500002a2010005241af8400f64
:10c9b40025208002500003924e0002964429037cf5
:10c9c400a7fe0010500003a2d21c410f000000007b
:10c9d4000400038e1c00048e231043002b1044001b
:10c9e40082fe40504e0014a681fe00100100312644
:10c9f400d41c410f000000000400038e4a0004967a
:10ca0400231043002b10440079fe405401003126ca
:10ca140025288002f2c8400f252000021000a52717
:10ca2400c1d1400f2520800271fe00100100312683
:10ca340004000224bbff00104e0002a6b9ff001040
:10ca44004e0002a6d21c410f000000000400038e19
:10ca54001c00048e231043002b10440064fe405439
:10ca6400010031260c00022460fe00104e0002a6d4
:020000040000fa
:020000041d00dd
:10ca740068ffbd27a400a7af0000c0d41000a28c9b
:10ca84007800beaf1800a0f7000080441800a1d7ba
:10ca94000000e0446400b3af3c0820466000b2af3d
:10caa4005c00b1af5800b0af7c00bfaf7400b7af4b
:10cab4007000b6af6c00b5af6800b4af8800b6f7cd
:10cac4008000b4f79800a4af2588a0000000b28cc1
:10cad4000400be8c0800b38c4000a2af08000145de
:10cae4000c00b08c04004232390040140800543267
:10caf4000f00801225b060020a00001020000224fa
:10cb04001800a28f1c00a38f2000a2af0080023c5b
:10cb1400261043002400a2af2000a1d72d00022438
:10cb24001800a1f7000002a2ffff762601001424da
:10cb34001c00a28f1800a48f2118140200f0427c5c
:10cb4400270080142800a3aff07f033c2500431482
:10cb5400f07f053ca400a28fbfff51241a00312ea0
:10cb64001d002012049d053c049d053c806fa524f6
:10cb74001516410f2800a48ffd12410f2520000235
:10cb84009800a48f1000b2af253860022528000257
:10cb940053c5400f253040007c00bf8f7800be8f06
:10cba4007400b78f7000b68f6c00b58f6800b48fb7
:10cbb4006400b38f6000b28f5c00b18f5800b08ff7
:10cbc4008800b6d78000b4d70800e0039800bd27da
:10cbd400d4ff00102b000224e5ff0010846fa5246d
:10cbe400f07f053c0100a3242b184300050060508e
:10cbf400a400a28f0c0045141800a1d70a008010cd
:10cc0400a400a28fbfff51241a00312e0400205229
:10cc1400049d053c049d053cd5ff0010886fa524a8
:10cc2400d3ff00108c6fa524049d053c049d023c99
:10cc3400320920462c00a2af9060b4d41f000445f2
:10cc440025a80000a400a48f2319410f2000a5af3c
:10cc54002014027c2000a58f3401c007670004243f
:10cc64002900441425b840000100c05301001e24cb
:10cc7400fcffa42a030080142a20be02250180148c
:10cc8400000000002a000010650017240605204655
:10cc94000100b52602a022461800a1d73c0a20466e
:10cca400faff08452c00a38f049d043c25100000c6
:10ccb400a06080d40f000010986062d4f5ff0010cb
:10ccc400986042d4d4fea42a0800805003a52246ca
:10ccd400050040141800a1d702a520460100022433
:10cce400420820461800a1f703a52246ffffb526f7
:10ccf4001800a1d73c0b3446f2ff0d45a400a48fc5
:10cd0400d1ff001000000000660004240800e416af
:10cd14000100de270300a106670004249060b4d458
:10cd240025a80000020044106600172421f0d50352
:10cd34001800a0d786a52046252800002000a0f7cb
:10cd44002000a0d74c00a5af4800a2af6fdf400f72
:10cd5400030336462000a28f0080073c4d00204686
:10cd64003000a2af2400a28f4400a1e786b320467e
:10cd74002610e2003400a2af3000a1d706032046fb
:10cd8400ff35400f1000a1f700006d440080073c00
:10cd94002610ed002400a2af2c00a28f4c00a58f1a
:10cda40000000c44986040d40100a5242000acafde
:10cdb40083b52046e2ffc5174800a28f049d043cba
:10cdc400a8608ed42000a0d782b32e463c042e4601
:10cdd4005e00114532052e46050014454400a38f1c
:10cde400000080440000e0440100643092032446c3
:10cdf4002c00a38f1800a0d7986076d400002e468c
:10ce040082a53646000004443eb62046520018452a
:10ce140000006544660007245000e7160100b526ab
:10ce24000100de272548a00223183e011800a3af05
:10ce340025f0800225600000257800001800a38feb
:10ce4400060069102568c00310002a8efbff4a25de
:10ce54002b50ca0346004055000084440600e015e8
:10ce6400100042320400401021680d022e000224fa
:10ce74000100de270000a2a121201e026500022479
:10ce84002200e216000080a00300a106252800006d
:10ce940023a81500010005244000a28ffeffcc2624
:10cea4000a000b24ffff422421480202000020a1b3
:10ceb400020009248600a016213089018400201d67
:10cec4002b0003242d0009240b18250125286000bc
:10ced40021180202ffff65a0a400a38ffeff4224d5
:10cee40021280202bfff71241a00312e45000324b9
:10cef4000bb871002a38c2030000b7a00300e01089
:10cf0400feffd6241516410f000000000300423234
:10cf14000200032418ff43140000000016ffc01a87
:10cf240000000000fd12410f252000022a185400c1
:10cf3400710060102530c0022800a48f0116410f33
:10cf4400300005240cff0010259800000070804478
:10cf5400a7ff00100070e04486a520466500e93a6a
:10cf64002518a0020a180900afff00102548600028
:10cf74005000a2af0000e5444c00acaf03033646ba
:10cf84004800afaf4400a9af3000adaf2000a4af5c
:10cf94006fdf400f2400a5af4d00204600080a446f
:10cfa40009000e240a0058290a50d80110004e32f4
:10cfb4002570ca012000a48f2400a58f3000ad8ff6
:10cfc4004400a98f4800af8f4c00ac8f0b00c015f4
:10cfd4005000a28f67000e2408004e1400000000c9
:10cfe4001d00200501008e252568c00321c01e02f6
:10cff400257080010f00001030001924fbffe0555c
:10d004002568c003f9ff23052568c00321680d02c4
:10d014002e000e240100de27ffffd6260000aea15d
:10d02400f1ff001001000f24000019a3ffffce251b
:10d0340001001827fcffc015ffffc62621680d025a
:10d044000100c7272168ac0130004a2523b0cc0079
:10d0540021f0ec000000aaa100800a3c4c00a2af21
:10d06400261045013800a4af3c00a2af3800a1d778
:10d0740086b32046060320461000a1f74800aeaf51
:10d084004400afaf3000a9af2000a4afff35400f7c
:10d094002400a5af2c00a28f00000c4400006d44b6
:10d0a4003000a98f986040d44800ae8f00800a3cbd
:10d0b4002520800126284d0183b52046ffff292520
:10d0c4002560c0014c00a28f5cff00104400af8fac
:10d0d4001a00ab02f4016001ffff42242130020276
:10d0e400ffff29251050000030004a250000caa087
:10d0f40070ff001012a800002118020200006480d2
:10d104002118c20221180302000064a087ff001046
:10d11400ffff422403ffa10667000424fafe001067
:10d1240066001724d2fe001006001e24d0fe441010
:0cd1340006001e24f4fe001025b8400088
:020000040000fa
:020000041d00dd
:10d14000e8ffbd270000bfaf0400b0af0800b1afdb
:10d150000c00b2af1000b3af1400b4afe535400f10
:10d1600025a0800000000000cb35400f2580400046
:10d17000000000009a35400f2588400000000000a4
:10d180008935400f259040000000000025984000a0
:10d190000060084025480001feff012424400101f1
:10d1a0000400083500608840c000000000d08040c6
:10d1b00000e08040c00000000000043c0000842427
:10d1c00001008014009d043c0400001221289000fe
:10d1d00021209200feff8514fcff88bc0000043c67
:10d1e00000008424010080140080043c040020120c
:10d1f0002128910021209300feff8514fcff89bcab
:10d200000f000000008008400700083507000839bb
:10d21000254014010080884000608940c000000063
:10d220000000bf8f0400b08f0800b18f0c00b28fd8
:10d230001000b38f1400b48f0800e0031800bd275e
:10d2400000000000f8ffbd270000bfaf9c34400f76
:10d2500000000000c834400f000000000000000083
:10d260000000bf8f0800e0030800bd270000000099
:10d27000f8ffbd270000bfaf8935400f0000000058
:10d2800000000000255840000b0060110000000065
:10d290000900a01821488500ffff6a25275040019a
:10d2a00024408a00ffff292524482a01000015bddb
:10d2b000feff091521400b010000bf8f0800e003ad
:10d2c0000800bd2700000000f8ffbd270000bfaf29
:10d2d0008935400f00000000000000002558400084
:10d2e0000b006011000000000900a0182148850013
:10d2f000ffff6a252750400124408a00ffff2925af
:10d3000024482a01000011bdfeff091521400b0130
:10d310000000bf8f0800e0030800bd2700000000e8
:10d32000f8ffbd270000bfaf9a35400f0000000096
:10d3300000000000255840000b00601100000000b4
:10d340000900a01821488500ffff6a2527504001e9
:10d3500024408a00ffff292524482a01000010bd2f
:10d36000feff091521400b010000bf8f0800e003fc
:10d370000800bd2700000000f8ffbd270000bfaf78
:10d38000e934400f000000000e35400f000000009f
:10d39000000000000000bf8f0800e0030800bd2768
:10d3a00000000000f0ffbd270000b0af0400b1afe7
:10d3b0000800bfafcb35400f0000000000000000a8
:10d3c0002580400016000012000000008935400f43
:10d3d000000000000000000025884000100020121e
:10d3e000000000000000043c0000842402008014bf
:10d3f000000000000080043c0900001a2148900051
:10d40000ffff2a262750400124408a00ffff2925dc
:10d4100024482a01000001bdfeff09152140110129
:10d420000000b08f0400b18f0800bf8f0800e00338
:10d430001000bd2700000000f0ffbd270000b0afc6
:10d440000400b1af0800bfafe535400f0000000099
:10d4500000000000258040001600001200000000bf
:10d460009a35400f000000000000000025884000b1
:10d4700010002012000000000000043c0000842482
:10d480000200801400000000009d043c0900001a06
:10d4900021489000ffff2a262750400124408a009f
:10d4a000ffff292524482a01000000bdfeff0915c1
:10d4b000214011010000b08f0400b18f0800bf8f20
:10d4c0000800e0031000bd2700000000f8ffbd27a2
:10d4d0000000bfaf8935400f0000000000000000d1
:10d4e000255840000b006011000000000900a01842
:10d4f00021488500ffff6a252750400124408a000b
:10d50000ffff292524482a0100001dbdfeff091543
:10d5100021400b010000bf8f0800e0030800bd2779
:10d5200000000000f8ffbd270000bfaf9a35400f94
:10d530000000000000000000255840000b006011b2
:10d54000000000000900a01821488500ffff6a259f
:10d550002750400124408a00ffff292524482a0142
:10d5600000001cbdfeff091521400b010000bf8f0c
:10d570000800e0030800bd27000000000c00a01810
:10d58000214885003b08067c0900c010ffff2925c3
:10d59000ffffca242750400124408a0024482a0162
:10d5a00000001f05feff0915214006010f000000c5
:10d5b0000804e00300000000008009400080013cf6
:10d5c00024402101060000110000000001800940f4
:10d5d00080032f31c2790f000100ef252510e001f3
:10d5e0000800e00300000000000000000080094087
:10d5f0000080013c244021010700001100000000d0
:10d60000018009400700013c2460210102640c00f4
:10d6100001008c25251080010800e00300000000b7
:10d6200000000000008009400080013c24402101ee
:10d630000a0000110000000001800940001c283190
:10d6400006000011000000008242080001000825c9
:10d6500001000e2404700e012510c0010800e00333
:10d660000000000000000000008009400080013c34
:10d67000244021010b00001100000000018009403e
:10d680003800013c24402101060000110000000088
:10d69000c24408000100082501000b2404580b01b6
:10d6a000251060010800e0030000000000000000f9
:10d6b000008009400080013c244021010800001145
:10d6c000000000000180094000e0283142430800ca
:10d6d0000600082501000f2404780f012510e00141
:10d6e0000800e00300000000000000000080094086
:10d6f0000080013c244021010900001100000000cd
:10d7000001800940c001013c2440210182450800fc
:10d710000600082501000c2404600c01251080017e
:10d720000800e0030000000000000000f0ffbd273b
:10d730000000b0af0400b1af0800b2af0c00bfaf43
:10d740008935400f00000000000000006e35400fda
:10d750002580400000000000ac35400f25884000c7
:10d760000000000025904000190011021240000046
:10d7700019004802121000000000b08f0400b18fa1
:10d780000800b28f0c00bf8f0800e0031000bd2717
:10d7900000000000f0ffbd270000b0af0400b1aff3
:10d7a0000800b2af0c00bfaf9a35400f0000000078
:10d7b000000000007b35400f258040000000000085
:10d7c000bb35400f25884000000000002590400038
:10d7d0001900110212400000190048021210000046
:10d7e0000000b08f0400b18f0800b28f0c00bf8f13
:0cd7f0000800e0031000bd27000000004e
:020000040000fa
:020000041d00dd
:10d7fc0068ffbd2700600644006067443000a42722
:10d80c009800acf78400bfaf6000b0af8800b4f7ed
:10d81c00a000aef7a800b4d78000beaf7c00b7afb5
:10d82c007800b6af7400b5af7000b4af6c00b3af96
:10d83c006800b2afadef400f6400b1afa000aed73f
:10d84c002000a42700700644adef400f0070674421
:10d85c0000a0064400a06744adef400f1000a427c1
:10d86c003800b08fa000aed7cb03022a05004010c1
:10d87c009800acd72800a68fcb03c2280300401415
:10d88c001800a28f0600001021658e4ecb03432892
:10d89c0011006014cb0303240100435421658e4e08
:10d8ac008400bf8f06a020468000be8f7c00b78fff
:10d8bc007800b68f7400b58f7000b48f6c00b38f86
:10d8cc006800b28f6400b18f6000b08f8800b4d74d
:10d8dc000800e0039800bd273000a88f2000aa8f15
:10d8ec002400a48f3400ac8f19000a012180060299
:10d8fc0023905000127000004000aeaf4000b78f74
:10d90c00107800004400afaf4400a38f190004014d
:10d91c00124000001048000019008a01125000004b
:10d92c0021b00a012b28c8021058000021502b01ed
:10d93c002128aa00190084012158c3022b2063015d
:10d94c0012600000212885012120a400106800002d
:10d95c002b50ac0021504d012b18850025888000e0
:10d96c00a500401a21506a004000432a1000a98fdc
:10d97c006d0060101400a88f2520200125280001bf
:10d98c00253040025400aaaf5000abafa000aef758
:10d99c009800acf74c00a9af830e410f4800a8af1c
:10d9ac004c00a98f4800a88f400006242520200198
:10d9bc00252800012330d20025984000740e410f19
:10d9cc004000a3af4000a78f9800acd7a000aed703
:10d9dc005000ab8f5400aa8f2548400025406000b2
:10d9ec002c00a28f3c00b28f269042021c00a28f0a
:10d9fc00ac00521421f077022b18d30321b0eb00aa
:10da0c0021b076002b10c70207004014010005243a
:10da1c000500f654252800002b98d303030060164c
:10da2c0021a031012528000021a031012b108902f1
:10da3c0021180a0121a0b400211843002b288502cb
:10da4c0021a8a300252080022cfe400f2528a0022f
:10da5c00ffff5124400006242330d1002520c003b1
:10da6c00740e410f2528c00225302002252080028b
:10da7c002528a00225b84000830e410f2598600090
:10da8c00253020022520c0032528c00225b8e2023b
:10da9c00830e410f25986302251043002b100200c2
:10daac00400010262510e2022520400006004012fe
:10dabc0025286002233002002b180600233813009f
:10dacc002520c0002328e3000000844423301102e9
:10dadc000000e544c4fbc328ce0060102103a0461f
:10daec00c3fb0324cf00c354802d1300ac004012a1
:10dafc00049d033cb86062d432102c46ab00004548
:10db0c00401d0200049d023cc06040d4049d023cb8
:10db1c00c86054d40263204620632046216300462b
:10db2c005fff001002653446c0ff5226c0ff502430
:10db3c0025980000aaff4012253800004000422a18
:10db4c00500040105800aaaf4000a48f400015248c
:10db5c0023a8b202252860012530a0025400a7afeb
:10db6c005000a8af4c00a9afa000aef79800acf7de
:10db7c00830e410f4800abaf4800ab8f4000a48f21
:10db8c002530400225286001740e410f25b8430052
:10db9c005800aa8f252020022530a00225284001fc
:10dbac002bb8170025b0600025b8e202830e410f98
:10dbbc004800aaaf4800aa8f2558c302252020028e
:10dbcc0025284001253040024000abaf740e410fb8
:10dbdc0025b8e20225884000255060004000ab8f3c
:10dbec009800acd7a000aed74c00a98f5000a88fde
:10dbfc007bff00105400a78f2390020205004016f3
:10dc0c001000b38f1400a78f2548000074ff00107c
:10dc1c00254000004000422a1f0040101000b48f25
:10dc2c001400b58f400006242330d200252080023a
:10dc3c002528a0024800aaaf4000abafa000aef769
:10dc4c00830e410f9800acf725104300253040029d
:10dc5c00252080022528a002740e410f2b9802006b
:10dc6c0025986202253860002548000025400000f8
:10dc7c009800acd7a000aed74000ab8f58ff001077
:10dc8c004800aa8f010017242558000025880000a1
:10dc9c0053ff00102550000001001324daff001080
:10dcac002538000023f0f3022b18fe0223b0670185
:10dcbc0023b0c3022b10760101000524060040148a
:10dccc00253000000400cb5625280000030060140a
:10dcdc002360290225280000236029022ba82c028e
:10dcec00231848012318750023a085012b6094018b
:10dcfc002318660023a86c001200a1062320310112
:10dd0c0023f077022b987e0223b0eb0023b0d302d2
:10dd1c002b10240123180a0125a0d60321a8850065
:10dd2c00231862002ba014002b20a40221186600db
:10dd3c0023a0b402211883002ba8b40223a87500d9
:10dd4c000100522e251095023eff40142510d603db
:10dd5c00d3fe405021658e4e2520c0032cfe400f73
:10dd6c002528c002ffff512407002106c01f160002
:10dd7c0042101e00251062000100de3325105e00eb
:10dd8c0049ff001042981600253020022520c003c0
:10dd9c00830e410f2528c00243ff00102598600018
:10ddac00049d033c54ff0010b06062d41900601055
:10ddbc00c01f1300422002002520640001004230e5
:10ddcc0042981300254082000040023c060040129d
:10dddc0025485300231008002b18020023200900ab
:10ddec00254040002348830000008844049d023ce9
:10ddfc000000e944c8604cd42100a0460000204635
:10de0c000100224602032c468100204602632c4668
:10de1c002163024cd0ef400f00000000a0fe001068
:10de2c000605204680250200821202002b200400e9
:10de3c002510a20025108200823d02000448137cac
:10de4c002528f30006004012802202002310040053
:10de5c002b18020023380500252040002328e3005e
:10de6c00000084440000e544eaff00102103a046b2
:020000040000fa
:020000041d00dd
:10de7c0090ffbd275c00b5af0800958c6c00bfaf60
:10de8c006800beaf6400b7af6000b6af5800b4af67
:10de9c005400b3af5000b2af4c00b1af5500a0125c
:10deac004800b0af0400908c53000052258800004d
:10debc002800028e50004050258800000c00928ce7
:10decc004d004052258800001000948c49008012af
:10dedc000180033c0000878c1400868c0000458e6a
:10deec00b8d2622401000424b8d267ac040050ac50
:10defc00080055ac0c0052ac100054ac4b00a410f4
:10df0c00140046acfeff832625104002ffff0524bb
:10df1c0004000010010006240000448c440086100c
:10df2c00ffff6324fcff6514080042243000a0afff
:10df3c003000a48f0180023c258840002528000079
:10df4c003800a2af6115410fe4d133263400a2afe3
:10df5c0080004010080062ae3000a28f3400a48f05
:10df6c006c0006240000438c0800828c2528a0023b
:10df7c0009f840000c0063ae5c004010508182af89
:10df8c003400a48f2530a00212f6400f2528000281
:10df9c003300401425884000001d410f030010245d
:10dfac006300401400000000001d410f0000000041
:10dfbc00220040140000000011c6400f258800000c
:10dfcc006c00bf8f251020026800be8f6400b78fd5
:10dfdc006000b68f5c00b58f5800b48f5400b38fbf
:10dfec005000b28f4c00b18f4800b08f0800e00396
:10dffc007000bd27258800006c00bf8f2510200203
:10e00c006800be8f6400b78f6000b68f5c00b58f60
:10e01c005800b48f5400b38f5000b28f4c00b18fa6
:10e02c004800b08f0800e0037000bd2725104002a7
:10e03c000400428cbeff00103000a2affe1c410f4a
:10e04c0000000000029d053c2530000238eaa524a2
:10e05c00bbde400f25204000d7ff00100000000061
:10e06c003800a38fffffa232040074aee4d162a487
:10e07c000301a01a50819e8f25b0000204000010ed
:10e08c0025b800006c00de274200b7123800d626f7
:10e09c002528c0032520c0027479400f25300000cc
:10e0ac00f8ff40540100f726001d410f000000004e
:10e0bc000301401400000000001d410f0400102457
:10e0cc00b9ff401000000000fe1c410f00000000d2
:10e0dc00029d053c2530a00208e9a524bbde400fbb
:10e0ec0025204000b0ff001000000000001d410f73
:10e0fc0002001024acff401000000000fe1c410f79
:10e10c0000000000c03015002330d5008030060020
:10e11c002330d500029d053c8030060050e8a52434
:10e12c00bbde400f252040009fff001000000000c8
:10e13c00fe1c410f000000003400a68f029d053c20
:10e14c0090e8a524bbde400f2520400096ff001070
:10e15c0000000000001d410f0100102492ff401030
:10e16c0000000000fe1c410f000000003000a38fd7
:10e17c0002006010253000000000668c029d053cfa
:10e18c0020e8a524bbde400f2520400086ff0010b0
:10e19c000100102450819e8f02006c9625580000bf
:10e1ac002550c00325308001254800000100292599
:10e1bc004400478d0e00a9126c004a252520400111
:10e1cc000300001025182001f9ffa3520100292596
:10e1dc004400858c01006324fbffa7146c0084248d
:10e1ec000100c624ffffc630f7ff00102558400081
:10e1fc000200605125308001020066a6a300c01405
:10e20c002528c003253800001800a68c0100e7243f
:10e21c006c00a5248100c0142a10f500fbff4054ab
:10e22c001800a68c3800a28fe4d142944c8180afa8
:10e23c001800a0af1c00a0af2000a0af2400a0af1e
:10e24c00210040102800a0af049d023c0c6a42241f
:10e25c004000a2af029d023c6400c3274400a2af61
:10e26c0025f00000ffff67901800a227f4ff7ea4a2
:10e27c008038070021b047004000a28f0000d78ee5
:10e28c00252060000a38477c4400a28f1000b7afed
:10e29c0007000524d0e946242b17410f3c00a3afff
:10e2ac003c00a38f3800a28f0100de27060060a07f
:10e2bc00e4d142940100e9260000c9ae2a10c20341
:10e2cc00e8ff40146c0063240180043c80020624a7
:10e2dc00252800000116410ff0c184243000a28fc4
:10e2ec000180033c0180163c0400478c0800468cde
:10e2fc000c00458c1000448c0000498cf4ccd626c4
:10e30c0014d36224308180af14d369ac040047acc1
:10e31c00080046ac0c0045ac100044ac9000d7266d
:10e32c002520c002741b410f0c00d626fdfff616eb
:10e33c002520c002180060ae2200a01a5081978fd1
:10e34c0025b000001df4400f2000048e251840005d
:10e35c0025f040004408037c010002240e006210ea
:10e36c0025308002001d410f070010240eff4010c5
:10e37c0000000000fe1c410f00000000029d053c47
:10e38c002530c003d8e9a524bbde400f2520400072
:10e39c0005ff001000000000252840022520600227
:10e3ac00140076ae100077ae8657400f1c007eae80
:10e3bc004c0040100100d6266c00f726e1ffb61683
:10e3cc00380010263400a48f1800828c09f8400005
:10e3dc0000000000258040000008422c07ff401080
:10e3ec006c00bf8f001d410f000000000200422c8a
:10e3fc0002ff40546c00bf8ffe1c410f0000000058
:10e40c00029d053c253000020ceaa524bbde400f22
:10e41c0025204000f9fe00106c00bf8f82ff4010d9
:10e42c003800a28f1800a28c0800c2102518a0007a
:10e43c002510e0000100422473ffa2126c0063243b
:10e44c001800648cfcffc41401004224001d410f11
:10e45c003000a6afd4fe401006001024fe1c410f65
:10e46c00000000003000a68f029d053c8ce9a5241d
:10e47c00bbde400f25204000cbfe0010000000004a
:10e48c00020063966aff60504c8180af001d410f03
:10e49c0005001024c4fe401000000000fe1c410fbb
:10e4ac000000000002006696029d053c48e9a52488
:10e4bc00bbde400f25204000bbfe0010000000001a
:10e4cc00fe1c410f00000000029d053c2530e002bf
:10e4dc00c4e8a524bbde400f25204000f6fe00104a
:0ce4ec0000000000b0fe0010080010242a
:020000040000fa
:020000041d00dd
:10e4f8005d00a0100000000080ffbd276400b2afdf
:10e508000000b28c7c00bfaf7800b7af7400b6af24
:10e518007000b5af6c00b4af6800b3af6000b1afc6
:10e52800310040125c00b0af0800b18c0400b38c1d
:10e5380025a08000040035262b10750236004014f3
:10e548002580a00021b85102049d053c0400062442
:10e55800206ba524ef0a410f2520e002440040105b
:10e56800050036262b10760208004014049d053c51
:10e57800049d053c05000624286ba524ef0a410fdd
:10e588002520e0022f004010049d053c04000624cd
:10e59800106ba524ef0a410f2520e0022d00401042
:10e5a800020002242b103302100040102510000036
:10e5b800211851020000629022000424f90044103e
:10e5c8002d00042439004410d0ff44240a00842c70
:10e5d800360080145b000424000144107b000424ee
:10e5e800a20044500c00048e251000007c00bf8f50
:10e5f8007800b78f7400b68f7000b58f6c00b48f39
:10e608006800b38f6400b28f6000b18f5c00b08f78
:10e618000800e0038000bd27050036262b1076028f
:10e62800e1ff40142b103302049d053c050006242d
:10e63800286ba524ef0a410f21205102daff40542c
:10e648002b103302010002240c0082aee7ff0010f9
:10e65800080016ae0c0082ae01000224140082ae3f
:10e66800e2ff0010080015ae0800e00325100000c6
:10e678007c00bf8f040002240c0082ae7800b78fa4
:10e68800080015ae010002247400b68f7000b58f23
:10e698006c00b48f6800b38f6400b28f6000b18fd4
:10e6a8005c00b08f0800e0038000bd27019d053c99
:10e6b8005000a0af252000001000b527f4e6a524df
:10e6c8002e0008243f00072400006390d5ff622431
:10e6d800ff0042303b00462c3f00c0108010020073
:10e6e8000a10a27c080040000000000068e8009db5
:10e6f800e0e7009d68e8009d40e8009de0e7009d98
:10e7080068e8009d68e8009d68e8009d68e8009d4d
:10e7180068e8009d68e8009d68e8009d68e8009d3d
:10e7280068e8009d68e8009de0e7009de0e7009d3f
:10e73800e0e7009de0e7009de0e7009de0e7009d41
:10e74800e0e7009de0e7009de0e7009de0e7009d31
:10e75800e0e7009d68e8009de0e7009de0e7009d98
:10e76800e0e7009de0e7009de0e7009de0e7009d11
:10e77800e0e7009de0e7009de0e7009de0e7009d01
:10e78800e0e7009de0e7009de0e7009de0e7009df1
:10e79800e0e7009de0e7009de0e7009de0e7009de1
:10e7a800e0e7009de0e7009de0e7009de0e7009dd1
:10e7b800e0e7009de0e7009de0e7009de0e7009dc1
:10e7c800e0e7009de0e7009de0e7009de0e7009db1
:10e7d800e0e7009d68e8009d2110a4025000a527ed
:10e7e8002520a0023119410f000040a05000a28f3f
:10e7f8007dffa212049d043c306b82d44d0020465c
:10e808003e1020466d000045180081e6ff7f033c5e
:10e81800ffff6334140083ae0800038e23a855005d
:10e828000800022421a875000c0082ae0100022411
:10e838006eff0010080015ae2110a402000048a0c9
:10e8480001008424e4ff8710211891002b10730025
:10e85800e1ff4010211843029cff00100000639064
:10e868002110a402f6ff0010000043a00002852c2e
:10e878005dffa010010084240c0004ae000063902a
:10e888005aff62142510000001003126080011ae5d
:10e89800f2f1400f252000020800028e0400038eca
:10e8a8002b18430085006050ffff42240000038eb0
:10e8b8007d0004248a19627ca10064102598000058
:10e8c800ffff4224080002ae2e0000102590000031
:10e8d800040053ac0800028e2520000201004224e7
:10e8e800f2f1400f080002ae253000021000252684
:10e8f8007443400f0c0024267400401000000000f0
:10e90800f2f1400f252000020800028e0400038e59
:10e918001000248e100020ae2b1843006b006010ee
:10e928001c0024ae0000038e3a0004248a19627c7d
:10e93800660064142520000201004224f2f1400f11
:10e94800080002ae252800023e39400f252020028b
:10e958005e00401000000000f2f1400f2520000288
:10e968000800038e0400028e2b106200570040102e
:10e978002c0004240000028e8a11437c6700441492
:10e9880025982002de0b410f1000048e4d00401028
:10e9980025884000ceff4056000062aecdff001033
:10e9a8002590400025300002100085267443400f52
:10e9b8000c0084260eff00107c00bf8f049d043cd1
:10e9c800386b82d43e01224693ff0645140081e647
:10e9d8000080033c90ff0010140083ae0c00048eee
:10e9e8000002852c00ffa010010084240c0004ae56
:10e9f80000006390fdfe621425100000010031261e
:10ea0800080011aef2f1400f252000020800028e26
:10ea18000400038e2b18430028006050ffff422497
:10ea28000000038e5d0004248a19627c390064109a
:10ea380025980000ffff4224080002ae17000010ce
:10ea480025900000040053ac0800028e2520000227
:10ea580001004224f2f1400f080002ae252800020e
:10ea68003e39400f25202002180040100000000009
:10ea7800f2f1400f252000020800038e0400028ee8
:10ea88002b106200110040102c0004240000028e9c
:10ea98008a11437c1100441425982002de0b410f93
:10eaa8001000048e0700401025884000e5ff4056fe
:10eab800000062aee4ff001025904000cafe00107e
:10eac800080002aec9fe405225100000a6cf400f34
:10ead80025204002c5fe0010251000005d0003241b
:10eae800faff4314000000000c00038e010002240a
:10eaf800ffff63240c0003ae200003240c0083ae48
:10eb08000800038e080092ae01006324b7fe0010cf
:10eb1800080003aef4ff0010259000007d000324d8
:10eb2800eaff4314000000000c00038e01000224d9
:10eb3800ffff63240c0003aef0ff00104000032425
:08eb4800f9ff00102590000008
:020000040000fa
:020000041d00dd
:10eb50002518e0000400c78c0000c68c70ffbd279c
:10eb60008000baf70000864400d080440000e744eb
:10eb700000d0e0441000a28c3c003a464c00b3aff9
:10eb80004800b2af4400b1af4000b0af6400bfafc7
:10eb90006000beaf5c00b7af5800b6af5400b5af71
:10eba0005000b4af7800b8f77000b6f76800b4f75b
:10ebb0009000a4af0000b28c0400b18c0800b38cac
:10ebc0002000a2af080001450c00b08c04004232c6
:10ebd00037004014080057320d00e01225f06002a3
:10ebe00008000010200002240080023c261047008c
:10ebf0001c00a2af1800a6af1800a68f1c00a78f9c
:10ec00002d000224000002a2ffff7e26010017242f
:10ec1000bfff65242548c00000f0e27c2800c01436
:10ec20001a00a52cf07f033c26004314f07f0a3c19
:10ec3000212017022000a010049d113c049d053cda
:10ec4000706fa5241516410f00000000746f242674
:10ec5000fd12410f000000009000a48f1000b2af21
:10ec6000253860022528000253c5400f253040009a
:10ec70006400bf8f6000be8f5c00b78f5800b68ff6
:10ec80005400b58f5000b48f4c00b38f4800b28f42
:10ec90004400b18f4000b08f8000bad77800b8d759
:10eca0007000b6d76800b4d70800e0039000bd2715
:10ecb000d4ff00102b000224e2ff0010746f252601
:10ecc000f07f0a3c010043252b184300050060102b
:10ecd000212017020d004a54000086440b002051e9
:10ece000000086440700a010049d113c049d053cd3
:10ecf000786fa5241516410f00000000d4ff001006
:10ed00007c6f2426fbff00107c6f25263000022438
:10ed10000000e744000082a032013a465800032474
:10ed200078000224049d093c0b10650025a8000012
:10ed3000a9000445485934d500c086440000342a4f
:10ed4000180009240a48340286a5204600c0e7447a
:10ed5000010082a0010034252510000003c33646bf
:10ed60003000a5af2400a2af1800a6af1c00a7afcb
:10ed70006fdf400f049d163c820036462400a28fb0
:10ed80002800b6af1800a68f010042241c00a78ff0
:10ed90003000a58f01c622466059c2d60400210664
:10eda00082b5224632c53a4603001545049d043c0f
:10edb000eaff8216049d043c685982d482b0224640
:10edc0003cc62246a000194532c7224608001e450f
:10edd000000086440d0020460000044400008044ea
:10ede000010084300000e044920024460000864484
:10edf0000200f7260000e744000022461800a0f7b2
:10ee00001c00a38f1800a48f0400801400f0667cff
:10ee1000f07f043c87ffc41021201702231002005a
:10ee2000feffc6272400a2af25f0e0022510000057
:10ee300025a0000025b000002000a38ffbff642464
:10ee40002b20c4031c0080102538c0031800a0d755
:10ee50003c00a5af3800a6af030334462c00a2af98
:10ee60006fdf400f3000a7af4d002046000804447c
:10ee70003000a78f2c00a28f3800a68f7500801459
:10ee80003c00a58f7c00c0522ba01400010042243e
:10ee9000020034461800a1d72800a38fffffd62612
:10eea000010820461800a0f7605960d42400a38f01
:10eeb000e1ff761402a520461400801621201e02d0
:10eec000a600405010004232a300201a0100473231
:10eed000a100e0142e000724000087a021385e0066
:10eee0002138070230000924010089a00100842490
:10eef000feff8754010089a021f05e002710020068
:10ef00000100de272130460021201e02000080a0e3
:10ef10000300a1062510000023a81500010002240b
:10ef20002000a38fffffc62401000b24ffff7124e4
:10ef3000213811020000e0a00a000a240100072481
:10ef40007400a01621a0c7007200eb102b00032450
:10ef50002d0006240b18c200251060002118110294
:10ef6000ffff62a0feff312650000724700002243c
:10ef70000a384500212811022a88d10303002012f3
:10ef80000000a7a01516410f000000000300423248
:10ef9000020003240c004314feff91262cff201acc
:10efa00025200002fd12410f252000022a185700db
:10efb0006200601025302002300005240116410f48
:10efc000212017022598000021ff001025200002b3
:10efd000060520460100b52600a0344600088644f8
:10efe0000008e7443c0a2046f9ff0845049d093c17
:10eff000505920d5049d093c585922d50601204678
:10f00000000886440008e7443c0c34464bff124598
:10f0100000c0864482a1204632333a4608000e459d
:10f0200002a524460008864402a522460008e744bb
:10f0300042082246000806440008674402a5244608
:10f04000efff0010ffffb5260010804467ff00109f
:10f050000010e044090080162558c0030700c012c4
:10f060002e000924213807020100de27ffffc624f5
:10f070000000e9a0010014242558c00321601e02ed
:10f08000253840000300001030000d24ffffe72466
:10f0900001008c25fdffe05400008da121584b009c
:10f0a000ffffc6240100de270a0087282330c200a4
:10f0b00021f0c20321580b020200e0105700822405
:10f0c000300082241100a050000062a120004734cb
:10f0d0009fffe7241a00e72c0c00e050000062a11b
:10f0e000252040003c00a5af3800abaf2c00a6aff8
:10f0f0002a19410f3000a0f73c00a58f3800ab8fd4
:10f100002c00a68f3000a0d7000062a160ff001085
:10f11000251000001a00aa02f4014001ffff312669
:10f1200021601102ffffe72410480000300029256c
:10f13000000089a182ff001012a80000211802021d
:10f14000000064802118820221180302feff64a0df
:10f1500096ff0010ffff4224100042326bff405028
:10f1600021201e022e0002240100de2766ff00106f
:04f17000000082a079
:020000040000fa
:020000041d00dd
:10f174001800838c030002241801621000000000b0
:10f18400b0ffbd272c00b1afb081918f4c00bfaf51
:10f194004800beaf4400b7af4000b6af3c00b5afc7
:10f1a4003800b4af3400b3af3000b2afee00201675
:10f1b4002800b0affd00a0504c00bf8f0000b494f5
:10f1c400fa0080524c00bf8f1200a294f700405006
:10f1d4004c00bf8f2000a28c2400a38c7c8182afc2
:10f1e40008014010788183af07016010049d023c40
:10f1f4001000a2941c00a394010047302036037c25
:10f20400ac8182af0601c0048e8187a38c8183a761
:10f214000180033c04d2622404d260ac2580a000a7
:10f22400040040ac080040ac0c0040ac100040ac02
:10f23400140040ac180040ac1c0040ac0e00a69476
:10f24400160003960c00a594180002960180153c44
:10f254002590800028d4a426a48186afa88185aff8
:10f264009e8183a79c8182a7808180af688180afc3
:10f274006c8180af741b410f708180af0800428e97
:10f2840060010624252880020800438c25204000c4
:10f2940009f86000848182af020005968481848f1e
:10f2a400c08182af0400828c09f840000228b47047
:10f2b4008481848fa881858f500006240800838c64
:10f2c40009f86000bc8182af8481848f0a000396b0
:10f2d4001a0008960800878c252860001000062470
:10f2e400988183afa08182af09f8e000908188a75c
:10f2f4001400139612000396948182af10007326b3
:10f30400f9006010ffff7332080076260a0000102f
:10f314002590000014000396060053a40100522611
:10f32400750d410f040043a4120002962a104202f4
:10f3340009004010c081828f8481848f0400828cf4
:10f3440009f840002528c00225284000f1ff401498
:10f3540028d4a426c081828fa2004010bc81828f51
:10f36400a00040109481828f9e004010a081828f63
:10f374009c004010000000001200029699005214f4
:10f38400029d053c21000624b45ea524c9fe400f5d
:10f394001800042497004010888182af020002966e
:10f3a400c081978f25200000ba8182a7ffff072420
:10f3b4002510e002ffff0624010084242a2894007b
:10f3c400460047a4140046acfbffa014600142248d
:10f3d400ac81828fb48194af100044300500801456
:10f3e40026001524200042301600152406000424ab
:10f3f4000aa88200039d023cbc81938f25900000e3
:10f40400039d1e3c2000a2af19000010049d163c71
:10f41400040006969900c014000000000600069639
:10f424008200c014000000005c00e2960100052484
:10f43400253800008431a27c5c00e2a6905fc626d9
:10f4440050c6400f00020524b50040102000e2ae73
:10f454004800f2a602000496010052262a10540223
:10f464001800f3ae6001f7261700401021986402db
:10f474004200e0a608000796252000002530000081
:10f484004e00e7a62528a0021400a0afba5f400fe3
:10f494001000a0af25204000ffff0224940082103a
:10f4a4004600e4a6ac81828f02004230d9ff40506e
:10f4b4000400069601000624e804410f0600052412
:10f4c400d3ff00104600e4862800108e1800a227ff
:10f4d4001000a2af253800002530000025280000c8
:10f4e400cb85400f2520000299004010748182af23
:10f4f4000180133c741b410f1cd464269881828fb5
:10f504009481928f0900401825800000252840022c
:10f51400750d410f1cd464269881828f010010263a
:10f524002a100202f9ff4014100052260180123cf6
:10f53400741b410f34d44426a881828f09004018db
:10f54400a081908f25280002750d410f34d44426e4
:10f55400a881828f010031262a102202f9ff40146b
:10f5640050001026b081918f000202240100312640
:10f57400b88182a7b08191af010002244c00bf8ff3
:10f584004800be8f4400b78f4000b68f3c00b58f53
:10f594003800b48f3400b38f3000b28f2c00b18f99
:10f5a4002800b08f0800e0035000bd27251000009c
:10f5b4004800be8f4400b78f4000b68f3c00b58f23
:10f5c4003800b48f3400b38f3000b28f2c00b18f69
:10f5d4002800b08f0800e0035000bd270800e003b6
:10f5e40001000224001d410f0000000036004014f9
:10f5f400000000005ab0400f00000000dfff0010c0
:10f6040025100000049d023c505f42247c8182af9f
:10f61400049d023c705f4224f5fe0010788182afa5
:10f62400ff7f0224fafe00108c8182a7e804410fb8
:10f634000200052403004010000000007aff0010bf
:10f644004600e486001d410f000000000200422c29
:10f6540075ff40544600e486fe1c410f0000000084
:10f664002000a38f2520400025304002bbde400f40
:10f67400242565246cff00104600e486e804410f4d
:10f6840003000524030040100000000063ff001085
:10f694004600e486001d410f000000000200422cd9
:10f6a4005eff40544600e486fe1c410f000000004b
:10f6b4002520400025304002bbde400ffc24c52736
:10f6c40056ff00104600e486fe1c410f00000000b7
:10f6d400039d053cb824a524bbde400f2520400033
:10f6e400c4ff0010000000001aff00102590000065
:10f6f400001d410f00000000beff4010000000008c
:10f70400fe1c410f00000000039d053cdc24a524e1
:10f71400bbde400f25204000b6ff001000000000b3
:10f72400001d410f00000000b2ff40100000000067
:10f73400fe1c410f00000000039d053c4c25a52440
:10f74400bbde400f25204000aaff0010000000008f
:10f75400001d410f000000000200422ca5ff4014d0
:10f7640000000000fe1c410f000000001800a78fdd
:10f77400039d053c253000026c25a524bbde400f0b
:0cf78400252040009bff0010000000004a
:020000040000fa
:020000041d00dd
:10f7900018ffbd27dc00b4afd800b3afd400b2afc0
:10f7a000d000b1afe400bfafe000b5afcc00b0af68
:10f7b000259080002588c000b800a5af25980000de
:10f7c000049d143cb800a58f0000a280e400401006
:10f7d000ffff02249c00a2af1800a227a400a2af42
:10f7e000800002249800a0afa000a0afa800a2afa4
:10f7f00025800000250003242110b0000000428075
:10f800000300401000000000fbff435401001026dd
:10f810000600001225300002c2ed400f25204002f4
:10f82000b800a28f21105000b800a2afb800b58f69
:10f83000250002240000a382c20062140100b52644
:10f84000b800b5af2b0005242d000624300003249a
:10f850002000072423000824b800a48f0000828021
:10f860001b0045509800a28f2c0049281e00201133
:10f8700000000000180047509800a28f1800485060
:10f880009800a28f2a0003241e0043500000228efd
:10f890000af7400f00000000a000a2afb800a38f3d
:10f8a00000006280d0ff42240a00422c2100401058
:10f8b00001006324f9ff0010b800a3af0100423437
:10f8c000010084249800a2afe3ff0010b800a4afa9
:10f8d000fbff001004004234f9ff0010080042341e
:10f8e000f7ff001010004234f4ff46509800a28f3a
:10f8f000e5ff43542a0003249800a28ff0ff001074
:10f900000200423401008424b800a4af0400432460
:10f910000000428c000023ae06004104a000a2af0c
:10f920009800a38f23100200a000a2af010063384b
:10f930009800a3af9800a28f01004330020060102e
:10f940004408027c9800a2afb800a28f2e000324c6
:10f95000000044800d008314010044249c00a0afeb
:10f96000b800a4af010045802a0003242300a3149b
:10f9700002004224b800a2af0000228e04004324fb
:10f980000000428c000023ae9c00a2af0606410f8f
:10f99000b800a427c000a2afb800a28f2319410f5e
:10f9a000000044806900032477004310c000a58f45
:10f9b0006a0043282f00601063000324be00431038
:10f9c000640043281800601025000324cb00431076
:10f9d000610003244f00435025302002ffff022422
:10f9e000b800b5af9800a0afa000a0af9c00a2af38
:10f9f0001000a0afc9000010253800000af7400f22
:10fa0000000000009c00a2afb800a38f000062803d
:10fa1000d0ff42240a00422cdcff40100100632486
:10fa2000f9ff0010b800a3af640003245600431090
:10fa300068004228eaff4010ffff02242530200220
:10fa4000010b410fb000a42797004010b800a28f0f
:10fa5000b000a6279800a52701004324b800a3af53
:10fa6000000047809d32400f2520400235000010e5
:10fa700021800202700003246e00431071004328ad
:10fa8000130060106e000324830043106f000324f2
:10fa9000d3ff4314ffff0224253820022530000045
:10faa000029c400fb000a4277f004010b800a28f36
:10fab000b000a6279800a527010042242520400277
:10fac0003dc8400fb800a2af1e0000102180020206
:10fad000750003243a0043107800032446004310c5
:10fae00073000324bdff4314800002246e00a2149f
:10faf000b800a28f2538000001004224b800a2af50
:10fb00000000228e04004324000023ae7600001083
:10fb10000000468c010b410fb000a427620040108a
:10fb2000b800a28fb000a6279800a52701004324a3
:10fb3000b800a3af00004780d43a400f2520400210
:10fb400021800202218070022a981302770060123d
:10fb50000180023c4f00032480d443acffff1324f8
:10fb6000e400bf8f25106002e000b58fdc00b48f89
:10fb7000d800b38fd400b28fd000b18fcc00b08f3b
:10fb80000800e003e800bd27253820020100062414
:10fb9000029c400fb000a42743004010b800a28f81
:10fba000b000a6279800a527010042242520400286
:10fbb0000daf400fb800a2afe2ff0010218002029b
:10fbc0002538200225300000029c400fb000a427f9
:10fbd00035004010b800a28fb000a6279800a527d6
:10fbe00001004224252040023bdc400fb800a2afb8
:10fbf000d4ff0010218002022538200225300000a9
:10fc0000029c400fb000a42727004010b800a28f2c
:10fc100001004324b800a3af00004780b000a6272e
:10fc20009800a5274b85400f25204002c5ff0010f6
:10fc3000218002022538200225300000f000052432
:10fc4000029c400fb000a42717004010b800a28ffc
:10fc5000b400a38f01004224b800a2afb000a28f6d
:10fc600025104300edff401478000724fd12410fda
:10fc70008c7184269800a38fa000a78f25304000a8
:10fc80001000a3af8c71852653c5400f252040027c
:10fc9000acff0010218002022538200221307002c2
:10fca0000dcd400fb000a427b800a28f0100422460
:10fcb000a4ff0010b800a2af80000224faffa21433
:10fcc000b800a28f01000724b000a627010042243b
:10fcd000b800a2af0000228e040043240000428c32
:10fce000000023aeb000a2a39800a52763e6400f52
:10fcf0002520400293ff0010218002028000022490
:10fd0000e9ffa214b800a28fa000a78f010042242f
:10fd1000b800a2af9800a28f1000a2af049d053cce
:10fd200001000624d8ff00109471a524a5fe001040
:04fd30002598000210
:020000040000fa
:020000041d00dd
:10fd34003000e330300002240f01621000000000a4
:10fd44000d01800400000000c880828fc0ffbd2721
:10fd54003c00bfaf2b1082003800beaf3400b7aff9
:10fd64003000b6af2c00b5af2800b4af2400b3af59
:10fd74002000b2af1c00b1af630040101800b0af58
:10fd8400d880908f802004000a80047e5e000012d8
:10fd94000001c22c830040142588e0000400028e78
:10fda4000000078e1400048e1800038e23104700f1
:10fdb400ffff42242318640010002432ffffd230d6
:10fdc400ffff42305d008010ffff743025988002f1
:10fdd4002b184202ef0060502310420223105200fd
:10fde400ffff42302000422cec004014cc80848f72
:10fdf4000400828c09f840000100452642004010ae
:10fe040025a840002b107402dd0040142310930237
:10fe140023107402ffff42302000422ca80040143b
:10fe2400cc80848f0400828c09f840000100652690
:10fe34003100401025f040000300a01208002232d7
:10fe4400a40040540800028e25b8000025b000002c
:10fe540025400000040027326100e050258800009e
:10fe64005c00038effff02240c0062101c00118e44
:10fe7400680004961800028e21188300218823024a
:10fe84002b185100060060502000058e1400038ecc
:10fe94002310430027100200218822022000058e2f
:10fea4002b10b100ed0040102b10250223882502f1
:10feb400ffff22324a004050258800002a106202c7
:10fec4000a004014cc80848fffff313225a000004b
:10fed40044002012253020022120d4037f14410f36
:10fee4001000a8af3f0000101000a88f0c00828cf7
:10fef40009f840002528c003cc80848f0c00828c34
:10ff040009f840002528a0023c00bf8f25100000fe
:10ff14003800be8f3400b78f3000b68f2c00b58ff9
:10ff24002800b48f2400b38f2000b28f1c00b18f3f
:10ff34001800b08f0800e0034000bd270001a42c86
:10ff44000100805400010524200024328e00801416
:10ff5400ffffb330ffff63302118620021207202db
:10ff64002a1883009bff60102b184202232084026e
:10ff74002120440003002332b1006010ffff8430cd
:10ff840003000524af006550010084240200052409
:10ff9400cb00651021309200212893008cff0010c3
:10ffa400ffffb3300400028e0000078e1400048e9d
:10ffb4001800038e23104700000106242318640050
:10ffc400ffff422410002432ffffd230ffff4230f3
:10ffd4007eff8014ffff7430d9ff00100001a42cb1
:10ffe40025a000001b00a012cc80848fcc80848fbd
:10fff4000000058e1000a8af0c00828c09f84000a8
:020000041d01dc
:1000040021b8b7021000a88f3c00028e01004626da
:1000140021b016012118a60221b0b602000f427cbd
:10002400000015ae040003ae0c0015ae080016aeb9
:100034007a004010100017ae010042382b10020065
:1000440074000396c47b437c0c00c013740003a6a5
:10005400cc80848f1400058e218891020c00828c40
:1000640009f840002188d1032128d30314001eaecf
:10007400180005ae20001eae1c0011ae76000392df
:10008400030002246000621001000624010002241f
:100094003c00bf8f3800be8f3400b78f3000b68f5e
:1000a4002c00b58f2800b48f2400b38f2000b28faa
:1000b4001c00b18f1800b08f0800e0034000bd277a
:1000c400f2ffa012080022324900401025f000007f
:1000d4000800028e0c00058e2b1845003100605478
:1000e4000400168e2b18a2005200601025b80000e0
:1000f40023104500ffff43304f00601025b000007f
:100104002a18430279ff6014cc80848fffff563095
:1001140025a0a000254000000800c0521000028e57
:100124002120a8022530c002252880027f14410f17
:100134001000a8af1000a88f1000028e0c00038ed0
:1001440023b843002b10430006004010fffff73292
:100154000400028e0000038e2310430021b8e20243
:10016400fffff7323cffc017040027322588000048
:100174009eff001025a000000800e00325100000e9
:1001840025ff0010ffff4230259040001dff0010a6
:1001940025a8000013ff0010ffff423019ff0010d4
:1001a40025a800000000148e25b8000023b0c50265
:1001b40023105400ffffc632ffff433021186600ae
:1001c400ffffc832e7ff6010ffff56302a184302d2
:1001d40046ff6014cc80848fcfff00112520a0023d
:1001e4007f14410f1000a8afcbff00101000a88fa0
:1001f4002588000025a0000025b8000025b00000d7
:100204007aff00102540000010000524a725400fa8
:10021400252000029eff0010010002246a000396bc
:1002240040100300211043004310020084ff00101b
:100234002a10c20025b00000caff001025400000ab
:1002440001008424423004002128d3002130d2004c
:10025400ffffb330defe0010ffffd23060ff4050de
:10026400258800001800148e1400038e01009426c3
:1002740023a0850223882302ffff8632ffff223258
:1002840021104600ffff943256ff4010ffff313229
:100294002a10620215ff4014cc80848f0a00801259
:1002a4002520c0031400a8af7f14410f1000a3af92
:1002b4001000a38f1400a88f05ff001025286000ec
:1002c400c3fe0010ffffd23001ff0010252860009c
:020000040000fa
:020000041d01dc
:1002d400c8ffbd272400b0af258080004600848479
:1002e4003000b3af3400bfaf2c00b2af2800b1afc1
:1002f4008ede400f2598a0000800038ea70043104f
:100304000000000040001196010012245b0032122c
:10031400f5ff22260500422c090040140c0002249b
:10032400090002243400bf8f3000b38f2c00b28f39
:100334002800b18f2400b08f0800e0033800bd27e7
:10034400a30022120d00222e310040140d000224bd
:10035400630022120f000224150022160000000080
:100364002400048e040080107881828f09f84000f4
:1003740000000000240000ae8ede400f460004861c
:100384000000038e46000486231062006c05410fb2
:10039400000002ae0000028eff7f033c9dff633429
:1003a4009cff42242b104300720040100000000008
:1003b4008ede400f46000486e3fe400f080002aec6
:1003c4002502410f258840004018020021106200d8
:1003d4000000048e0800058e00190200231062003c
:1003e400211051002b20a40076008010040002aede
:1003f400ad01410f460004867300405006000224fc
:1004040001000224000062a2c6ff001008000224ba
:100414000b000224e6ff2216000000005c00029696
:1004240000014230a2004014049d053c2520000236
:100434004a0000a625380000253000006e90400fc9
:10044400ac55a524ffff4330ffff0434b20064140d
:10045400021402000500432cd5ff6014fcff422463
:10046400ffff4530b6cd400f460004260000038e42
:1004740023106200ceff0010000002ae8081858f41
:100484003c00a010000000000400a28c39004010c1
:100494000000000009f840002520000202000324a7
:1004a4007900435046000486c1ff51100300032421
:1004b4003000431400000000050002245e0002a284
:1004c4003400bf8f0f0002243000b38f2c00b28f92
:1004d4002800b18f2400b08f0800e0033800bd2746
:1004e4003000058effff02240600a2502400048e73
:1004f4006c11410f2520000063004054460004861f
:100504002400048e0000028e7f0040142c0004aef0
:100514007881828f09f8400000000000049d053caa
:10052400049d043c240000ae25380000020006248b
:100534001000a0afbc55a524b574400fc855842441
:10054400ffff03245f0006267f0043108081878f0e
:100554000700e0100e0002241800e28c0300401093
:100564000100052409f84000252000020e000224a1
:10057400400002a66c05410f460004863400bf8f7c
:10058400090002243000b38f2c00b28f2800b18ff1
:100594002400b08f0800e0033800bd27e3fe400fbd
:1005a400000000000400038e2310430056ff40584f
:1005b40040001196040002245e0002a259ff0010bc
:1005c4000f0002240600022455ff0010400002a67a
:1005d4008ede400f460004862c00058e2800038e14
:1005e4000000068e231865002a386200ffff63307e
:1005f4000b1067002b18c200ffffc6300b10c3009e
:100604002100401046000486ca84400f2530400073
:100614002c00038e0000048e2800058e2118620031
:10062400231082002c0003ae03006510000002ae0c
:1006340015004054460004862400068e4a000596a0
:100644002520000023186600ff01622400005128c1
:10065400fe0363240a185100438a0300455c400fdb
:1006640025382002ffff032441004310300002ae6e
:100674004a000296460004860d00032421882202c3
:10068400400003a64a0011a68ede400f00000000c1
:10069400ffff422401000324080002ae08000224e4
:1006a40020ff0010000063a2f7ff0010460004863c
:1006b4008ede400f460004860600422c3cff4014a8
:1006c400060006245c000296460004860442027c6e
:1006d4005c0002a6ca84400f1800a5270000038e00
:1006e4001800a48f231062004653033c4d5063242a
:1006f4002b008310000002ae0f000224400002a66b
:10070400e1ff0010460004860c000224400002a60b
:10071400ddff00104600048604006324ffff6530fb
:10072400b6cd400f460004260000038e5c000496fc
:10073400fcff6324231062000442447e000002aee6
:100744001bff00105c0004a60700e0100f00022449
:100754001800e28c03004010f6ff052409f840005d
:10076400252000020f00022453ff0010400002a6bf
:100774008081878f0f000224cbffe010400002a687
:100784001800e28cc8ff40105f00062625200002f6
:1007940009f84000f7ff0524bbff0010460004865b
:1007a4001c00a39702010224d4ff62140f00022448
:1007b4007c81828f240000ae09f8400000100424dc
:1007c40010004014240002ae5c00029601000324d1
:1007d4004429627c5c0002a68081878fc7ffe010f9
:1007e4000f0002241800e28cc3ff40105f000626ad
:1007f400f2ff052409f8400025200002bfff001085
:100804000f000224049d033cb455648cb455632446
:10081400001046240400659005006390280006ae8d
:10082400030044a8000044b8040045a0050043a008
:100834002400028e049d043cbc55842406004224fa
:1008440066ad400f2c0002ae0c000224400002a64c
:080854008dff00104600048630
:020000040000fa
:020000041d01dc
:10085c0060ffbd279800beaf9400b7af9000b6af55
:10086c008c00b5af7800b0af9c00bfaf8800b4afc0
:10087c008400b3af8000b2af7c00b1af25808000a4
:10088c00a400a5af049d153c049d1e3c049d163c84
:10089c00049d173c0a001324253800002530000065
:1008ac001000a527252000026e90400f1000b3a762
:1008bc00ffff5230ffff02342c00421200000000f8
:1008cc00e3fe400f460014262502410f2588400008
:1008dc00401802002110620000190200231062006f
:1008ec00211051000100032454004312040002aef5
:1008fc005c00029601005126080042300d004014a5
:10090c00ffff3132253840023a0002242530000026
:10091c001000a527252000026e90400f1000a2a702
:10092c0002004224ffff52301100422e2b00405493
:10093c004600048625282002b6cd400f25208002d3
:10094c000a00132425380000253000001000a527cc
:10095c00252000026e90400f1000b3a7ffff52300d
:10096c00ffff0234d6ff421600000000ad01410f1c
:10097c0046000486460040505c000292e3fe400fa5
:10098c00000000000400038e2310430052004018a6
:10099c00010003245c0002960421627c5c0002a628
:1009ac00040002245e0002a29c00bf8f0f000224f0
:1009bc009800be8f9400b78f9000b68f8c00b58fc7
:1009cc008800b48f8400b38f8000b28f7c00b18f0d
:1009dc007800b08f0800e003a000bd276400a527b5
:1009ec00ca84400f253040021000a227211052006b
:1009fc00d455a5266400a42720e0400f530040a046
:100a0c0099004010dc55c52620e0400f6400a42757
:100a1c005b004010ec55e52620e0400f6400a42755
:100a2c003d00401023283202ffffa530b6cd400f09
:100a3c002520800298ff00100a0013242520800234
:100a4c00b6cd400f020005245c0002969c00bf8fbf
:100a5c000900042408004230060003240b1882000d
:100a6c00251060009800be8f9400b78f9000b68f51
:100a7c008c00b58f8800b48f8400b38f8000b28f48
:100a8c007c00b18f7800b08f0800e003a000bd2778
:100a9c009c00bf8f05000324c420027c1800423444
:100aac005c0002a2400003a6090002249800be8f3d
:100abc009400b78f9000b68f8c00b58f8800b48fe0
:100acc008400b38f8000b28f7c00b18f7800b08f20
:100adc000800e003a000bd27a400a38f9c00bf8fdb
:100aec0001000224000062a09800be8f05000224c1
:100afc009400b78f9000b68f8c00b58f8800b48fa0
:100b0c008400b38f8000b28f7c00b18f7800b08fdf
:100b1c000800e003a000bd272530000025380000a8
:100b2c00d082c5276e90400f25200002ffff463073
:100b3c000a00c22c90004014020002241000a527c9
:100b4c0025200002400002a6000000ae253800005f
:100b5c00253000006e90400f1000b3a70100422416
:100b6c00ffff4530b6cd400f252080025c00029679
:100b7c0001000324c418627c46ff00105c0002a62e
:100b8c00510002822a00400406000524b6cd400f15
:100b9c00252080022538000025300000d082c52792
:100bac006e90400f2520000203005124fc003132ce
:100bbc002500222e010040502400112446000486fa
:100bcc00ffff313225302002ca84400f3c00a5279c
:100bdc00252820023c00a4272800072461a3400fed
:100bec001000a6271000a327218862003a000524d4
:100bfc00252060009311410f000020a26f004010cf
:100c0c0025302002000040a0010046248081878fff
:100c1c000700e050510000a20c00e28c650040106f
:100c2c001000a52709f8400025200002510002a25f
:100c3c000a0002241000a5272520000225380000f8
:100c4c00253000001000a2a76e90400f0a0013245c
:100c5c0001004224ffff4530b6cd400f2520800215
:100c6c000eff001025380000d082c5272520000279
:100c7c00253800006e90400f25300000ba81859712
:100c8c001800038e0c00048effff513021106500fc
:100c9c0023104400feff4224ffff42302b1022029f
:100cac000900401405000224300000101000a52794
:100cbc002538000025300000d082c5276e90400feb
:100ccc0025200002ffff5130d9ff201225300000f3
:100cdc00253800001000a527252000023b00022427
:100cec006e90400f1000a2a7ffff42300c00058e43
:100cfc00460004862b9051000a103202ca84400f21
:100d0c00253040000c00038e2110620001004324aa
:100d1c000c0003ae26000324e5ff4012000043a0a4
:100d2c0001000524b6cd400f2520800203000010e1
:100d3c0020001124b6cd400f000000001000a527a4
:100d4c002520000225380000253000006e90400f51
:100d5c001000b1a7ffff423001000524f5ff401041
:100d6c0025208002d3ff001025380000252000022a
:100d7c0076ff0010400002a646000486ca84400f8d
:100d8c001000a5271000a327211062002520600069
:100d9c0029f7400f000040a0000002ae1000a5276c
:100dac00252000022538000025300000a6ff001089
:100dbc001000b3a79eff0010510000a293ff00107b
:040dcc00000020a261
:020000040000fa
:020000041d01dc
:100dd0000000c78c0800c28cd8ffbd271400b1af3b
:100de0002160e2002400bfaf2000b4af1c00b3af0d
:100df0001800b2af1000b0af000083910100422490
:100e0000220008242a0068142188e2000400c88c0b
:100e10002b104800260040102590800000002492ee
:100e20001e01831025182002255800005c000924ab
:100e30000700001022000a242b1048001200405026
:100e4000233827020100649023008a10251800022d
:100e500001007024f8ff8914231007022b104800aa
:100e60000900405023382702020064242310870021
:100e70002b1048002518000201006b25f1ff4014db
:100e800025808000233827020800c7ac2510000009
:100e90002400bf8f2000b48f1c00b38f1800b28fc6
:100ea0001400b18f1000b08f0800e0032800bd27a8
:100eb000f4ff2016251000002400bf8f2000b48fff
:100ec0001c00b38f1800b28f1400b18f1000b08fc8
:100ed0000800e0032800bd2723200c021000c28c6c
:100ee00023208b00010084242c00a5af09f84000ca
:100ef0003000a6af256840003000a68fd700401014
:100f00002c00a58f2b103002d6004010ffff0e3ca6
:100f1000019d0c3c0f000f3c0024d3252550a0015f
:100f20005c000b248c0f8c250028ce2500fcef35af
:100f300009001924060000100d00182401003126b4
:100f400001004a252b103002cb004050000040a188
:100f500000002292f9ff4b54000042a12318110215
:100f6000ba0060581400c28c01002492deff822473
:100f7000ff0042305400472cb300e0108010020004
:100f80000a10827d08004000000000003412019d1c
:100f90004812019d4812019d4812019d4812019d71
:100fa0004812019d4812019d4812019d4812019d61
:100fb0004812019d4812019d4812019d4812019d51
:100fc0003412019d4812019d4812019d4812019d55
:100fd0004812019d4812019d4812019d4812019d31
:100fe0004812019d4812019d4812019d4812019d21
:100ff0004812019d4812019d4812019d4812019d11
:101000004812019d4812019d4812019d4812019d00
:101010004812019d4812019d4812019d4812019df0
:101020004812019d4812019d4812019d4812019de0
:101030004812019d4812019d4812019d4812019dd0
:101040004812019d4812019d4812019d4812019dc0
:101050004812019d4812019d4812019d4812019db0
:101060004812019d4812019d4812019d4812019da0
:101070004812019d3412019d4812019d4812019da4
:101080004812019d4812019d4812019d1c12019dac
:101090004812019d4812019d4812019d0412019db4
:1010a0004812019d4812019d4812019d4812019d60
:1010b0004812019d4812019d4812019dec11019dad
:1010c0004812019d4812019d4812019dd811019db1
:1010d0004812019dc411019ddc10019d060063288a
:1010e000590060142c00a5af0200242648f7400fd9
:1010f0003000a6af25a04000211053000004422c70
:10110000510040143000a68f21108e020004422ca2
:101110006d0040102c00a58f06002226231002022d
:1011200006004228490040541400c28c0600229256
:1011300046004b541400c28c070023927500022411
:10114000420062541400c28c48f7400f0800242665
:10115000211853000004632c3b0060103000a68f60
:10116000801a1400ff03423024186f002c00a58f52
:10117000251862000100143c21a074000c00022418
:1011800004000924f000072403000324211843016c
:1011900080ff08243f00843225208800000064a0de
:1011a000ffff6324fbff431582a1140025a0f40078
:1011b000ff009432000054a12150490161ff00104a
:1011c0002188220202000224000059a12188220263
:1011d0005cff001001004a2502000224000058a113
:1011e0002188220257ff001001004a250a0002242c
:1011f000000042a10200022401004a2551ff001014
:10120000218822020c000224000042a102000224d4
:1012100001004a254bff0010218822020800022409
:10122000000042a10200022401004a2545ff0010ef
:101230002188220202000224000044a12188220207
:1012400040ff001001004a251400c28c2520a00197
:1012500009f840003000a6af3000a68f09ff00104b
:101260000000c78c258800022550a001258020029f
:1012700025684001000040a10000c38c100002243a
:10128000000042ae23180302010063240000adac4d
:1012900001000224fefe00100800c3ac1000c28c46
:1012a000020004242c00a5af09f840003000a6afce
:1012b000255040003000a68fecff40142c00a58f75
:1012c000f0fe00100000c78c8000822e0600401047
:1012d00001000924ff009432000054a106000224fa
:1012e000b6ff0010215049010008822e0500401071
:1012f0000600022402000924c0000724a3ff0010f6
:10130000010003240100023c2b1082020500401062
:101310000600022403000924e00007249bff0010bc
:10132000020003241100023c2b108202c7ff405030
:0c1330001400c28c92ff00100600022482
:020000040000fa
:020000041d01dc
:10133c005c00829458febd279c01b5af070043307a
:10134c008c01b1afa401bfafa001b6af9801b4af8f
:10135c009401b3af9001b2af8801b0af2588800083
:10136c0025a8a0006401a0af6801a0af6c01a0afdc
:10137c007001a0af7401a0af7801a0af7c01a0af49
:10138c00940060108001a0af01000424b3006450ed
:10139c0040002496460034261000b22744002696be
:1013ac000d0002244200c2147481848f5f00362623
:1013bc006401a6270400828c2528c00209f840008d
:1013cc0025804002ffff03244c00431025980000a9
:1013dc006c01a39301000224f6006250049d023cb0
:1013ec004000239606006210049d023c34eb400f33
:1013fc002520c0024a004010049d023c049d023c82
:10140c000483448c048342240400438c030004aa08
:10141c00000004ba0800448c070003aa040003bab5
:10142c000c00438c0b0004aa080004ba1000448c76
:10143c000f0003aa0c0003ba1400438c130004aa77
:10144c00100004ba170003aa180044901900429027
:10145c0019006626140003ba25380000180004a2ef
:10146c00190002a2ffffc63025284002a8e1400f58
:10147c00252080024b004010a401bf8f5000229207
:10148c000100422c0a004224a401bf8fa001b68f98
:10149c009c01b58f9801b48f9401b38f9001b28fda
:1014ac008c01b18f8801b08f0800e003a801bd2723
:1014bc00049d023cac444224803006000a30467c39
:1014cc00049d053cd482a5243d16410f25204002e5
:1014dc007481848f25984000218042020400828c04
:1014ec005f0036266401a62709f840002528c002b3
:1014fc00ffff0324b7ff43146c01a3934000239612
:10150c0001000224beff6210049d023c34eb400f2c
:10151c002520c002baff4014049d023c049d023ced
:10152c002083448c208342240400438c030004aaaf
:10153c00000004ba0800448c070003aa040003ba94
:10154c000c00438c0b0004aa080004ba1000458c54
:10155c000f0003aa1400448c0c0003ba130005aa54
:10156c001800438c100005ba170004aa1c00429006
:10157c00140004ba1b0003aa1c006626180003ba48
:10158c00253800001c0002a2ffffc63025284002af
:10159c00a8e1400f25208002b9ff40545000229250
:1015ac00a401bf8f010002240000a2a2a001b68feb
:1015bc00090002249c01b58f9801b48f9401b38f5c
:1015cc009001b28f8c01b18f8801b08f0800e003bd
:1015dc00a801bd2740008294049d063c7833c624a4
:1015ec00801002000a30c27c1000b227049d053c1a
:1015fc009082a5243d16410f2520400240002396e1
:10160c002580400008000224850062501800268eb8
:10161c008e81829354004014049d033c25380000b5
:10162c00ffff063225284002a8e1400f4600242681
:10163c00dbff4010010002245c002396010004240f
:10164c000410437cffff62305c0023a6070043308c
:10165c0051ff64144600342640002496049d033c3c
:10166c00f832632480280400080042301200401431
:10167c000a18657c0200842c0f008010460034266a
:10168c0025988002070060101000b2272c01062458
:10169c002528400209f8600025202002660040142d
:1016ac00258040005c002296020003240410627c1a
:1016bc003aff00105c0022a6260060101000b22732
:1016cc002c0106242528400209f860002520200260
:1016dc0025804000010016241e00401046003326d1
:1016ec00049d053c25300002b882a5243d16410f0f
:1016fc003c01a427213850002138f6002b38070074
:10170c0040380700ffff46303c01a527252060022a
:10171c00a8e1400f25a06002a2ff4010a401bf8fda
:10172c0025380000ffff063225284002a8e1400fb3
:10173c0025206002dcffc0525c002296049d053c13
:10174c002538000002000624d082a524a8e1400f11
:10175c00252060025c0023960e0002240410037cfa
:10176c0049ff00105c0023a6a482658ca48263242c
:10177c00211050020400648c030045a8000045b8f9
:10178c000800658c070044a8040044b80c00648c65
:10179c000b0045a8080045b81000638c0f0044a846
:1017ac000c0044b8130043a8100043b89bff001072
:1017bc0013001026e882458ce88242240400448cf5
:1017cc00030005aa000005ba0800458c070004aa0e
:1017dc00040004ba0c00448c0b0005aa080005bade
:1017ec001000458c0f0004aa0c0004ba1400448ca1
:1017fc00130005aa100005ba170004aa180045909a
:10180c004000229618007326140004ba180005a292
:10181c0042ff431421805302f9fe0010049d023c48
:10182c00049d053c212050023d16410f9c82a524ad
:10183c0077ff001021800202a9ff001025b00000e4
:020000040000fa
:020000041d01dc
:10184c00049d023c387243243872468c0400639425
:10185c0098ffbd27401002246400bfaf6000b5aff5
:10186c005c00b4af5800b3af5400b2af5000b1af8e
:10187c004c00b0af4000a6af4400a3a73800a0af07
:10188c00ff0082143c00a0a70080133c902c702613
:10189c002000029201004330ef00601425900002fa
:1018ac0002004230f70040546400bf8f0400b18c3a
:1018bc000c00228ef30040106400bf8f0800b28c25
:1018cc00f0004012000000001800428eee00405064
:1018dc00ffff12241c00428eea0040100080043ce2
:1018ec0030010624252800000116410fa02c842469
:1018fc00ffff03240080023c180003ae140003ae6b
:10190c00502d4224000055bc0f0000000080023c0a
:10191c00602d4224000055bc0f0000000080023cea
:10192c00702d4224000055bc0f0000000080023cca
:10193c00802d4224000055bc0f0000000c00248eaa
:10194c000400258e0800228e990006245c0004ae4b
:10195c00940006ae36002496640002ae600005ae1c
:10196c003000258e01008230240005aefcff0524da
:10197c000b18a20010002f8e14002e8e18002d8e26
:10198c001c002c8e100000ae220004a6280003ae12
:10199c000000438e2000049208004a8e0c00498ef1
:1019ac001000488e1400478e1800468e1c00458e81
:1019bc0004004b8effff62300421047c0400422c97
:1019cc00200004a268000fae6c000eae70000daecd
:1019dc0074000cae2c0003ae30000bae34000aae1b
:1019ec00380009ae3c0008ae400007ae440006ae1d
:1019fc0003004010480005ae040002242c0002a68f
:101a0c002e0002968000442cc2008010800003241b
:101a1c0088bf123c00205226990004242e0003a6f5
:101a2c004c0012aed608410fb00000ae51b8400fba
:101a3c00252000029400048e9315410fffff1524fe
:101a4c00000605246c1c410f252040024400148e16
:101a5c004800058e0000828e09f840002520000009
:101a6c009f005510030005241400838e140002ae51
:101a7c0009f86000252000009900551000000000b6
:101a8c004800038e3c00058e2c00878e080066945f
:101a9c000c00648c1400638c1800a6af2000a4af5b
:101aac000080063c0f0004241c00a5af2400a4af4a
:101abc00180002ae2800a3af082dc6241800a527d5
:101acc0009f8e0002520400085004004ffc00534e3
:101adc00081b410f25204002049d083c25280000ce
:101aec002510000001000724505d0825080006247d
:101afc000418470057006330802002000300601078
:101b0c00010042240a20047d2528a400f9ff461474
:101b1c000418470088bf123c0c1b410f00204426c0
:101b2c0030000524101b410f002044360200052410
:101b3c00741c410f0020443625280000761c410ff0
:101b4c0000204436141b410f00204436181b410f53
:101b5c00002044361c1b410f002044363b00228ad7
:101b6c003c0025923d0024923800229a4000a38f1d
:101b7c003400a5a33000a2af690043103500a4a324
:101b8c003800a38f6c0043103400a39788bf043c2b
:101b9c003000a5272710410f002084242c00059627
:101bac00049d123c1000b0af986547260200062435
:101bbc006eb7400f252000022c00039648004314fa
:101bcc0098654726300005961000b0af010006243a
:101bdc006eb7400f252000023000039640004314de
:101bec00000000003200129630004016030006245c
:101bfc003400129635004016020006248880828f2d
:101c0c001000021225900002350040140000000064
:101c1c009400048e2000338ed608410f2400318ea0
:101c2c009315410f9400048e9c0000ae980000aefa
:101c3c00a40000aea00000aea80013aeac0011ae24
:101c4c00888090af20000292010003241c0003ae98
:101c5c000400627c200002a26400bf8f25104002a9
:101c6c006000b58f5c00b48f5800b38f5400b28ff6
:101c7c005000b18f4c00b08f0800e0036800bd2706
:101c8c006400bf8fffff1224251040026000b58f47
:101c9c005c00b48f5800b38f5400b28f5000b18fda
:101cac004c00b08f0800e0036800bd2725284002d7
:101cbc00019f400f25200002090042160000000081
:101ccc0034001296cdff401225300000252840022a
:101cdc00019f400f902c6426c9ff52108880828f80
:101cec0085c1400f902c64266400bf8fffff122427
:101cfc00251040026000b58f5c00b48f5800b38f84
:101d0c005400b28f5000b18f4c00b08f0800e0032c
:101d1c006800bd270f0042243dff0010f0ff433048
:101d2c003400a4974400a39796ff83143800a38f24
:101d3c009bff00102c0005963c00a29794ff6214a8
:0c1d4c0088bf043c96ff00102c00059698
:020000040000fa
:020000041d01dc
:101d5800e0ffbd271800b2af0180123c70c4429268
:101d68001c00bfaf1400b1af280140141000b0af81
:101d78002701a0101c00bf8f0000a3900200632c55
:101d88001d016010ffff022470c450262588a000a2
:101d980034020624252800000116410f25200002e0
:101da8000180043c68010624252800000116410f23
:101db800a4c684240101022470c442a60000239210
:101dc800251000000a016010020003a20400248efe
:101dd80040290200212085000000838c21006050ea
:101de8000400838c4020020021208200802004000f
:101df80023208200c020040004008424212004023f
:101e080050006a2403006988070068880b00678807
:101e18000f006688000069980400689808006798b1
:101e28000c00669810006324000089ac040088ac9c
:101e3800080087ac0c0086acf2ff6a1410008424fa
:101e480003006788070066880000679804006698a2
:101e5800000087ac040086ac0400248e2120850095
:101e68000400838c200060100100462440200600f6
:101e7800212086008020040023208600c020040042
:101e8800040084242120040250006b2403006a8883
:101e9800070069880b0068880f00678800006a9847
:101ea80004006998080068980c006798100063247b
:101eb80000008aac040089ac080088ac0c0087ac30
:101ec800f2ff6b14100084240300688807006788f9
:101ed8000000689804006798000088ac040087ac8c
:101ee8000400248e212085000800838c2100605086
:101ef8000c00838c402002002120820080200400f6
:101f080023208200c0200400b4008424212004027d
:101f180050006b2403006a88070069880b006888f2
:101f28000f00678800006a9804006998080068989c
:101f38000c0067981000632400008aac040089ac88
:101f4800080088ac0c0087acf2ff6b1410008424e6
:101f5800030068880700678800006898040067988d
:101f6800000088ac040087ac0400248e2120850082
:101f78000c00838c210060501000838c40200200ec
:101f8800212082008020040023208200c020040039
:101f98000c0184242120040250006b2403006a8869
:101fa800070069880b0068880f00678800006a9836
:101fb80004006998080068980c006798100063246a
:101fc80000008aac040089ac080088ac0c0087ac1f
:101fd800f2ff6b14100084240300688807006788e8
:101fe8000000689804006798000088ac040087ac7b
:101ff8000400248e212085001000838c1e00605070
:102008001400838c402002002120820080200400dc
:1020180021208200802004006401842421200402fd
:1020280030006b2403006a88070069880b00688801
:102038000f00678800006a9804006998080068988b
:102048000c0067981000632400008aac040089ac77
:10205800080088ac0c0087acf2ff6b1410008424d5
:102068000300678800006798000087ac0400248e8e
:10207800212085001400838c1e0060501800838c7a
:1020880040200200212082008020040021208200bc
:1020980080200400980184242120040230006b244d
:1020a80003006a88070069880b0068880f00678842
:1020b80000006a9804006998080068980c006798fe
:1020c8001000632400008aac040089ac080088acc6
:1020d8000c0087acf2ff6b1410008424030067889f
:1020e80000006798000087ac0400248e212085003a
:1020f8001800838c1e0060501c00838c4020020056
:1021080021208200802004002120820080200400f9
:10211800cc0184242120040230006b2403006a8847
:10212800070069880b0068880f00678800006a98b4
:1021380004006998080068980c00679810006324e8
:1021480000008aac040089ac080088ac0c0087ac9d
:10215800f2ff6b141000842403006788000067985e
:10216800000087ac0400248e212085001c00838c8d
:102178001a00601040200200212082008020040004
:102188002110820080100200000242242110020265
:102198003000692403006888070067880b00658899
:1021a8000f00648800006898040067980800659824
:1021b8000c00649810006324000048ac040047ac8d
:1021c800080045ac0c0044acf2ff6914100042242e
:1021d8000300648800006498000044ac0200039285
:1021e800ff00c2302b184300f9fe60540400248e0f
:1021f800251000021c00bf8f1800b28f1400b18f89
:102208001000b08f0800e0032000bd271c00bf8f1e
:10221800ffff02241800b28f1400b18f1000b08f96
:082228000800e0032000bd27bf
:020000040000fa
:020000041d01dc
:10223000e0ffbd271400b1af0180113c00d4228e15
:102240001c00bfaf1800b2af0800432ce6006010be
:102250001000b0af80180200019d023c6c224224a5
:102260000a10437c08004000000000006025019d2a
:102270008425019d7823019dfc23019d6824019df7
:10228000cc24019d8c22019de422019d049d053cee
:1022900024fca52448f1400f252000005482839798
:1022a000bf000224d90062105682839700d42226f0
:1022b00008004290d30040100400032486bf103c65
:1022c0000020122400101124640004243c0112aeea
:1022d0003c0111ae5d09410f00000000fbff001042
:1022e00064000424049d053c2520000048f1400fb3
:1022f00040fca5240180023cccc842240180033c60
:102300008cc96324b00044240000488c0400478c2e
:102310000800468c0c00458c10004224000068ac7c
:10232000040067ac080066ac0c0065acf6ff441412
:10233000100063240000478c0400468c0800458c84
:102340000c0044940e004290000067ac040066aca0
:102350000e0062a0080065ac0c0064a40100022419
:102360001c00bf8f1800b28f1400b18f1000b08f07
:102370000800e0032000bd27e3fe400f000000003e
:102380004882908f2502410f23805000cccc033c23
:10239000cdcc6334190043001010000082100200fd
:1023a0002b800202c60000120000000086bf103c15
:1023b000e3fe400f000000004482928f2502410f8f
:1023c0002390520080180200211062004010020089
:1023d0002b904202b4004012000000002005028e43
:1023e000c000427c810040101c00bf8f030002240b
:1023f00000d422aedaff001025100000e3fe400feb
:10240000000000004882908f2502410f2380500079
:10241000cccc033ccdcc6334190043001010000039
:10242000821002002b8002029600001200000000c1
:1024300086bf103c2005028ec000427c6b00401419
:102440001c00bf8f0300032400d42226308083a306
:1024500001000324080043a00400022400d422ae9b
:10246000bfff001025100000049d053cf4fba524cf
:1024700048f1400f2520000021b7400f0180103c9b
:1024800000d41026e914410f0400048efdff401013
:10249000000000000bc7400f00000000e914410fce
:1024a0000400048efdff40101c00bf8f05000224b5
:1024b00000d422ae1800b28f251000001400b18f96
:1024c0001000b08f0800e0032000bd27049d053cec
:1024d0000cfca5242520000048f1400f00d4302634
:1024e0000400048e86bf023c00100324380143ac74
:1024f0002538000000200324060006245482852786
:10250000380143ac7cf0400f00000000e914410f9b
:102510000400048efdff40100180053c0400048e81
:1025200006000724bf0006247cf0400fccc8a52479
:10253000e914410f0400048efdff40101c00bf8f02
:102540000600022400d422ae1800b28f251000002d
:102550001400b18f1000b08f0800e0032000bd27e9
:1025600086bf023c2005428cc000427ccfff401455
:102570001c00bf8f0100022400d422ae78ff00109f
:1025800025100000e3fe400f000000004882908ffd
:102590002502410f23805000421002002b800202ce
:1025a0002f0000120000000086bf103ce3fe400f29
:1025b000000000004482928f2502410f23905200b8
:1025c0008018020021106200401002002b9042028d
:1025d0001d004012000000002005028ec000427c59
:1025e000b2ff40141c00bf8f1c00bf8f25100000dd
:1025f0001800b28f1400b18f1000b08f0800e003f4
:102600002000bd2756ff001000d423ae50828297d1
:1026100027ff621400d42226588290970180043c40
:1026200025300000bf000524bb77400fccc88424b0
:102630001fff025600d422260700022400d422ae37
:1026400047ff001025100000e3fe400f00000000cf
:10265000448282af02000224dfff001000d422aec9
:10266000e3fe400f86bf103c00100324488282af77
:10267000002002243c0103ae3c0102aecbff00105f
:1026800000000000e3fe400f86bf103c0010032452
:10269000488282af002002243c0103ae3c0102ae1e
:1026a00064ff001000000000e3fe400f0000000087
:1026b000448282af0500022448ff001000d422aefd
:1026c000e3fe400f86bf103c00100324488282af17
:1026d000002002243c0103ae3c0102ae34ff001096
:0426e00000000000f6
:020000040000fa
:020000041d01dc
:1026e40058ffbd27049d023c1000a2af049d023c8c
:1026f4002000a2af86bf023c8400b1af2400a2af89
:102704000180113c049d023c50d331261800a2af35
:1027140088bf023ca000beaf1400a2af25f0200287
:10272400049d023c1c00a2af0000c28f8800b2af1f
:102734000180123c9c00b7af9400b5af8cc95226ff
:1027440025b80000010015249000b4af8c00b3af8d
:102754008000b0afa400bfaf9800b6af25804002a0
:102764000180143c049d133c1c005510ff00e7320b
:102774002600401002000324050043540400de2711
:102784007ce7400f2520e0000000d5af0400de27e1
:102794000d00e01206001026a400bf8fa000be8f1b
:1027a4009c00b78f9800b68f9400b58f9000b48fbb
:1027b4008c00b38f8800b28f8400b18f8000b08ffb
:1027c4000800e003a800bd270000c28f0100172401
:1027d40001001524e6ff5514ff00e7320200e2264b
:1027e40080100200211022020000438c010063309b
:1027f4004c00605070808293000043900400037c7e
:10280400000043a0e1ff00100000c0af244c62268a
:102814000400438c244c688e0800429408d0962609
:1028240025300000090005242520c00208d088ae08
:102834002800a7af0400c3aeb1a8400f0800c2a689
:1028440058000292210040100100e6261c00a28fcd
:102854002520c0023d16410f304c4524ff00453071
:1028640025300000b1a8400f2520c0022800a78f02
:102874009400f5121400a38f0000628cc47ba27e26
:10288400000062ac401017002110570040100200f5
:1028940021104202570044882528e0004c68400f6c
:1028a400540044980200e226801002002110220203
:1028b40000004390010004244408837c000043a0ea
:1028c40001000224b1ff00100000c2af1800a28f63
:1028d4002520c0023d16410f404c4524ff004530e1
:1028e40025300000b1a8400f2520c0027a00f5125f
:1028f4001400a38f0000628cc47b027c000062acd5
:102904000200e226801002002110220200004390ff
:102914004408037c000043a0010002249bff001034
:102924000000c2af64000424e80303240b188200ef
:10293400e3fe400f688083af6080838f23104300e1
:102944002502410f3000a2af6880838f3c00a0af06
:102954004000a2af3800a3af1000a38f3800a0d767
:102964004400a0afa86f61c42000a0463400a0af0b
:10297400030001464000a1d7a008a0463000a1d71b
:102984006008a046020002463e0001466b00014575
:1029940000000000e3fe400f000000005880838f19
:1029a400231043002502410f4800a2af5000a2affc
:1029b4005400a0af5000a0d74c00a0af4800a1d74e
:1029c4002000a046000000466008a0463e010146e3
:1029d40055000545000000007180829364000424c2
:1029e400e80303240b188200e3fe400f6c8083afde
:1029f4006480838f231043002502410f5800a2af47
:102a04006c80838f6400a0af6800a2af6000a3afa6
:102a14001000a38f6000a0d76c00a0afa86f61c4a2
:102a24002000a0465c00a0af030001466800a1d7c7
:102a3400a008a0465800a1d76008a046020002469c
:102a44003e0201462e00094500000000e3fe400f4f
:102a5400000000005c80838f231043002502410f97
:102a64007000a2af7800a2af7c00a0af7800a0d71e
:102a74007400a0af7000a1d72000a046000000465b
:102a84006008a0463e03014618000d450000000002
:102a94002000a38f4011170001000524382f632460
:102aa400211062001400428c09f840000100042443
:102ab40037ff40500400de270200022433ff0010d9
:102ac4000000c2af0010628cc47be27e001062acd6
:102ad4006dff0010401017000010628cc47b027c54
:102ae400001062ac87ff00100200e226e3fe400ff4
:102af400000000005c8082afe5ff0010718080a3bd
:102b0400e3fe400f000000005e004392648082af49
:102b140018006010002002242400a38f3c0162ac42
:102b2400caff001000000000e3fe400f0000000098
:102b3400588082afa8ff0010708080a3e3fe400f8e
:102b44000000000058004392608082af05006010ce
:102b5400001002242400a38f3c0162ac8dff0010fe
:102b6400000000002400a38f380162ac89ff00102c
:102b7400000000002400a38f380162acb3ff0010f2
:042b8400000000004d
:020000040000fa
:020000041d01dc
:102b8800d0ffbd272000b0af0180103c80d2028e5c
:102b98002c00bfaf2800b2af0700432ca000601084
:102ba8002400b1af80180200019d023cc42b4224ce
:102bb8000a10437c0800400000000000082c019d1a
:102bc800442c019d942c019de42c019df82d019d20
:102bd800282e019de02b019d01000224858082a3ff
:102be8000100022480d202ae2c00bf8f2800b28fd1
:102bf8002400b18f2000b08f8fc6400b3000bd2756
:102c080080d21226ffff11240700042493c5400f29
:102c1800100051aef4ff5110100042ae029d053c69
:102c280025204000010006241a1a410f0c4ea52445
:102c380001000224ecff001080d202ae80d21126df
:102c48001000248effff02241413410f140022ae3b
:102c580002000324e4ff4314140022ae1000248e63
:102c680000a0053c00020224000206249028a524a6
:102c78003c17410f080022ae01000224040022aed6
:102c880004000224d8ff001080d202ae00a0033c4a
:102c9800902872240002429280d21126080020aea9
:102ca8000600442cd0ff8010902862a0019d033cb0
:102cb80080100200cc2c63240a10627c08004000bb
:102cc80000000000f02b019d002f019de02e019dca
:102cd800b02e019d402f019d242f019d80d21126e9
:102ce8000800288ec1ff00112c00bf8f00a0033cf4
:102cf80090287224049d063c214848022528400259
:102d080025100000305dc6240000a79002230200b1
:102d18000011020002190700262083004020040049
:102d28002120c400000083940100a524261043003c
:102d3800ffff4230021b0200261867000f006330b5
:102d4800401803002118c30000006394001102001a
:102d5800261043002026027cebffa914ffff8230d7
:102d680021384802021a0200020008250100022444
:102d78000000e4a00100e3a0080028ae3000001124
:102d8800000242a201000b3c251840020200e72481
:102d98000100022412006b250d00001010000a2407
:102da8000000c67c010044243700c01002004924fa
:102db800214042020300462400020aa125102001f6
:102dc80021204402010063241f00e310000285a0b3
:102dd800000065901100a42cf1ff80540630ab0070
:102de8000200462425204000f5ff0010010042247f
:102df80080d20226180043907cff60102c00bf8f01
:102e08000400438c0100042424006410180040a02e
:102e1800060062380b18820073ff001080d203aee0
:102e28000700022480d202ae2c00bf8f2800b28f88
:102e38002400b18f2000b08f8fc6400b3000bd2713
:102e480002000624010002241000248e00a0053c84
:102e58000400032421104202902aa524000243a062
:102e68004417410f080020ae0400238e06000224f8
:102e78000200621003000224040022ae04000224af
:102e880059ff001080d202ae254080002530200175
:102e980025204000caff001025100001020002246e
:102ea80051ff001080d202ae0c00258e00a0043c19
:102eb800912a84248c56400ffdffa5244bff401413
:102ec8002c00bf8f01000224080022ae0300022458
:102ed80045ff001080d202ae209d053c31ff400f17
:102ee800109d043c0300022480d202ae010002249b
:102ef8003dff0010080022ae6a1c410f00000000d0
:102f08000222020003000324010044a2020042a29c
:102f1800080023ae34ff001080d203ae0100022463
:102f2800080022ae06000224040022ae0300022498
:102f38002dff001080d202ae00a0033c00a0023c8e
:102f4800912a6524952a44240300a58803008888cb
:102f5800912a6598952a48981400a5af2400001175
:102f68001000a8af049d063c2140a80025100000d1
:102f7800305dc6240000a790022302000011020061
:102f88000219070026208300402004002120c400e5
:102f9800000083940100a52426104300ffff42305f
:102fa800021b0200261867000f0063304018030058
:102fb8002118c3000000639400110200261043008a
:102fc800ecffa814ffff423000a0043c03000324d8
:102fd80091288524003a467c912882a01800a2a74f
:102fe8000100a6a0080023aefffe001080d203aea9
:082ff800f5ff00102510000098
:020000040000fa
:020000041d01dc
:10300000c0ffbd270f000524020004242400b1af37
:103010003c00bfaf3800b6af3400b5af3000b4af3e
:103020002c00b3af2800b2afc00d410f2000b0afed
:1030300025884000010042300e0040140180133cfe
:10304000020031323b0020160180123c3c00bf8f51
:103050003800b68f3400b58f3000b48f2c00b38f9a
:103060002800b28f2400b18f2000b08f0800e00349
:103070004000bd270400001038cf7326020006244c
:103080007d01410f25204002ba18410f020004249f
:10309000ebff4010259040001800508e050a410fac
:1030a000252000020000039601000224f3ff6214b1
:1030b000f2ff05240400039606040224f0ff6214c4
:1030c000020006241b00148a2800558e0400768e08
:1030d0001800149a2520a002a819410f1c00b4afb3
:1030e0001100038a002102002320820080200400b6
:1030f000251060000a20c47e0e00029a1800a52741
:10310000d2c5400f1800a2af0500401025b0400006
:10311000080006262528400062d7400f2520a0027f
:103120000400a28ea30082524200a296d3ff001098
:103130000200052438cf52261800438e6210023c4c
:10314000d34d4224d007632419006200180043ae17
:103150001010000082110200241c410f140042ae26
:1031600025a84000b9ff40180400518e14003126f4
:1031700025a00000f40e410f252080021000308ea3
:103180001d000012259840001400428e0800048e95
:103190003400438e231044002b1043004800405459
:1031a0004200769607000010100036260800048eb4
:1031b0003400438e231044002b1043004000405441
:1031c00042007696ecff248e1b15410ffcff05266e
:1031d00005d5400f2520c00204000526ffff072467
:1031e0002530000031d7400f252060021000308ebe
:1031f000eeff00561400428e0000308e1e0000527a
:10320000ecff228e1400438e0800048e3000428ea4
:10321000231864002b1062000a004050ecff248e3b
:1032200015000010ecff228e0800048e3000438e43
:10323000231044002b1043000f004054ecff228e5b
:10324000ecff248e1b15410ffcff052605d5400f12
:103250002520200204000526fdff0724253000005c
:1032600031d7400f252060020000308eeeff00565f
:103270001400428eecff228e2000238e2400428c0c
:103280002b104300340040502400228e010094266d
:10329000b8ffb4163c0031263c00bf8f3800b68f13
:1032a0003400b58f3000b48f2c00b38f2800b28f5c
:1032b0002400b18f2000b08f0800e0034000bd273c
:1032c0001f0000100010d632120004962b1082004e
:1032d000190040500000108e3800468e0800058e00
:1032e0001400428e02208670231045002b104400eb
:1032f000110040540000108e0100052425206002ba
:103300000300c012000163300b0060500000108efb
:103310000400078e0400668e188082271400a0af78
:10332000bb87400f1000a2af12000296010042249a
:10333000120002a60000108eb0ff00520000308e76
:10334000fcff039600026230dfff405442004296c9
:10335000ddff001040004296ccff401025b0000079
:103360000c000010000000001b15410fecff248e24
:10337000fcff0724253000000400052631d7400f4c
:10338000252060022400228e2b10c202c0ff405074
:103390000100942605d5400f252020020100d626e5
:1033a00025804000f0ff4014fcff4524b8ff0010ca
:1033b000010094260010423030ff40140200052422
:1033c0001000c0122520a00206000396010002246e
:1033d0002aff6214020005241100078a0400a68e49
:1033e0003c00a2260e00079a080010261400a2af87
:1033f0001000b0afbb87400f2520a0021fff0010b8
:1034000002000524a819410f0400748e001902005f
:10341000231062008010020021a082020000848e2e
:103420001800a52758ca400f08001626e7ff40508d
:10343000060003960000439402006330070060100a
:103440002530c00214008726800005245403410f54
:1034500025204000ddff00100600039625284000cf
:1034600062d7400f2520a002d8ff00100600039667
:020000040000fa
:020000041d01dc
:10347000c8febd273401bfaf3001beaf2c01b7afce
:103480002801b6af2401b5af2001b4af1c01b3af22
:103490001801b2af1401b1af1001b0afa3fa400fe1
:1034a0003c01a5af0001401025804000c800062463
:1034b000252800000116410f1000a42702000696df
:1034c00004001026252800000116410f25200002c7
:1034d000fd12410f25200002049d033c509d658c88
:1034e000509d6324211002020400648c030045a84f
:1034f000000045b80800658c070044a8040044b8e3
:103500000c00648c0b0045a810006390080045b8bf
:103510000f0044a80c0044b8100043a0049d023cd6
:10352000e800a2af049d023cec00a2af049d023c67
:10353000f000a2af0180133c049d023c8cc96526bb
:10354000f400a2af049d023c0c01a5aff800a2afad
:10355000049d023cfc00a2af049d023c0001a2af0e
:10356000049d023c0401a2af049d023c2590a000f2
:1035700025a80000100014240801a2afe800a28fc3
:10358000770046921000a4273d16410f649d452404
:103590001000a52725200002e400a2affe0f410f76
:1035a00040881500c8000624252800000116410f98
:1035b0001000a427218835020c01a38fc0881100b8
:1035c000231035022188620076002292ec00a38f3e
:1035d0007500269200120200709d65242530460079
:1035e0003d16410f1000a4271000a527252000023a
:1035f000fe0f410fe000a2afc800062425280000fe
:103600000116410f1000a42764002292f000a38f3e
:103610006300269200120200809d6524253046003a
:103620003d16410f1000a4271000a52725200002f9
:10363000fe0f410fdc00a2afc800062425280000c1
:103640000116410f1000a42779002292f400a38fe5
:103650007800269200120200909d652425304600d5
:103660003d16410f1000a4271000a52725200002b9
:10367000fe0f410fd800a2afc80006242528000085
:103680000116410f1000a4276c002292f800a38fae
:103690006b00269200120200a09d65242530460092
:1036a0003d16410f1000a4271000a5272520000279
:1036b000fe0f410f25984000c80006242528000071
:1036c0000116410f1000a42772002292fc00a38f64
:1036d0007100269200120200b09d6524253046003c
:1036e0003d16410f1000a4271000a5272520000239
:1036f000fe0f410f25f04000c800062425280000d9
:103700000116410f1000a4276e0022920001a38f22
:103710006d00269200120200c09d652425304600ef
:103720003d16410f1000a4271000a52725200002f8
:10373000fe0f410f25b84000c800062425280000d0
:103740000116410f1000a427740022920401a38fd8
:103750007300269200120200d09d65242530460099
:103760003d16410f1000a4271000a52725200002b8
:10377000fe0f410f25b04000c80006242528000098
:103780000116410f1000a427700022920801a38f98
:103790006f00269200120200e09d6524253046004d
:1037a0003d16410f1000a427e000af8fe400a88f62
:1037b000dc00ae8fd800ad8f21300f012130ce005c
:1037c0002130cd002130d3002130de002130d70060
:1037d0002130d6002110c2001000a52725200002ac
:1037e000fe0f410f218854001000a427c8000624b2
:1037f0000116410f25280000030002240c00a2122c
:1038000025200002fd12410f020034262110020281
:103810007d000424000044a02c000424010044a0e6
:10382000020040a00100b52654ff001017005226e8
:10383000fd12410f00000000010043242118030283
:10384000211002027d000424000044a0010064a0b5
:103850003c01a48f030026265d00022425280002d7
:1038600001000724000062a0020060a032b9400fee
:10387000ffffc6303401bf8f251000003001be8f1e
:103880002c01b78f2801b68f2401b58f2001b48f8a
:103890001c01b38f1801b28f1401b18f1001b08fca
:1038a0000800e0033801bd273401bf8f0300022464
:1038b0003001be8f2c01b78f2801b68f2401b58f40
:1038c0002001b48f1c01b38f1801b28f1401b18f86
:0c38d0001001b08f0800e0033801bd2794
:020000040000fa
:020000041d01dc
:1038dc00c8ffbd270080023c1c00b1afa02e5124b4
:1038ec001800b0af14002592a02e508c3400bfaf3e
:1038fc003000b6af2c00b5af2800b4af2400b3af86
:10390c002000b2af00000492251800021100a01490
:10391c00251000001800805405000492140020a209
:10392c003400bf8f3000b68f2c00b58f2800b48fb9
:10393c002400b38f2000b28f1c00b18f1800b08f01
:10394c000800e0033800bd27f5ffa2102c0063240b
:10395c00000064900100422425806000faff801072
:10396c00ff0042300100032402004350140020a247
:10397c00140022a205000492010003240f008310fe
:10398c000c00028e0500432ce6ff60103400bf8f44
:10399c00019d033c80100200b43963240a10627c40
:1039ac000800400000000000d839019d0c3c019d2e
:1039bc00303b019d7c3b019d1c3a019d040003247e
:1039cc0001004350150020a20c0000ae2000038e15
:1039dc0001000224a400621000000000000000aef0
:1039ec00040000a63400bf8f200000ae3000b68f5c
:1039fc002c00b58f2800b48f2400b38f2000b28f19
:103a0c001c00b18f1800b08f0800e0033800bd27f0
:103a1c002400028e02000324b10043500800028ee1
:103a2c008e004014030002241000248e049d053cdb
:103a3c00010000a204000624ef0a410f1074a52413
:103a4c000100432c010003a20400338e4d00162408
:103a5c00ff001424000063922e0060140aa0c2021e
:103a6c001800058e049d123c04000292802805006b
:103a7c00c06a52260a90457e01004224040002a22c
:103a8c00fd12410f25204002ff0055300200672631
:103a9c002520e0002530a002252840027f14410f8c
:103aac00ff0052300200039221a875022538400015
:103abc000200a3a204000492010042260200432645
:103acc00ff004230ff00633021106202300084247a
:103adc0021186302020044a0020060a0180070ae1e
:103aec0006009616010074a2140060ae100060aec1
:103afc0003000292f98180a3f88182a30800328e20
:103b0c001800038e010004240800428e5f0062102e
:103b1c00000064a202000224150020a280ff001005
:103b2c000c0002ae0800028e0000428c09f8400026
:103b3c001400048e440040502000038e2000028e9e
:103b4c0009004054010002240800028e0400428c3b
:103b5c0009f840001400048e280002ae0300022471
:103b6c000c0002ae010002246dff0010200002ae1a
:103b7c00150022926bff40143400bf8f2800028e78
:103b8c0001000324150023a21000428c0000428c7b
:103b9c000002432c050060100100122400021224c4
:103bac001b004202f4014000129000001000248e11
:103bbc00000206240116410f252800000800028e81
:103bcc0002000324240003ae1400048e1000b2afd4
:103bdc000800428c1000268e2538000009f84000a1
:103bec001c0005261c00038effff02244cff6250b4
:103bfc00150020a20400022449ff00100c0002aea4
:103c0c000800028e060004962400428c09f840003d
:103c1c0003000524ffff032441ff4310140002aef0
:103c2c000800038e049d053c252040001000638c89
:103c3c002530000209f86000b822a52402000224f5
:103c4c0037ff00100c0002ae010002240a006210c3
:103c5c000000000032ff0010200000ae150020a272
:103c6c002fff00100c0002aefee1400f25200002d9
:103c7c005bff0010000000aefee1400f25200002ab
:103c8c00040000a226ff0010200000ae0400538e9a
:103c9c002520e0008a14410f050065269eff401484
:103cac00020002240c00468e0000458e2520600286
:103cbc0025380000b574400f1000a0af150040105f
:103ccc0003000424fc81828f92ff40100082868fb7
:103cdc0009f840000000458e8fff001002000224fe
:103cec002c00598c0eff20133400bf8f1000048e53
:103cfc003000b68f2c00b58f2800b48f2400b38f02
:103d0c002000b28f1c00b18f1800b08f0800200368
:103d1c003800bd270c1d410f000000000d0042387b
:083d2c00e8ff00100100442c27
:020000040000fa
:020000041d01dc
:103d340068ffbd270300a5287800b2af7400b1afb7
:103d44009400bfaf9000beaf8c00b7af8800b6af91
:103d54008400b5af8000b4af7c00b3af7000b0afe7
:103d640025888000ef00a0100400928c5c81828f73
:103d7400d7004018039d023c2800a2af039d023cdb
:103d84002c00a2af039d023c3000a2af039d023c75
:103d94003400a2af039d023c5800a2af039d023c35
:103da4005400a2af039d023c5c00a2af039d023c01
:103db4006000a2af039d023c6400a2af039d023cdd
:103dc4006800a2af039d023c3800a2af039d023cf1
:103dd4003c00a2af039d023c4000a2af039d023c05
:103de4004400a2af039d023c4800a2af039d023ce5
:103df4004c00a2af039d023c25980000039d143c97
:103e0400039d1e3c039d173c039d163c0b000010b4
:103e14005000a2af5000a38f252040020000428c26
:103e2400788f652409f84000010073265c81828f35
:103e34002a106202a70040109400bf8ff40e410fb5
:103e440025206002252040001000a5271400062428
:103e5400f6d1400f258040000000228e252000026c
:103e6400e316410f0400558c2538400025204002fc
:103e74001000a62709f8a0024c8f8526a518410f2b
:103e840025200002e3ff40500000228e271c410f32
:103e9400252000020000238e253040008c8fc5278a
:103ea4000400628c09f84000252040025512410f9d
:103eb40025200002140006241000a5272400a427ae
:103ec400c5ea400f2400a2af0000228e1000a627ee
:103ed400b08fe5260400428c09f8400025204002fa
:103ee4008512410f25200002140006241000a52786
:103ef4002400a427c5ea400f2400a2af0000228eac
:103f04001000a627c48fc5260400428c09f840007f
:103f1400252040026112410f2520000214000624ce
:103f24001000a5272400a427c5ea400f2400a2af4f
:103f34000000228e2800a38f1000a6270400428cc4
:103f4400d08f652409f84000252040026d12410fee
:103f540025200002140006241000a5272400a4270d
:103f6400c5ea400f2400a2af0000228e2c00a38fcc
:103f74001000a6270400428ce08f652409f8400055
:103f8400252040027912410f252000021400062446
:103f94001000a5272400a427c5ea400f2400a2afdf
:103fa4000000228e3000a38f1000a6270400428c4c
:103fb400ec8f652409f84000252040022f15410f9d
:103fc400252000022520400014000624fdf3400fa4
:103fd4001000a5270000228e3400a38f2520400264
:103fe4000400428c1000a62709f84000f88f6524cd
:103ff400d80e410f25200002410040145800a38f21
:104004005c00a38f0000228e252040023c90662491
:104014005400a38f0400428c09f84000509065249a
:104024000000228e25200002d8f9400f0400558c90
:104034006400a38f25204002f48e66246800a38fb9
:10404400fc8e63240a3062006000a28f09f8a0028b
:104054000c9045240000228e2520000201007326c6
:10406400dd10410f0400558c4800a38f2520400229
:10407400088f66244c00a38f0c8f63240a306200df
:104084003800a28f09f8a0021c9045240000228e5b
:1040940025200002680b410f0400508c4000a38fc0
:1040a40025204002148f66244400a38f1c8f6324b0
:1040b4000a3062003c00a28f09f800022c904524cb
:1040c4005c81828f2a1062025cff401400000000b1
:1040d4009400bf8f9000be8f8c00b78f8800b68f7e
:1040e4008400b58f8000b48f7c00b38f7800b28fca
:1040f4007400b18f7000b08f0800e0039800bd27f2
:104104000000228e252040025c9066245400a38f78
:104114000400428c09f8400050906524ceff001042
:104124000000228e0000828c039d053c2520400265
:104134000000428c09f84000288fa5240000228e3c
:10414400039d053c252040020000428c09f84000f4
:104154003c8fa5249400bf8f9000be8f8c00b78f36
:104164008800b68f8400b58f8000b48f7c00b38f35
:104174007800b28f7400b18f7000b08f0800e00334
:044184009800bd27bb
:020000040000fa
:020000041d01dc
:10418800c8ffbd27010002242800b6af2400b5af40
:104198002000b4af1800b2af3400bfaf3000beafdc
:1041a8002c00b7af1c00b3af1400b1af1000b0af14
:1041b80025a0a0002590800025a8c0000300a2101b
:1041c80025b0e000bb00c01400000000eaec400f7e
:1041d80000000000f4004010259840000e1d410f1b
:1041e80000000000bc808393b8006014ffff6324c4
:1041f800101d410f25204000c880848f0f008010bb
:10420800d880858f0000a28c06004014258000000d
:104218001300001025b800000a10a27c11004050bd
:10422800cc80848f010010262086107c2b18040275
:1042380080101000f8ff601425b800020e1d410f11
:10424800ffff1024bc8083932520400001006324d5
:10425800101d410fbc8083a38a0000103400bf8f5b
:10426800cc80848f880006240800828c09f84000de
:1042780001000524cc80848fc08085972588400064
:104288000400828c09f840000100a524cc80848faa
:10429800be80859725f040000400828c09f8400014
:1042a8000100a524ab002012cc80848faa00c05343
:1042b80025284000a7004010c0808397d880848fad
:1042c800be8085970100632480b817002128450027
:1042d8002118c30321b89700140022ae1802022443
:1042e800180025ae040023ae3c0030a600003eae08
:1042f8006a0022a60e1d410f0000f1aebc80839318
:104308002520400001006324101d410fbc8083a3b9
:10431800740023963e0022960000258ef3fd63303c
:10432800740023a67400248e1400278e6200299638
:10433800ffff63304450027c01000624000242342f
:104348000008847c080025ae0c0025ae100025aec0
:1043580000206830ffff0524720029a61c0027ae44
:10436800200027ae380020ae340020ae540020ae26
:104378005c0025ae640026a66e0026a6600020a676
:104388003e0022a6400020ae790020a202000015bf
:10439800770024a2480020ae00406330010060503e
:1043a800440020aeff00423201000324870020a20f
:1043b80024004312770022a24c0020ae6100401472
:1043c80000000000740022960408427e2500801236
:1043d800740022a6620033a6e3fe400f600035a6f3
:1043e8003e00249601000324240022ae4408647c85
:1043f8004a0043123e0024a67700229201000324bb
:10440800370043504000228e0b000324760023a27d
:104418003400bf8f251000023000be8f2c00b78fec
:104428002800b68f2400b58f2000b48f1c00b38fee
:104438001800b28f1400b18f1000b08f0800e0038d
:104448003800bd279004410f252020025800401055
:104458004c0022ae740022960408427e2800801682
:10446800740022a63e00229601000324620033a6af
:104478000400627c3e0022a6760020a2720033a6c9
:104488003400bf8f251000023000be8f2c00b78f7c
:104498002800b68f2400b58f2000b48f1c00b38f7e
:1044a8001800b28f1400b18f1000b08f0800e0031d
:1044b8003800bd270e1d410f2598c000bc8083938e
:1044c8004bff601025a80000ffff63242520400053
:1044d800101d410fbc8083a348ff0010c880848f43
:1044e800caff40100b000324e8fc400f25202002df
:1044f800c5ff400401000324c5ff0010760023a275
:10450800620033a6e3fe400f600035a63e00239606
:10451800240022ae4408437e3e0023a6b7ffc01203
:10452800770022920000c38eb5ff6050010003247b
:1045380001000424ecff4410400023aeb3ff001038
:104548000b0003247bfe400f25202002ccff001027
:10455800ffff1024252840000c00828c09f8400039
:10456800ffff1024cc80848f0c00828c09f8400057
:104578002528c003cc80848f0c00828c09f8400069
:10458800252820020e1d410f00000000bc808393e7
:104598002520400001006324101d410fbc8083a327
:1045a800b8ff00103400bf8fb5ff0010ffff1024c4
:0845b80082ff0010770022923f
:020000040000fa
:020000041d01dc
:1045c00078ffbd270300a2287400b2af7000b1af1e
:1045d0006c00b0af8400bfaf8000b5af7c00b4af5b
:1045e0007800b3af258080002588c00018004010f7
:1045f0000400928c0000828c0000c68c029d053c59
:104600000400428cf420a52409f840002520400233
:104610000000028e0000268e029d053c0400428ca4
:104620002c21a52409f84000252040028400bf8fda
:104630008000b58f7c00b48f7800b38f7400b28f88
:104640007000b18f6c00b08f0800e0038800bd27b8
:104650000400c48c2598a0004bc2400f6000a0af9e
:104660003f00401025a840000800348e029d053c04
:104670005821a5248a14410f2520800234004010bf
:10468000029d053c5c21a5248a14410f252080024f
:1046900015004010029d053c6021a5248a14410f9d
:1046a0002520800242004010029d053c6821a5247f
:1046b0008a14410f2520800231004014049d053cde
:1046c000030002243e006216029d053c0000028e9b
:1046d0007021a5240000428c09f8400025204002ea
:1046e000d3ff00108400bf8f21db400f2520a002e4
:1046f0000000038e0000268e0800278e1100401453
:104700000400638c029d023cec204224029d053c87
:104710001000a2af2520400209f86000b422a524b1
:104720008400bf8f8000b58f7c00b48f7800b38f7a
:104730007400b28f7000b18f6c00b08f0800e0037e
:104740008800bd27049d023cf0ff0010f8bb422406
:1047500022e4400f2520a002e6ff00100000038e97
:104760000000028e029d053c4421a5240000428cdd
:1047700009f8400025204002adff00108400bf8fe3
:1047800064d7a5248a14410f252080021800401008
:10479000029d053c0000028ea022a5240000428c50
:1047a00009f8400025204002a1ff00108400bf8fbf
:1047b00044e5400f2520a002ceff00100000038e2c
:1047c0000c00248e09a9400f6000a5276600401444
:1047d000039d053c0000028edc6da5240000428c88
:1047e00009f840002520400291ff00108400bf8f8f
:1047f0001800a52779c0400f2520a0025f004010b7
:104800000000028e1c00a38f1800a68f1000a3af1b
:104810000400428c029d053c090007249021a52438
:1048200009f84000252040021800a28f0900422c00
:104830007fff40148400bf8f0000028e2400a78fea
:104840002000a68f0400428c029d053cbc21a524bb
:1048500009f84000252040020000028e2c00a78f9e
:104860002800a68f0400428c029d053ce421a5246b
:1048700009f8400025204002140006244c00a5271a
:10488000c5ea400f3000a4270000028e029d053cbf
:104890004c00a6270400428c0c22a52409f84000f5
:1048a00025204002140006244c00a527c5ea400f2d
:1048b0003800a4270000028e029d053c4c00a6276c
:1048c0000400428c2022a52409f840002520400243
:1048d0003c00a68f2200c050029d063c0000c28012
:1048e0001f004050029d063c0000028e029d053cc8
:1048f0003422a5240400428c09f8400025204002ff
:104900004000a29330004014029d073c0000028e3c
:10491000253000000400428ce420e724029d053c81
:104920004c22a52409f84000252040024100a29312
:1049300019004014029d073c0000028e2530000043
:104940000400428ce420e724029d053c6822a52453
:1049500009f840002520400235ff00108400bf8f79
:10496000e1ff0010d820c6246000a58f09c2400fc7
:104970002520a0025fff00100000038e029d053c71
:104980008422a5240000428c09f840002520400222
:1049900027ff00108400bf8f4800a48f1400062456
:1049a000c5ea400f4c00a5270000028e4100a693e7
:1049b0004c00a727e4ffc0140400428c029d073c72
:1049c000e1ff0010e420e7244400a48f1400062433
:1049d000c5ea400f4c00a5270000028e4000a693b8
:1049e0004c00a727cdffc0140400428c029d073c59
:0849f000caff0010e420e724d7
:020000040000fa
:020000041d01dc
:1049f8005e008004b080878fe0ffbd271c00bfaf3a
:104a08002a1087001800b0af530040102518000086
:104a1800801b410f2580c0004f0040102520a000ba
:104a28000080a6305400c010847b047c010005245b
:104a38001000832cf100601080200400019d033ccd
:104a4800584a63240a20647c0800800000000000a3
:104a5800244d019d7c4d019d504d019ddc4c019dd7
:104a6800984c019d7c4c019d704c019d644c019dae
:104a78004c4c019d404c019d984a019d2c4c019d38
:104a8800144c019d044c019dec4b019d0c4d019d66
:104a980031000012251800000000038e0100643068
:104aa80009008010020064300400058e4000448c28
:104ab8000100a530c418a47c0421a47c8410a47c23
:104ac800400044ac020064300500801004006430eb
:104ad8000400048e4000847c440044ac040064302c
:104ae80007008010080064300400048e48004594d4
:104af8008000847c0400857c480045a4080064305c
:104b080007008010100064300400048e48004594ab
:104b1800c000847c4408857c480045a410006430ab
:104b280006008010200063300400048e4000458c8d
:104b38000001847c8494857c400045ac06006010ac
:104b4800010003240400048e4000458c4001847c4d
:104b5800c49c857c400045ac1c00bf8f25106000bc
:104b68001800b08f0800e0032000bd2725180000ba
:104b78000800e003251060000040a530acffa01439
:104b8800020005241000852cf3ffa01080200400eb
:104b9800019d033cac4b63240a20647c0800800020
:104ba80000000000d84d019dc04d019da84d019dfc
:104bb800dc4c019d984c019d7c4c019d704c019de5
:104bc800644c019d4c4c019d404c019d984a019daf
:104bd8002c4c019d144c019d044c019dec4b019df6
:104be8000c4d019d480044942b3010000100032413
:104bf8000400c47cd8ff0010480044a42b301000e7
:104c0800440046acd4ff001001000324480044943b
:104c18002b30100001000324444ac47cceff00104e
:104c2800480044a44800449401000324c440047e7e
:104c3800c9ff0010480044a4630050a0c6ff00103c
:104c4800010003244000448c2b3010000100032491
:104c58000484c47cc0ff0010400044ac620050a033
:104c6800bdff0010010003243d0050a0baff001052
:104c780001000324252040009ef9400f1000a2af38
:104c88001000a28f01000324b3ff0010100050a4ed
:104c98004000448c00028530afffa01425180000a6
:104ca8002b8010008002847cabff9050010003240d
:104cb800252040009ef9400f1000a2af1000a28fdf
:104cc800010003244000448c8452047ea2ff00109b
:104cd800400044ac4000438c030006320408c37c07
:104ce8004100c010400043ac010004240442837c0e
:104cf800ffff0424400043ac140044ac96ff0010ae
:104d080001000324480044940100062e01000324f6
:104d18008452c47c90ff0010480044a44000478c93
:104d28003f0044900100a3380100632c0100062ec7
:104d38000400647c8410c77c400047ac3f0044a05a
:104d480085ff0010010003244000478c3f00449079
:104d58000100a3380100062e0100632c0421c77c42
:104d68008410647c400047ac3f0044a07aff0010e8
:104d7800010003244000478c3f0044900100a33801
:104d88000100632c0100062e4408647cc418c77c0b
:104d9800400047ac3f0044a06fff0010010003240f
:104da8004000448c0100062e010003240421c47c29
:104db80069ff0010400044ac4000448c0100062efe
:104dc80001000324c418c47c63ff0010400044acf5
:104dd8004000448c0100062e010003248410c47c8a
:104de8005dff0010400044ac0442037c400043ac2b
:104df800140040ac58ff00100100032456ff0010b7
:044e08002518000069
:020000040000fa
:020000041d01dc
:104e0c0078febd270200a5286401b1af8401bfafb5
:104e1c008001beaf7c01b7af7801b6af7401b5affe
:104e2c007001b4af6c01b3af6801b2af6001b0af49
:104e3c008200a0140400918c2580c0002590800075
:104e4c00bfe9400f5401a4270400138e049d053cb8
:104e5c0064d7a524252060028a14410f25a04000a8
:104e6c003e004014258040000000428e5401a78f64
:104e7c00029d053c0400428c25308002a4e3a5244d
:104e8c0009f84000252020025401a28f2700401869
:104e9c004801be27029d143c14000010029d133cd7
:104eac004a01a7975001aa974e01a9974c01a897c0
:104ebc005201a3970000428e1400a7af2000aaafa6
:104ecc001c00a9af1800a8af1000a3af0400428cbf
:104edc004801a79709f84000010010265401a28f41
:104eec002a100202120040108401bf8f25200002fc
:104efc0031f6400f2528c00325300002d0e365268b
:104f0c00e7ff4014252020020000428e30e4852665
:104f1c000400428c09f84000010010265401a28fb5
:104f2c002a100202f2ff4014252000028401bf8fd8
:104f3c008001be8f7c01b78f7801b68f7401b58f5d
:104f4c007001b48f6c01b38f6801b28f6401b18fa3
:104f5c006001b08f0800e0038801bd27029d053c6d
:104f6c0058e4a5248a14410f252060024500401402
:104f7c00029d053c5401a28fecff4018029d023c9f
:104f8c00258000004801be27029d143c5801a2afa9
:104f9c00029d163c029d153c2528c00331f6400f9e
:104fac00252000020f0040100000428e5801a38ff4
:104fbc004c01a7970400428c2530000260e4652464
:104fcc0009f8400025202002060006242800a52709
:104fdc00f01c410f252000024b0040144c01a397fc
:104fec000000428e2530000230e485260400428cfd
:104ffc0009f84000252020025401a28f0100102640
:10500c002a100202e5ff40142528c0038401bf8f3b
:10501c008001be8f7c01b78f7801b68f7401b58f7c
:10502c007001b48f6c01b38f6801b28f6401b18fc2
:10503c006001b08f0800e0038801bd270000828c5e
:10504c00029d053c252020020000428c09f84000fe
:10505c0078e3a5248401bf8f8001be8f7c01b78fbc
:10506c007801b68f7401b58f7001b48f6c01b38f5a
:10507c006801b28f6401b18f6001b08f0800e0034a
:10508c008801bd27e8e4a5248a14410f252060027d
:10509c0040004010029d053c78e5a5248a14410f80
:1050ac002520600233004014258040005401a68f57
:1050bc000d00c0580000428e1111410f2520000236
:1050cc00ec1c410f25204000bcc0400f25204000a7
:1050dc005401a68f010010262a100602f6ff401478
:1050ec00000000000000428e029d053c2538800225
:1050fc000400428c84e5a52409f8400025202002f8
:10510c008bff00108401bf8f2c00b327baff6010f7
:10511c0025b80000feff64960000438e1400b3af68
:10512c001000a4affcff67960400638c2530e002ee
:10513c007ce4c52609f86000252020020000438e7f
:10514c0028006696140067260400638cb8e4a52634
:10515c0009f86000252020024c01a3970100f726d6
:10516c002a18e302ebff601430007326a3ff001033
:10517c005401a28f0000428e029d053cb4e5a5248b
:10518c000000428c09f840002520200268ff001026
:10519c008401bf8fdbfd400f2800a42716004010b0
:1051ac000000428e2c00a38f3000a78f1000a3affd
:1051bc002800a68f0400428c029d053c252020026d
:1051cc0009f84000f0e4a5243c00a38f0000428eb7
:1051dc003800a78f1000a3af0400428c3400a68fb8
:1051ec00029d053c20e5a52409f84000252020025d
:1051fc004fff00108401bf8f029d053c58e5a5248c
:10520c000000428c09f840002520200248ff0010c5
:04521c008401bf8fbb
:020000040000fa
:020000041d01dc
:1052200068ffbd270f0005240e0004247c00b3afe7
:105230009400bfaf9000beaf8c00b7af8800b6af90
:105240008400b5af8000b4af7800b2af7400b1afe6
:10525000c00d410f7000b0af2598400002004230f1
:10526000100040140180123c000173325600601699
:105270000180123c9400bf8f9000be8f8c00b78fce
:105280008800b68f8400b58f8000b48f7c00b38f08
:105290007800b28f7400b18f7000b08f0800e00307
:1052a0009800bd2778d151860300001078d1502690
:1052b000f8fa400f25202002c6ec400f25202002de
:1052c0006400a5271800401025202002c01c410fb3
:1052d000000000006400a39344000224f4ff621461
:1052e0001000a527b4af400f252020021400028e25
:1052f000efff40105800a28f070040100000000090
:10530000580044940c00038e010002240410820013
:10531000251043000c0002ae7c1b410f0000000072
:10532000e3ff001000000000040002962588000042
:105330000b00401401001224ccff00100001733256
:105340001000028e24104400100002ae04000296e9
:10535000010031262a102202c4ff4050000173329e
:10536000f40e410f2520200225204000680b410f3c
:1053700025a0400004183202f1ff4010272003004e
:105380001000028e24204300f0ff801425104300fb
:105390001400038eedff6010100002ae06008012b4
:1053a00000000000580082960c00038e041052008a
:1053b000251043000c0002ae7c1b410f00000000d2
:1053c000e3ff001004000296000105240e000424ef
:1053d000c00d410f78d150261400048e0400828c39
:1053e00009f8400002000596a2ff401025984000f1
:1053f00078d154860800068e030005247e52400fa3
:1054000025208002049d023c6800a2af049d023c5e
:10541000258800000a0000106c00a2af040002966c
:1054200001008424ffff843002008214060004a6d9
:10543000060000a6010031260f002212252080025e
:10544000060004960c00038e010002240410820062
:1054500024104300f2ff405004000296f40e410f66
:1054600078d1578625204000ea10410f25f04000f2
:105470001400401425208002253000007e52400f89
:10548000010005241400048e0c00828c09f84000f1
:10549000252860029400bf8f9000be8f8c00b78fcc
:1054a0008800b68f8400b58f8000b48f7c00b38fe6
:1054b0007800b28f7400b18f7000b08f0800e003e5
:1054c0009800bd2757d8400f2520e0020200039620
:1054d0002b104300e8ff4014252080021c00028ea0
:1054e0002000a3af6c00a38f2800a2af6800a28f9a
:1054f0001000b3af1800beaf1c00a0af2400b3afc4
:10550000e872422425b000000200001008627524f1
:105510000000a28e1400b6af09f840001000a427c6
:105520000100d62631004004070008241c00a68f85
:105530002000a48f2400a38f2130c20023208200ea
:10554000211862002400a3af1c00a6af0600401083
:105550002000a4af0d000224feff62a02400a28f51
:105560000a000324ffff43a0e9ffc8160400b52684
:105570001c00a28f2528c0032520e002fdff422445
:10558000cee3400f1c00a2af0400c28f6400a62728
:10559000010005242520e00297f2400f6400a2af2d
:1055a0001c00a69703006526ca0e410f2520e002c5
:1055b0001c00028e030040102528e00209f840007c
:1055c0002520c0030b63400f2520e002060004964f
:1055d0000c00038e01000224041082002710020038
:1055e000241043008dff00100c0002ae2528c003dc
:1055f000cee3400f2520e0020400c28f6400a627fe
:105600002520e0020100052497f2400f6400a2afbc
:105610001c00a69725286002ca0e410f2520e00233
:08562000e8ff0010000000008b
:020000040000fa
:020000041d01dc
:10562800d0febd272c01bfaf2801beaf2401b7af04
:105638002001b6af1c01b5af1801b4af1401b3af68
:105648001001b2af0c01b1af0801b0afa3fa400f1f
:105658003401a5afe700401025804000c8000624ab
:10566800252800000116410f1000a4270200069605
:1056780004001026252800000116410f25200002ed
:10568800fd12410f25200002049d033c18e5648c9f
:1056980018e56324211002020400658c030044a865
:1056a800000044b80800648c070045a8040045b809
:1056b8000c00638c0b0044a8080044b80f0043a8f2
:1056c8000c0043b8049d023ce400a2af0180133ce7
:1056d800049d023ce800a2af8cc96226e000a2af9c
:1056e800049d023cec00a2af049d023cf000a2af76
:1056f800049d023cf400a2af049d023cf800a2af56
:10570800049d023cfc00a2af0180123c049d023cb7
:10571800a4a6522625a800000f0014240001a2af59
:10572800e400a28f2e0046961000a4273d16410fd4
:1057380028e545241000a52725200002fe0f410f6b
:10574800dc00a2afc8000624252800000116410f7e
:105758001000a4272c004696e800a28f1000a4276a
:105768000100c6303d16410f38e545241000a52735
:10577800fe0f410f25200002c8000624252800003e
:105788000116410f1000a42740101500e000a38f58
:1057980021105500c0100200231055002188620016
:1057a80066002292ec00a38f650026920012020088
:1057b80048e56524253046003d16410f1000a42712
:1057c8001000a52725200002fe0f410fd800a2af28
:1057d800c8000624252800000116410f1000a42740
:1057e80068002292f000a38f670026920012020040
:1057f80054e56524253046003d16410f1000a427c6
:105808001000a52725200002fe0f410f2598400013
:10581800c8000624252800000116410f1000a427ff
:1058280072002292f400a38f7100269200120200e7
:1058380060e56524253046003d16410f1000a42779
:105848001000a52725200002fe0f410f25f040007b
:10585800c8000624252800000116410f1000a427bf
:105868006c002292f800a38f6b00269200120200af
:105878006ce56524253046003d16410f1000a4272d
:105888001000a52725200002fe0f410f25b8400073
:10589800c8000624252800000116410f1000a4277f
:1058a80074002292fc00a38f73002692001202005b
:1058b80078e56524253046003d16410f1000a427e1
:1058c8001000a52725200002fe0f410f25b040003b
:1058d800c8000624252800000116410f1000a4273f
:1058e8006e0022920001a38f6d0026920012020022
:1058f80084e56524253046003d16410f1000a42795
:10590800d800ad8fdc00a88f1000a5272520000245
:1059180021300d010b00c6242130d3002130de00d8
:105928002130d7002130d6002110c200fe0f410fd0
:10593800218854001000a427c80006240116410f2e
:1059480025280000030002240c00a21225200002d2
:10595800fd12410f02003426211002027d000424aa
:10596800000044a02c000424010044a0020040a030
:105978000100b5266aff0010c8005226fd12410f2b
:105988000000000001004324211803022110020234
:105998007d000424000044a0010064a03401a48f09
:1059a800030026265d0002242528000201000724a2
:1059b800000062a0020060a032b9400fffffc630ad
:1059c8002c01bf8f251000002801be8f2401b78f3e
:1059d8002001b68f1c01b58f1801b48f1401b38f45
:1059e8001001b28f0c01b18f0801b08f0800e003dd
:1059f8003001bd272c01bf8f030002242801be8f70
:105a08002401b78f2001b68f1c01b58f1801b48f00
:105a18001401b38f1001b28f0c01b18f0801b08f40
:085a28000800e0033001bd2776
:020000040000fa
:020000041d01dc
:105a300084808293b8ffbd274000beaf3000b4af72
:105a40004400bfaf3c00b7af3800b6af3400b5afcd
:105a50002c00b3af2800b2af2400b1af2000b0af2c
:105a600025a08000e100401025f0a0000500c22f15
:105a7000e600401400a0023c0180173c1000a2afd9
:105a800000a0023c2590000064d2f0261c00a2afca
:105a900021a09202000093920300969204008226b5
:105aa00005007226050085260c0002ae64d2f3a222
:105ab000080016a223f0d203010083262128b30098
:105ac00025206002030000102510000000006490f3
:105ad0000100632421104400fcff6514ff004230e4
:105ae000b5004014010002242600c2121000a28f4b
:105af0004600c012020002243c00c212040002242c
:105b00003800c256140000ae040082920500839251
:105b1000140000ae00160200001c03002110430018
:105b2000180002ae0500c22fdaff405021a09202f9
:105b300008000292fd00433092006010fcff4324f5
:105b40000200632c8f0060144400bf8f01004238b4
:105b50002b100200231002004000be8f3c00b78fc4
:105b60003800b68f3400b58f3000b48f2c00b38f5f
:105b70002800b28f2400b18f2000b08f0800e0030e
:105b80004800bd27600251240c00228e15004050b1
:105b9000140000ae1000a28f6002458c1c00a28f82
:105ba000faf2400f70024424a01b410f00000000d5
:105bb000fdff40141c00a38f109d023c000806242a
:105bc000700264241000a38fff000524080020ae9b
:105bd0000c0020ae040022ae0116410f600262ac40
:105be000140000aecfff0010180000ae0400829237
:105bf00005008392180000ae001302000019030094
:105c000021104300c7ff0010140002ae1800028ede
:105c10001400058e02008492010083922110450039
:105c200021104400001a030021104300040002aeba
:105c3000bcff60120080033c0400058e0063023c40
:105c40002518a3000f00043c2110620001f88434e1
:105c50002b1044002e0040500c00038e1000a28f29
:105c60001000053c600251240c00248e0008022420
:105c70003e008210211865000400228e0800258e47
:105c8000211045000700431023106200212044002a
:105c90000008842c1a00801025206000ff07643063
:105ca0000c0024ae64d2f5922598c0022110a40203
:105cb0000108422c050040142528a00200081524e4
:105cc00023a8a4022398b500ff0073321c00a0167d
:105cd0000c00098e0400028e2120a4022148350107
:105ce000211055000c0024ae040023ae080035ae90
:105cf000040002ae0c0009aecdff001064d2f3a286
:105d0000dbe8400f1400a3afe4ff00101400a38fe2
:105d10000400a5240400622e04006324040005aee0
:105d2000050040140c0003aefcff7326ff00733225
:105d3000bfff001064d2f3a27aff001064d2e0a289
:105d40001000842425282001212024022530a002cf
:105d50001800a3af7f14410f1400a9af0c00248ecc
:105d60001800a38fdbff00101400a98f252060000e
:105d7000dbe8400f1400a3af0c00248ebeff001020
:105d80001400a38f4400bf8f251000004000be8f79
:105d90003c00b78f3800b68f3400b58f3000b48f19
:105da0002c00b38f2800b28f2400b18f2000b08f59
:105db0000800e0034800bd274400bf8ff6ff02241f
:105dc0004000be8f3c00b78f3800b68f3400b58fcf
:105dd0003000b48f2c00b38f2800b28f2400b18f15
:105de0002000b08f0800e0034800bd2700a0043c5d
:105df00000080624ff0005240116410f70028424c8
:105e00000100022419ff0010848082a30180103c4d
:085e100047ff001064d21026c8
:020000040000fa
:020000041d01dc
:105e180080ffbd276800b2af1000928c7800b6af43
:105e28007400b5af7000b4af6c00b3af6400b1af2d
:105e38006000b0af7c00bfaf1c00908c420042965f
:105e48001400879425888000845a027e25a8a00023
:105e58002598c000580047a6420042a64400548e28
:105e68000e00a0105400568e0c00c010000085963d
:105e78000000a28e5a00a210feffc3242510a00223
:105e880004000010ffff06240000448c5500a410f5
:105e9800ffff6324fcff661408004224010002246b
:105ea8005500025200002296019d073c049d103cbb
:105eb800e065e724bcf510260a000010049d143c98
:105ec80009f8e000252020021a00401025b0400003
:105ed8000c00102628f68226290002525000448e13
:105ee8000400078ef6ffa01225280000a500601206
:105ef800000005960000a28e1e00a210feff632679
:105f08002510a00204000010ffff06240000448ca6
:105f18001900a410ffff6324fcff66140800422444
:105f28002528000009f8e00025202002e8ff401499
:105f380025b04000001d410f000000007f00401404
:105f48000000000025b000007c00bf8f2510c002b3
:105f58007400b58f7800b68f7000b48f6c00b38f63
:105f68006800b28f6400b18f6000b08f0800e00352
:105f78008000bd272510a002d1ff00100400458c29
:105f8800f2ff80107c00bf8f4400428e010006247f
:105f98004c00428c09f84000960705247b0040100d
:105fa80025b04000430042927c00bf8f7400b58f3b
:105fb8003f00423040004234430042a27000b48f98
:105fc8002510c0026c00b38f7800b68f6800b28fbe
:105fd8006400b18f6000b08f0800e0038000bd2727
:105fe8002510a0020400568c01000224aeff021600
:105ff800540056ae000022960800238e3e00a7a744
:106008003c00a2a7049d023cc07042241000a2af2d
:10601800049d023ccc7042241400a2af049d023cb3
:10602800d87042241800a2af039d023c082d4224d8
:106038002000a2af049d023c10c442242400a2af59
:10604800049d023cf40542242800a2af039d023cb3
:106058009cf342242c00a2af049d023ce469422434
:106068001c00a3af3800a0af4000a0af4400a0af11
:106078004800a0af4c00a0af3000a2afda1c410f1f
:106088003400b2afdc1c410f4000a2a73f00438a96
:10609800400044921c00258e3c00439a4c00a4a367
:1060a800410044921800268e4500a5a34800a3afde
:1060b8004400a6a34d00a4a3000084960800838e84
:1060c8004200a2a71000a2274600b0a75000a0a334
:1060d8005400a2af5800b6af09f860005000a527d9
:1060e800ffff1024370050104c0042ae1c00828e77
:1060f8000000849609f84000030005246aff501444
:10610800500042ae500040ae001d410f4c0040ae62
:106118008dff401025b00000fe1c410f000000005c
:106128000400868e039d053c405fa524bbde400f1e
:106138002520400085ff00107c00bf8ffe1c410f0a
:106148000000000000000696039d053c2520400045
:10615800bbde400f645fa5247c00bf8f2510c00202
:106168007400b58f7800b68f7000b48f6c00b38f51
:106178006800b28f6400b18f6000b08f0800e00340
:106188008000bd274eff001025286002001d410f2a
:10619800000000006cff405025b00000fe1c410fbd
:1061a800000000004400438e039d053c985fa52431
:1061b8000400668cbbde400f2520400063ff001002
:1061c8007c00bf8f001d410f4c0040ae5eff4010a9
:1061d80025b00000fe1c410f000000000400868e60
:1061e800039d053c105fa524bbde400f2520400021
:0861f80056ff00107c00bf8f70
:020000040000fa
:020000041d01dc
:10620000736574006563686f000000000d0a343028
:10621000302042616420526571756573743a206361
:10622000616e27742068616e646c6520436f6e74c4
:10623000656e742d4c656e6774680d0a0000000071
:106240000d0a34303120556e617574686f72697a49
:1062500065643a2050617373776f72642072657160
:1062600075697265640d0a000d0a34313420526577
:1062700071756573742d55524920546f6f204c6fa2
:106280006e673a20427566666572206f7665726643
:106290006c6f772064657465637465640d0a000033
:1062a0000d0a35303020496e7465726e616c205372
:1062b0006572766572204572726f723a2045787009
:1062c00065637465642064617461206e6f7420700e
:1062d000726573656e740d0a000000000d0a35309a
:1062e00031204e6f7420496d706c656d656e7465fc
:1062f000643a204f6e6c792047455420616e6420cb
:10630000504f535420737570706f727465640d0a2a
:10631000000000000d0a34303320466f7262696459
:1063200064656e3a20544c532052657175697265ec
:1063300064202d207573652048545450530d0a0075
:106340000d0a3c68746d6c3e3c626f647920737416
:10635000796c653d226d617267696e3a31303070db
:1063600078223e3c623e465320557064617465203d
:106370005375636365737366756c3c2f623e3c7046
:106380003e3c6120687265663d222f223e5369744f
:1063900065206d61696e20706167653c2f613e3cd0
:1063a0002f626f64793e3c2f68746d6c3e00000074
:1063b000323030204f4b0d0a0000000034303020c6
:1063c00042616420526571756573740d0a000000a6
:1063d00034303120556e617574686f72697a656406
:1063e0000d0a5757572d41757468656e746963615e
:1063f00074653a204261736963207265616c6d3d1a
:106400002250726f746563746564220d0a00000087
:10641000343034204e6f7420666f756e640d0a43fd
:106420006f6e74656e742d547970653a207465785a
:10643000742f68746d6c0d0a000000003431342034
:10644000526571756573742d55524920546f6f20d4
:106450004c6f6e670d0a000035303020496e746550
:10646000726e616c20536572766572204572726f30
:10647000720d0a00353031204e6f7420496d706cfa
:10648000656d656e7465640d0a000000333032205e
:10649000466f756e640d0a4c6f636174696f6e3a76
:1064a0002000000034303320466f726269646465f6
:1064b0006e0d0a00323030204f4b0d0a436f6e7460
:1064c000656e742d547970653a20746578742f6800
:1064d000746d6c0d0a00000035303020496e746513
:1064e000726e616c20536572766572204572726fb0
:1064f000720d0a436f6e74656e742d547970653a2f
:1065000020746578742f68746d6c0d0a00000000ab
:1065100068746d0068746d6c00000000636769004a
:10652000786d6c00746578742f706c61696e000012
:10653000746578742f68746d6c00000074657874ed
:106540002f786d6c00000000746578742f6373738e
:1065500000000000696d6167652f676966000000d3
:10656000696d6167652f706e67000000696d616716
:10657000652f6a70656700006170706c6963617493
:10658000696f6e2f782d6a617661736372697074ba
:10659000000000006170706c69636174696f6e2f38
:1065a0006a6176612d766d00617564696f2f782d53
:1065b00077617665000000006373730067696600a9
:1065c000706e67006a7067006a730000636c6173c5
:1065d000730000006a617661000000007761760058
:020000040000fa
:020000041d01dc
:1065e0001800838cb8ffbd27030002244400bfaf0e
:1065f0004000beaf3c00b7af3800b6af3400b5af17
:106600003000b4af2c00b3af2800b2af2400b1af5c
:106610008d0062102000b0af0180133c38cf75268a
:106620000c00b18e7b002016259080006b00a0101e
:1066300025b8a0000400a2900400b08e000094943d
:10664000080000121000a2a20300401438cf628e8e
:10665000050054500800448e06be400f00000000a4
:106660000400b08e0800448e0800ea8e0c00e98e0b
:106670001000e88e1400e68e2000e58e2400e28ee5
:106680000800a4ae38cf74ae3000aaae3400a9ae74
:106690003800a8ae3c00a6ae4000a5a61700001228
:1066a0004200a2a6a819410f1000448e1000a49227
:1066b0005f008014002102000c00a28e0100102453
:1066c000010042240c00a2ae4400bf8f251000023e
:1066d0004000be8f3c00b78f3800b68f3400b58fb6
:1066e0003000b48f2c00b38f2800b28f2400b18ffc
:1066f0002000b08f0800e0034800bd270800828c0e
:106700003c00062409f840002528800225b04000fe
:10671000320040100400a2ae0000e28e38cf648e3a
:1067200040a0020021a08202c0a014007c008018ba
:1067300028009426049d023c1000a2af049d023c58
:106740001400a2af049d023c049d1e3c1800a2afa1
:106750000800a48e0400828c09f8400025288002dd
:106760002580400028004a241000a28fb831c92794
:106770002520000200df48241400a28f7066452403
:106780001800a28f13000012106e42240000eb8e3e
:1067900000000aae18000a2408000aae01000a240c
:1067a000040016ae0c000bae10000aae140009aec9
:1067b000180008ae1c0005ae4912410f200002aec1
:1067c0000000d0aeaa07410f0400c4263a004014ce
:1067d0000000000006be400f000000004400bf8f14
:1067e00025800000251000024000be8f3c00b78fbe
:1067f0003800b68f3400b58f3000b48f2c00b38fc3
:106800002800b28f2400b18f2000b08f0800e00371
:106810004800bd271000448ea819410f0400b08e17
:106820001000a492a5ff80500c00a28e002102004f
:106830002320820080200400be07410f2120040293
:106840009eff00100c00a28e0180023c38cf422433
:10685000100050900e0000164000be8f4400bf8f05
:1068600001001024251000023c00b78f3800b68fbd
:106870003400b58f3000b48f2c00b38f2800b28f56
:106880002400b18f2000b08f0800e0034800bd272e
:106890001000848ca819410f0400518c00210200c3
:1068a0002320820080200400be07410f2120240203
:1068b00086ff00104400bf8faa07410f1400c426b2
:1068c000c4ff40102400c426aa07410f010031264e
:1068d000c0ff4010000000000000c28e1800e48ecf
:1068e0003c00d6260c00428c02104470eb51043c54
:1068f0001f858434630042241900440010100000f6
:1069000042110200f8ffc2ae1c00e28efcffc2aed4
:1069100038cf628e2a1022028eff40540800a48ec7
:106920000100063c0200c6241c00052442cb400f97
:106930003800042404004010049d043c905a842430
:10694000080044ac0c0040ac019d053cd007062477
:106950000030a52402000424c9fe400f4400a2ae6a
:106960000180043c58cf8424d61c410f1c00a2aee9
:106970004400a48e97ff8010000000001c00a48e2d
:1069800094ff80100000000092ff40100000000003
:106990000400b08e1800a0ae42ff00101400a0ae9c
:020000040000fa
:020000041d01dc
:1069a0002540c0002518e000255080009800e01424
:1069b0002510a0002b30a6003500c01000000000fc
:1069c000202805710600a0102320050006208a005b
:1069d0000410a2000440a800251082000450aa0060
:1069e000023408001b004600f401c000ffff05311f
:1069f00002240a00123800001010000000140200e7
:106a0000252044000248a7702b5889000a00601115
:106a10002510e000212088002b5888000600601512
:106a2000ffffe2242b5889000400605123208900d5
:106a3000feffe22421208800232089001b0086001d
:106a4000f401c000103000000034060012200000e5
:106a50000238a470ffff45312528c5002b48a70048
:106a60000800201125308000212805012b40a800b6
:106a700004000015ffff86242b28a7000100a05466
:106a8000feff8624001402000800e00325104600e3
:106a900004000015010002241b004800f40100015d
:106aa0001240000020580b712300601520000724bd
:106ab0002328a80001000324023408001b00a600bc
:106ac000f401c000ffff073102240a001228000071
:106ad0001010000000140200252044000248e57058
:106ae0002b5889000a0060112510a0002120880081
:106af0002b58880006006015ffffa2242b58890040
:106b00000400605123208900feffa2242120880078
:106b1000232089001b008600f401c000ffff4a31da
:106b200010280000002c05002528aa0012200000d3
:106b3000caff00100238e4702338eb0004406801fb
:106b40000648e400023408000638e5001b00e600b1
:106b5000f401c0000410650125482201ffff023145
:106b6000021c09001228000010380000003c070039
:106b70002538e300025045702b60ea000a008011be
:106b80002518a0002138e8002b60e80006008015d9
:106b9000ffffa3242b60ea00040080512338ea00a1
:106ba000feffa3242138e8002338ea001b00e6009a
:106bb000f401c000ffff2531123000001038000042
:106bc000003c07002528e500021046702b48a20073
:106bd0000a0020112538c0002128a8002b48a80051
:106be00006002015ffffc7242b48a20004002051f7
:106bf000001c0300feffc7242128a800001c03007e
:106c0000045064012328a200abff00102518670080
:106c10002b40a700251800004e000015251000008d
:106c20002050ea7007004015200009242b28e500b9
:106c30004800a014010002242b1086000800e00385
:106c40000100423823482a01061026010438470172
:106c5000253847000418450102440700062825018d
:106c60001b00a800f4010001ffffeb300610240117
:106c700025104300021c02001228000010480000ea
:106c8000004c090025482301026065712b682c0126
:106c90000a00a0112518a000214827012b68270110
:106ca0000600a015ffffa3242b682c010400a051af
:106cb00023482c01feffa3242148270123482c014f
:106cc0001b002801f4010001ffff453012400000c5
:106cd00010480000004c0900252825010258687161
:106ce0002b10ab000a004010254800012128a70006
:106cf0002b10a70006004014ffff09252b10ab0046
:106d00000400401000140300feff09252128a700fd
:106d10000014030004304601251049001900c20088
:106d20002328ab00103800002b18a70007006014c0
:106d3000123000000700a7142518000004204401a9
:106d40002b2086000300801000000000ffff42247b
:106d5000251800000800e003000000002548c000de
:106d6000251080008b00e0142518a0002b30a60011
:106d70003300c01020502a7108004011025c090045
:106d80000418450123280a000628a40004484901e4
:106d90002518a30004104401025c09001b006b00cd
:106da000f4016001ffff24311218000010280000d8
:106db00002306470001c0500022c020025186500da
:106dc0002b2866000800a0502318660021186900cf
:106dd0002b2869000300a0142b2866000100a05492
:106de00021186900231866001b006b00f401600184
:106df000ffff42301030000012180000025864708b
:106e0000001c0600251062002b184b000900605082
:106e100023104b00211049002b1849000500605435
:106e200023104b002b184b00010060542110490027
:106e300023104b00061042010800e0032518000053
:106e400004002015010003241b006900f401200147
:106e50001248000020502a711f004015200007240e
:106e60002328a900025c09001b00ab00f4016001ab
:106e7000ffff243112280000101800000230a47017
:106e8000002c0300021c02002528a3002b18a600da
:106e9000080060502330a6002128a9002b18a90063
:106ea000030060142b18a600010060542128a900db
:106eb0002330a6001b00cb00f4016001ffff42302d
:106ec00010280000123000000258c4700034050081
:106ed000cdff00102510c2002338ea000448490104
:106ee0000618e400023409000638e5001b00e6003d
:106ef000f401c00004104501ffff2831251862008d
:106f0000022c030012380000106000000210e8702c
:106f1000003c0c002538e5002b28e2000800a050ba
:106f20002338e2002138e9002b28e9000300a014ef
:106f30002b28e2000100a0542138e9002338e200a8
:106f40001b00e600f401c000ffff653012300000b6
:106f500010380000003c07002528e5000230c8700a
:106f60002b10a60009004010041044012128a9009c
:106f70002b10a90005004014041044012b10a6009a
:106f8000010040542128a90004104401b5ff00105d
:106f90002328a6002b40a7005c0000152070ee708f
:106fa0000a00c0152b40e500030000152b408600a9
:106fb0005600001500000000231086002328a700bb
:106fc0002b1882000800e0032318a30020000b24e4
:106fd00023586e01066066010438c7012538870111
:106fe0000440c501024c0700062865011b00a900ea
:106ff000f40120010610640125104800ffffe8306d
:1070000002640200122800001050000000540a0020
:1070100025504c01021805712b6043010a008011b4
:107020002568a000215047012b604701060080150c
:10703000ffffad242b604301040080512350430126
:10704000feffad2421504701235043011b0049019d
:10705000f4012001124800001050000000540a0002
:1070600002280971ffff4830254048012b10050117
:107070000a00401025502001214007012b10070174
:1070800006004014ffff2a252b10050104004010c4
:1070900000640d00feff2a252140070100640d0059
:1070a0000410c60125608a011900820123400501f0
:1070b0000418c401106800002b200d012528a00130
:1070c00012600000050080141230000007000d154a
:1070d0002b206c00060080102330660023308201d4
:1070e0002338a7012b6086012328ec00233066009b
:1070f0002b186600234005012318030104106301c7
:107100000630c601251046000618c3010800e0033a
:04711000000000007b
:020000040000fa
:020000041d01dc
:10711400c5008014ffff0424a8ffbd270080023ca3
:107124004c00b7afa02e578c3800b2af2590a0000a
:107134001400e48effff05245400bfaf5000beaf1f
:107144004800b6af4400b5af4000b4af3c00b3afa5
:107154003400b1af760085103000b0af2800e58e62
:107164001c00e32625a0c0001000a58c1800a3afc6
:107174000800b58c0102a52e7a00a0142588e00031
:10718400429a1500010005247e006512a02e4224b7
:107194002c00a2afba00e010160045a01b00530259
:1071a400f4016002000802242400a2af00a0023c03
:1071b4002800a2af1050000023806a022bb01102f5
:1071c40012f000000a8036021c00aaaf2700131632
:1071d4002000beaf42171400040004248d004410a4
:1071e400253080020800e28e1400e48e4600c012ae
:1071f4000c00428c020005242400e5ae01000524a5
:107204001000a5af1800a58f2538c00309f8400069
:1072140002001e24040000102400e48e2c00428c82
:107224007300401400000000fcff9e500800e28e32
:107234007f008014219050021b005302f40160026d
:10724400238830024012100021a082021050000056
:1072540023806a022bb0110212f000000a80360269
:107264001c00aaafdbff13122000beaf0238be72af
:107274002400a38f0800e28e0008a42e0b18a40299
:10728400020005242400e5ae2400a3af1400e48e1c
:107294001000a3af2800a38f0800428c1800a58f0c
:1072a40009f84000b01f66241c00aa8f02000824bd
:1072b400040000102400e48e2c00428c5000405442
:1072c4001000e48efcff88500800e28e5800801401
:1072d4002800a28f40220a0040321000b01f472429
:1072e4002120e400252880027f14410f1c00a7af51
:1072f4001c00a78f0800e28e1400e48e2530e00005
:10730400bcffc0160c00428c2c00a38f0200052485
:107314002400e5ae01000524160060a02000a78f1c
:107324001000a5af09f840001800a58f1c00e48eda
:107334005400bf8f251080005000be8f4c00b78fc3
:107344004800b68f4400b58f4000b48f3c00b38f23
:107354003800b28f3400b18f3000b08f0800e003e2
:107364005800bd27000202240700a252421714004d
:107374001b005500f401a00212100000029042729a
:107384000288e270421714000400052438004550b6
:10739400022835720800e28e020005242400e5aebe
:1073a4001000b1af0c00428c253840022530800219
:1073b40009f840001c00e5261c00e48e5400bf8f31
:1073c4005000be8f251080004c00b78f4800b68f48
:1073d4004400b58f4000b48f3c00b38f3800b28fa7
:1073e4003400b18f3000b08f0800e0035800bd278f
:1073f40009f840001000e48e8bff00102400e48e96
:1074040009f840001c00aaaf02000824a8ff0010dd
:107414001c00aa8f2528a0029a08410f252080026b
:1074240070ff0010253080020800e0032510800062
:107434002c00a28f5400bf8fffff0424160040a02d
:107444005000be8f251080004c00b78f4800b68fc7
:107454004400b58f4000b48f3c00b38f3800b28f26
:107464003400b18f3000b08f0800e0035800bd270e
:107474009a08410f25208002c6ff00101400e48ef4
:107484000800e28e2000a0af9fff00100c00428c89
:020000040000fa
:020000041d01dc
:10749400b0ffbd270f000524030004244c00bfaf38
:1074a4004800beaf4400b7af4000b6af3c00b5af34
:1074b4003800b4af3400b3af3000b2af2c00b1af7a
:1074c400c00d410f2800b0af010042300d00401440
:1074d4000180133c4c00bf8f4800be8f4400b78f1f
:1074e4004000b68f3c00b58f3800b48f3400b38fa2
:1074f4003000b28f2c00b18f2800b08f0800e00359
:107504005000bd27049d143cba18410f0300042405
:10751400f0ff4010258840001800328e40000324fc
:1075240000004292f00042300d004314f2ff0524a3
:107534000000508e808010003c0010321400022e97
:1075440008004014030006241000228effff1532a9
:107554000c0042942b10550006004010000000005f
:10756400030006247d01410f25202002e6ff0010c0
:1075740000000000b377400f0200449625b040009d
:107584002b105500f6ff4014f2ff0524de0d410fc9
:10759400252020022b105600f1ff4014f2ff052491
:1075a4002800378eeeffe012ecff05244200e2963d
:1075b40040004230030040540c00438ee9ff0010a9
:1075c40003000624ffff0224e5ff6210f5ff0524f3
:1075d4000800e28e0400e48e271002002510440007
:1075e400e0ff62100300062410005e8eddffc0136e
:1075f400f4ff05240400428e0c00438e0000468ee6
:107604000800458e022402001000a6af1c00a3afa0
:107614001400a2af1800a5af2000beafb377400f8f
:107624001200b6a71600a2a71400a28fff3f033cc6
:1076340024104300caff4014f2ff05242000228ec8
:10764400000142302b004010253000000400e48e7d
:107654000800e38e241083001000c213ffff0524ea
:107664002b00c513e480828f2718030025186400bb
:107674002700c3132000a393e0000524f000633027
:10768400530065100001033c7f0063245500c313bd
:10769400010042305300c41300000000e880828fd0
:1076a400e880838ffdff431400000000acff40100e
:1076b400ecff052439f5400f60d3642660d3728e45
:1076c400252800024b004012252020020800429287
:1076d400fcff40500000528e0400428e09f8400026
:1076e400000000003600401400000000f4ff001009
:1076f4000000528e2528a002bb77400f25204002af
:10770400d3ff40500400e48e95ff0010f6ff0524db
:1077140002004230e1ff4014000000001800308ee7
:107724001000258e0000028e0c00a3940200049623
:10773400801002003c004230ffff523023187200d8
:10774400211002021c0022aeb377400f0c00a3a448
:107754000600049623905200020002a6b377400f5d
:107764002c0032a609000392060002a6ffff622441
:10777400ff0042301100432c79ff6010f1ff052413
:10778400801002005c2d83260a10627c0a004010df
:10779400ff3f033c0400048e241864005aff601465
:1077a4000100062425282002e2f0400f2520400095
:1077b40055ff40140000000069ff0010f1ff05248c
:1077c400e0ff400f60d36426d5ff00101800308e10
:1077d40004004230d2ff40501800308eafff00103a
:1077e40000000000adff401400000000ccff0010ba
:1077f4001800308ee0ff400f60d3642658ff00105d
:04780400ecff05246c
:020000040000fa
:020000041d01dc
:1078080088febd276001b0af108190876401b1afd9
:1078180025888000252000027001b4af6c01b3af49
:107828006801b2af7401bfaf2590a00025a0c000c9
:1078380057d8400f2598e0002c01422c9d00401499
:1078480025284002cee3400f252000022530000005
:10785800010005247e52400f2520000201006232fb
:1078680004004014253040022800228e9c00405419
:107878002800262601000524a4e3400f2520000245
:10788800020073321c006012251000005801a62760
:10789800010005242520000297f2400f5801a2afed
:1078a80025188002c418037c010002241e006250bf
:1078b8005000228203000224930082121200a4279f
:1078c8002a0006240116410f252800003800238ebf
:1078d800010104241000a4a70700022406000424c0
:1078e8001200a4a3220082161400a3af2c00228e3b
:1078f8001f0000101c00a2af0400428e5801a627ea
:10790800010005242520000297f2400f5801a2af7c
:1079180025188002c418037c01000224e6ff6214c3
:10792800030002245000228272004104000000007b
:107938003800338e500022922a00062425280000a1
:107948008410027c500022a20116410f1200a427c5
:1079580001010324f9ff82261000a3a74408027c32
:10796800060003241200a3a3e0ff40101400b3afe5
:107978003c0042260a101200030043880400489085
:1079880005004790000043982c0006241000a52706
:10799800252000022c00a3af3000a8a3ca0e410f77
:1079a8003100a7a3c0000624252800000116410fb6
:1079b8001000a427c00006241000a527ca0e410ff6
:1079c8002520000238010624252800000116410f51
:1079d8001000a427049d023cb474428c25200002a8
:1079e800049d113c1000a2af1400a22757d8400fe5
:1079f8004801a2affcff42244c01a2af04000224bc
:107a08005001a2af049d023c5401b4afec284224bb
:107a18002462312602000010049d133c0000228ecf
:107a28004801a52709f84000252040020400312616
:107a380043004004406265264c01a48f5001a68f84
:107a48004801a38f232082002130460021106200c4
:107a58004c01a4af5001a6aff0ff25164801a2af14
:107a6800ec00c2242c01422c04004010ffffc63059
:107a7800400002245001a2af400006241000a527b0
:107a8800ca0e410f252000020b63400f252000027b
:107a98007401bf8f010002247001b48f6c01b38f91
:107aa8006801b28f6401b18f6001b08f0800e003f4
:107ab8007801bd270b63400f252000027401bf8f9a
:107ac800251000007001b48f6c01b38f6801b28f6c
:107ad8006401b18f6001b08f0800e0037801bd2711
:107ae80001000524a313410f2520000265ff0010a3
:107af800020073322217410f000000002598400051
:107b08008cff0010380022ae4c002396020002249d
:107b180084ff62102a000624252800000116410f60
:107b28001200a4273800228e010103241000a3a705
:107b3800060003241200a3a38dff00101400a2afb7
:107b4800252000022530000018e8400f25280000f5
:107b58007401bf8f251000007001b48f6c01b38fc2
:107b68006801b28f6401b18f6001b08f0800e00333
:047b78007801bd27ac
:020000040000fa
:020000041d01dc
:107b7c00e8ffbd271000b0af0180103c8cc9102667
:107b8c000180033c00d4622486bf073c0008082413
:107b9c00bf00062425280000252000021400bfafda
:107bac001401e8ac00d460ac040040ac080040a068
:107bbc000116410f0c0040ac0180043cbf000624b0
:107bcc00252800000116410fccc884240180043cf8
:107bdc0078000624252800000116410f0ace8424c3
:107bec000180043c7e000624252800000116410f6c
:107bfc0084cd84244c4f043c0180093c424b8424aa
:107c0c0004ce24ad04ce2b2547590424040064a5ce
:107c1c000180083c049d023c7631042422ce04a54c
:107c2c0022ce0a25a0e4478c2e300424020044a561
:107c3c00a0e442240180053c2e30043c36cea32423
:107c4c000400468c0180083c763184242cce04ad93
:107c5c00030067a8049d043c36cea7b80a004890e0
:107c6c00ace4878c070066a8ace484240180053c56
:107c7c00040066b8080049940400868c4acea224fd
:107c8c000a0068a0030047a84acea7b8080069a458
:107c9c00070046a80800838c049d053c040046b8e8
:107cac000c008994bce4a88c0b0043a80180063c12
:107cbc00bce4a524080043b85acec4240c0049a443
:107ccc000400a78c030088a8049d033c5acec8b8b6
:107cdc00c8e4688c070087a80800a694c8e463244d
:107cec000180053c6ecea224040087b80400678c8a
:107cfc00030048a8080086a46ecea8b80800668cbd
:107d0c00070047a80c0068940e006390040047b865
:107d1c000b0046a8049d043c080046b82528000228
:107d2c000c0048a40e0043a0d8e4842409a9400ff9
:107d3c00220000a20180053c049d043c90c9a524ae
:107d4c0009a9400fe8e484240180053c049d043c0f
:107d5c0094c9a52409a9400ff8e48424049d023c8d
:107d6c0004e5448c0180033c04e54224049d073c5b
:107d7c00afc9662404004a90050049900ce5e5243f
:107d8c000180023c0300c4a80400ac8c0800ab8c3e
:107d9c00c7c94524afc964b80300a4a8c7c944b86f
:107dac0004000224540002ae0400023c01014224ef
:107dbc00580002ae01f6023c5c0002ae0101022446
:107dcc00600002a680ff02240ce5ed8c770002a275
:107ddc0081ff02240180083c8e0002a282ff022453
:107dec0098c907250400caa00500c9a0a50002a2d5
:107dfc000100062483ff022498c90dad0400aaa03b
:107e0c000500a9a00400ecac0800ebac530006a2e2
:107e1c00620006a225180000d0ff0824bc0002a2b4
:107e2c0007000724c8ff042401000d24e8ff0c24dc
:107e3c0003000b2443000a24200006244e000524d2
:107e4c00040009244010030021104300c01002005c
:107e5c00231043002110020201006324630048a098
:107e6c00640047a0650044a0660040a067004da0d8
:107e7c00680040a0690044a06a0040a06b004ca0c0
:107e8c006c004ba06d004aa06e0040a0710044a095
:107e9c00720040a0730040a0740040a06f0046a088
:107eac00700045a0750048a0760047a0780046a059
:107ebc00e4ff6914790045a025200002253000005c
:107ecc00bb77400fbf0005241400bf8f1000b08f8c
:0c7edc00508282a70800e0031800bd27b8
:020000040000fa
:020000041d01dc
:107ee800c0ffbd272000b2af0180123c1c00b1af1b
:107ef8003c00bfaf3800beaf3400b7af3000b6affc
:107f08002c00b5af2800b4af2400b3af1800b0af51
:107f180070c45226020042922b108200b700401013
:107f28005400b18f0500a230050003242598a00055
:107f38008100431025a0c0000600a23006000324db
:107f48005c0043100900a230090003249f0043107d
:107f58000a00a2300a000324a800431440180400b1
:107f68002118640080180300231064002180640035
:107f7800c010020080801000b4004224cc011026fa
:107f880021b04202218050020000c28ea0004010a1
:107f9800200062320d0040540800028e1000623248
:107fa80051004054010043925400c28e4d004010cd
:107fb8002520e00009f840004c00a7af4900401018
:107fc8004c00a78f200073360800028e90004010e6
:107fd80001000224010043924600621401000824b3
:107fe8000180173ca4c6f7262510e00225f0000002
:107ff8000a000424000043905f006014ff00d5339a
:10800800c0181e0001000224010042a221907e0037
:10801800809012000000c98e5000a68f2190f202b5
:1080280025208002000042a22528e0001400a8af05
:1080380009f820011000a3afffff0424060042a6a0
:108048001000a38f760044101400a88f080056aec5
:108058000c0050ae040053a602002012030040a2f8
:10806800000020ae070000113c00bf8f21f07e0009
:1080780080f01e0021b8fe02010002240200e2a2e4
:108088003c00bf8f0100a2263800be8f3400b78f96
:108098003000b68f2c00b58f2800b48f2400b38f22
:1080a8002000b28f1c00b18f1800b08f0800e003c9
:1080b8004000bd2740100400211044008010020039
:1080c80023b0440021804400c0b016008080100016
:1080d8000400c2266401102621b04202aaff001043
:1080e800218050020100439201000224bcff62106b
:1080f8002540000029002012ffff0224fcff022473
:10810800000022aeffff02243c00bf8f3800be8f64
:108118003400b78f3000b68f2c00b58f2800b48f8d
:108128002400b38f2000b28f1c00b18f1800b08fcd
:108138000800e0034000bd2701008324401003002d
:1081480040800400211043002180040280100200b6
:10815800808010002310430021800402c010020018
:1081680080801000040042249801102621b04202a9
:1081780085ff0010218050020100de279dffc417f3
:10818800240042240100022403002012010042a21c
:10819800feff0224000022aeffff02243c00bf8f36
:1081a8003800be8f3400b78f3000b68f2c00b58fe3
:1081b8002800b48f2400b38f2000b28f1c00b18f29
:1081c8001800b08f0800e0034000bd27408004007d
:1081d8002180040280801000231004022180040200
:1081e800c0100200808010000c01422400021026fa
:1081f80021b0420264ff001021805002e6ff2012e5
:10820800fdff0224000022aebfff0010ffff022482
:10821800e1ff2012ffff0224bbff0010000022ae86
:10822800240002240218c27321b87700b3ff201675
:0c8238000000e0a2d9ff0010ffff0224ac
:020000040000fa
:020000041d01dc
:10824400b0ffbd274c00bfaf4800b3af4400b2af8e
:108254004000b1af7f0080143c00b0af0180113cfe
:1082640000cb228e020012242598a0000d00521487
:1082740000cb3026a900039201000224580062506a
:1082840019000292ffff02244c00bf8f4800b38ff5
:108294004400b28f4000b18f3c00b08f0800e0036f
:1082a4005000bd275400038e0c00628c1300405014
:1082b4000000628c09f84000480004960e005250f9
:1082c4005400038e001d410f000000000300422ce7
:1082d400edff4054ffff0224fe1c410f000000008c
:1082e400039d053c2520400048f1400f4c2ca5245b
:1082f400e5ff0010ffff02240000628c08004050dc
:108304004c00028e4800049609f840000b00052436
:10831400ffff0324ebff43104c0002ae5400038e16
:108324001c00638c1000a5271000a0af1400a0afa0
:108334001800a0af1c00a0af2000a0af2400a0af85
:108344002800a0af2c00a0af3000a0af3400a0af35
:1083540009f8600025204000daff40102800a28fb1
:108364001c00a38f1000a48fa00002ae400002ae38
:10837400180002247c0002ae1800a28f900004ae04
:10838400980003ae800002ae2400a28f1400a48fd4
:108394003c0003ae840002ae3000a28f2c00a38ff9
:1083a400940004ae880002ae0180023c90cb4224cb
:1083b4008c0002ae3400a28f2000a48fa40003ae70
:1083c400a9000392200002ae0200022400cb22aed8
:1083d40001000224abff62149c0004ae1900029257
:1083e40053004014a90000a2740006920500c05076
:1083f4007800058e080062325a0040140000000024
:108404007800058e1000a050010002246c00118e2b
:108414002518000008002492060080141800222663
:108424001900001001000224f0ff4490160080504f
:10843400010002240100632425884000faff65142a
:108444001800422401000224a90002a28eff001099
:10845400ffff0224001d410f000000000300422c16
:1084640089ff4054ffff0224fe1c410f000000005e
:10847400039d053c2520400048f1400f202ca524f5
:1084840081ff0010ffff022408006432080022a2ca
:10849400000020a2040033ae020080100c0020aec5
:1084a400190002a2440002960100c624740006a228
:1084b40001004424ffff8430001402002518430007
:1084c400ffff8538010002240a204500ffff022433
:1084d400100023ae0c006210440004a65000029267
:1084e4000a0040104c00bf8f5400028e1800428cca
:1084f40006004010253000024c00048e049d053c0b
:1085040009f84000706da5244c00bf8f01000224bf
:10851400a90002a21000228e4800b38f4400b28f3b
:108524004000b18f3c00b08f0800e0035000bd272d
:10853400001d410f000000000300422cc2ff405404
:1085440001000224fe1c410f00000000039d053cb5
:10855400782ca52448f1400f25204000baff0010d4
:1085640001000224001d410f000000000300422c02
:10857400b5ff405401000224fe1c410f000000001e
:10858400039d053cb82ca52448f1400f252040004c
:08859400adff001001000224fc
:020000040000fa
:020000041d01dc
:10859c00c8ffbd273400bfaf3000beaf2c00b7af53
:1085ac002800b6af2400b5af2000b4af1c00b3afa9
:1085bc001800b2af1400b1af2cee400f1000b0afea
:1085cc009b004010049d123c258840008069522677
:1085dc00049d133c049d143c049d163c049d153cc9
:1085ec00049d173c9000308e4300001200000000e8
:1085fc001000028e0400428c62002216ba0305247d
:10860c000f000392020002244d006214bb030524e8
:10861c000c000292ffff4224ff0043300500632c44
:10862c0050006010c70305240e00049201000324bf
:10863c008b008310000000009469632680100200f8
:10864c000a10627c2528000209f84000252020022f
:10865c000e0002920600432c460060100000000041
:10866c000500422c240040140000000010001e8e57
:10867c000400c28f47002216bc0405240d00029290
:10868c0001004230130040540c0003920800c28fca
:10869c00440040500c0003920e000492ffff832410
:1086ac000400632c73006054080007960700832ca9
:1086bc00830060100500032459008310253000004e
:1086cc00080007962528000209f840002520c00361
:1086dc000c0003920300022407006210020007241e
:1086ec0090002626252800025aba400f2520200289
:1086fc00bdff00109000308e0e1d410f00000000d9
:10870c00000023922520400001006324000023a2d6
:10871c003400bf8f3000be8f2c00b78f2800b68f6f
:10872c002400b58f2000b48f1c00b38f1800b28fbb
:10873c001400b18f1000b08f101d410b3800bd27f5
:10874c00b610410f252040020c000292ffff42247c
:10875c00ff0043300500632cb4ff60540e000492fc
:10876c00c7030524b610410f252040020700022440
:10877c000e0002a2aa1c410f1000248eb8ff00109c
:10878c000e000292b610410f252040029dff0010f2
:10879c000f000392b610410f30698426b8ff001009
:1087ac000d00029203000224d3ff621000000000af
:1087bc0090003e8e3500c013560205249400228e84
:1087cc003900c253940020ae0000c28f900022ae3c
:1087dc009800228e02000324ffff4224980022ae50
:1087ec000f00c293320043140601052427001e1605
:1087fc0056020524a000228e280040100000c0afb5
:10880c0000005eaca0003eaea400228e010042240b
:10881c00a40022ae0300022472ff00100f00c2a3ba
:10882c00040002240e0002a2a5ff00100800c28f53
:10883c003400bf8f3000be8f2c00b78f2800b68f4e
:10884c002400b58f2000b48f1c00b38f1800b28f9a
:10885c001400b18f1000b08f0800e0033800bd2762
:10886c00a81c410f1000248e0c00029272ff001005
:10887c00ffff4224010006242528000209f84000cd
:10888c002520c00393ff00100c000392b610410f7b
:10889c00906da426d8ff0010a000228ea0003eae42
:1088ac00d9ff00109c003eaec9ff0010900020ae16
:1088bc00b610410f2866c426ccff00100000000043
:1088cc00f3040524b610410f1c69e4260800c28f7e
:0888dc007bff0010ecff0624f5
:020000040000fa
:020000041d01dc
:1088e400c0ffbd273c00bfaf3800b5af3400b4af04
:1088f4003000b3af2c00b2af2800b1af4c00c014ad
:108904002400b0af2598a000020014244000828cfb
:108914003d0040102590a000258880003c0085245f
:108924004400410f252040004400401025a80000c9
:108934003f00438840004590410044903c004398e8
:108944001400a5a31500a4a31000a3af400022aef9
:108954001000b0270000438e2c0060542510000046
:1089640025284002290a410f2520400026004010f6
:1089740025884000280042ae000807243c00462415
:108984002528000296e5400f252040025a00a01633
:10899400010006242000428e2528400210004234a3
:1089a400200042ae38f8400f2520200217000010a6
:1089b40001000224f080828f620040140180103c88
:1089c400029d053c253000009077a524cdfc400f86
:1089d400252000005a004014f08082af001d410f92
:1089e400000000000200422c080040142510000082
:1089f400fe1c410f00000000049d053c8820a524b6
:108a0400bbde400f25204000251000003c00bf8f36
:108a14003800b58f3400b48f3000b38f2c00b28f80
:108a24002800b18f2400b08f0800e0034000bd2768
:108a340025988000b5ff0010010014243c00358ef9
:108a4400ffff02242600a2124000308ea20d410f27
:108a5400252000022100a2524000308e04000012a2
:108a640003000224630003925b0062501000a0af75
:108a74003c00229220004224ff0042301000422c8d
:108a8400460040543d0022923c00238e0400028e96
:108a94000800048e261062002410440025004014af
:108aa40001001524010007241000a6271800a5279b
:108ab4002520000273e9400f1800a3af020003242d
:108ac40042004310010003244408027cceff4314f7
:108ad400258000009fff00104000228effff02242b
:108ae4001000a2af1400a2a7010015242510000253
:108af40098ff00101000b027de0d410f2520400222
:108b04005e002396f2ff4224ffff42302b186200de
:108b1400beff605425100000a6ff00122528400265
:108b24004d01410f2520200227100200b7ff00103d
:108b3400c21702000c00038edaff00100200152495
:108b44000180103c70d3042639f5400f580031964b
:108b54000180043c840d410f10d484242300401070
:108b64001800a38f2528400070d304260c0043acc2
:108b7400040054a0050051a0750d410f080053ac2a
:108b8400e0ff400f70d304262000438e010002242e
:108b9400080063349dff0010200043ae3e0023967e
:108ba400010004247f0042301000a4a75e000424c6
:108bb4001300a2a31200a4a31400a3a74000228eb2
:108bc4001000b02763ff0010010015244000228e1e
:108bd40060ff00101000b0271400a0a74000228ef0
:108be4001000b0275bff001001001524001d410f89
:108bf400000000000200422c0700401400000000a6
:108c0400fe1c410f00000000049d053cb820a52473
:108c1400bbde400f25204000e0ff400f70d3042648
:088c24007aff0010251000008a
:020000040000fa
:020000041d01dc
:108c2c00c0ffbd272000b0af3c00bfaf3800b6afcf
:108c3c003400b5af3000b4af2c00b3af2800b2afe6
:108c4c002400b1af0d00800425800000b080828f1d
:108c5c002a1082000a0040103c00bf8f801b410f7d
:108c6c000000000005004010258840003c00529098
:108c7c00010002240c004212000000003c00bf8fd7
:108c8c00251000023800b68f3400b58f3000b48f39
:108c9c002c00b38f2800b28f2400b18f2000b08f2e
:108cac000800e0034000bd279216410f252020024a
:108cbc00f3ff40103c00bf8f4000278e0002e230d3
:108ccc00530040500800308e0c00228e54005094fb
:108cdc00ebff00123c00bf8f1400228e500040109e
:108cec008000e230500040102400248e4f00805051
:108cfc008001e77c0300e23002000324890043106a
:108d0c00000000001400228e0c00338e1800238efd
:108d1c000002e7303c0062ae380063ae400064ae47
:108d2c004e00e0101c00748e54007096480075269e
:108d3c000800022408001626ffffd6321000638eae
:108d4c002a0024960c00659421104500b377400f3f
:108d5c000c0062a428002496b377400f000082a672
:108d6c00020082a6b377400f2520c0022400238e78
:108d7c00040082a6060080a66000639002006330a7
:108d8c004f0060503c00638e3c0063924800228e82
:108d9c00e0000424f0006330c028497c6300289272
:108dac003a0064104002427c1c00a7272530c00208
:108dbc0011000524252060021e00a2a31d00a8a3fb
:108dcc005075400f1c00a9a3000060ae25100000d8
:108ddc00340062a6211c410f25206002a8ff40141c
:108dec003c00bf8f4000228e1000638e0002423088
:108dfc00230040100c0060a4540060a62000628e7a
:108e0c0025800000c418027c9cff0010200062ae7c
:108e1c000000228e23800202adff0010ffff1032f3
:108e2c0096ff0010258000008001e77c18002626a4
:108e3c00f2da400f1400252625204000f8ff4010e0
:108e4c00240022ae40002292c0ff032425104300d0
:108e5c00400022a2a7ff00104000278e0000228ea7
:108e6c000800308e25a8000023800202ffff10327c
:108e7c0008000226ffff4230b0ff001025b0400072
:108e8c000000228eddff0010080022ae0b900801be
:108e9c001c00a7272530c0021100052425206002e4
:108eac001e00a2a31d00b2a35075400f1c00a9a365
:108ebc004000228e000060aec5ff00108004427c92
:108ecc003800678e253000001400a3af0c00052479
:108edc00001103241000a4271800a3a71000a7afab
:108eec00bb77400f1a00a2a74000238e2710020068
:108efc000002633011006010ffff463008000524ab
:108f0c00bb77400f252080020800a48e271002009a
:108f1c00ffff4630bb77400f252800029aff001058
:108f2c00060082a6a20d410f00000000140022ae24
:108f3c002400248e74ff00104000278e2528c002c8
:108f4c00bb77400f252080028fff0010060082a601
:020000040000fa
:020000041d01dc
:108f5c00c8ffbd270200e2282800b3af3400bfaf22
:108f6c003000b5af2c00b4af2400b2af2000b1afcd
:108f7c001c00b0afb8004014259880000000d28cc3
:108f8c002588a000049d053cfc70a52425204002ea
:108f9c008a14410f2580c000a70040140000000077
:108fac000800048e049d053c8a14410f0071a52411
:108fbc00a10040146481828f690040100000000001
:108fcc000c00048e7ed0400f1000a52743004010eb
:108fdc00259040000c00058e240015240000a28072
:108fec00200055106481848f58ca400f0400058ef0
:108ffc008800401025a04000080092a20c00058ead
:10900c005c0002240000a380730062500100a28067
:10901c000a0006241f16410f1400842601000224a6
:10902c00640042121e0080a230002296010010241f
:10903c0002004224ffff4230300022a63400bf8fd2
:10904c00251000023000b58f2c00b48f2800b38f90
:10905c002400b28f2000b18f1c00b08f0800e003f9
:10906c003800bd2758ca400f0100a5245f004010ee
:10907c00259040000400058e58ca400f6481848fef
:10908c006400401014004424080043921400452648
:10909c00080043a00400438e010010241516410f54
:1090ac00040043ac300022963400bf8f3000b58fe3
:1090bc0002004224ffff4230300022a62c00b48f65
:1090cc00251000022800b38f2400b28f2000b18f2e
:1090dc001c00b08f0800e0033800bd270400058e8b
:1090ec00d2c5400f6481848f290040106481848f25
:1090fc00252840001b15410f090040a03000229686
:10910c000400128e0b80053402004224ffff423013
:10911c0001001024300022a68081878fc8ffe01048
:10912c003400bf8f1800e28cc5ff40102530400280
:10913c0009f84000252060023400bf8f2510000282
:10914c003000b58f2c00b48f2800b38f2400b28f61
:10915c002000b18f1c00b08f0800e0033800bd2741
:10916c007df4400f0000000095ff4014648182af35
:10917c003000229634003226f9ff102402004224db
:10918c00ffff4230300022a6e3ff00100a800534b6
:10919c00300022960400128e08800534020042240e
:1091ac00ffff423001001024300022a6dbff00102c
:1091bc008081878f300022961000a38f010010242d
:1091cc0002004224ffff4230040083ae300022a68e
:1091dc009bff00103400bf8f8eff55140a0006242d
:1091ec000100a5248bff00100c0005ae3000229668
:1091fc000400128e0880053402004224ffff423026
:10920c000100102401005226300022a6c3ff0010da
:10921c008081878f300022960400128e07800534df
:10922c0002004224ffff4230faff1024300022a635
:10923c00baff00108081878f30002296faff10242d
:10924c000580053402004224ffff4230300022a684
:10925c00b2ff00108081878f3000a2940c00b28c7a
:10926c00faff10242110e200ffff42303000a2a4cc
:08927c00a9ff00100680053473
:020000040000fa
:020000041d01dc
:1092840050febd279401b0af108190879c01b2af0e
:109294002c000624259080004801a52725200002e3
:1092a400ac01bfafa801b5afa401b4afa001b3af87
:1092b4009801b1afb088400f4801a0a34801a3931f
:1092c400020002240e006210c0000624258800005b
:1092d400f8fa400f25200002ac01bf8f25102002b0
:1092e400a801b58fa401b48fa001b38f9c01b28fe4
:1092f4009801b18f9401b08f0800e003b001bd273d
:1093040025280000b088400f25200002c000032457
:10931400efff431425880000380106241000a52718
:10932400b088400f2520000225a040000400422cf4
:10933400e7ff401425880000049d023c1000a38f21
:10934400b474428ce2ff621400000000241c410f3c
:109354000000000025a840002e0040181c81938fb7
:1093640003000010000000002a00b112540073260c
:10937400f40e410f25202002fbff4010010031268e
:109384004200439440006330f7ff60100000000087
:109394005000639201006330f3ff6010000000008e
:1093a4004e006396c418037cfdff6324fdff633005
:1093b400edff60144c01a48f3800638eeaff831420
:1093c400060006243c004524f00f410f6401a42745
:1093d400e5ff401400000000100053122520000295
:1093e40076f2400f25280000ac01bf8f25880000cd
:1093f40025102002a801b58fa401b48fa001b38f5a
:109404009c01b28f9801b18f9401b08f0800e003e2
:10941400b001bd27aeff40162588000050004292df
:109424000400423007004014fcff9426510042928d
:10943400010003240400627c5801a38f510042a25e
:109444002c0043ae1400a227049d113c7c01a0af64
:109454008001a0af8401a0af8801a0af8c01a0afb0
:109464007401a2af7801b4af28253126049d153cc0
:10947400049d133c95ff801a7401a68f35000224c5
:109484000000c4901a008210010003248429a2263b
:10949400c42965260b0083500400428c0800422432
:1094a400fcff45540000438c0100c290020042249a
:1094b4002130c20023a082027401a6afedff001088
:1094c4007801b4af7401a52709f8400025204002b3
:1094d400090040187401a38f7801b48f2118620029
:1094e40023a082027401a3afe2ff00107801b4af9d
:1094f400f4ff00102510200275ff40142588000099
:109504007c01b18f02000324090023128001a28f81
:10951400050004240c0024524c0044962400438e7d
:109524006bff62542588000069ff001000000000f2
:1095340050004392240042ae010002248410437c74
:1095440063ff0010500043a209008350500043926f
:109554002400438e5eff6254258800007401a52711
:1095640011ad400f2520400259ff001000000000fb
:10957400240042ae010002248410437cf7ff001053
:04958400500043a2ae
:020000040000fa
:020000041d01dc
:10958800c8ffbd270f000524090004242800b2af36
:109598003400bfaf3000b4af2c00b3af2400b1af7c
:1095a800c00d410f2000b0af010052302500401619
:1095b800000000003400bf8f3000b48f2c00b38f40
:1095c8002800b28f2400b18f2000b08f0800e0037c
:1095d8003800bd272518830077006a540100e72466
:1095e800010002243c0002a2480002960200423018
:1095f80005004010e000032410006292f0004230a1
:109608001d004314f1ff052425282002750d410f84
:109618004c00042660000296000142300900401008
:10962800000000005800028e0600401000000000f4
:109638005c00078e2800258e1200048609f8400079
:1096480000010624ba18410f09000424d9ff40106c
:10965800258840002c0022960800422c0600401461
:10966800f2ff05242000228e4004427c070040506f
:109678001c00348ef1ff0524090006247d01410fea
:1096880025202002efff001000000000b377400ff4
:1096980004008496258040002c002296f6ff501482
:1096a800f2ff052406008296050040101800338e4c
:1096b8002000228e00044230520040100011022483
:1096c80000008496b377400ff8ff102602008496b6
:1096d800b377400f000082a6b080898f020082a66f
:1096e800040090a6e3ff201928002b8eb480888ff1
:1096f8002538000002000d3c01000c240f000a244c
:109708000000108d2c0000520100e7244000058e57
:109718002418ad00280060500100e724620004927c
:109728005400038e2a186400230060500100e724c7
:109738002a000396200062540100e7243c000392ab
:1097480023006c5028000e961b0060540100e7248b
:1097580028000e9600008696251840022000c611a3
:10976800252000000400a63002006e340b18c60144
:109778002400068e05006651040084341200c010cf
:109788000800a6300100c054040063341c00068e93
:1097980090ffc050080063341000a5308dffa0541e
:1097a800080063341800258e0c00a58c1100c550e4
:1097b800080084340100e724d1ffe91404000825d7
:1097c800adff0010f1ff0524f0ff00100400633422
:1097d8000000869625180000e2ffc61525204002e5
:1097e8002400068ee5ff661502008434e7ff0010aa
:1097f8000400843478ff8a54251883007bff001006
:10980800480002961800a2a71000638e04008296f2
:109818000c00678e253000000c0005241000a427da
:109828001400a3af1000a7afbb77400f1a00a2a780
:109838002000238e27100200040063300a00601005
:10984800ffff46302538c000252880022530000259
:1098580061af400f2520200299ff4010f6ff052434
:1098680086ff00100900062425280002bb77400f58
:0c98780025208002f8ff00100000000016
:020000040000fa
:020000041d01dc
:109884008081828fd8ffbd271c00b0af2400bfaffa
:109894002000b1afa3004010258080000a000224fc
:1098a4002588a00025380000253000001000a527d9
:1098b4006e90400f1000a2a7ffff4230ffff033459
:1098c4003700431000000000e3fe400f00000000da
:1098d4002502410f25884000401802002110620033
:1098e400001902002310620021105100040002ae8e
:1098f4002538000020000224253000001000a52790
:10990400252000026e90400f1000a2a7ffff4330f5
:109914000600632c16006010460004861800058ead
:1099240001004224ca84400fffff46301800028e13
:1099340047000324000044902b008350010044900e
:1099440000004490500003245a00835001004490c6
:109954005c00029601000324c418627c07000324ff
:109964005c0002a6400003a61a00001005000224b1
:10997400050002241800058e01004224ca84400f09
:10998400ffff46301800028e470003240000449075
:10999400edff8314500003241300001001004490d1
:1099a400ad01410f460004863b0040505c0002922a
:1099b400e3fe400f000000000400038e2310430068
:1099c4006200405c5c00029601000224000022a2b6
:1099d400010002242400bf8f2000b18f1c00b08f2f
:1099e4000800e0032800bd2745000324d5ff835465
:1099f400000044900200449054000324d1ff835497
:109a040000004490400000a62538000025300000e6
:109a14001000a52725200002200002246e90400f8c
:109a24001000a2a7ffff5130253820023f00022476
:109a3400253000001000a527252000026e90400f5d
:109a44001000a2a7ffff43302b182302010060542b
:109a540025102002ba818397ffff4630f6ff622467
:109a64002a10c20021004014010003245c00029665
:109a7400c418627c5c0002a62400bf8f0500032486
:109a8400400003a6050002242000b18f1c00b08f03
:109a94000800e0032800bd2705000324400003a6b6
:109aa400c420027c180042345c0002a2c9ff0010ea
:109ab400090002244f000324a6ff83545c0002968d
:109ac4000200449053000324a2ff83545c000296d6
:109ad40003004390540002249eff62545c000296eb
:109ae40001000224c8ff0010400002a61800058ee1
:109af400ca84400f460004861800038e21106200b9
:109b0400000040a021bf400f1800048e2400bf8f26
:109b1400020002242000b18f1c00b08f0800e00373
:109b24002800bd275c008394010004240f00022454
:109b34000421837c5c0003a62400bf8f2000b18f26
:109b44001c00b08f0800e0032800bd270100032497
:109b54000421627c5c0002a6040002245e0002a2ce
:089b64009cff00100f00022419
:020000040000fa
:020000041d01dc
:109b6c00d0ffbd271000b0af1800908c1800b2af1a
:109b7c0025908000252000022400b5af2000b4af52
:109b8c001c00b3af1400b1af2c00bfaffd12410fde
:109b9c002800b6afffff5530ffffb3268a19137e9e
:109bac002f00142496007410ffff51307481848fa1
:109bbc00253000000000828c09f8400001000526c9
:109bcc00ffff032450004310140042ae1800508ec7
:109bdc008081938f010011261b00601225a060026a
:109bec001800628e8f00401025302002253860024c
:109bfc000700052409f84000252040021800508e6b
:109c0c0001001126fd12410f252020020101422cda
:109c1c000d0040148081938f0b00601225a0600210
:109c2c001800628e84004010253860022530200216
:109c3c00fdff052409f84000252040021800518e34
:109c4c008081938f010031265f0054262528200245
:109c5c00252080021f16410fff0006245e0140a242
:109c6c002e0005240c10410f252080026a004010a4
:109c7c00049d053c049d113c01005524e44431260f
:109c8c00306ea52425800000020000100d00162463
:109c9c00040031268a14410f2520a00205004050f3
:109cac00ffff103201001026f9ff16560000258e1a
:109cbc000d001024440050a646006052510040a2f2
:109ccc000800628e42004010253060022528800278
:109cdc0009f8400025204002510042a22c00bf8f01
:109cec00040002242800b68f2400b58f2000b48f06
:109cfc001c00b38f1800b28f1400b18f1000b08ffe
:109d0c000800e0033000bd271800448e8a99937c2c
:109d1c000600741221209500000094a01800448eb7
:109d2c0001002226ffff513021209100ba81869735
:109d3c00049d053c346ea5241f16410f2330d10021
:109d4c007481848f1800458e253000000000828cb1
:109d5c0009f840000100a524ffff03249bff4314d6
:109d6c00140042ae8081878f0900e0505c0042965f
:109d7c001800e28c05004010ffff05241800468ee9
:109d8c002520400209f840000100c6245c004296e0
:109d9c0001000324c418627c5c0042a62c00bf8f17
:109dac0004000324400043a6050002242800b68fbb
:109dbc002400b58f2000b48f1c00b38f1800b28f15
:109dcc001400b18f1000b08f0800e0033000bd27e5
:109ddc00510040a22c00bf8f040002242800b68f33
:109dec002400b58f2000b48f1c00b38f1800b28fe5
:109dfc001400b18f1000b08f0800e0033000bd27b5
:109e0c001400438effff022471ff621421201502ff
:109e1c00c7ff0010ba8186970d000224a6ff001020
:109e2c00440042a6fd12410f252020020101422cc4
:109e3c0086ff40545f0054260100112682ff00105b
:049e4c0025988002d3
:020000040000fa
:020000041d01dc
:109e500078f7bd27010002246808b2af6008b0aff0
:109e60008408bfaf8008beaf7c08b7af7808b6af34
:109e70007408b5af7008b4af6c08b3af6408b1af85
:109e8000258080001900a2100400928c0000828cb2
:109e9000029d053cc04fa5240000428c09f84000fb
:109ea000252040020000028e029d053cd44fa524cf
:109eb0000000428c09f84000252040028408bf8f32
:109ec0008008be8f7c08b78f7808b68f7408b58f6e
:109ed0007008b48f6c08b38f6808b28f6408b18fb4
:109ee0006008b08f0800e0038808bd27241c410fdc
:109ef00000000000f1ff401825a84000029d023c30
:109f00004008a2af029d023c4408a2af029d023c61
:109f10004808a2af029d023c4c08a2af029d023c41
:109f20005008a2af029d023c5408a2af029d023c21
:109f300025880000029d173c029d143c040000107f
:109f40005808a2af01003126ddffb1128408bf8f8f
:109f5000f40e410f2520200225204000d01c410f87
:109f60002598400001000324f7ff435401003126e7
:109f7000e316410f2520600225b040000000028e4c
:109f80004008a38f2530c0020400428ce44f6524b2
:109f900009f84000252040022808a6271008a52718
:109fa000d906410f25206002400040100000028ebb
:109fb0004808a38f252040020400428c09f8400085
:109fc000085065241808a38f0000028e1408a78f7c
:109fd0001000a3af4c08a38f1008a68f0400428c7a
:109fe0002050652409f84000252040022408a38f52
:109ff0000000028e2008a78f1000a3af5008a38f87
:10a000001c08a68f0400428c6450652409f84000a7
:10a01000252040020000028e5408a38f2520400214
:10a020000400428c09f84000b05065243408a38f26
:10a030000000028e2c08a78f1400a3af3008a38f56
:10a040002808a68f252040021000a3af5808a38f30
:10a050000400428c09f84000cc5065240000028eb8
:10a060004408a38f2530c0020400428c3851652477
:10a0700009f84000252040023808a72732000624ae
:10a080001800a527ee06410f252060020d004014a0
:10a090002451e5260000028e0000428c09f84000a1
:10a0a00025204002a8ff0010010031262451e5269a
:10a0b0000000428c09f8400025204002e8ff001013
:10a0c0000000028e3808a28f9eff40180c08a0a343
:10a0d00025b000001800b32703000010e807be27d2
:10a0e00099ff7e52010031262528600224000624b3
:10a0f0001f16410f2520c0030000028e2400678e2a
:10a100002530c0030400428c6451852609f84000c4
:10a11000252040023808a28f0100d6262a10c2024c
:10a12000efff40142800732687ff0010010031263e
:020000040000fa
:020000041d01dc
:10a13000e0ffbd270700822c1400b0af1c00bfafaa
:10a140001800b1afaf0040102580a00080100400bf
:10a15000029d043c68a184240a20827c0180113c79
:10a16000080080000100a62478a2019dd0a2019dd4
:10a170002ca3019d74a3019dbca3019d84a1019dfd
:10a1800020a2019d039d053c8c5ca5243d16410f3a
:10a1900008d02426ff00453008d02426b1a8400f5f
:10a1a000253000000180043c0100033c00d38224e0
:10a1b000a0866334040043ac13000324100043a0c2
:10a1c000049d053c800c0324a06fa0c40c0043ac8c
:10a1d000080040e40100022400d382a0049d023c58
:10a1e000382f422440811000218002021800028e84
:10a1f0007480852709f8400000d384241c00028e57
:10a2000009f84000748084271c00bf8f01000224dd
:10a210001800b18f1400b08f0800e0032000bd27a4
:10a22000039d053ca85ca5243d16410f08d02426bb
:10a23000ff00453008d02426b1a8400f253000008b
:10a240000180043c049d033c00d3822450c30534a8
:10a25000a06f60c4040045ac27000524100045a091
:10a26000001905240c0045ac080040e4010002245c
:10a27000daff001000d382a0039d053c005ca524fa
:10a280003d16410f08d02426ff0045302530000040
:10a29000b1a8400f08d02426049d063c0180043c50
:10a2a0000f00033ca06fc0c400d38224404263244b
:10a2b00001000524040043ac40010324100045a024
:10a2c0000c0043ac080040e4c4ff001000d385a09c
:10a2d000039d053c1c5ca5243d16410f08d0242697
:10a2e000ff00453008d02426b1a8400f25300000db
:10a2f0000180043c049d053c0c00033c00d38224f7
:10a3000000356324a46fa0c4040043ac02000324fe
:10a31000100043a0df0103240c0043ac080040e41c
:10a3200001000224adff001000d382a0039d053c74
:10a33000385ca5243d16410f08d02426ff00453087
:10a3400008d02426b1a8400f253000000180043c2d
:10a350000700033c00d3822420a16334040043acf3
:10a3600003000324100043a0049d053c96ff001049
:10a3700080020324039d053c545ca5243d16410f37
:10a3800008d02426ff00453008d02426b1a8400f6d
:10a39000253000000180043c0300033c00d38224ec
:10a3a00090d06334040043ac07000324100043a0a2
:10a3b000049d053c84ff001000050324039d053c1b
:10a3c000705ca5243d16410f08d02426ff004530bf
:10a3d00008d02426b1a8400f253000000180043c9d
:10a3e0000100033c00d3822448e86334040043acfa
:10a3f0000f000324100043a0049d053c72ff0010d1
:0ca40000000a032475ff00100180043cda
:020000040000fa
:020000041d01dc
:10a40c0088ffbd27030002246400b1af6000b0af29
:10a41c007400bfaf7000b4af6c00b3af6800b2afe4
:10a42c00258080004800a0af4c00a0af5000a0af2a
:10a43c005400a0af5800a0af5c00a0af1500a21054
:10a44c000400918c0000828c039d053cb0fea52479
:10a45c000000428c09f84000252020020000028eea
:10a46c00039d053cd4fea5240000428c09f8400055
:10a47c00252020027400bf8f7000b48f6c00b38f46
:10a48c006800b28f6400b18f6000b08f0800e003e9
:10a49c007800bd270400c48c4bc2400f2590c0002f
:10a4ac002400401025984000a219410f252040009f
:10a4bc0025a040000800428e750003240000449043
:10a4cc000d0083500100449000004490640003246c
:10a4dc0026008350010044900000028e039d053c31
:10a4ec0078ffa5240000428c09f8400025202002aa
:10a4fc00e1ff00107400bf8f70000324f3ff83543e
:10a50c0000004490a518410f252060022d0040103a
:10a51c00252800000000028e039d053c0cffa5249d
:10a52c000000428c09f8400025202002d2ff0010c8
:10a53c007400bf8f0000028e039d053c2520200275
:10a54c000000428c09f84000ecfea5247400bf8f7b
:10a55c007000b48f6c00b38f6800b28f6400b18f41
:10a56c006000b08f0800e0037800bd276f00032463
:10a57c00daff83540000028e02004490770003241b
:10a58c00d6ff83540000028e030043906e00022419
:10a59c00d2ff62540000028ea518410f25206002e4
:10a5ac003b004014039d053c0000028e58ffa5247f
:10a5bc000000428c09f8400025202002aeff00105c
:10a5cc007400bf8f6bd5400f252000002520400064
:10a5dc001d01410f4800a5274c00a28f36004010ea
:10a5ec00ffff9432c018140023a07400c0a0140004
:10a5fc00211054001000a327300048240300478882
:10a60c00070046880b0045880f00448800004798d7
:10a61c0004004698080045980c0044981000422409
:10a62c00000067ac040066ac080065ac0c0064acc0
:10a63c00f2ff481410006324070044880300468886
:10a64c001000a527040044980000469825108000af
:10a65c00040062ac039d023c000066ac50ff422437
:10a66c0025206002eea1400f3000a2af0000038e47
:10a67c000b0040100000638c039d053c98ffa52443
:10a68c0009f86000252020027bff00107400bf8faa
:10a69c00d9f2400f25206002f5ff00100000038e58
:10a6ac00039d053cb0ffa52409f86000252020027d
:10a6bc0071ff00107400bf8f0000028e039d053cdb
:10a6cc0028ffa5240000428c09f840002520200218
:08a6dc0069ff00107400bf8f3c
:020000040000fa
:020000041d01dc
:10a6e4003c82828fb8ffbd272400b0af0200102443
:10a6f4004400bfaf4000b7af3c00b6af3800b5afc1
:10a704003400b4af3000b3af2c00b2af83005010ac
:10a714002800b1af0300432c3f006014030003245e
:10a724005200431004000324310043144400bf8f3b
:10a73400241c410f000000002c00401825b04000ec
:10a744002880942725900000049d173c0180153c27
:10a75400f40e410f25204002252040005512410fe0
:10a7640025984000258840000000828e8cc9b026c0
:10a77400252060021b00221201005226e316410f1d
:10a78400000091ae024e1100003c287e003a237e68
:10a79400ff002732253040005060e5261800a9af9d
:10a7a4001400a8af1000a3afbbde400f25200000ab
:10a7b400030011aa252060028512410f8cc9b1ba89
:10a7c400070002aa252060026112410f040002baa8
:10a7d4000b0002aaadf6400f080002ba21b7400fe1
:10a7e40000000000daffd216040094264400bf8f54
:10a7f4004000b78f3c00b68f3800b58f3400b48f5b
:10a804003000b38f2c00b28f2800b18f2400b08f9a
:10a814000800e0034800bd2701000324f3ff4314ac
:10a824000180023cb417410f30d2448c53004204df
:10a8340005000224eeff50144400bf8f3c8282af17
:10a844004400bf8f4000b78f3c00b68f3800b58fef
:10a854003400b48f3000b38f2c00b28f2800b18f36
:10a864002400b08f0800e0034800bd27241c410fda
:10a87400000000000c0040182590400025800000d6
:10a88400f40e410f2520000225884000e316410ff5
:10a894002520400001001026271c410f25202002fe
:10a8a400f7ff5016000000000180103c8cc91126ef
:10a8b400220022922100401425200000f40e410fb2
:10a8c400000000002520400021db400f25804000cf
:10a8d4002c0040140180063c0180053c98c9a52445
:10a8e400dbee400f25200002040002243c8282afec
:10a8f4004400bf8f4000b78f3c00b68f3800b58f3f
:10a904003400b48f3000b38f2c00b28f2800b18f85
:10a914002400b08f0800e0034800bd2740828293e2
:10a92400b3ff40104400bf8facdd400f00000000b7
:10a9340003000224c2ff00103c8282aff40e410fd8
:10a94400000000002520400022e4400f2590400034
:10a954000300258a2520400209c2400f8cc9059aac
:10a964000180053c98c9a524dbee400f2520400258
:10a9740004000224deff00103c8282af9bff001023
:10a984003c8282af252820022520000201000724f2
:10a99400b8ee400f90c9c6240180053c94c9a52493
:10a9a400020f410f25200002ccff00100180053c5e
:020000040000fa
:020000041d01dc
:10a9b400b8ffbd273c00b6af25b080000400c48cae
:10a9c4004000b7af2c00b2af2400b0af4400bfaf1b
:10a9d4003800b5af3400b4af3000b3af2800b1af26
:10a9e40025b8c000fd12410f2590a0001600502488
:10a9f400ffff10327c81828f1000102609f840007e
:10aa04002520000288004010258840000b00429257
:10aa14004c0040500000f38e6481938f0400e58e57
:10aa24006f0060120a003426d2c5400f2520600250
:10aa34007a0040500400e58e25a800002598000007
:10aa440014005024252800021516410f25208002e9
:10aa5400fd12410f25200002ffff50308e818293aa
:10aa64001000401425b8000025280002d204410f2c
:10aa7400252080028e81839325b840007a006014db
:10aa840021109002020010262180f00205004010df
:10aa9400ffff10320d000324000043a00a0003242a
:10aaa400010043a04600c48625300000ab80400f5f
:10aab400252800022b1050003800401425300002d5
:10aac4004600c486d3e1400f232897020b00a0124e
:10aad4007881828f8081878f0800e0107881828f4f
:10aae4001800e28c04004010253060022528a002e2
:10aaf40009f840002520c0027881828f09f84000bf
:10ab04002520200230004396010002240100632422
:10ab1400ffff6330300043a64400bf8f4000b78f6f
:10ab24003c00b68f3800b58f3400b48f3000b38f3b
:10ab34002c00b28f2800b18f2400b08f0800e003ee
:10ab44004800bd27049d053cfc70a5248a14410fd0
:10ab5400252060022000401425a840006481848fd1
:10ab64000400f38e280080100a003426d2c5400f5a
:10ab740025286002240040500400f38e1400438012
:10ab840003006014259800000400f38e0980153436
:10ab940001000324aaff00100b0043a27881828fd6
:10aba40009f84000252020024400bf8f020002243f
:10abb4004000b78f3c00b68f3800b58f3400b48f97
:10abc4003000b38f2c00b28f2800b18f2400b08fd7
:10abd4000800e0034800bd27beff001005801534bf
:10abe40025a800002530a000049d053c3c63a52455
:10abf4003d16410f25208002fd12410f25208002c1
:10ac040096ff0010ffff5030010002240b0042a207
:10ac14000400e58ef3ff0010088015342598000029
:10ac2400f0ff001025a80000049d053c253000021b
:10ac3400b874a5243d16410f1000a4278081878f86
:10ac4400b5ffe010f7ff02241800e28c0400401066
:10ac54001000a627ecff052409f840002520c002b7
:10ac6400adff0010f7ff0224218017028dff0010b2
:04ac7400ffff10329c
:020000040000fa
:020000041d01dc
:10ac7800d0ffbd272c00bfaf2800b5af2400b4af6c
:10ac88002000b3af1c00b2af1800b1af1900c0105c
:10ac98001400b0af1800a010258000001600800432
:10aca800c880828f2b10820013004010d880918fab
:10acb800802004000a88247e100020522c00bf8fb8
:10acc8004c00228e0c0040100300032476002292d0
:10acd800130043102590a00008000324100043101f
:10ace8000000000077002392010002245600625001
:10acf8000800238e258000002c00bf8f251000023d
:10ad08002800b58f2400b48f2000b38f1c00b28fa9
:10ad18001800b18f1400b08f0800e0033000bd2781
:10ad28007e0c410f25202002eeff401025984000a0
:10ad38002b8046000800248e0b3050000400228e21
:10ad4800ffffd030211890002b18620033006010ec
:10ad580025a00002253080027f14410f25284002db
:10ad68000800268e1000238e2130d4001700c3104f
:10ad7800080026ae740024962016047c3c0040048b
:10ad8800640025962b1066005b0040500400228e5c
:10ad98002330c300ffffc6306a0022962b38a60076
:10ada8000b30a7002b10c2004d004010000000001f
:10adb8006e002296421002002b30c2004800c010dc
:10adc800000000003e00e050000884303e0022965b
:10add80004004330c9ff60142c00bf8f0100032416
:10ade8008410627ce3fe400f3e0022a6b880848f68
:10adf80080180400211864006210043cc018030085
:10ae0800d34d84241900640010180000821903002f
:10ae180021106200b8ff0010280022ae23a04400d1
:10ae2800ffff9532252840027f14410f2530a002ec
:10ae38000000248e2310140221905502080024ae2d
:10ae4800c4ff0010ffff54301000228eaaff6210ca
:10ae58002580000064003096a8ff00122c00bf8fe8
:10ae6800ad16410f25202002a3ff00102580000009
:10ae78003e00229620004230c3ff40142b1066008b
:10ae88000400278e0000288e23107002ffff423036
:10ae98002338e800433807002a10e200baff4014bc
:10aea8002b1066001a00a014000000003e00229635
:10aeb800010003244429627c8fff00103e0022a673
:10aec80007008014000000003e002286c0ff4204f4
:10aed8003e0022960c00228ebdff62543e00229650
:10aee80086ffa0502c00bf8fad16410f25202002f1
:10aef80082ff00102c00bf8f0000278e2310430014
:10af08002330c70021304600a3ff0010ffffc630e2
:10af1800ad16410f25202002e5ff00103e002296c5
:020000040000fa
:020000041d01dc
:10af28001800838c50008290a5004010100083ac5c
:10af380000ffbd27e800b4af049d143cf800beaf85
:10af4800f400b7aff000b6afec00b5afe400b3afb4
:10af5800fc00bfafe000b2afdc00b1afd800b0afcb
:10af680025b0a00025b8800046009524406e9326a1
:10af78001000be27406e868e0400658e0800648e21
:10af88000c0062921000a6af1400a5af1800a4af81
:10af98001c00a2a31c00b227010062241000e2ae2c
:10afa8000000709020000624d0ff03262520000210
:10afb800160000124b00632cc6ff05265b00061224
:10afc8000700a52c4600605025000224a5ff032693
:10afd8004200a0140600632c41006054250002249e
:10afe8002518400001006224000050a21000e2aec3
:10aff800000070900100522620000624d0ff03268e
:10b0080025200002ecff00164b00632c3d000324b2
:10b0180001005126000043a2010045241000e5aebe
:10b028000000509020000624d0ff022625200002b0
:10b03800160000124b00422cc6ff032640000612e1
:10b048000700632c3000405025000224a5ff02268b
:10b058002c0060140600422c2b00405425000224ca
:10b068002510a00001004524000030a21000e5ae24
:10b07800000050900100312620000624d0ff02264f
:10b0880025200002ecff00164b00422c0d00022484
:10b09800020026262330de00000022a20a00022435
:10b0a80025380000ffffc6302528c0032520a00250
:10b0b800a8e1400f010022a226004010fc00bf8f2b
:10b0c8005000e292ffff4224ff0042302f00401060
:10b0d8005000e2a2a7ff00101000e38e2500022412
:10b0e8009019410f000042a2252000029619410f35
:10b0f800010042a2020042a21000e38ea6ff001047
:10b1080003005226250002249019410f000022a2b4
:10b11800010022a29619410f25200002020022a256
:10b128001000e28ebcff0010030031262b00032420
:10b13800000043a22518400097ff00100100522686
:10b148002b000224000022a22510a000b2ff00104c
:10b1580001003126010002240000c2a2f800be8fbf
:10b168000a000224f400b78ff000b68fec00b58f08
:10b17800e800b48fe400b38fe000b28fdc00b18f39
:10b18800d800b08f0800e0030001bd27fc00bf8f86
:10b198000b000224f800be8ff400b78ff000b68fc2
:10b1a800ec00b58fe800b48fe400b38fe000b28ff5
:10b1b800dc00b18fd800b08f0800e0030001bd2784
:08b1c8000800e0030b00022463
:020000040000fa
:020000041d01dc
:10b1d000e0ffbd271c00bfaf1800b1af1400b0af37
:10b1e0002550a0002558c0002568e0003000ae8f33
:10b1f0003400a8933800ac8f0300a0103c00a98f46
:10b20000ffff02240000a2ac07da400f000000009c
:10b2100049004010000000000400438c2448230132
:10b220003b002011000000002d00601102000324eb
:10b230001c00c0111200082500004490c040080006
:10b24000403804002118e40080180300231864002b
:10b250008018030023186400801803000180053c57
:10b2600000cba524214003012140a8000400088d43
:10b270002130cd012b3006010a00c0142118a30093
:10b28000a8006690010008243500c8505400688c5e
:10b290001c00bf8f1800b18f1400b08f0800e003ae
:10b2a0002000bd27001d410f000000000300422cbc
:10b2b000f8ff40141c00bf8ffe1c410f000000006f
:10b2c000049d053c08a5a5241c00bf8f1800b18f64
:10b2d0001400b08f2520400048f1400b2000bd270e
:10b2e000d3ff831100000000001d410f000000008b
:10b2f0000300422ce7ff40141c00bf8ffe1c410fcf
:10b3000000000000049d053cefff0010e8a4a52408
:10b31000001d410f000000000300422cddff40141f
:10b320001c00bf8ffe1c410f00000000049d053c67
:10b33000e5ff0010bca4a524001d410f0000000083
:10b340000300422cd3ff40141c00bf8ffe1c410f92
:10b3500000000000049d053cdbff00109ca4a52418
:10b36000a80060a00800088d3b000011020008241e
:10b3700000004990403009002118c90080180300de
:10b38000231869008018030023186900801803003f
:10b390002118a3005c00688c25000011007a0900c8
:10b3a000460079940000118d010038272578f101bd
:10b3b00000cc1900ffff18332578f9012000198d02
:10b3c00001001024ffff113b0ac011025c0079aca0
:10b3d0000c000fad040002ad10000bad14000dad5c
:10b3e00018000ead1c000cad080010ad200000ad23
:10b3f00002004011460078a400004fad2110c900a2
:10b400008010020023104900801002002310490020
:10b41000801002002110a2006000438c13006050d5
:10b42000600048ac6400438c200068ac640048ac09
:10b430002110e4008010020023104400801002005c
:10b4400023204400802004002120a40001000224c5
:10b450008fff0010a80082a08dff8851a80066a071
:10b4600003008339c2ff00100a60c300f0ff001020
:04b47000640048ac80
:020000040000fa
:020000041d01dc
:10b474000000838cc8ffbd27010002242400b4af60
:10b484001800b1af1400b0af3400bfaf3000b7af95
:10b494002c00b6af2800b5af2000b3af1c00b2af8c
:10b4a400258080000400918c4200a2100000748c5e
:10b4b4000180123c0180153c25b0c0000cc8522606
:10b4c400ccc8b5260400538e0700605218005226db
:10b4d4000800448e8a14410f0400c58e13004050a6
:10b4e4000000428e18005226f7ff55560400538e72
:10b4f400049d053c34b5a5242520200225c88002de
:10b504003400bf8f3000b78f2c00b68f2800b58f62
:10b514002400b48f2000b38f1c00b28f1800b18fa9
:10b524001400b08f080020033800bd271e0040100f
:10b5340025b80000049d163c02000010049d153c33
:10b544000000548cf4b4c52609f88002252020029a
:10b554000000028e0000658e252020020000428c2f
:10b564000c00732609f840000100f7260000028e43
:10b57400fcff658e0000428c09f840002520200263
:10b584000000028efcb4a5260000428c09f840009d
:10b59400252020020000428e2b10e202e8ff401416
:10b5a4000000028e0000548c049d053cd2ff001064
:10b5b40030b5a5240180123c0180133c25180000fd
:10b5c4000cc85226049d163c049d153cccc8732619
:10b5d400049d173c0400428e1c004010c8b4e526ac
:10b5e400050060142520200209f8800200000000f4
:10b5f4000000028e0000548cf4b4c52609f88002c1
:10b60400252020020000028e0800458e0000428c96
:10b6140009f84000252020020000028e0c00458e0f
:10b624000000428c09f84000252020020000028e10
:10b63400fcb4a5260000428c09f840002520200215
:10b644000000028e010003240000548c18005226ce
:10b65400e1ff53560400428e049d053c04b5a52425
:10b6640025202002049d123c09f88002049d133c0d
:10b67400b05b5226d45b73260000028ef4b4c52658
:10b68400252020020000428c09f840000c005226bc
:10b694000000028ef4ff458e0000428c09f8400041
:10b6a400252020020000028efcff458e0000428c03
:10b6b40009f84000252020020000028efcb4a526d3
:10b6c4000000428c09f8400025202002ebff5316ad
:10b6d4000000028e252020023400bf8f3000b78f77
:10b6e4002c00b68f2800b58f2400b48f2000b38fb0
:10b6f4001c00b28f1800b18f1400b08f0000598c59
:10b70400049d053c30b5a524080020033800bd275e
:020000040000fa
:020000041d01dc
:10b714003c00828c4c00838cd0ffbd271400b1af59
:10b724002b1843001000b0af2c00bfaf2800b6aff9
:10b734002400b5af2000b4af1c00b3af1800b2af03
:10b7440025808000330060102588a0000100432478
:10b754003c0083ac00005290d5ff42264408027c92
:10b764001600401425a000003c00028e4c00038efd
:10b774002d00523a2b1843002a0060100100542e69
:10b78400010043243c0003ae00005290d0ff422647
:10b794000a00422c0a004014d0ff4226090020125d
:10b7a4000a00422c4c00028e05004010d0ff4226b5
:10b7b4003c00028effff42243c0002aed0ff422632
:10b7c4000a00422c1b004014259800004c00028ef5
:10b7d400040040100080153c3c00028effff422410
:10b7e4003c0002ae2c00bf8f251060022518a00279
:10b7f4002800b68f2400b58f2000b48f1c00b38faf
:10b804001800b28f1400b18f1000b08f0800e0034d
:10b814003000bd2742df400f00000000ceff0010c3
:10b824002590400042df400f25200002d7ff001082
:10b8340025904000cc0c153cccccb5363c00028e97
:10b844004c00038e2b1843001d006010010043249c
:10b854003c0003ae000051900a00022402186272f8
:10b86400d0ff22260a00422c2198720004004010c6
:10b87400d0ff73262a107502f0ff40142590200291
:10b884004701163cc3af130015aed636d0ff2226af
:10b894000a00422c120040142a10b6024c00028ef8
:10b8a400400040543c00028eceff801223881500d5
:10b8b400239813002b101300caff001023a82202a0
:10b8c40042df400f25200002e3ff001025884000de
:10b8d40042df400f25200002120000100a0003245a
:10b8e40026004010ffffc2260500a216e17a023ca2
:10b8f400ae4742242b10620221004050d0ff312673
:10b904003c00028e4c00038e2b184300f0ff6010a5
:10b9140000000000010043243c0003ae00004290fc
:10b924000a0003241900730012900000109800000c
:10b934000220757021989300c327110021885102b9
:10b944002b1832022120640221186400d0ff332610
:10b954002b887102ffff632421a82302cbff001070
:10b96400258840004c00038e2b184300090060100a
:10b97400010043243c0003ae00005190d0ff312667
:10b984000a00312ef7ff20563c00028ec4ff00103f
:10b994004c00028e42df400f25200002f7ff00100a
:10b9a40025884000ffff4224bfff00103c0002ae88
:020000040000fa
:020000041d01dc
:10b9b400b0ffbd273c00b0af0400908c4800b3af8b
:10b9c4004400b2af4c00bfaf4000b1af259080003f
:10b9d4002c00a0af2800a0af3000a0af2000a0af83
:10b9e4001c00a0af2400a0af1400a0af1000a0afb3
:10b9f4001800a0af049d133c9000118e1a00201271
:10ba04001c00a28f9400028e73002252940000ae98
:10ba14000000228e900002ae9800028e02000324e1
:10ba2400ffff4224980002ae0f00229266004314e6
:10ba3400060105241000228e5a0042122000a28f13
:10ba440055004010000020ae000051ac2000b1af02
:10ba54002400a28f9000118e01004224e9ff2016d9
:10ba64002400a2af1c00a28f2800a58f2800b127b4
:10ba7400900002ae2000a28f940002ae2400a28f98
:10ba84000800a010980002ae02000724253020020e
:10ba94005aba400f252000022800a58ffbffa014ee
:10baa40002000724049d133c9c00118e1a002012ee
:10bab4001000a28fa000028e59002252a00000aef6
:10bac4000000228e9c0002aea400028e0300032418
:10bad400ffff4224a40002ae0f0022924c00435404
:10bae400060105241000228e400042121400a28f89
:10baf4003b004010000020ae000051ac1400b1af78
:10bb04001800a28f9c00118e01004224e9ff201628
:10bb14001800a2af1000a28f2800a58f2800b1271b
:10bb24009c0002ae1400a28fa00002ae1800a28fe7
:10bb34000800a010a40002ae030007242530200250
:10bb44005aba400f252000022800a58ffbffa0143d
:10bb5400030007240400428e4c00bf8fffff05241e
:10bb64000400449402004394000040a6ffff842490
:10bb74008410037c0c0045ae4800b38f4400b28fa0
:10bb84004000b18f3c00b08f040044a4020043a4e1
:10bb94000800e0035000bd272000b1afacff001047
:10bba4001c00b1af2c00a28f1f004010000020ae7b
:10bbb400000051ac2c00b1af3000a28f0100422430
:10bbc4008dff00103000a2afb610410f2866642626
:10bbd40099ff00101000228e8fff0010900000ae1d
:10bbe4001400b1afc6ff00101000b1af2c00a28f3b
:10bbf40010004010000020ae000051ac2c00b1af8a
:10bc04003000a28f01004224a7ff00103000a2af31
:10bc1400b610410f28666426b3ff00101000228e70
:10bc2400a9ff00109c0000ae2c00b1afe2ff001091
:10bc34002800b1af2c00b1aff1ff00102800b1af64
:020000040000fa
:020000041d01dc
:10bc44006e6574776f726b2e68746d0064686370d0
:10bc54005f656e004950416464726573730000004f
:10bc640067617465776179005375626e657400006d
:10bc7400757365726e616d65000000006f6c6470b1
:10bc8400617373006e657770617373006e657477aa
:10bc94006f726b2e68746d3f000000006d6f6462fc
:10bca40075732e68746d000072656d6f74654d6fe9
:10bcb40064650000736572766572506f727400007b
:10bcc400756e69744964000063616e2e68746d005a
:10bcd4006d736754797065310000000062617564aa
:10bce400310000006d736754797065320000000004
:10bcf400626175643200000064657669636550733f
:10bd0400312e68746d000000646576696365416472
:10bd14006472000068656172746265617400000099
:10bd240064656c6179506f776572000074696d6544
:10bd34006f757400766f6c6d61780000766f6c6d52
:10bd4400696e000063757272656e744d61780000ef
:10bd540063757272656e744d696e0000706f7765fd
:10bd6400724c696d6974000064657669636550732b
:10bd7400322e68746d0000006465766963655073e3
:10bd8400332e68746d0000006465766963655073d2
:10bd9400342e68746d000000636f6e74726f6c2ec5
:10bda40068746d007073315f6f6e00007073315f83
:10bdb400766f6c73657400007073315f63757273b2
:10bdc400657400007073325f6f6e00007073325fd1
:10bdd400766f6c73657400007073325f6375727391
:10bde400657400007073335f6f6e00007073335faf
:10bdf400766f6c73657400007073335f6375727370
:10be0400657400007073345f6f6e00007073345f8c
:10be1400766f6c73657400007073345f637572734e
:10be240065740000636f6e74726f6c2e68746d3f7e
:10be340000000000696e6465782e68746d0000006f
:10be4400636c6561720000007265736574000000c4
:10be540073776974636800006d6f646275732e682c
:10be6400746d3f0063616e2e68746d3f00000000c6
:10be74006465766963655073312e68746d3f0000a4
:10be84006465766963655073322e68746d3f000093
:10be94006465766963655073332e68746d3f000082
:10bea4006465766963655073342e68746d3f000071
:10beb40064617368626f6172642e68746d3f000020
:10bec40064617368626f6172642e68746d0000004f
:020000040000fa
:020000041d01dc
:10bed400d0ffbd273800aef71c00b3af1800b2afd7
:10bee4003c00b38f3800b28f2c00bfaf401013005a
:10bef400c21f120025106200402812002518a2005b
:10bf04002800b6af2400b5af2000b4af1400b1af21
:10bf14001000b0af0f0060103000acf7f07f043cad
:10bf240000f0667e010083242b18c3000a00601011
:10bf34003000a0d70300c4143400b48f07004016a7
:10bf44003800a1d7ff0703240055957e1100a316de
:10bf54003000a48f3000a0d73800a1d702002146ba
:10bf6400030020463000a0f72c00bf8f3000a0d77c
:10bf74002800b68f2400b58f2000b48f1c00b38f27
:10bf84001800b28f1400b18f1000b08f0800e003c6
:10bf94003000bd27c2370400401814002518c30020
:10bfa4002b3843000e00e0144030040003006214f8
:10bfb4002b38a6000a00e01400000000ebffa614d2
:10bfc4002c00bf8feaff43543000a0d70000804408
:10bfd4003000a1d70000e044e2ff00100208204630
:10bfe4003a00a01602150400001b14002518430093
:10bff400001304002f006104010006242330d5003f
:10c00400830e410f2528800225804000258860008a
:10c014000055767e3800c016021d1200001313006e
:10c0240025106200002312002d00410401000624a3
:10c034002520400225286002830e410f2330d600bc
:10c044002598600025904000231812022b2003023b
:10c0540023103302231044002a20d5022a0080141e
:10c06400000000000400400425206200d7ff801077
:10c074002580600025884000021511002d004050e5
:10c08400c21710003000a05a01000624f0ff033c40
:10c0940021882302001d150025187100252880021f
:10c0a40004f0057c2538a3003000b0afaeff0010cb
:10c0b4003400a7afc237020040280300ffffb526b3
:10c0c4002518c500cbff0010401002000098837ea5
:10c0d4001000113c25808000cdff0010258823022c
:10c0e400c22f040040180200ffffd6262510a3002b
:10c0f400cdff0010402004000098737e1000033c24
:10c10400d1ff00102598730004004004252062002c
:10c11400aeff80102580600025884000c217100003
:10c12400408811002588510040801000c6ff00108f
:10c13400ffffb5264088110025885100408010007b
:10c14400cdff0010ffffb526252000022330d500c7
:10c15400740e410f25282002d0ff001025804000d6
:020000040000fa
:020000041d01dc
:10c164009e00a01000000000c8ffbd272000b4af4f
:10c1740025a080002520a0001c00b3af1800b2af9a
:10c184001400b1af3400bfaf3000beaf2c00b7af66
:10c194002800b6af2400b5af1000b0af2588a000ca
:10c1a4002590c000fd12410f2598e0008500401045
:10c1b4002e00032400003682560090963e00c312df
:10c1c400590195262f0003242e00c3525800839250
:10c1d40054008396ffff7326211870002118620013
:10c1e4002b18630275006014590085261516410f3b
:10c1f400252040021d000056540084965400849665
:10c204002528200221985302212090001516410f61
:10c214002120440225204002fd12410f000060a2ab
:10c22400ffff422421904202000044822f00032495
:10c234000200831425100000000040a23400bf8fc8
:10c244003000be8f2c00b78f2800b68f2400b58f26
:10c254002000b48f1c00b38f1800b28f1400b18f6c
:10c264001000b08f0800e0033800bd270100062647
:10c274002528a0021f16410f21204402e0ff0010d0
:10c2840054008496010063303800601459008526f8
:10c2940054008396ffff7326211862002b18630253
:10c2a400e6ff6054feff02241516410f25204002cc
:10c2b400d2ff001025800000010022822f000324f9
:10c2c4003a00435002003126240040500100312638
:10c2d400daff5614ffff02240200228239004314bd
:10c2e400049d173c2180b0024459f7262f001624e0
:10c2f40001001e24030006242528e002ef0a410f52
:10c3040025202002310040142b18b00206006014ce
:10c3140003003126c9ff0010fcff0224ffff102692
:10c32400c6ff1552fcff0224ffff0382fcff765474
:10c33400ffff1026f0ff5e1003000624ffff102607
:10c34400beff1512fcff0224ffff0382f3ff7614e5
:10c3540001000224e9ff00102528e002fd12410f2c
:10c36400252020029bff0010540083960b16410fda
:10c374002520400223b852000100f726000056a0f1
:10c38400010040a02530e00225284002ef0a410fb9
:10c39400252020021300401421883702fd12410f8a
:10c3a400252020028bff001054008396fd12410fbc
:10c3b4002520200287ff0010540083969fff001061
:10c3c400feff02249dff0010ffff0224fd12410f17
:10c3d400252020027eff0010238015020800e003c0
:0cc3e400ffff022495ff0010fbff022465
:020000040000fa
:020000041d01dc
:10c3f000b480828fd0ffbd272c00bfaf2800b6af1e
:10c400002400b5af2000b4af1c00b3af1800b2af2a
:10c410001400b1af970040101000b0af0200a2307e
:10c42000259880002588a00025a0c00025a8e00050
:10c4300029004010259000000e1d410f0000000053
:10c440009c8083932a006014ffff6324101d410f1a
:10c45000252040002b004012b080848f0c008018f3
:10c46000b480828f0000438c2c00601004004224b2
:10c470000400001025800000fcff438c2900605060
:10c48000ac80848f01001026fbff041604004224b8
:10c490000e1d410fffff10249c8083932520400038
:10c4a00001006324101d410f9c8083a32c00bf8fcb
:10c4b000251000022800b68f2400b58f2000b48f0d
:10c4c0001c00b38f1800b28f1400b18f1000b08f12
:10c4d0000800e0033000bd270e1d410f2590c0006d
:10c4e0009c808393d9ff601025a00000ffff632488
:10c4f00025204000101d410f9c8083a3d7ff4016cc
:10c50000b080848fa2ec400f00000000e0ff4010dc
:10c5100025904000d1ff0010b080848f258000005e
:10c52000ac80848f640006240800828c09f84000e7
:10c5300001000524d6ff401025b04000b480828f52
:10c54000801810002086107c211043001200d0a615
:10c550000e1d410f000056ac9c80839325204000a7
:10c5600001006324101d410f9c8083a34000c28ef4
:10c570000300032480002432046b627e2a00d2a6ca
:10c580002800d4a63c00d3a23d00c3a26200c3a2ef
:10c59000210080104000c2ae01000324444a627ca6
:10c5a0001000c0a64000c2ae0001223205004010bb
:10c5b000010031324000c28e01000324c45a627c63
:10c5c0004000c2ae17002012010002244800c396aa
:10c5d000010004244000c2928410837c4800c3a65a
:10c5e0002c00bf8f8420027c1c0042344000c2a279
:10c5f0002400b58f251000022800b68f2000b48fcc
:10c600001c00b38f1800b28f1400b18f1000b08fd0
:10c610000800e0033000bd27a4808297e2ff0010ed
:10c620001000c2a6a2ff62162c00bf8fa1ffa012ad
:10c63000251000024000c28e0000a38e0442627edc
:10c640004000c2ae2c00bf8f251000021400c3ae04
:10c650002400b58f2800b68f2000b48f1c00b38f44
:10c660001800b28f1400b18f1000b08f0800e003e3
:0cc670003000bd278dff0010ffff1024dc
:020000040000fa
:020000041d01dc
:10c67c000180083c04d103251c006290ff0042306d
:10c68c004e004014000000004e00a01000000000fe
:10c69c004c0080100000000004d104ad040066ac16
:10c6ac00140060ac180060ac100060ac080065ac05
:10c6bc005000c014000000000c0060ac010002240b
:10c6cc001c0062a00800658c0c00628c2b10a20070
:10c6dc000500401082bf043c0c00628c2310450006
:10c6ec00100062ac82bf043c40000224141282ace5
:10c6fc001012828c200042300600401403000a24e1
:10c70c002012828c1012828c20004230fcff4010d0
:10c71c0003000a2404128aac01000a2408128aac11
:10c72c0081bf023c0100063c008009340c000a2445
:10c73c0004128aac040149ac040146ac840049ac37
:10c74c00840046ac0012868c0008c6303600c0103f
:10c75c00000000000800658c82280500080065ac0c
:10c76c001000658c82280500100065ac0c00658cef
:10c77c00822805000c0065ac0800658c1800668cde
:10c78c002b30c5003a00c0100000000004d1068d0b
:10c79c000000c68c201286ac1800668c0100c624e2
:10c7ac00180066ac1800e010000000000080033494
:10c7bc00080143ac0800e003010002240800e00378
:10c7cc00251000000e00e010000000000c00c0104e
:10c7dc000000000004d104ad040066ac140060ac91
:10c7ec00180060ac100060ac3e008014000000002b
:10c7fc00080060ac0c0067acb1ff00100100022413
:10c80c000800e003000000001800638c02006510b3
:10c81c0004000324081283ac0100033c080143ac60
:10c82c000800e003010002240012868c0004c630cc
:10c83c001800c010000000000800658c422805009c
:10c84c00080065ac1000658c42280500100065ac32
:10c85c000c00658c422805000c0065ac0800658c4a
:10c86c001800668c2b30c5001600c01400000000a8
:10c87c001000668ccbffc010ff000624201286ac83
:10c88c001000668cffffc624100066acc5ff0010bc
:10c89c00000000001800668c2b30c500f4ffc0109f
:10c8ac000000000004d1068d0000c690201286ac5a
:10c8bc001800668c0100c624180066acb9ff001085
:10c8cc000000000004d1068d0000c694201286ac36
:10c8dc001800668c0100c624180066acb1ff00106d
:10c8ec0000000000080065ac0c0067ac74ff001081
:04c8fc000100022411
:020000040000fa
:020000041d01dc
:10c90000b8ffbd273400b3af3000b2af2800b0afde
:10c910004400bfaf1c81908f4000b6af3c00b5af64
:10c920003800b4af2c00b1af25988000a819410f92
:10c930002590a000801802002118620080180300d2
:10c940002118620080180300218003023c00028e3f
:10c950000f0040100000000009f840002520600290
:10c960000b00401025884000fd12410f252040009b
:10c970000200432c0600601401004224500014926f
:10c98000400094320a1014000500001025a0400059
:10c99000271c410f252060022588400025a00000ab
:10c9a0001000a0af1400a0af1800a0af1c00a0aff3
:10c9b0002000a0af2400a0a31400272625102002e9
:10c9c0001000a3272000062401004224ffff44801a
:10c9d000f7ff8524050086100500a52c0300a01490
:10c9e00000000000000064a001006324f7ffe214cf
:10c9f00001004224fd12410f1000a427380040100e
:10ca00002580400025b000001000b32778001524d1
:10ca100000006492d3ff82240200422c05004014df
:10ca20000100d6261017410f000000000100405001
:10ca3000000075a22a10d002f5ff401401007326f1
:10ca40001000a283200042349fff42241a00422c8f
:10ca500003004014ffff1326780002241000a2a355
:10ca60001000a227219853001017410f0000649274
:10ca70000200401478000224000062a225008056c3
:10ca8000000020a20400428e020013262b10530047
:10ca900037004014253000020000448e0c000224b0
:10caa000000082a0010090a01000a5277f14410f74
:10cab00002008424251060024400bf8f4000b68f1e
:10cac0003c00b58f3800b48f3400b38f3000b28f84
:10cad0002c00b18f2800b08f0800e0034800bd276c
:10cae00001008056000020a2251000004400bf8fe6
:10caf0004000b68f3c00b58f3800b48f3400b38f40
:10cb00003000b28f2c00b18f2800b08f0800e003f6
:10cb10004800bd270400428e020013262b1053004c
:10cb2000130040140c0003240000428e2530000244
:10cb30001000a52702004424000043a0010050a0db
:10cb40007f14410f010010262a1090020aa0020251
:10cb5000253080021000a527252020027f14410fd8
:10cb600021a03402ffff80a2d3ff00102510600235
:08cb7000deff0010ffff0224ac
:020000040000fa
:020000041d01dc
:10cb7800b0ffbd270200a5282c00b1af2800b0af38
:10cb88004c00bfaf4800beaf4400b7af4000b6afdf
:10cb98003c00b5af3800b4af3400b3af3000b2af2b
:10cba800258080006f00a0100400918c039d123c2a
:10cbb80050fa52262000a0af0400132401000424d8
:10cbc80002001524039d023c1400a2af039d023c01
:10cbd8001800a2af039d023c1c00a2af252800004c
:10cbe800039d023cbc17410f2400a2af039d1e3ccd
:10cbf800039d173c049d143c25b040003f004010a5
:10cc0800252040001000428c09f840000000000078
:10cc18000000048e25384000253040020400828c34
:10cc2800a4fac52709f84000252020020000058e37
:10cc38001400c28e2520c00209f840000400b28cfe
:10cc480025304000dcfae52609f8400225202002bc
:10cc58000000058e1800c28e2520c00209f8400089
:10cc68000400b28c1000a2af1c00c28e09f840006c
:10cc78002520c002253840001400a28f1000a68f7e
:10cc88002520200209f8400204fb45240000058ef7
:10cc98002000c28e2520c00209f840000400b28c92
:10cca800253040001800a28f2520200209f84002f4
:10ccb8003cfb45240000028e1c00a38f2520200287
:10ccc8000000428c09f8400054fb65242b18b3027d
:10ccd80080101500206e9226160060102520a002f4
:10cce80025280000bc17410f0a90427e0100b52696
:10ccf80025b04000c3ff4014252040002400a28f27
:10cd08002530400280fa45242000a28fefff401012
:10cd1800252020020000028e0400428c09f8400001
:10cd2800206e92262b18b30280101500ecff6014b9
:10cd38002520a0024c00bf8f4800be8f4400b78f4b
:10cd48004000b68f3c00b58f3800b48f3400b38fe5
:10cd58003000b28f2c00b18f2800b08f0800e0039c
:10cd68005000bd270af7400f0400c48c252040005e
:10cd7800ffff42240300422c09004010049d023c9e
:10cd8800206e422480900400010095240a90527c71
:10cd9800010002242598a0028aff00102000a2affb
:10cda8000000028e252020024c00bf8f4800be8f55
:10cdb8004400b78f4000b68f3c00b58f3800b48f61
:10cdc8003400b38f3000b28f2c00b18f2800b08fa1
:10cdd8000400598c039d053c030006245cfaa52435
:08cde800080020035000bd27e4
:020000040000fa
:020000041d01dc
:10cdf000d0ffbd274800828c2400b0af2580a00062
:10ce00002800b1af2c00bfaf258880001800a0a774
:10ce10001000a0af1400a52709f84000252000024b
:10ce2000250040041000a6272800228e2528000097
:10ce300009f84000252000021400a2970800432ca6
:10ce40008600601080180200029d023c5cce4224e5
:10ce50000a10437c080040000000000000d0019d43
:10ce60007cce019d2ccf019d5ccf019d88cf019d83
:10ce7000c8cf019dccce019df8ce019d5400228edd
:10ce80001800a52709f84000252000020a004004e8
:10ce900001000324680043101800a2876c004104bd
:10cea000252800004c00228e1400a0af09f8400095
:10ceb00025200002010002242c00bf8f2800b18f22
:10cec0002400b08f0800e0033000bd275000228e00
:10ced0001000a68f2528000009f840002520000238
:10cee000f5ff40040100032453004310070002240f
:10cef0004d0000101400a2a75400228e1800a52790
:10cf000009f8400025200002ebff40040100032443
:10cf1000490043101800a2973800039624104300dc
:10cf20002b100200e4ff0010231002005800228e94
:10cf30001000a78f380006962528000009f8400049
:10cf400025200002dcff4004010003243a004310c6
:10cf500003000224340000101400a2a75000228e07
:10cf60001000a68f2528000009f8400025200002a7
:10cf7000d1ff4004010003242f00431004000224c9
:10cf8000290000101400a2a75400228e1800a52723
:10cf900009f8400025200002c7ff400401000324d7
:10cfa000250043101800a397380002962420620041
:10cfb000c1ff8214ffff0224050002241600a3a76c
:10cfc000190000101400a2a71600a69738000396b7
:10cfd0005800228e1000a78f2630c300252800009d
:10cfe00009f8400025200002b3ff4004010003249b
:10cff00011004310060002240b0000101400a2a729
:10d000005000228e1000a68f2528000009f840004d
:10d0100025200002a8ff400401000324070043105c
:10d020002c00bf8f1400a3a74c00228e1400a58fe4
:10d0300009f84000252000022c00bf8f01000224c7
:10d040002800b18f2400b08f0800e0033000bd2716
:10d0500002000224f4ff00101400a2a796ff0010a3
:04d06000f7ff0224b0
:020000040000fa
:020000041d01dc
:10d06400e0ffbd271400b0af0180103cf0ce1026c5
:10d074000400028e1c00bfaf0b00432c1f00601085
:10d084001800b1af80180200029d023ca0d04224d7
:10d094000a10437c0800400000000000a0d2019d5b
:10d0a40044d1019dccd0019d68d1019d9cd1019dad
:10d0b400d0d1019d18d2019d50d2019d44d1019d32
:10d0c40044d1019d44d1019d2800048e0100052412
:10d0d4000f00823004284500e418410f02210400a7
:10d0e4001800058e81f9400f240004924600401078
:10d0f4000200022403000224040002ae0800028e8f
:10d104000b0040101c00bf8f2c00198e0900201347
:10d114001800b18f0800048e3000058e1c00bf8fec
:10d124001800b18f1400b08f080020032000bd2721
:10d134001800b18f1400b08f0800e0032000bd2751
:10d144002800048e010011240f0085300428b1004a
:10d15400e418410f02210400080011aee7ff00109b
:10d16400000000002000028e1c00038e0180053c9c
:10d1740028cfa524252000023c0003ae400002aec7
:10d18400380000ae7cfc400f440000ae04000224d2
:10d19400daff0010040002ae2800048e010005240a
:10d1a4000f00823004284500e418410f02210400d6
:10d1b400aeff400f000000001300401002000224e4
:10d1c40005000224cdff0010040002ae2800048ee6
:10d1d400010011240f0085300428b100e418410f28
:10d1e4000221040000a0023c712842900100423058
:10d1f400d9ff401000000000aeff400f0000000007
:10d20400beff401402000224080002aebbff00105f
:10d21400000000002800048e010005240f00823065
:10d2240004284500e418410f022104001800058e6b
:10d2340081f9400f24000492f3ff401002000224fd
:10d2440004000224adff0010040002ae2800048e86
:10d25400010011240f0085300428b100e418410fa7
:10d264000221040000a0023c0180053c80284324e4
:10d2740028cfa52425200002802851a03c0003ae1d
:10d28400400011ae380000ae7cfc400f440000aefc
:10d294000800022499ff0010040002ae1c00038e53
:10d2a4002000028e0180053c28cfa5242520000201
:10d2b4003c0000ae400000ae380003ae7cfc400fe2
:10d2c400440002ae010002248cff0010040002aef0
:020000040000fa
:020000041d01dc
:10d2d400d0ffbd272c00bfaf2800b3af2400b2afee
:10d2e4002000b1af740080101c00b0af7200a01019
:10d2f400ffffc3240400632c6f00601025888000a6
:10d304002580c0008de8400f2590a00077004010d4
:10d31400030002241482828f0b000212048280af65
:10d3240015000224048282afffff02242c00bf8f69
:10d334002800b38f2400b28f2000b18f1c00b08f5f
:10d344000800e0033000bd271000a5278aef400f36
:10d354002520200268004010010002241400a28f3e
:10d364000400505008828293710040141600022475
:10d3740008828293010003240a0043102c00bf8f0b
:10d3840007000224048282af2800b38fffff022427
:10d394002400b28f2000b18f1c00b08f0800e0037e
:10d3a4003000bd270180133c28d36392060060102f
:10d3b400088280a3088282a314000224048282af1c
:10d3c400daff0010ffff02241882878f28d371260a
:10d3d400040030ae080027ae100020a205004382ee
:10d3e4002f0004240d006410050045260b00601076
:10d3f4002518a000030000102f0006240800801048
:10d404001000a493100022a2010063240000648091
:10d4140001004224f9ff8614ff0042301000a49357
:10d4240012002392010002240c0025ae0c006210ad
:10d43400110024a22c00bf8f07000324088282a3ba
:10d444002800b38fffff02242400b28f2000b18f85
:10d454001c00b08f048283af0800e0033000bd27b6
:10d464004800e28c1e004010120020a209f840007f
:10d47400000000000800278e0000e28c12004050db
:10d484000100022409f84000110024920d00032435
:10d494001c004310048282af0100032421004014c5
:10d4a400120023a228d363a20c8283a3108291af1b
:10d4b4009eff0010088283a313000224048282af1b
:10d4c4009aff0010ffff022417000324120022a277
:10d4d400088282a3048283af94ff0010ffff02241a
:10d4e40017000224e4ff0010048282af048282af9a
:10d4f4008eff0010ffff0224048282af8bff001016
:10d50400ffff022401000224120022a228d362a2f7
:10d514000c8282a3088282a3108291af83ff001041
:10d5240025100000088283a380ff0010ffff02245f
:0cd53400048282af7dff0010ffff022484
:020000040000fa
:020000041d01dc
:10d54000d8ffbd271000b0af1800908c2000b4affa
:10d550001c00b3af1400b1af2400bfaf1800b2afce
:10d560004400929000000292460083942588800037
:10d5700014005226040004240439827c8220120004
:10d580000418827c0100633025a0a0002598e000eb
:10d590000c006010000002a2450024921400022634
:10d5a00021181202802004002110440004004424a9
:10d5b0002b18830094040424000044a45300601436
:10d5c000020040a421304602010000a25400601273
:10d5d000ffffc4300000629220004330060060105c
:10d5e0001000433025180000010005248410a37c9e
:10d5f000010003a210004330060060100800433011
:10d600000100039201000524c418a37c010003a2b9
:10d610000800433006006010070043300100039209
:10d62000010005240421a37c010003a2070043306c
:10d630000400601000000000010003924439437ca4
:10d64000010003a2b377400f000000000081839720
:10d65000020002a601006224ffff423025204000a4
:10d66000b377400f008182a7040002a6b377400f72
:10d6700025200000060002a602006392200060142c
:10d68000010003240100629264000324090014a233
:10d690000a106200080002a23c00228e3800238e8d
:10d6a0004000248e0a0000a60c0003ae100002ae5b
:10d6b0006000829004004230340040502520000277
:10d6c0001000258e1800228e2400bf8f0c00a3941a
:10d6d000211052002000b48f219043020c00b2a40c
:10d6e0001c00b38f1c0022ae280024ae1800b28f9d
:10d6f0001400b18f1000b08f0800e0032800bd2790
:10d700008473627cdfff0010060002a6213046020f
:10d71000040040a0ffffc430aeff6016010000a26d
:10d72000b377400f0000000000818397020002a63b
:10d7300001006224ffff423025204000b377400ff4
:10d74000008182a7040002a6b377400f25200000c5
:10d75000060002a664000224080002a2090014a226
:10d760003c00228e3800238e4000248e0a0000a642
:10d770000c0003ae100002ae600082900400423044
:10d78000d0ff40541000258e2520000225300000d7
:10d79000bb77400f252840024000248ec8ff0010b0
:04d7a0000a0002a6d3
:020000040000fa
:020000041d01dc
:10d7a400d0ffbd272400b3af0080133c1800b0aff6
:10d7b400902c70261c00b1af2c00bfaf2800b4af72
:10d7c4002000b2af53000416258800007400028eb6
:10d7d4002590c0002588a0001400a0af05004010cb
:10d7e4001000a0af0080043c0500052409f84000a7
:10d7f400a02d84240080053c1400a7271000a62730
:10d80400402da524d7a0400f902c642625a04000cd
:10d814007400028e04004010060005240080043cbd
:10d8240009f84000a02d8424ffff82260200422c28
:10d8340041004014000000005e0080562801028e62
:10d844001400a38f0400628cc005447c5f008050e8
:10d854002401028e0000638c0001043c241864003f
:10d864001000043c2410440025106200570040546a
:10d874002401028e1801028e0100422402002012ab
:10d88400180102ae000020ae2800048eb800118eec
:10d8940024000386bc000296248824020a88237e7e
:10d8a400fcff4524eeff42241000238e0800648c04
:10d8b400000060acbc0005a60e0085240c0062a428
:10d8c400140024aee3fe400f180025ae1400a48f0c
:10d8d4002000238e240022ae0000858c25106000d9
:10d8e4000431027c080046348007a37c3d006010ac
:10d8f400200026ae28004234200022ae060040124a
:10d904002c00bf8f0000838c0400828c000043ae87
:10d91400040042ae2c00bf8f251020022800b48fd3
:10d924002400b38f2000b28f1c00b18f1800b08f79
:10d934000800e0033000bd27020020120100022489
:10d94400000022aeb800058e1100a0102c00bf8f7d
:10d954007400028e050040100080043c050005247c
:10d9640009f84000a02d8424b800058e888f400f4c
:10d97400902c64267400028e0400401006000524d6
:10d984000080043c09f84000a02d84242c00bf8fa3
:10d9940025880000251020022800b48f2400b38fae
:10d9a4002000b28f1c00b18f1800b08f0800e00374
:10d9b4003000bd2701004224e2ff2012280102aefc
:10d9c400f6ff0224dfff0010000022ae0100422413
:10d9d400dcff2012240102aef5ff0224d9ff00105f
:10d9e400000022ae0400a20448004234180042346d
:10d9f400c2ff0010200022aec0ff0010200022aea3
:020000040000fa
:020000041d01dc
:10da0400f8febd270401bfaf0001beaffc00b7aff5
:10da1400f800b6aff400b5aff000b4afec00b3afac
:10da2400e800b2afe400b1afe000b0afa3fa400f3a
:10da34000c01a5af7d00401025804000c8000624dd
:10da4400252800000116410f1000a42702000696a5
:10da540004001026252800000116410f252000028d
:10da6400fd12410f25200002049d033c883f658c74
:10da7400883f6324211002020400648c030045a83b
:10da8400000045b80800658c070044a8040044b8a9
:10da94000c00648c0b0045a8100066901100639084
:10daa400080045b80180113c0f0044a8a4a6312603
:10dab4000c0044b8100046a0110043a02003222605
:10dac40058023626d800a2af11001224049d153c3a
:10dad400049d143c049d133c280026969c3fa526d7
:10dae4003d16410f1000a4271000a5272520000291
:10daf400fe0f410f25b84000c80006242528000069
:10db04000116410f1000a4272a002696a83f852657
:10db14003d16410f1000a4271000a5272520000260
:10db2400fe0f410f25f04000c80006242528000000
:10db34000116410f1000a4272c002696b43f652639
:10db44003d16410f1000a4272118fe022110620087
:10db54001000a52725200002fe0f410f219052003e
:10db64001000a427c80006240116410f2528000030
:10db74002700361225200002fd12410fc80031266d
:10db8400211002027d000324000043a02c00032482
:10db9400010043a0020040a0d800a28fceff2216ad
:10dba40002005226fd12410f25200002211002021c
:10dbb4005d0003240c01a48f02004626000043a04c
:10dbc4007d00032425280002010043a0020040a098
:10dbd4000100072432b9400fffffc6300401bf8f94
:10dbe400251000000001be8ffc00b78ff800b68f2f
:10dbf400f400b58ff000b48fec00b38fe800b28f5f
:10dc0400e400b18fe000b08f0800e0030801bd27f5
:10dc1400fd12410f01005226211002027d0003244f
:10dc2400000043a0dfff0010010040a00401bf8feb
:10dc3400030002240001be8ffc00b78ff800b68fea
:10dc4400f400b58ff000b48fec00b38fe800b28f0e
:10dc5400e400b18fe000b08f0800e0030801bd27a5
:020000040000fa
:020000041d01dc
:10dc64001800838cc8ffbd27030002243400bfaf13
:10dc74003000b3af2c00b2af2800b1af7a0062100d
:10dc84002400b0af1481828f258080005500401499
:10dc94002588a0002500a010540006240800828cca
:10dca400000085940800438c25204000048182af45
:10dcb400ffff022409f86000108182a71b004010b6
:10dcc4001c8182af019d053c05000624a4c3a52444
:10dcd400c9fe400f0c0004240180043c80d384243a
:10dce400d61c410f088182af259840000c00229673
:10dcf4000800238e02010724253000002528400057
:10dd0400010004240e8183a7a500410f0c8182a782
:10dd140025904000ffff02240c0042161000a627a5
:10dd2400108192a787d8400f000000003400bf8ff5
:10dd3400251000003000b38f2c00b28f2800b18f63
:10dd44002400b08f0800e0033800bd270500052437
:10dd5400e07c400f252040021000a2970002422cd4
:10dd6400090040100e818697000202240002062456
:10dd740005000524252040027e52400f1000a2a772
:10dd8400470040100e8186972538000001000524c5
:10dd9400c683400f2520400241004010253000007a
:10dda400020005247e52400f25204002049d063cbb
:10ddb40025380000905ec62400010524b2fc400f03
:10ddc40025204002360040100881828fd5ff401084
:10ddd400108192a7d3ff6012000000000000029699
:10dde400188182af1400038e0400258e1000048e67
:10ddf4008010030021104300801002002110430012
:10de04001c81838f801002004200869421106200de
:10de14002a3805000a0003240a286700480045a49c
:10de240002000524460045a40100c330e80305248c
:10de3400500040a0160060144a0045a41481838f4a
:10de44000100022401006324148183af3400bf8fd6
:10de54003000b38f2c00b28f2800b18f2400b08f14
:10de64000800e0033800bd271000848c420083942e
:10de740001006330f5ff6010010002240100052455
:10de8400dbbe400f1800a2aff0ff00101800a28ff5
:10de9400dbbe400f01000524e9ff00101481838fcd
:10dea40094da400f25204002ffff022487d8400f58
:0cdeb400108182a79eff00103400bf8f79
:020000040000fa
:020000041d01dc
:10dec000a020047c0800e00302142400a020047cad
:10ded0000800e00325108000a020047ca028057c19
:10dee000021425000800e003021c2400fcffa82403
:10def0001b000105010007348500a0102518c00093
:10df0000ffffa8240400001500000000000083901b
:10df10000f00001021186600ffff082506000015fd
:10df20000100839000008890001a03002518680003
:10df300007000010211866000000899002008890f8
:10df4000001a0300251869002118680021186600ce
:10df5000024c0300ffff6a306d00001021182a01f7
:10df6000110000001300c00001008230030089305e
:10df70000f00201104000b342358690125400000d4
:10df800000008898ffff29250500201108000a34a9
:10df9000ffff29250200201108004a2508004a2514
:10dfa00004404801010007712328ab0021208b00a9
:10dfb0004219050040310300130060100000888cf6
:10dfc0000400898c0100077108008a8c0100277108
:10dfd0000c008b8c0100477110008c8c0100677164
:10dfe00014008d8c0100877118008e8c0100a771c0
:10dff0001c008f8c0100c771ffff63240100e771d3
:10e00000edff0010200084242328a600021905003b
:10e01000003103000b0060100000888c0400898c24
:10e020000100077108008a8c010027710c008b8c9d
:10e0300001004771ffff632401006771f5ff0010c5
:10e04000100084242328a600c2180500c030030055
:10e05000070060100000888c0400898c01000771a3
:10e06000ffff632401002771f9ff001008008424da
:10e070002328a600821805008030030003006010ea
:10e080000000888c04008424010007712328a60066
:10e090000f00a0100100a6300400c0140000000012
:10e0a0000100888809000010024408000200a63020
:10e0b0000400c01400000000000088880300001065
:10e0c0000246080002008888024208000100077129
:10e0d0001048000012400000211828012b58680049
:10e0e000020060110000000001006324024c0300e4
:10e0f000ffff6a3021182a01024c0300ffff6a303b
:10e1000021182a010200401000000000a018037c22
:0ce11000271060000800e003ffff423011
:020000040000fa
:020000041d01dc
:10e11c00c0ffbd270200a5283000b1af2c00b0af66
:10e12c003c00bfaf3800b3af3400b2af25808000e5
:10e13c003c00a0140400918c0400c28c75000324d4
:10e14c00000044900c008350010044900000449067
:10e15c006400032452008350010044903c00bf8fa4
:10e16c003800b38f3400b28f3000b18f2c00b08fd9
:10e17c000800e0034000bd2770000324f4ff835423
:10e18c0000004490252800006bd5400f252000008e
:10e19c0025904000ffff0224350042560000028efd
:10e1ac005881828f69004010039d053c0000048e4d
:10e1bc000800468c00004a8c0400498c0c00488cea
:10e1cc001000478c1400438c0400828c40fea52464
:10e1dc00252020021000aaaf1400a9af1800a6af8a
:10e1ec001c00a8af2000a7af09f840002400a3af83
:10e1fc001000a5276bd5400f2520000051005210b0
:10e20c00039d053c039d053cb0fda5240000028e3a
:10e21c000000428c09f8400025202002d0ff00109d
:10e22c003c00bf8f0000828c039d053c2520200202
:10e23c000000428c09f84000c8fda5240000028ea5
:10e24c00039d053c252020020000428c09f840006b
:10e25c00ecfda5243c00bf8f3800b38f3400b28f87
:10e26c003000b18f2c00b08f0800e0034000bd27b8
:10e27c00039d053c252020020000428c09f840003b
:10e28c000cfea5243c00bf8f3800b38f3400b28f36
:10e29c003000b18f2c00b08f0800e0034000bd2788
:10e2ac006f000324aeff83143c00bf8f0200449028
:10e2bc0077000324abff83143800b38f0300439023
:10e2cc006e000224a8ff62143400b28f25280000cf
:10e2dc006bd5400f2520000025904000ffff022445
:10e2ec0008004216039d053c0000028e74fea52416
:10e2fc000000428c09f840002520200298ff0010f5
:10e30c003c00bf8f0180133cd0d265261d01410f0c
:10e31c0025204002d0d2732625204002b913410f8c
:10e32c00588193af0000028e039d053c9cfea524f2
:10e33c000000428c09f840002520200288ff0010c4
:10e34c003c00bf8fb1ff00109cfda5240000028e85
:10e35c00039d053c20fea5240000428c09f84000da
:0ce36c00252020027eff00103c00bf8f27
:020000040000fa
:020000041d01dc
:10e3780055736167653a206874747020696e666fba
:10e388002f737461742f6368756e6b2f6469736380
:10e398006f6e6e6563740d0a000000004854545097
:10e3a80020636f6e6e656374696f6e73202d2061d4
:10e3b80063746976653a2025642c206f70656e3a1f
:10e3c8002025640d0a0000004854545020636f6ee5
:10e3d8006e3a202564207374617475733a2030781e
:10e3e8002534782c20706f72743a2025642c2073a1
:10e3f8006d3a2030782534782c206368756e6b73fd
:10e408003a2025642c206368756e6b20656d7074e6
:10e41800793a2025642c2066696c6520656d7074d6
:10e42800793a2025640d0a00485454503a20666110
:10e43800696c656420746f2067657420696e666f07
:10e4480020666f7220636f6e6e3a2025640d0a0095
:10e458006368756e6b0000004854545020636f6efb
:10e468006e3a2025642c206368756e6b733a2025fc
:10e47800640d0a000948545450206368756e6b3a5d
:10e4880020256420666c6167733a203078253478db
:10e498002c207374617475733a2030782534782c85
:10e4a80020664e616d653a2025730d0a0000000054
:10e4b8000948545450206368756e6b3a2064796e2d
:10e4c80020627566666572733a2025642c20766131
:10e4d80072204e616d653a2025730d0a0000000018
:10e4e80073746174000000004854545020636f6ec8
:10e4f8006e656374696f6e733a2025642c206163be
:10e50800746976653a2025642c206f70656e3a2010
:10e5180025640d0a000000004854545020706f6fa5
:10e528006c20656d7074793a2025642c206d6178b3
:10e538002064657074683a2025642c2070617273b9
:10e548006520726574726965733a2025640d0a0046
:10e55800485454503a204661696c656420746f20b1
:10e5680067657420737461747573210d0a00000067
:10e57800646973636f6e6e65637400004854545029
:10e5880020646973636f6e6e6563746564202564c7
:10e5980020636f6e6e656374696f6e732c206163a0
:10e5a800746976653a2025640d0a00004854545071
:10e5b8003a20756e6b6e6f776e20706172616d6553
:08e5c8007465720d0a000000e9
:020000040000fa
:020000041d01dc
:10e5d000d0ffbd272000b2af1c00b1af1800b0af14
:10e5e0002c00bfaf2800b4af2400b3af2590c0000b
:10e5f000258880007300c0142580a0002528000015
:10e60000252000020116410f6c0006240800248e0c
:10e6100025a0000025980000770080103c0005260a
:10e620004ca7400f000000000c00248e09a9400fe9
:10e63000180005261000248e09a9400f1c0005268d
:10e640001400248e09a9400f200005261800248eee
:10e6500009a9400f240005261c00248e09a9400f9b
:10e66000280005262800228e08004010440002ae33
:10e6700000004394020003a602004390ffff6224bf
:10e680000400422c0b004014630003a23900401622
:10e69000251000002c00bf8f2800b48f2400b38ffa
:10e6a0002000b28f1c00b18f1800b08f0800e0036b
:10e6b0003000bd270400238e2c00022625204000b8
:10e6c00003006888070067880b0066880f0065886c
:10e6d00000006898040067980c0065980800669828
:10e6e000030048a8000048b8070047a8040047b83e
:10e6f0000b0046a8080046b80f0045a826e3400fc7
:10e700000c0045b8420002962400238e0100042428
:10e710000463827c0410027c01006530480003a67b
:10e720003c00a014420002a61800058e1c00048eb6
:10e730002000038e0463027c040005ae080004aed2
:10e740000c0003ae420002a6420002962400048e92
:10e750002800038e010005244429a27cc420027ce9
:10e76000420002a6100004ae140003aec9ff40121e
:10e77000010002241000a48f64000326670004aa8d
:10e78000000064b81400a493040064a01500a493ce
:10e79000050064a01600a493060064a02c00bf8f9f
:10e7a000540014ae580013a62800b48f2400b38f71
:10e7b0002000b28f1c00b18f1800b08f0800e0035a
:10e7c0003000bd27070006246400a5241f16410f52
:10e7d0001000a42725280000252000026c00062434
:10e7e0005400148e0116410f580013960800248e11
:10e7f0008bff80143c0005263c0000a20100a0a075
:10e800000200a0a00300a0a00400a0a086ff0010aa
:10e810000500a0a00400827ccbff0010420002a6ed
:020000040000fa
:020000041d01dc
:10e820005443502f495020537461636b3a2048651c
:10e830006170206372656174696f6e206661696cd6
:10e8400065642c20747970653a2025640d0a0000f7
:10e850005443502f495020537461636b3a204e65e6
:10e8600074776f726b20636f6e666967757261741f
:10e87000696f6e20616c6c6f636174696f6e206686
:10e8800061696c65643a20256c750d0a0000000012
:10e890005443502f495020537461636b3a205061a8
:10e8a000636b657420696e697469616c697a6174ff
:10e8b000696f6e206661696c65643a2030782578ee
:10e8c0000d0a00005443502f495020537461636b6c
:10e8d0003a2044656661756c7420466c61736820eb
:10e8e0004e6574776f726b20636f6e6669677572c1
:10e8f0006174696f6e206c6f6164206661696c651c
:10e90000642025640d0a00005443502f49502053c1
:10e910007461636b3a204e6574776f726b20636f1e
:10e920006e66696775726174696f6e20696e69746d
:10e9300069616c697a6174696f6e206661696c6582
:10e94000643a2025640d0a005443502f4950205347
:10e950007461636b3a204e6574776f726b20636fde
:10e960006e66696775726174696f6e3a20416c6991
:10e9700061736573206e6f7420737570706f72743d
:10e9800065643a2025640d0a000000005443502fae
:10e99000495020537461636b3a204e6574776f72ef
:10e9a0006b20636f6e66696775726174696f6e3a2a
:10e9b00020696e76616c69642049502061646472dc
:10e9c0006573733a2030782538780d0a000000000e
:10e9d00025732564000000005443502f49502053f4
:10e9e0007461636b3a20506f776572204d6f646578
:10e9f00020696e697469616c697a6174696f6e20ef
:10ea00006661696c3a2025640d0a00005443502f5a
:10ea1000495020537461636b3a2044796e616d698b
:10ea200063206d656d6f7279206973206c6f773a22
:10ea300020256c750d0a00005443502f4950205377
:10ea40007461636b3a20496e697469616c697a61bb
:10ea500074696f6e206661696c6564202564202d81
:10ea60002041626f7274696e6721200d0a000000f8
:020000040000fa
:020000041d01dc
:10ea70003e008294c8ffbd272400b0af01004230a1
:10ea8000258080003400bfaf3000b3af2c00b2afa0
:10ea90002800b1af050040104c00848c7400029631
:10eaa000000443304a0060100000000004008010a1
:10eab0000100022477000392580062100100132421
:10eac0007a0006967c00118e2430c5003800c010f4
:10ead0008000078e36002012010013243c001286ad
:10eae0004800058e6600601625200002740003961b
:10eaf0003e0002960000088ef3fd6330740003a60a
:10eb00007400048e14000a8e62000c96ffff6330be
:10eb10004450027c01000924000242340008847c35
:10eb2000080008ae0c0008ae100008ae00206b30e4
:10eb3000ffff082472000ca61c000aae20000aaedb
:10eb4000380000ae340000ae540000ae5c0008aee9
:10eb5000640009a66e0009a6600000a63e0002a699
:10eb6000400000ae790000a202006015770004a208
:10eb7000480000ae0040633001006050440000ae29
:10eb8000870000a2760000a23600c01025204002b7
:10eb900025c820023400bf8f3000b38f2c00b28f05
:10eba0002800b18f2400b08f080020033800bd2753
:10ebb000252000023400bf8f3000b38f2c00b28fad
:10ebc0002800b18f2400b08f7bfe400b3800bd279a
:10ebd0000700801001000324770006920500c3544b
:10ebe0007a000696030042300c0040102598000081
:10ebf0007a0006967c00118e2430c5001600c010e5
:10ec00008000078eb5ff2016259800002590000093
:10ec100025280000b5ff0010253000002000828c60
:10ec200008004230210040104c0000ae7a000696e9
:10ec30007c00118e2430c5001900c0108000078ea2
:10ec4000a7ff20563c0012862590000025280000d2
:10ec5000a4ff00102530000025900000a3ff001045
:10ec6000252800003400bf8f3000b38f2c00b28ff6
:10ec70002800b18f2400b08f0800e0033800bd27c2
:10ec80001800a7af1400a5af7bfe400f1000a6af81
:10ec90001000a68f1400a58fbbff00101800a78fcf
:10eca000259000008fff00102528000004f1400f80
:0cecb0001000a5afddff00101000a58fc4
:020000040000fa
:020000041d01dc
:10ecbc0082bf033c1012628ce8ffbd271400bfaf6b
:10eccc0020004230080040101000b0af81bf103c53
:10ecdc001400bf8f00800234840002ae1000b08f8d
:10ecec000800e0031800bd270180073c04d1e22492
:10ecfc002012698c1400448c1800468c0c00458c36
:10ed0c002b2885001200a01081bf103c0012658cce
:10ed1c000008a5304c00a014010088240012658c5a
:10ed2c000004a5305d00a010000000000400458c1c
:10ed3c00402004002120a400000089a4140048ac49
:10ed4c000c00448c450088102520000181bf103c2c
:10ed5c000c00458c2b2885001500a010000000002d
:10ed6c000012648c00088430250080100000000024
:10ed7c000800448c2b20c4002900801000000000e7
:10ed8c0004d1e58c802006000100c6240a20a47c56
:10ed9c00201264ac180046ac1400bf8f0080023403
:10edac00840002ae1000b08f0800e0031800bd27ed
:10edbc000c00458cc7ffa4141400bf8f0800448cb2
:10edcc00c5ff86540080023440000424141264ac45
:10eddc0000800334040103ae1c0040a02000438ccf
:10edec00bcff60501400bf8f2400448c2000428c68
:10edfc0009f8400000000000b6ff00101400bf8f9f
:10ee0c000012648c00048430280080100000000084
:10ee1c000800448c2b20c4002f008014000000003c
:10ee2c001000448cdbff8010ff000424201264ac23
:10ee3c001000438cffff6324100043ac180046ac59
:10ee4c00d6ff00101400bf8f0400458c80200400f6
:10ee5c002120a400b9ff0010000089ac0800448cec
:10ee6c002b20c400b9ff80502520000181bf103c2d
:10ee7c00008004340c000524040104ae041265acbb
:10ee8c0004000524081265ac0100053c2520000196
:10ee9c00080105aeaeff0010000000000400458c18
:10eeac002120a400a5ff0010000089a00800448cbc
:10eebc002b20c400daff80100000000004d1e48c89
:10eecc008a21867c0100c624201264ac180046ac52
:10eedc00b2ff00101400bf8f04d1e58c4020060057
:10eeec000100c6242120a40000008494201264acec
:0ceefc00180046aca9ff00101400bf8fe6
:020000040000fa
:020000041d01dc
:10ef0800b8ffbd273c00b0af4400bfaf4000b1af71
:10ef18000300c01425808000ff7f063cffffc63435
:10ef28002700a4270418047c000095bc0f000000eb
:10ef38000020023c252082000c0080ac080080ac38
:10ef48000000a38c4d0060104c00118e0100ec30c5
:10ef58000801088e80010d2401000a240200e73010
:10ef68001200001004000b244d006304feff02246d
:10ef78000c00838c000040ac28006010140040acea
:10ef88000400492400e0297d000062ac140069ac4b
:10ef98000400a5240c0082ac0000a38c250060109e
:10efa800ffffc6242400c0500800828c0800028d90
:10efb8000c00098d370049500c0000ad0000498c49
:10efc800080009ad00e0697c080049ac0400801124
:10efd80004004dac0400498c444a497d040049ac06
:10efe8000500e010424f03000400498c0463497d8a
:10eff800040049ac424f0300dbff2b150000000062
:10f008000400438c8452437d040043ac0c00838c81
:10f01800000040acdaff6014140040ac0c0082ac75
:10f02800080082ac0400a5240000a38cddff601456
:10f03800ffffc6240800828c100040100c008224b8
:10f048000c01058e01000324080087240c00a62467
:10f05800252000021400a3af1000a2af008b400fc0
:10f068000800a524721c410f252020022c004050c6
:10f078000c01028ef01a410f2520200225100000f5
:10f088004400bf8f4000b18f3c00b08f0800e00300
:10f098004800bd27cbff4014080000ad0300022440
:10f0a8000801078e0800838c0c00858c11006550c0
:10f0b8000c0080ac0000658c0c00e68c080085ac68
:10f0c8000400652400e0a57c000060ac1100c010bd
:10f0d800140060ac0000c3ac1400c5ac0c00e3ac79
:10f0e8000c00858c0800838cf3ff65540000658c48
:10f0f8000c0080ace2ff6010080080ac0c00e68ccd
:10f108000400652400e0a57c000060acf1ffc01499
:10f11800140060ac0c00e3ace2ff00100800e3aca4
:10f12800252020020800458c0400a524241a410f3c
:0cf1380000e0a57ccfff001000000000ec
:020000040000fa
:020000041d01dc
:10f1440008ffbd27e400b3aff400bfaff000b6afd3
:10f15400ec00b5afe800b4afe000b2afdc00b1af93
:10f16400d800b0afa3fa400f2598a0007800401053
:10f17400258040001000a427c80006240116410f72
:10f184002528000002000696040010262528000009
:10f194000116410f25200002fd12410f2520000217
:10f1a400049d033c944b648c944b63242110020211
:10f1b4000400658c030044a8000044b80800648c73
:10f1c4000c006790070045a80d0066900e00639040
:10f1d400040045b80b0044a80180113c8cc93126b9
:10f1e400080044b80c0047a00e0043a00d0046a040
:10f1f40053002692049d163ca44bc5260100c63834
:10f204003d16410f1000a4271000a527fe0f410f43
:10f21400252000021000a427c80006240116410f6f
:10f22400252800005700268a049d153cb44ba526ca
:10f234005400269a1000a4273d16410f7d00142483
:10f244001000a52725200002fe0f410f2590400045
:10f25400c8000624252800000116410f1000a42729
:10f26400fd12410f25200002211002022c0003246c
:10f27400010043a0000054a0020040a059002692bf
:10f28400a44bc5261000a4273d16410f0100c63823
:10f294001000a527fe0f410f252000021000a4270f
:10f2a400c80006240116410f252800005d00268aa7
:10f2b400b44ba5261000a4273d16410f5a00269ae8
:10f2c4001000a52725200002fe0f410f25884000cd
:10f2d400c8000624252800000116410f1000a427a9
:10f2e400fd12410f25200002010043242d00462673
:10f2f40021100202000054a0211803022130d10081
:10f304005d000224010074a025280002252060026b
:10f3140001000724000062a0020060a032b9400f7f
:10f32400ffffc630f400bf8f25100000f000b68f39
:10f33400ec00b58fe800b48fe400b38fe000b28f27
:10f34400dc00b18fd800b08f0800e003f800bd27bf
:10f35400f400bf8f03000224f000b68fec00b58fd9
:10f36400e800b48fe400b38fe000b28fdc00b18f0b
:0cf37400d800b08f0800e003f800bd27af
:020000040000fa
:020000041d01dc
:10f380002c008004b080878fe8ffbd271400bfaf3a
:10f390002a1087002300401025180000801b410f11
:10f3a00000000000200040101400bf8f1e00c0109d
:10f3b0001000a42c1c00801080280500029d033c36
:10f3c000d0f363240a28657c0800a0000000000038
:10f3d00010f4019d6cf4019d84f4019d9cf4019d49
:10f3e000b0f4019dc4f4019dd4f4019de4f4019da9
:10f3f000f4f4019d08f5019d18f5019d74f5019d3a
:10f4000088f5019d9cf5019d40f4019d54f4019dfa
:10f410004000428c01000324040042388000427cfa
:10f420000000c2a01400bf8f251060000800e00398
:10f430001800bd27251800000800e0032510600013
:10f44000480042900100032401004230f5ff001003
:10f450000000c2a048004294010003240004423886
:10f460008002427cefff00100000c2a04000428cee
:10f470000100032408004238c000427ce9ff00106c
:10f480000000c2a04000428c01000324100042385a
:10f490000001427ce3ff00100000c2a04000428c4b
:10f4a0000100032403004230deff00100000c2ac64
:10f4b0004000428c010003248002427cd9ff0010ee
:10f4c0000000c2a01000429401000324d5ff0010e8
:10f4d0000000c2a43d00429001000324d1ff0010af
:10f4e0000000c2a06200429001000324cdff001082
:10f4f0000000c2a0420042940100032401004230f7
:10f50000c8ff00100000c2a0630042900100032465
:10f51000c4ff00100000c2a04000438c4400478c90
:10f52000480044941c0062301c0042380100422c08
:10f53000020045340b10a700040045340100873059
:10f540000b10a70002008430080045340b10a40003
:10f55000100044348004657c0b108500c004637c7b
:10f56000200044340b1083000000c2acadff00103b
:10f57000010003244800428c01000324c028427c7f
:10f58000a8ff00100000c2a048004294010003241c
:10f590004002427ca3ff00100000c2a04400428c45
:10f5a000010003242b1002009eff00100000c2a0e7
:020000040000fa
:020000041d01dc
:10f5b000a0ffbd275000b0af0180103ce8861026a8
:10f5c000f80a098e5c00bfaf5800b2af4c002011a2
:10f5d0005400b1aff00a088e1000a327c010080035
:10f5e00023104800c01002002110020230004e24f7
:10f5f00000004d8c04004c8c08004b8c0c004a8c95
:10f600001000422400006dac04006cac08006bac30
:10f610000c006aacf6ff4e141000632425508000e5
:10f620000000448c0400428c2590c000000064acb3
:10f6300003004011040062ac3c00a0544600b193aa
:10f6400018004052eb51033c1300e050f80a098eb9
:10f650001000a28f0100032459004310fffff12482
:10f660004f00401002000324450043100300032410
:10f670003c004310049d053c049d053c25302002c0
:10f68000ac57a5241f16410f2520400221385102f6
:10f690000000e0a0f80a098e1d002011eb51033c88
:10f6a000f00a088e010008251f8563341800030145
:10f6b000c32708005c00bf8fffff2925f80a09aea9
:10f6c000010002245800b28f5400b18f10180000be
:10f6d0000319030023186400402003002120830045
:10f6e000c0200400211883004018030023400301b8
:10f6f000f00a08ae5000b08f0800e0036000bd279c
:10f7000001008054000080a00100c0540000c0a08f
:10f710005c00bf8f251000005800b28f5400b18fdd
:10f720005000b08f0800e0036000bd27ffffa22457
:10f730001400a5272b2022020a884400253020022d
:10f74000252040017f14410f4800a7af2120510020
:10f75000000080a0bcff40164800a78fceff00101d
:10f76000f80a098e25302002a457a5241f16410f40
:10f770002520400221385102c6ff00100000e0a001
:10f78000049d053c253020029c57a5241f16410fdf
:10f790002520400221385102beff00100000e0a0e9
:10f7a000049d053c253020028c57a5241f16410fcf
:10f7b0002520400221385102b6ff00100000e0a0d1
:10f7c000049d053c253020029457a5241f16410fa7
:10f7d0002520400221385102aeff00100000e0a0b9
:020000040000fa
:020000041d01dc
:10f7e000b8ffbd274400bfaf4000b3af3c00b2af8d
:10f7f0003800b1af3400b0af1400a0af1800a0af14
:10f800001c00a0af2000a0af2400a0af2800a0af34
:10f810007c8080af72008010808080af2580800067
:10f820002598c0002590a000fd12410f1000a4af44
:10f830000080033c5402658c540263240400668cef
:10f840000800638c010042242520a0001400a2af10
:10f850002000a5af2400a6afde0b410f2800a3af08
:10f8600047004010258840001000a48f0e00801033
:10f870001800a28f630040141400a28f0500422cd0
:10f88000090040541000a427049d053c03000624f1
:10f89000ef0a410f5409a524030040141000a427c7
:10f8a000030002241800a2aff2f1400f0000000094
:10f8b000252840003e39400f252020022e00401010
:10f8c000000000001d0060121000a48f1800a28f1d
:10f8d000140080101400a58f2b1845002400601020
:10f8e000000000008a19827c2100632c2200601035
:10f8f0000100422407000010000000000100422423
:10f9000021188200ffff63902100632c1a00601011
:10f9100000000000f9ffa2141800a2afffffa2240c
:10f920001800a2af2b2845001300a0100000000013
:10f930008a11827c10004014000000001c0040125c
:10f940001000a28f1800a38f4400bf8f4000b38f18
:10f9500021104300000042ae3400b08f2510200279
:10f960003c00b28f3800b18f0800e0034800bd278b
:10f97000ebff4510ffffa224a6cf400f2520200259
:10f980001800a28f1400a38f2b204300100080507a
:10f99000ffff6224040040527c8090af21180202d5
:10f9a000000043ae7c8090af808082af258800004d
:10f9b0004400bf8f251020024000b38f3c00b28f5f
:10f9c0003800b18f3400b08f0800e0034800bd2735
:10f9d000f2ff40160a100300f3ff00107c8090af86
:10f9e0004400bf8f25880000251020024000b38fff
:10f9f0003c00b28f3800b18f3400b08f0800e003b4
:0cfa00004800bd27a8ff001025200000d2
:020000040000fa
:020000041d01dc
:10fa0c00d0ffbd270800a2302400b5af1c00b3af57
:10fa1c001800b2af1400b1af2c00bfaf2800b6afc6
:10fa2c002000b4af1000b0af2590a0002588800056
:10fa3c0025a8c000320040142598e0000180043c49
:10fa4c00840d410f34d484241500401025804000cf
:10fa5c002528000025204000500006240116410fe7
:10fa6c00560020a601005236741b410f14000426c8
:10fa7c00080012a60a0000a2340024263900a016a1
:10fa8c0025280002bc0e410f0000000038000010b9
:10fa9c003c00238e25288002750d410f28d4c426e6
:10faac0056002296520024969e8183970100422490
:10fabc00ffff4230010084242b186200520024a660
:10facc003a006010560022a6f5ff0224000062ae38
:10fadc00258000002c00bf8f251000022800b68f57
:10faec002400b58f2000b48f1c00b38f1800b28f88
:10fafc001400b18f1000b08f0800e0033000bd2758
:10fb0c000180163c840d410f28d4c42635004010ca
:10fb1c0025a040000180043c580020a6840d410f14
:10fb2c0034d48424dbff40102580400025280000bd
:10fb3c0025204000560020a60116410f5000062437
:10fb4c0001005236ffff02240c0002ae1c0014ae62
:10fb5c00080012a60a0000a234002426c9ffa01235
:10fb6c0025280002750d410f000000003c00238e7b
:10fb7c006c81828f2a104300d7ff40102c00bf8f5e
:10fb8c00251000022800b68f2400b58f2000b48ffa
:10fb9c001c00b38f1800b28f1400b18f1000b08fff
:10fbac006c8183af0800e0033000bd272c00bf8fb1
:10fbbc002080023425800000000062ae2800b68f41
:10fbcc00251000022400b58f2000b48f1c00b38fc9
:10fbdc001800b28f1400b18f1000b08f0800e00332
:10fbec003000bd2758002296540024969c818397a0
:10fbfc0001004224ffff4230010084242b186200d4
:10fc0c00540024a605006010580022a6f4ff02241c
:10fc1c00000062aeafff001025800000218002348e
:0cfc2c00000062aeabff0010258000005d
:020000040000fa
:020000041d01dc
:10fc3800ff0002247500821000000000d0ffbd27dd
:10fc48001000b0af00a0103c700a10261000028e01
:10fc58002c00bfaf2800b6af2400b5af2000b4af6a
:10fc68001c00b3af1800b2af100044141400b1afb9
:10fc78001900a0502c00bf8f0800048e02000396c4
:10fc880020008314403004001800a38c080000ae44
:10fc98006a0060100900a0a01c00a48c0400801059
:10fca8002510000002000010000060a013000224cc
:10fcb8002c00bf8f2800b68f2400b58f2000b48f8a
:10fcc8001c00b38f1800b28f1400b18f1000b08fd2
:10fcd8000800e0033000bd27080000ae2510000032
:10fce8002800b68f2400b58f2000b48f1c00b38f76
:10fcf8001800b28f1400b18f1000b08f0800e00315
:10fd08003000bd272130c4002588a00080300600bf
:10fd18000400058e2330c40040300600040063242c
:10fd28002128c500003c527c4030030000a0133c51
:10fd38002130a60016000724f02765261698400fe4
:10fd480025204002330040102c00bf8ff027668e1c
:10fd58000400028e00a0143cff0007242130c200da
:10fd6800101d85261698400f2520400229004010b6
:10fd78002c00bf8ffd12410f101d84261800248e01
:10fd880025a8400009008010101d96261c00228e10
:10fd9800070040500d00b22e0100a3262b1043008f
:10fda800280040102530a002000080a00d00b22ecf
:10fdb8000c0002240b10b2022590400025304000b0
:10fdc8002528c002090024267f14410f2190320201
:10fdd800f0277326090040a214006396251000003e
:10fde800080023a20800038e0c00648e0800658eac
:10fdf8000100632402340400040026a6060024a699
:10fe0800000025aeaaff0010080003ae0800e003ba
:10fe180013000224010002242800b68f2400b58fa5
:10fe28002000b48f1c00b38f1800b28f1400b18f5c
:10fe38001000b08f0800e0033000bd279cff0010c1
:10fe4800251000007f14410f2528c0021800228ebb
:0cfe580021105500d5ff0010000040a054
:020000040000fa
:020000041d01dc
:10fe64000180033ca4a66324d8ffbd27380365940e
:10fe7400e80362940800b1af0400b0afea036694eb
:10fe840032036a94340369943603689420037194aa
:10fe940022037094240379942603789428036f949e
:10fea4002a036e942c036d942e036c9430036b948c
:10feb4000180073c8cc9e4242b2805002b10020088
:10fec4002400beaf2000b7af1c00b6af1800b5af1a
:10fed4001400b4af1000b3af0c00b2af8cc9f1a0e2
:10fee400010090a0020099a0030098a004008fa034
:10fef40005008ea006008da007008ca008008ba032
:10ff040009008aa00a0089a0220085a0530082a0cb
:10ff14000b0088a0570086a8540086b8ec036794a9
:10ff2400ee036694b004688cf0036994f20365945c
:10ff3400b4046294b2046a942b3807002b30060090
:10ff4400580087a0590086a02b2805005d0089a8c9
:10ff5400003a067d2b1002005a0089b8253880002b
:10ff64005e0085a05f0088a0600086a061008aa072
:10ff7400620082a02528000004001e240400669468
:10ff8400401005001400688c0c006f8c10006e8cff
:10ff94000a0079940e00789412006d9406006c9413
:10ffa4000200699421104500ff00cb300252060084
:10ffb400080066a4c01002001600669423104500d1
:10ffc40021108200003a107d02ba190002b2180012
:10ffd400003af57d003ad47d029a0d0002920c009d
:10ffe400028a0900750048a06b0059a06c0057a054
:10fff4006d0058a06e0056a071004fa0720055a06d
:020000041d02db
:1000040073004ea0740054a06f004da0700053a064
:1000140065004ba066004aa067004ca0680052a08f
:1000240069004ba06a004aa0630049a0640051a083
:10003400760050a07700e6a01800668c0100a52485
:10004400c8006324003ac87c780046a0790048a020
:10005400caffbe141700e7242400be8f2000b78f08
:100064001c00b68f1800b58f1400b48f1000b38f26
:100074000c00b28f0800b18f0400b08f21b7400b81
:040084002800bd276c
:020000040000fa
:020000041d02db
:10008800d0febd272001b2af2c01bfaf2801b4af0d
:100098002401b3af1c01b1af1801b0afa3fa400ff0
:1000a8002590a000760040100180113c0001a52792
:1000b8008cc9242614000624c5ea400f2580400078
:1000c8000180043cec00a52714000624c5ea400f73
:1000d80090c984240180043cd800a5271400062474
:1000e800c5ea400f94c984241000a427c800062438
:1000f8000116410f2528000002000696040010266c
:10010800252800000116410f25200002fd12410f8d
:1001180025200002049d033c742b658c742b6324fa
:10012800211002020400648c08006790030045a8af
:10013800090066900a006390000045b8070044a8cb
:10014800040044b88cc93126080047a00a0043a01f
:10015800090046a022002692049d053c1000a42711
:100168003d16410f802ba5241000a527fe0f410f37
:10017800252000021000a427252800000116410fa1
:10018800c8000624049d053c0001a6271000a427ea
:100198003d16410f8c2ba5241000a5272520000211
:1001a800fe0f410f258840001000a42725280000d5
:1001b8000116410fc8000624049d053cec00a62743
:1001c8001000a4273d16410f9c2ba5241000a5273d
:1001d80025200002fe0f410f25a040001000a42793
:1001e800252800000116410fc8000624049d053c7f
:1001f800d800a6271000a4273d16410fac2ba52434
:100208001000a52725200002fe0f410f2598400069
:10021800c8000624252800000116410f1000a42755
:10022800fd12410f25200002160026262130d40099
:10023800211002027d0003242130d300252800026a
:1002480025204002000043a0010043a0020040a076
:100258000100072432b9400fffffc6302c01bf8fc1
:10026800251000002801b48f2401b38f2001b28f1c
:100278001c01b18f1801b08f0800e0033001bd27c1
:100288002c01bf8f030002242801b48f2401b38fef
:100298002001b28f1c01b18f1801b08f0800e00354
:0402a8003001bd273d
:020000040000fa
:020000041d02db
:1002ac00ffff8424ffff84300a00822c8100401061
:1002bc0000000000d0ffbd27c01804001400b1af2f
:1002cc001000b0af218864000180103c80881100c0
:1002dc00a4c610262c00bfaf2800b6af2400b5afc3
:1002ec002000b4af1c00b3af1800b2af2110110244
:1002fc00000047903900e0502c00bf8f0800478c5d
:10030c005000e78c5e00e0102590a000040045949e
:10031c002000a5302600a01025a8c00002004690a1
:10032c00040005243800c554212064000c00458cc1
:10033c001800b38c34006052212064002c00b48c63
:10034c00300080121c0031260600448409f8e000bd
:10035c0021801102253000002528400225200002b2
:10036c0009f8600225b040003600401025284002f4
:10037c0009f8800225200002ffff42302b10c20238
:10038c0030004014251040022c00bf8f2800b68f7f
:10039c002400b58f2000b48f1c00b38f1800b28fcf
:1003ac001400b18f1000b08f0800e0033000bd279f
:1003bc0009f8e000060044842b905200f3ff401231
:1003cc002c00bf8f0600a052251000002b305500ca
:1003dc00efffc0102800b68f2c00bf8f2510000037
:1003ec002800b68f2400b58f2000b48f1c00b38f6b
:1003fc001800b28f1400b18f1000b08f0800e0030a
:10040c003000bd27212064002c00bf8f8020040009
:10041c0021800402ffff0224030002a22800b68ff1
:10042c00251000002400b58f2000b48f1c00b38f62
:10043c001800b28f1400b18f1000b08f0800e003c9
:10044c003000bd27e4ffa012253000002528a002b3
:10045c0009f8600225200002dfff40102528a002c9
:10046c0009f8800225200002ffff42302bb0c202a7
:10047c00c5ffc0122510a002d8ff00102c00bf8fa2
:10048c002c00bf8fffff0324030043a02800b68f6e
:10049c00251000002400b58f2000b48f1c00b38ff2
:1004ac001800b28f1400b18f1000b08f0800e00359
:0c04bc003000bd270800e0032510000000
:020000040000fa
:020000041d02db
:1004c800d8ffbd272400bfaf2000b3af1c00b2afd8
:1004d8001800b1af270080101400b0af2500a0109d
:1004e800258080000e1d410f2590a0004800039232
:1004f8003f006014f0ff5126101d410f25204000d9
:100508002400028e41004010f4ff458e2b18220271
:10051800210060502800068e00990500211833023a
:10052800470043500400438cf0ff42ae240011ae54
:100538003000028e231045000e1d410f300002ae20
:10054800480003922520400001006324101d410f3c
:10055800480003a22400bf8f251060021c00b28f40
:100568002000b38f1800b18f1400b08f0800e0038b
:100578002800bd27259800002400bf8f25106002a1
:100588001c00b28f2000b38f1800b18f1400b08ff9
:100598000800e0032800bd272b18d1002000605474
:1005a8000400c38c2b185100040060100000448c18
:1005b8002b1824022a00601400990500f9ff801402
:1005c80025108000f8ff02240e1d410f380002aeee
:1005d800480003922520400025980000010063246c
:1005e800101d410f480003a2e4ff00102400bf8f34
:1005f800ffff632425204000101d410f480003a27f
:100608002400028ec1ff4014f4ff458ef0ff40ae77
:1006180000990500280011aec5ff0010240011ae96
:10062800001103002110c2001800221200990500d1
:100638000000d1acf0ff40aebdff0010280011aea5
:100648000000468c2800048e21186500f4ff43ae94
:10065800b6ff4414f0ff46aeb4ff0010280011aef8
:1006680021183302140083500000878cf0ff44ae39
:100678000400448c0019040021184300060023528a
:10068800f4ff438eaaff0010000051ac211865004a
:10069800a7ff00100400c3acf0ff478e2800068ea9
:1006a80021206400040044aca1ffd114000047ac31
:1006b8009fff0010280002ae0400838cf0ff47aeb5
:1006c8000000448c21186500e9ffc414f4ff43ae10
:0806d800e7ff0010280011ae3d
:020000040000fa
:020000041d02db
:1006e000a8ffbd275000b5afffff15244c00b4afe5
:1006f0004000b1af5400bfaf4800b3af4400b2af49
:100700003c00b0af25a080002588c0007400b51063
:100710003000a0af3c00838ca481828f2a1062003d
:100720006b0040102598a000280010240800022427
:100730002590e0000b8047001700c0107481848f63
:100740000400828c1000a6271000a0af1400a0aff8
:100750001800a0af1c00a0af2000a0af2400a0afe5
:100760002800a0af2c00a0af09f8400025282002e7
:10077000040055101800a393010002240600621023
:100780007481848f34eb400f252020024000033613
:100790000b8062007481848f1c00828c09f84000f9
:1007a0002528600225a84000010042240200422cb6
:1007b00035004014252800023000a7270100462eee
:1007c000837e400f252080022700401025804000b6
:1007d000010040560400428e040002ae100015ae27
:1007e0000c0013ae250020123000b28f2f0005241c
:1007f0000c10410f25202002010045241900062479
:100800000a2822021f16410f3400042625a80000e2
:100810004d0000a20b0040125400bf8f8081878fd3
:100820000800e0105400bf8f1800e28c0500401053
:10083000253020022528400209f8400025208002aa
:100840005400bf8f2510a0024c00b48f5000b58f0c
:100850004800b38f4400b28f4000b18f3c00b08f8e
:100860000800e0035800bd273000b28f090042069f
:10087000fbff1524e7ff001002001524340000a23e
:10088000e4ff001025a80000fcff02243000a2af06
:10089000feff15247481848f1400828c09f84000b7
:1008a000252860028081878fe6ffe0105400bf8f0b
:1008b0001800e28ce3ff40102530200208000524d8
:1008c00009f8400025208002d2ff00103000b28fce
:1008d000f9ff02243000a2afeeff0010ffff152445
:1008e0003000a5affeff1524ccff0010ffff12243f
:020000040000fa
:020000041d02db
:1008f000c8febd272401b3af3401bfaf3001b6af8e
:100900002c01b5af2801b4af2001b2af1c01b1afcb
:100910001801b0afa3fa400f2598a0006d00401059
:1009200025884000c8000624252800000116410f34
:100930001000a42702002696040031262528000076
:100940000116410f25202002fd12410f2520200213
:10095000049d033c1846658c18466324211022022e
:100960000400648c030045a8000045b80800658cad
:10097000070044a8040044b80c00648c0b0045a890
:1009800010006390080045b80f0044a80c0044b85c
:1009900001001624100043a010001024049d153cf3
:1009a00022000010049d143cd800a6272c46a52642
:1009b0003d16410f1000a4271000a5272520200276
:1009c000fe0f410f25804000252800001000a427bd
:1009d0000116410fc80006240c01a62740468526b3
:1009e0003d16410f1000a4271000a5272520200246
:1009f000fe0f410f25b04000c80006242528000046
:100a00000116410f1000a427fd12410f25202002de
:100a100021102202218016027d000324000043a041
:100a2000010040a02180120225b000000a00072426
:100a30000c01a627320005246c7d400fd800a427a6
:100a40000b00401000000000d7ffc0160100122666
:100a5000fd12410f25202002211022022c00032428
:100a6000000043a0010040a0cfff001002001226aa
:100a7000fd12410f25202002211022025d000324d7
:100a800002000626000043a07d0003242528200242
:100a900025206002010043a0020040a001000724bd
:100aa00032b9400fffffc6303401bf8f2510000060
:100ab0003001b68f2c01b58f2801b48f2401b38f7c
:100ac0002001b28f1c01b18f1801b08f0800e00324
:100ad0003801bd273401bf8f030002243001b68fd7
:100ae0002c01b58f2801b48f2401b38f2001b28f60
:100af0001c01b18f1801b08f0800e0033801bd2739
:020000040000fa
:020000041d02db
:100b0000ffff02242800821000000000d8ffbd274c
:100b10001c00b2af4090040021104402801002007b
:100b200023104400801002001800b1af23104400cd
:100b30000180113c8010020000cb312621102202de
:100b40000000458c020003242400bfaf2000b3af97
:100b50000800a3101400b0af2400bf8f2000b38f93
:100b60001c00b28f1800b18f1400b08f0800e00392
:100b70002800bd27a800439001000524f7ff651455
:100b80002400bf8f500045900900a010a80040a08d
:100b900051004590ff00a5300600a05421104402ea
:100ba000edff0010a80043a00800e00300000000d3
:100bb0002110440280100200231044008010020023
:100bc0002310440080100200211022021400438ce4
:100bd0003d00601025808000010002243100621475
:100be0002120500221205002802004002320900068
:100bf0008020040023209000802004002120240273
:100c00006800938c049d023c806d42241c00638e1e
:100c10001800678e1400668e801803000a10437c4b
:100c200009f840001000658e0100032432004310d3
:100c30000200422c1b00401421205002ffff02241e
:100c4000080062ae0100042421105002801002004e
:100c5000231050008010020023105000801002006a
:100c6000211022020400658e6000478c5c00468cd7
:100c70000c00a38c2000e78c01000824510048a040
:100c8000140040ac600047ac200066ae0400601069
:100c90005c0053ac1400a68c09f860000c00658e53
:100ca0002120500280200400232090008020040096
:100cb00023209000802004002188240201000224c7
:100cc000a5ff0010a80022a26000438c0d00601058
:100cd000680043ac01000424040040ac080040acb0
:100ce0000c0040ac100040ac140044ac02000224e4
:100cf000bcff0010080062ac080060aed2ff00101c
:0c0d000025200000e6ff0010640040ac5d
:020000040000fa
:020000041d02db
:100d0c00c8febd272401b2af1c01b0af02010624fe
:100d1c00258080002590a0001000a4272528000025
:100d2c003401bfaf3001b5af2c01b4af2801b3af64
:100d3c002001b1af0116410f1401a0af1000a6277e
:100d4c001401a5271493400f252000022700401002
:100d5c00020002241401a58f0400a38c1000621061
:100d6c000882839301000224120062100180023c6d
:100d7c0007000224048282afffff02243401bf8fdc
:100d8c003001b58f2c01b48f2801b38f2401b28fa1
:100d9c002001b18f1c01b08f0800e0033801bd2782
:100dac00f3ff401601000224f2ff625407000224f4
:100dbc000180023ce4915124251020022580000082
:100dcc000a00042400004390120060101001422419
:100ddc0001001026fcff0456000043900100022481
:100dec00088282a312000224048282af3401bf8fd6
:100dfc00ffff02243001b58f2c01b48f2801b38f73
:100e0c002401b28f2001b18f1c01b08f0800e003c8
:100e1c003801bd2700991000211070021200a39315
:100e2c000011020021102202010004242f000624cc
:100e3c00000044a0040045ac088284a3030066149f
:100e4c001200a2271300a3931300a22721a0700263
:100e5c0000a114001000842621202402040000109c
:100e6c00ff00462405004610010084240000439036
:100e7c00000083a0fbff6014010042241200b59017
:100e8c00010002240800a2122110700200110200bd
:100e9c002110220207000324000040a0048283af2b
:100eac00b6ff0010ffff02240800a28c1200a0a0c5
:100ebc00048280af0800428c0b004010ff004632c9
:100ecc00080084261000a52709f8400021202402e0
:100edc001401a38f048282af06004014120075a087
:100eec00a6ff00102110340217000224048282afe6
:100efc001200b5a021107002001102002110220274
:0c0f0c00000040a09dff0010ffff022429
:020000040000fa
:020000041d02db
:100f18006800800400000000b080838fd0ffbd27e8
:100f28002c00bfaf2a1083002800b6af2400b5af4d
:100f38002000b4af1c00b3af1800b2af1400b1afbb
:100f48003c0040101000b0af801b410f00000000b3
:100f580038004010258040002590a0002588c0005a
:100f68003f00a0143c0054903200801625980000e1
:100f780025a800000e1d410f000000009c808393ef
:100f88005e006014ffff6324101d410f2520400000
:100f98004a0020162a0016961b00c0120000000006
:100fa8000e1d410f000000009c8083932520400007
:100fb80001006324101d410f9c8083a34000028e12
:100fc8003c0012a225306002448c027c400002ae34
:100fd8002528a00277f5400f252000020400605262
:100fe8002a0016a6030040503c0014a22a0016a6a8
:100ff800010002244000038e01000424448c837cf9
:101008000d000010400003aea2ec400f00000000ed
:10101800e3ff401425b040000e1d410f0000000002
:101028009c8083932520400001006324101d410ffc
:101038009c8083a3251000002c00bf8f2800b68f4a
:101048002400b58f2000b48f1c00b38f1800b28f16
:101058001400b18f1000b08f0800e0033000bd27e6
:10106800ffffa2240200422cf3ff4050251000008d
:10107800030080122598e000efff85162510000078
:101088002300601201000224baff421625a80000be
:101098000000628eb7ff4010252800003501410f7f
:1010a80025206002b3ff401425a84000e2ff00108d
:1010b800251000000800e00325100000b8ff3612d4
:1010c800b080858f0b00a018b480828f251800008f
:1010d8000000448c010063240400801004004224b2
:1010e8002a008494ccff911000000000f9ff655499
:1010f8000000448caaff001025b0200225204000e3
:10110800101d410f9c8083a3a1ff00100000000068
:0811180098ff001025a800005b
:020000040000fa
:020000041d02db
:10112000706f6f6c0000000065787465726e616ca2
:10113000000000006e6574696e666f003a204765b6
:1011400074206e6574776f726b20696e666f726d56
:101150006174696f6e0000006465666e65740000fe
:101160003a205365742f4765742064656661756c19
:101170007420696e74657266616365003a20444844
:10118000435020636c69656e7420636f6d6d616e92
:10119000647300007a636c6c000000003a205475a0
:1011a000726e205a434c4c206f6e2f6f66660000a3
:1011b000736574646e7300003a2053657420444e66
:1011c0005320616464726573730000007365746911
:1011d000700000003a205365742049502061646417
:1011e0007265737320616e64206d61736b00000023
:1011f00073657467770000003a2053657420476177
:1012000074657761792061646472657373000000ae
:1012100073657462696f73003a2053657420686f58
:1012200073742773204e657442494f53206e616d6d
:10123000650000007365746d616300003a205365ba
:1012400074204d4143206164647265737300000033
:10125000696600003a204272696e6720616e2069fb
:101260006e746572666163652075702f646f776e4a
:1012700000000000737461636b0000003a20537437
:1012800061636b207475726e206f6e2f6f666600df
:1012900068656170696e666f000000003a204368ff
:1012a00065636b2068656170207374617475730089
:1012b0006d6163696e666f003a20436865636b20f9
:1012c0004d414320737461746973746963730000e2
:1012d00068747470000000003a204854545020692b
:1012e0006e666f726d6174696f6e00007373690072
:1012f0003a2053534920696e666f726d6174696f4d
:101300006e000000616e6e6f756e63650000000018
:101310003a20416e6e6f756e63650000697034002f
:081320003a2049507634000028
:020000040000fa
:020000041d02db
:1013280060ffbd27ffff84247c00b1afffff913031
:101338000a00222e9c00bfaf9800beaf9400b7af42
:101348009000b6af8c00b5af8800b4af8400b3afdf
:101358008000b2af380040107800b0afc0b81100bc
:101368000180023c2120f10280200400a4c65524fb
:101378002110a40200004890300000519c00bf8f4b
:101388000400509420001032150000560c00488cc0
:101398000800438c4400638c5e006050ffff032408
:1013a80009f8600006004484258040009c00bf8f37
:1013b800251000029800be8f9400b78f9000b68f5a
:1013c8008c00b58f8800b48f8400b38f8000b28ff3
:1013d8007c00b18f7800b08f0800e003a000bd2723
:1013e8001c001e8d4800c013ffff03242000a0101e
:1013f800eb51163c1c00842409f8c0032120a402e8
:101408009c00bf8fffff5030251000029800be8f50
:101418009400b78f9000b68f8c00b58f8800b48f7a
:101428008400b38f8000b28f7c00b18f7800b08fba
:101438000800e003a000bd279c00bf8f25800000a6
:10144800251000029800be8f9400b78f9000b68fc9
:101458008c00b58f8800b48f8400b38f8000b28f62
:101468007c00b18f7800b08f0800e003a000bd2792
:101478001f85d6361900d6006400c52c10b00000b0
:1014880042b116004010160021105600c01002008c
:1014980021105600801002002318c200ffff73308d
:1014a8001e00a014ffffd6321c00842421a0a40231
:1014b8002580000025900000640006241000a52760
:1014c80009f8c0032520800221800202010052266b
:1014d800f9ff5616ffff1032b5ff60129c00bf8f50
:1014e8002120f102802004001c00842425306002a1
:1014f8001000a52709f8c0032120a40221800202b8
:10150800aaff0010ffff1032030043a0a7ff00103e
:1015180025800000a5ff0010030043a0eeff001087
:04152800258000001a
:020000040000fa
:020000041d00dd
:10120000a880828fd8ffbd272400bfaf2000b4afd5
:101210001c00b3af1800b2af1400b1af0900401406
:101220001000b0af2400bf8f2000b48f1c00b38f1c
:101230001800b28f1400b18f1000b08f0800e003c7
:101240002800bd270e1d410f258880009c808393b8
:1012500066006014ffff6324101d410f252040002d
:101260001400238eb080828f01001224049072003b
:101270002700401825a00000b480838f80801400d0
:101280000a80707c1f000052010094262400138ef7
:10129000a819410f25206002180040040100032412
:1012a000041843002418720015006010b080828f6b
:1012b00012000486050080042a10820004004050b9
:1012c0005800038eadb0400f010005245800038e76
:1012d0000b006010b080828f6000029600204230c8
:1012e00007004010b080828f5c00078e12000486d9
:1012f0000020062409f8600025286002b080828f53
:10130000010094262a188202dcff6014b480838fc7
:101310001800248e0200032426008314a880908fd6
:10132000ffff102623000016a88090af0d00401884
:10133000b480858f801810000a18a37c0100102645
:10134000050060102520600097fc400f00000000a1
:10135000b080828fb480858f2a180202f6ff601455
:1013600080181000ac80848f0c00828c09f840003b
:1013700000000000a080848f04008010b48080af43
:10138000b318410f00000000a08080af2400bf8f81
:101390002000b48f1c00b38f1800b28f1400b18fdf
:1013a0001000b08fac8080afb08080af0800e00349
:1013b0002800bd270e1d410f000000009c80839374
:1013c0002400bf8f2000b48f1c00b38f1800b28f91
:1013d0001400b18f1000b08f01006324252040005d
:1013e0002800bd27101d410b9c8083a325204000b1
:1013f000101d410f9c8083a39aff00101400238ec0
:020000040000fa
:020000041d02db
:10152c000400a88cb0ffbd274400b7af3800b4af9f
:10153c002c00b1af4c00bfaf4800beaf4000b6afff
:10154c003c00b5af3400b3af3000b2af2800b0af41
:10155c0025b880002588a0004c0000050000b48c44
:10156c004408147c08003e8e10008a320000d28c95
:10157c000400d68c0400401125a8c0032510560287
:10158c0001004054feffd527080089320100205588
:10159c00ffffb5261000308e0c00338e2528a002dc
:1015ac00ffff102621107002000040a00200022a4a
:1015bc000b00401425105602360040140f00433225
:1015cc0023101501211045003300401c0a0064282b
:1015dc000300a018020082322f004014000000000b
:1015ec000b004011000000000000c28c0400c38cf2
:1015fc00251043000600401021107002feff10263b
:10160c00ffff47a03000032421107002000043a00c
:10161c000400201120000324ffff1026211070026b
:10162c00000043a01000268e1000b4af2538c00374
:10163c00ffffc6242330d0002128700253c5400f71
:10164c002520e0020400e38e0001633004006010ea
:10165c004c00bf8f0400238e2a2043000b10640023
:10166c004800be8f4400b78f4000b68f3c00b58f4a
:10167c003800b48f3400b38f3000b28f2c00b18f90
:10168c002800b08f0800e0035000bd27b5ff001004
:10169c00010008240a00642802008010570062240c
:1016ac0030006224bfffe3241a00632c1300601087
:1016bc00200043349fff63241a00632c10006050f9
:1016cc00ffff1026252040005c00a7af5800a6aff6
:1016dc002400a8af2000a5af1c00a9af2a19410f08
:1016ec001800aaaf5c00a78f5800a68f2400a88f03
:1016fc002000a58f1c00a98f1800aa8fffff1026b1
:10170c0021187002000062a002911200001716004e
:10171c00ffffa52425905200a4ff001002b1160073
:020000040000fa
:020000041d02db
:10172c00c8ffbd271c00b2af3400bfaf3000b7af4d
:10173c002c00b6af2800b5af2400b4af2000b3af77
:10174c001800b1af1400b0af080080104800b28f81
:10175c002598800025a8a0002580c000fd12410f0f
:10176c0025a0e0001000401425884000ffff022453
:10177c0001004056000042ae3400bf8f251000001f
:10178c003000b78f2c00b68f2800b58f2400b48f93
:10179c002000b38f1c00b28f1800b18f1400b08fd3
:1017ac000800e0033800bd27000063822f000224ec
:1017bc004700621025b820020100312625b820020e
:1017cc00010016240001222ae9ff4010feff02242a
:1017dc0043000052049d103c09f800025c020424f2
:1017ec003d004010258040005c02062425280000a6
:1017fc000116410f25204000049d023ccc274224b9
:10180c0025180002400048240000478c0400468c38
:10181c000800458c0c00448c10004224000067ac7e
:10182c00040066ac080065ac0c0064acf6ff481410
:10183c00100063240000448c0400428c000064ac53
:10184c00040062ac590004262700c016480010aef4
:10185c0025286002ff0006241f16410f21987102f3
:10186c00ffff63822f000224050062142f00022464
:10187c00ffff372621101702590040a02f00022429
:10188c00590102a201000224540017a6560002a618
:10189c0019008012580015a21a0040164c0014ae04
:1018ac00251000023400bf8f3000b78f2c00b68f8c
:1018bc002800b58f2400b48f2000b38f1c00b28f8a
:1018cc001800b18f1400b08f0800e0033800bd275a
:1018dc00bcff001025b00000a5ff0010fdff022486
:1018ec00bdff0010408310262f0002245a0004264e
:1018fc00d7ff0010590002a2049d143ce6ff001013
:10190c00d0ef9426000040aee6ff00102510000238
:020000040000fa
:020000041d02db
:10191c00c8ffbd270040e2303000b5af3400bfaf88
:10192c002c00b4af2800b3af2400b2af2000b1af8d
:10193c001c00b0af4300401425a8e0000180143c0b
:10194c0038cf9426259080002598c0003c00a5af88
:10195c00a819410f0400918e001902002310620097
:10196c0080100200218822020000248e58ca400fe9
:10197c003c00a58f60004010258040000000429480
:10198c00020043300d006014c0004330410060146d
:10199c00030012243400bf8f251040023000b58f95
:1019ac002c00b48f2800b38f2400b28f2000b18f8d
:1019bc001c00b08f0800e0033800bd270219150089
:1019cc00000163300020a532000264341400868ebe
:1019dc000b1885008439027c25104300000002a6f8
:1019ec000100022404000526240024260c0006ae67
:1019fc007de1400f160002a60800078e0000668edf
:101a0c00188082271400a0af1000a2af0f00a532df
:101a1c00bb87400f252040023400bf8f01001224e9
:101a2c00251040023000b58f2c00b48f2800b38fe6
:101a3c002400b28f2000b18f1c00b08f0800e0038f
:101a4c003800bd270000a78c0000c68c18808227a8
:101a5c001400a0af1000a2afbb87400f0f00a5323f
:101a6c003400bf8f06001224f7ff03240a90620093
:101a7c00251040023000b58f2c00b48f2800b38f96
:101a8c002400b28f2000b18f1c00b08f0800e0033f
:101a9c003800bd274800a38f080060104800a48fb1
:101aac001000038e030083a8000083b81400039277
:101abc00040083a015000392050083a0800042302f
:101acc00b4ff401002001224140031260400132627
:101adc00252860027ae3400f252020021400828e14
:101aec0025286002252020027de1400f0c0002ae6b
:101afc00a9ff00103400bf8fa6ff0010feff1224b8
:020000040000fa
:020000041d02db
:101b0c00d480828fe0ffbd271c00bfaf1800b2af9e
:101b1c001400b1af260040141000b0afd080828ffb
:101b2c0008004010259000001c00bf8f25104002bb
:101b3c001400b18f1800b28f1000b08f0800e003b2
:101b4c002000bd271800838cf7ff601425904000ff
:101b5c000800828c020003242580a00025888000c8
:101b6c0006004010d48083af0400a01000000000d9
:101b7c000000a28c1a00401400000000001d410f50
:101b8c00000000004200401400000000d48080af30
:101b9c00259000001c00bf8f251040021400b18f4f
:101bac001800b28f1000b08f0800e0032000bd2792
:101bbc0001000324dcff431425900000d080828fa9
:101bcc00daff40181c00bf8f1800838cd7ff6014fd
:101bdc000100122401004224d3ff0010d08082aff8
:101bec002502410f000000000800238e0000118e1a
:101bfc0004000996060008960800678c0400062469
:101c0c002528200225206000b88082afcc8083afcd
:101c1c00c08089a709f8e000be8088a72400401086
:101c2c00d88082af009d053c050006244c34a524c9
:101c3c000a000424c9fe400fc88091af2800401050
:101c4c00c48082afd080828f010012240100422414
:101c5c000e1d410fd08082af2520400001000224d0
:101c6c00101d410fbc8082a31c00bf8f01000224f9
:101c7c00d08082afd48082af1400b18f2510400287
:101c8c001000b08f1800b28f0800e0032000bd27b1
:101c9c00fe1c410f25900000049d053c481fa52407
:101cac00bbde400f25204000baff0010d48080af6f
:101cbc00001d410f00000000b5ff4050d48080afe4
:101ccc00fe1c410f25900000049d053c781fa524a7
:101cdc00bbde400f25204000aeff0010d48080af4b
:101cec00eaea400f000000008fff0010d48080afa4
:020000040000fa
:020000041d02db
:101cfc001800838c030002244400621000000000d2
:101d0c00ec808297d0ffbd272c00bfaf2800b5af69
:101d1c002400b4af2000b3af1c00b2af1800b1afb9
:101d2c000d0040101400b0af2c00bf8f01004224f6
:101d3c00ec8082a72800b58f010002242400b48f08
:101d4c002000b38f1c00b28f1800b18f1400b08f1d
:101d5c000800e0033000bd270800848c0180033ca0
:101d6c000180133c0180023c70d3712460d3522457
:101d7c0010d4742670d360ac60d340ac10d460ae79
:101d8c002580a000fc8084aff08080aff88080af0d
:101d9c00040020ae080020ae0c0020ae040080ae83
:101dac00080080aef48080af040040ae080040ae66
:101dbc000c0040aee88080af0400a010ffff15249b
:101dcc000000a28c13004014019d053c001d410f26
:101ddc00000000003300401400000000b8f2400f77
:101dec00000000002c00bf8f251000002800b58fcc
:101dfc002400b48f2000b38f1c00b28f1800b18f59
:101e0c001400b08f0800e0033000bd270800e00389
:101e1c0001000224253000009474a524c9fe400f53
:101e2c000300042428004010f88082afaa07410f59
:101e3c0025202002e5ff4010fdff1524d61c410f84
:101e4c002520400222004010fc80848f0000058e6b
:101e5c000800828c09f84000100006241e00401077
:101e6c00f48082af741b410f252080020000028e8b
:101e7c00f480928f0900401025880000252840022c
:101e8c00750d410f10d464260000028e010031261e
:101e9c002b102202f9ff401410005226a2ff001052
:101eac00ec808297fe1c410f00000000049d053c55
:101ebc002530a0021c54a524bbde400f2520400079
:101ecc00c6ff001000000000c0ff0010feff15242c
:101edc00beff0010fcff1524bcff0010fbff1524f7
:020000040000fa
:020000041d02db
:101eec00c8ffbd272000b3af0180133c38cf732649
:101efc001400b0af4400708e3000b7af2c00b6affa
:101f0c002800b5af2400b4af1c00b2af1800b1afbd
:101f1c003400bfaf25a0800025b8a00025b0c000bc
:101f2c0025a8e0004800b18f3c0000124c00b28f95
:101f3c002000028e08004230390040140100063c9b
:101f4c001800028e01000324000043a4000803249f
:101f5c00020043a406040324040043a444004012da
:101f6c00060057a40300438a0000439a0b0043a8c1
:101f7c00080043b8040043920c0043a005004392b0
:101f8c000d0043a00300238a110056a80e0056b87a
:101f9c000000239a25204000150043a8120043b8e6
:101fac0004002392160043a005002392170043a0bf
:101fbc001b0055a8050a410f180055b81000028ed9
:101fcc001c000324252080023915410f0c0043a46a
:101fdc0025304000060807242528200296e5400fee
:101fec002520000228004054280014ae3400bf8f76
:101ffc00251000003000b78f2c00b68f2800b58f4d
:10200c002400b48f2000b38f1c00b28f1800b18f46
:10201c001400b08f0800e0033800bd270100063c17
:10202c000200c6241c00052442cb400f38000424b7
:10203c00eeff401025804000049d023c905a422443
:10204c00080002ae1800028e010003240c0000ae42
:10205c00440070ae000043a400080324020043a413
:10206c0006040324040043a4beff4016060057a434
:10207c003c00838e400084960b0043a8080043b8b4
:10208c00c0ff00100c0044a4000000ae2528000284
:10209c004d01410f252080023400bf8f2710020014
:1020ac00c21702003000b78f2c00b68f2800b58ff6
:1020bc002400b48f2000b38f1c00b28f1800b18f96
:0c20cc001400b08f0800e0033800bd27ae
:020000040000fa
:020000041d02db
:1020d8006e6f7420676976656e0000004e6f6e65de
:1020e800000000006661696c0000000055736167bc
:1020f800653a202573203c696e7465726661636574
:102108003e203c6f6e2f6f66662f72656e65772f67
:10211800726571756573742f696e666f3e200d0a5e
:102128000000000045783a20257320504943333297
:10213800494e54206f6e200d0a000000556e6b6edc
:102148006f776e20696e746572666163650d0a004b
:102158006f6e00006f66660072656e65770000003e
:102168007265717565737400526571756573742055
:102178006e6565647320616e2049502061646472e5
:102188006573730d0a00000044484350207374615e
:102198007475733a2025642028202564203d3d204d
:1021a800426f756e64292c2074696d653a20256428
:1021b8000d0a000044484350206c65617365207324
:1021c800746172743a2025642c2064757261746994
:1021d8006f6e3a202564730d0a000000444843508e
:1021e8002072656e65772074696d653a2025642cc8
:1021f80020726562696e642074696d653a20256491
:102208000d0a00004448435020616464726573738a
:102218003a2025730d0a0000444843502073657224
:102228007665723a2025730d0a0000004448435031
:1022380020626f6f74206e616d653a2025730d0af8
:1022480000000000444843502054696d65207365c0
:1022580072766572733a2025642c2025730d0a0066
:1022680044484350204e545020736572766572730b
:102278003a2025642c2025730d0a00004448435059
:102288003a206661696c656420746f206765742004
:10229800696e666f0d0a0000556e6b6e6f776e2063
:1022a8006f7074696f6e0d0a000000002573202599
:0822b800732025730d0a0000dc
:020000040000fa
:020000041d02db
:1022c000d0ffbd272000b3af2c00bfaf2800b5afb3
:1022d0002400b4af1c00b2af1800b1af1400b0af0f
:1022e0002e00800425980000b080838f2a10830080
:1022f0002b0040102c00bf8f2a00c0102510600258
:10230000801b410f00000000240040102588400081
:102310003000548c25a8a000510080122590c000e8
:1023200036002396259800001a0080120000000055
:102330002400601025204002340022962b804202a7
:102340000a205000258080002b2064002800805443
:10235000258060002600001600000000f2ff4014f7
:10236000000000000000828e3a004010300022aed3
:102370000c0044940800428c340024a6380022ae9d
:1023800004004012000000003000348ee8ff801688
:10239000000000000c0060504000228e2c00bf8f17
:1023a000251060022800b58f2400b48f2000b38f61
:1023b0001c00b28f1800b18f1400b08f0800e0032a
:1023c0003000bd274000228e0004427cf4ff4050c4
:1023d0002c00bf8f840d410f4c002426252840007f
:1023e000f4dc400f25202002edff00102c00bf8ff1
:1023f0000800a0123800258e2520a0027f14410f6e
:102400002530000236002396340022963800258eaf
:1024100021a8b0022318700023105000239050020e
:1024200021981302ffff6330ffff42302128b000e4
:10243000ffff5232ffff7332360023a6340022a67c
:10244000cfff4014380025ae0000828ec8ff401434
:10245000300022ae340020a6c9ff0010380020aea4
:102460004000428c0004427c060040140000000042
:1024700036002396caff60142c00bf8fd2ff0010d5
:102480004000228e840d410f4c0024262528400058
:10249000f4dc400f25202002a1ff00103000348e14
:020000040000fa
:020000041d02db
:1024a000d8ffbd271400b0af0800908c1c00b2af5d
:1024b0000180023c0a00129684ce42241800b1af7b
:1024c0002400bfaf258880002000b3af490002166a
:1024d00040004432c1bf033cc0ff628cc0ff638c2c
:1024e0000006427c4006637c1a006014010042240e
:1024f0001a00801410004234080053321100433295
:1025000033006214ffff64321000028e80014330fa
:102510001b006010010043300400027c1c0080108e
:10252000444a027c2400bf8f00204234100002aed7
:10253000010002241a0022a61c0020a62000b38f4e
:102540001c00b28f1800b18f1400b08f0800e00398
:102550002800bd271d00801020004234ffff4330bb
:10256000259040000a0003a6252000001000028ede
:1025700080014330e9ff60540400027c01004330d5
:10258000e6ff601000000000e7ff80142400bf8f0a
:10259000040043321e006050020043322400bf8f0b
:1025a00000104234100002ae010002241a0022a6dc
:1025b0001c0020a62000b38f1c00b28f1800b18f22
:1025c0001400b08f0800e0032800bd270800533234
:1025d00002000224020022a6fcff023cfcff0424ad
:1025e000180020ae331a410f1c0022aec6ff0010a7
:1025f000ffff6432f6ff80100800533220000324ee
:10260000200012240a0003a6d8ff00102520000095
:102610000d006010010052322400bf8f0080423450
:10262000100002ae010002241a0022a61c0020a6ff
:102630002000b38f1c00b28f1800b18f1400b08f30
:102640000800e0032800bd27004043342400bf8f6a
:102650000b107200100002ae010002241a0022a624
:102660001c0020a62000b38f1c00b28f1800b18f71
:0c2670001400b08f0800e0032800bd2714
:020000040000fa
:020000041d02db
:10267c004000878c3c00828c1000838ce0ffbd27cf
:10268c00020005241800b1af1400b0af1c00bfaf9e
:10269c00258080001b00e200f40140003c00651026
:1026ac006800918c0300022448006210010002248f
:1026bc0023006210121000001400268e1800248ec5
:1026cc00040000ae0c0000ae080000aeff0042306b
:1026dc001b00c200f4014000102800002318450024
:1026ec002b408300123000002c0006ae300005aeeb
:1026fc0003000011340003ae340004ae2518800032
:10270c004b0043100230e6701c00058e01000224c1
:10271c00100002ae380005aec6dc400f25200002ca
:10272c00010003240f0043503c00038e1c00bf8f9c
:10273c001800b18f1400b08f0800e0032000bd27f3
:10274c002c00868c1c00858c25200002c6dc400fda
:10275c000230e67001000324f5ff43141c00bf8f08
:10276c003c00038e3000028e3400068e1c00048e5a
:10277c00021062701000258e02306670300002aebe
:10278c007f14410f2120820002000224100002aeaf
:10279c002c00068e01000724252800008dc2400f56
:1027ac002520000201000324e1ff43141c00bf8f0d
:1027bc0003000224100002ae1800b18f2510000097
:1027cc001400b08f0800e0032000bd272c00868c7d
:1027dc0012100000ff0047303800858cbfbd400f41
:1027ec000230e67001000324d1ff43141c00bf8f9c
:1027fc001800238e3400048ecdff6410231864005f
:10280c003c00058e1400228e1000268e0238857036
:10281c0021204400180023ae140024ae2510000023
:10282c002128e600100025aec0ff0010100000aefd
:10283c001000228e02000324100003ae380002aefa
:08284c00baff00102510000086
:020000040000fa
:020000041d02db
:10285400d0ffbd270300a2281c00b1af1800b0af01
:102864002c00bfaf2800b4af2400b3af2000b2af38
:1028740025808000150040100400918c0000828c9b
:10288400039d053cdceba5240000428c09f84000c4
:10289400252020020000028e039d053c24eca52483
:1028a4000000428c09f84000252020022c00bf8f34
:1028b4002800b48f2400b38f2000b28f1c00b18f86
:1028c4001800b08f0800e0033000bd270400c48c5a
:1028d4002590a0004bc2400f2598c0001e00401058
:1028e40025a0400042004294400042300e004014b3
:1028f400039d053c0000028e252020020000428c2e
:1029040009f8400054eca5242c00bf8f2800b48f94
:102914002400b38f2000b28f1c00b18f1800b08f39
:102924000800e0033000bd270800648e09a9400fa9
:102934001400a52710004014039d053c0000028ede
:10294400dc6da5240000428c09f8400025202002fb
:10295400d7ff00102c00bf8f0000028e039d053ca2
:10296400ecfea5240000428c09f84000252020023a
:10297400cfff00102c00bf8f2a1c410f252080029e
:102984001500401403000224060042122530000002
:102994000c00648e09a9400f1000a5271a004010ee
:1029a4001000a627010007241400a527b8ee400f45
:1029b40025208002100040100000028e039d053c7b
:1029c400b0eba5240000428c09f840002520200229
:1029d400b7ff00102c00bf8f0000028e039d053c42
:1029e40070eca5240000428c09f840002520200248
:1029f400afff00102c00bf8f039d053cc4eba52442
:102a0400f1ff00100000428c0000028e039d053c83
:102a1400b8eca5240000428c09f8400025202002cf
:082a2400a3ff00102c00bf8f7e
:020000040000fa
:020000041d02db
:102a2c00d0ffbd272800b4af2400b3af2000b2af55
:102a3c001800b0af2c00bfaf1c00b1af25a0a00098
:102a4c00258080002598c0004900a0102590e0004a
:102a5c0025380000253000001000a5271000b4a375
:102a6c006e90400f1100a0a3ffff5130ffff023406
:102a7c00460022122c00bf8f0200422e4c00401444
:102a8c000000000053006012ffff42262a102202b1
:102a9c00150040104600048625302002ca84400fe1
:102aac00252860020000038e219071022588000009
:102abc0023106200000002ae000040a21e0080162f
:102acc00460004262c00bf8f251020022800b48f4e
:102adc002400b38f2000b28f1c00b18f1800b08f70
:102aec000800e0033000bd27feff4626ffffc6307e
:102afc00ca84400f252860020000038e232832026e
:102b0c000200a52423106200000002aeffffa530d6
:102b1c00b6cd400f460004260000038e21907202b1
:102b2c000100112423106200000002aee5ff8012a8
:102b3c00feff40a246000426b6cd400f010005243e
:102b4c000000038e2c00bf8f2800b48f231062006e
:102b5c00000002ae2400b38f251020022000b28f9b
:102b6c001c00b18f1800b08f0800e0033000bd27a7
:102b7c008ede400f4600848425884000ffff02341f
:102b8c00beff22160200422e2c00bf8f0200112421
:102b9c00251020022800b48f2400b38f2000b28fa0
:102bac001c00b18f1800b08f0800e0033000bd2767
:102bbc000900601246000426b6cd400f25282002dd
:102bcc000000038e0100112423106200bbff0010d3
:102bdc00000002ae46000426b6cd400f2528200288
:102bec000000038e2588000023106200b3ff001044
:042bfc00000002ae25
:020000040000fa
:020000041d02db
:102c0000c8ffbd272400b4af4800b48f2000b3af85
:102c10000000f38c0000828e3000b7af2c00b6affe
:102c20002800b5af1c00b2af1800b1af1400b0afb0
:102c30003400bfaf2588e0002580c00025b8a00083
:102c40004c00b58f4c00928c520062120000d68c62
:102c50000000628e0000e2ac0400638ec439037c85
:102c6000040063ae0000838e17006250000080ae47
:102c70000000438c000023ae000040ac0000048e36
:102c80000400432400e0637c3c008010140040ac4e
:102c9000000082ac140083ac000002ae0600a0521b
:102ca0000000228e0400428c0003427c2f00401062
:102cb000000000000000228e0000838eedff6254b1
:102cc0000000438c000080aeebff4014000020aefb
:102cd0000400658e0800648e1000628e0c00638e06
:102ce0000400c5ae0800c4ae0c00c3ae1000c2aef6
:102cf000000060ae0000028e040060ae080060ae0e
:102d000021004010140060ae0400632600e0637ce4
:102d1000000053ac140043ac000013ae0400c28e9c
:102d200001000324c439627c0400c2ae0500a01275
:102d30003400bf8f0400c28e0003427c1900401093
:102d4000252040023000b78f2c00b68f2800b58fa9
:102d50002400b48f2000b38f1c00b28f1800b18ff5
:102d60001400b08f0800e0033800bd27d01a410fcf
:102d700025204002d0ff00100000228e000002ae8d
:102d8000c6ff00100000e2ae000013aee3ff00102b
:102d90000000f3ae000080ae25100000aeff001072
:102da0000000e0ac3400bf8f3000b78f2c00b68f2e
:102db0002800b58f2400b48f2000b38f1c00b28f81
:102dc0001800b18f1400b08fd01a410b3800bd2706
:020000040000fa
:020000041d02db
:102dd000d0ffbd272400b2af0180123c1c00b0af71
:102de00080cf50260c00028e0800038e2c00bfaf4f
:102df0002800b3af2b206200030080102000b1af89
:102e00001800048e21186400231062005a0040103c
:102e10002c00bf8f82bf113c0180133c1020228efa
:102e2000000242303600401481bf023c0c00028e8a
:102e30000800038e3b00435081bf023c0020238edc
:102e400006000424060063303c00641040180200b1
:102e5000f0b163268a19627c1000a3a71800048ec3
:102e6000010042242b2044000a1004000c0002ae92
:102e70000020228e202023ae10000292ff0042305c
:102e8000e6ff4010000000001800028e0c00038ec8
:102e90000800048e2b2883000400a0502318830010
:102ea0001800058e212085002318830080cf448ed2
:102eb000daff8010000000000400058e1c00049260
:102ec000ffff422423104300ff00833022006010e4
:102ed000000000001400038e2b104300cfff4014ad
:102ee0000000000080cf428e09f840000300042457
:102ef0001020228e00024230ccff401081bf023ce5
:102f00000400033c740043ac2c00bf8f2800b38f37
:102f10002400b28f2000b18f1c00b08f0800e003a6
:102f20003000bd270400033cf40043ac0400033c24
:102f3000740043acf5ff00102c00bf8ff0b1642685
:102f4000010065248a19837c8a21857c1000a3a74f
:102f5000c2ff00101200a4a71400038eafff431499
:102f60000000000080cf428e09f8400003000424d6
:102f7000dfff00100000000081bf023c0400033ca2
:102f8000f40043ac2800b38f2400b28f2000b18f2f
:102f90001c00b08f740043ac0800e0033000bd2774
:020000040000fa
:020000041d02db
:102fa00000e85d4100701a4000601b40e8febd274c
:102fb0001401baaf02601a401001bbaf44781b7c09
:102fc00000047b370c01baaf00609b401210000078
:102fd0000401a2afd800bff7101800000001a3af92
:102fe000d000bdf712102000fc00a2afc800bbf754
:102ff00010182000f800a3afc000b9f7121040006d
:10300000f400a2afb800b7f710184000f000a3af6b
:10301000b000b5f710186000a800b3f7a000b2f731
:10302000121060009800b1f79000b0f78800aff779
:103030008000aef77800adf77000acf76800abf732
:103040006000aaf75800a9f75000a8f74800a7f7b2
:103050004000a6f73800a5f73000a4f72800a3f732
:103060002000a2f71800a1f71000a0f7ec00a2af13
:10307000e800a3afb81c3f7c0801a3af00f84244ae
:10308000e400a2af5211410f00000000e400a28f43
:1030900000f8c244fc00a58f0801a38f0401a28f91
:1030a0001308a000f800a58ff8fc617c0001a38f35
:1030b0001108a000f400a58fd800bfd7d000bdd75d
:1030c0001310a000f000a58fc800bbd7c000b9d76f
:1030d0001110a000ec00a58fb800b7d7b000b5d78d
:1030e0001318a000e800a58fa800b3d7a000b2d79e
:1030f0009800b1d79000b0d78800afd78000aed786
:103100007800add77000acd76800abd76000aad705
:103110005800a9d75000a8d74800a7d74000a6d785
:103120003800a5d73000a4d72800a3d72000a2d705
:103130001800a1d71000a0d71300400011006000b4
:103140001118a00000606041c00000000c01bb8f9e
:103150001401ba8f02609b401001bb8f00709a402f
:103160001801bd2700e8dd4100609b4018000042c7
:020000040000fa
:020000041d02db
:1031700000e85d4100701a4000601b40e8febd277a
:103180001401baaf02601a401001bbaf44781b7c37
:1031900000047b370c01baaf00609b4012100000a6
:1031a0000401a2afd800bff7101800000001a3afc0
:1031b000d000bdf712102000fc00a2afc800bbf782
:1031c00010182000f800a3afc000b9f7121040009b
:1031d000f400a2afb800b7f710184000f000a3af9a
:1031e000b000b5f710186000a800b3f7a000b2f760
:1031f000121060009800b1f79000b0f78800aff7a8
:103200008000aef77800adf77000acf76800abf760
:103210006000aaf75800a9f75000a8f74800a7f7e0
:103220004000a6f73800a5f73000a4f72800a3f760
:103230002000a2f71800a1f71000a0f7ec00a2af41
:10324000e800a3afb81c3f7c0801a3af00f84244dc
:10325000e400a2afe5e9400f00000000e400a28f07
:1032600000f8c244fc00a58f0801a38f0401a28fbf
:103270001308a000f800a58ff8fc617c0001a38f63
:103280001108a000f400a58fd800bfd7d000bdd78b
:103290001310a000f000a58fc800bbd7c000b9d79d
:1032a0001110a000ec00a58fb800b7d7b000b5d7bb
:1032b0001318a000e800a58fa800b3d7a000b2d7cc
:1032c0009800b1d79000b0d78800afd78000aed7b4
:1032d0007800add77000acd76800abd76000aad734
:1032e0005800a9d75000a8d74800a7d74000a6d7b4
:1032f0003800a5d73000a4d72800a3d72000a2d734
:103300001800a1d71000a0d71300400011006000e2
:103310001118a00000606041c00000000c01bb8fcc
:103320001401ba8f02609b401001bb8f00709a405d
:103330001801bd2700e8dd4100609b4018000042f5
:020000040000fa
:020000041d02db
:1033400000e85d4100701a4000601b40e8febd27a8
:103350001401baaf02601a401001bbaf44781b7c65
:1033600000047b370c01baaf00609b4012100000d4
:103370000401a2afd800bff7101800000001a3afee
:10338000d000bdf712102000fc00a2afc800bbf7b0
:1033900010182000f800a3afc000b9f712104000c9
:1033a000f400a2afb800b7f710184000f000a3afc8
:1033b000b000b5f710186000a800b3f7a000b2f78e
:1033c000121060009800b1f79000b0f78800aff7d6
:1033d0008000aef77800adf77000acf76800abf78f
:1033e0006000aaf75800a9f75000a8f74800a7f70f
:1033f0004000a6f73800a5f73000a4f72800a3f78f
:103400002000a2f71800a1f71000a0f7ec00a2af6f
:10341000e800a3afb81c3f7c0801a3af00f842440a
:10342000e400a2af3595400f00000000e400a28f39
:1034300000f8c244fc00a58f0801a38f0401a28fed
:103440001308a000f800a58ff8fc617c0001a38f91
:103450001108a000f400a58fd800bfd7d000bdd7b9
:103460001310a000f000a58fc800bbd7c000b9d7cb
:103470001110a000ec00a58fb800b7d7b000b5d7e9
:103480001318a000e800a58fa800b3d7a000b2d7fa
:103490009800b1d79000b0d78800afd78000aed7e2
:1034a0007800add77000acd76800abd76000aad762
:1034b0005800a9d75000a8d74800a7d74000a6d7e2
:1034c0003800a5d73000a4d72800a3d72000a2d762
:1034d0001800a1d71000a0d7130040001100600011
:1034e0001118a00000606041c00000000c01bb8ffb
:1034f0001401ba8f02609b401001bb8f00709a408c
:103500001801bd2700e8dd4100609b401800004223
:020000040000fa
:020000041d02db
:1035100000e85d4100701a4000601b40e8febd27d6
:103520001401baaf02601a401001bbaf44781b7c93
:1035300000047b370c01baaf00609b401210000002
:103540000401a2afd800bff7101800000001a3af1c
:10355000d000bdf712102000fc00a2afc800bbf7de
:1035600010182000f800a3afc000b9f712104000f7
:10357000f400a2afb800b7f710184000f000a3aff6
:10358000b000b5f710186000a800b3f7a000b2f7bc
:10359000121060009800b1f79000b0f78800aff704
:1035a0008000aef77800adf77000acf76800abf7bd
:1035b0006000aaf75800a9f75000a8f74800a7f73d
:1035c0004000a6f73800a5f73000a4f72800a3f7bd
:1035d0002000a2f71800a1f71000a0f7ec00a2af9e
:1035e000e800a3afb81c3f7c0801a3af00f8424439
:1035f000e400a2af748b400f00000000e400a28f33
:1036000000f8c244fc00a58f0801a38f0401a28f1b
:103610001308a000f800a58ff8fc617c0001a38fbf
:103620001108a000f400a58fd800bfd7d000bdd7e7
:103630001310a000f000a58fc800bbd7c000b9d7f9
:103640001110a000ec00a58fb800b7d7b000b5d717
:103650001318a000e800a58fa800b3d7a000b2d728
:103660009800b1d79000b0d78800afd78000aed710
:103670007800add77000acd76800abd76000aad790
:103680005800a9d75000a8d74800a7d74000a6d710
:103690003800a5d73000a4d72800a3d72000a2d790
:1036a0001800a1d71000a0d713004000110060003f
:1036b0001118a00000606041c00000000c01bb8f29
:1036c0001401ba8f02609b401001bb8f00709a40ba
:1036d0001801bd2700e8dd4100609b401800004252
:020000040000fa
:020000041d02db
:1036e00000e85d4100701a4000601b40e8febd2705
:1036f0001401baaf02601a401001bbaf44781b7cc2
:1037000000047b370c01baaf00609b401210000030
:103710000401a2afd800bff7101800000001a3af4a
:10372000d000bdf712102000fc00a2afc800bbf70c
:1037300010182000f800a3afc000b9f71210400025
:10374000f400a2afb800b7f710184000f000a3af24
:10375000b000b5f710186000a800b3f7a000b2f7ea
:10376000121060009800b1f79000b0f78800aff732
:103770008000aef77800adf77000acf76800abf7eb
:103780006000aaf75800a9f75000a8f74800a7f76b
:103790004000a6f73800a5f73000a4f72800a3f7eb
:1037a0002000a2f71800a1f71000a0f7ec00a2afcc
:1037b000e800a3afb81c3f7c0801a3af00f8424467
:1037c000e400a2af2f7b400f00000000e400a28fb6
:1037d00000f8c244fc00a58f0801a38f0401a28f4a
:1037e0001308a000f800a58ff8fc617c0001a38fee
:1037f0001108a000f400a58fd800bfd7d000bdd716
:103800001310a000f000a58fc800bbd7c000b9d727
:103810001110a000ec00a58fb800b7d7b000b5d745
:103820001318a000e800a58fa800b3d7a000b2d756
:103830009800b1d79000b0d78800afd78000aed73e
:103840007800add77000acd76800abd76000aad7be
:103850005800a9d75000a8d74800a7d74000a6d73e
:103860003800a5d73000a4d72800a3d72000a2d7be
:103870001800a1d71000a0d713004000110060006d
:103880001118a00000606041c00000000c01bb8f57
:103890001401ba8f02609b401001bb8f00709a40e8
:1038a0001801bd2700e8dd4100609b401800004280
:020000040000fa
:020000041d02db
:1038b00000e85d4100701a4000601b40e8febd2733
:1038c0001401baaf02601a401001bbaf44781b7cf0
:1038d00000047b370c01baaf00609b40121000005f
:1038e0000401a2afd800bff7101800000001a3af79
:1038f000d000bdf712102000fc00a2afc800bbf73b
:1039000010182000f800a3afc000b9f71210400053
:10391000f400a2afb800b7f710184000f000a3af52
:10392000b000b5f710186000a800b3f7a000b2f718
:10393000121060009800b1f79000b0f78800aff760
:103940008000aef77800adf77000acf76800abf719
:103950006000aaf75800a9f75000a8f74800a7f799
:103960004000a6f73800a5f73000a4f72800a3f719
:103970002000a2f71800a1f71000a0f7ec00a2affa
:10398000e800a3afb81c3f7c0801a3af00f8424495
:10399000e400a2af2fbd400f00000000e400a28fa2
:1039a00000f8c244fc00a58f0801a38f0401a28f78
:1039b0001308a000f800a58ff8fc617c0001a38f1c
:1039c0001108a000f400a58fd800bfd7d000bdd744
:1039d0001310a000f000a58fc800bbd7c000b9d756
:1039e0001110a000ec00a58fb800b7d7b000b5d774
:1039f0001318a000e800a58fa800b3d7a000b2d785
:103a00009800b1d79000b0d78800afd78000aed76c
:103a10007800add77000acd76800abd76000aad7ec
:103a20005800a9d75000a8d74800a7d74000a6d76c
:103a30003800a5d73000a4d72800a3d72000a2d7ec
:103a40001800a1d71000a0d713004000110060009b
:103a50001118a00000606041c00000000c01bb8f85
:103a60001401ba8f02609b401001bb8f00709a4016
:103a70001801bd2700e8dd4100609b4018000042ae
:020000040000fa
:020000041d02db
:103a800000e85d4100701a4000601b40e8febd2761
:103a90001401baaf02601a401001bbaf44781b7c1e
:103aa00000047b370c01baaf00609b40121000008d
:103ab0000401a2afd800bff7101800000001a3afa7
:103ac000d000bdf712102000fc00a2afc800bbf769
:103ad00010182000f800a3afc000b9f71210400082
:103ae000f400a2afb800b7f710184000f000a3af81
:103af000b000b5f710186000a800b3f7a000b2f747
:103b0000121060009800b1f79000b0f78800aff78e
:103b10008000aef77800adf77000acf76800abf747
:103b20006000aaf75800a9f75000a8f74800a7f7c7
:103b30004000a6f73800a5f73000a4f72800a3f747
:103b40002000a2f71800a1f71000a0f7ec00a2af28
:103b5000e800a3afb81c3f7c0801a3af00f84244c3
:103b6000e400a2af9e1c410f00000000e400a28f01
:103b700000f8c244fc00a58f0801a38f0401a28fa6
:103b80001308a000f800a58ff8fc617c0001a38f4a
:103b90001108a000f400a58fd800bfd7d000bdd772
:103ba0001310a000f000a58fc800bbd7c000b9d784
:103bb0001110a000ec00a58fb800b7d7b000b5d7a2
:103bc0001318a000e800a58fa800b3d7a000b2d7b3
:103bd0009800b1d79000b0d78800afd78000aed79b
:103be0007800add77000acd76800abd76000aad71b
:103bf0005800a9d75000a8d74800a7d74000a6d79b
:103c00003800a5d73000a4d72800a3d72000a2d71a
:103c10001800a1d71000a0d71300400011006000c9
:103c20001118a00000606041c00000000c01bb8fb3
:103c30001401ba8f02609b401001bb8f00709a4044
:103c40001801bd2700e8dd4100609b4018000042dc
:020000040000fa
:020000041d02db
:103c500008ffbd27e000b2aff400bfaff000b6af81
:103c6000ec00b5afe800b4afe400b3afdc00b1af37
:103c7000d800b0afa3fa400f2590a0005d0040101f
:103c8000258040001000a427c80006240116410f1b
:103c900025280000020006960400102625280000b2
:103ca0000116410f25200002fd12410f25200002c0
:103cb000049d033c7064648c7064632421100202d0
:103cc0000400658c030044a8000044b80800648c1c
:103cd0000c006790070045a80d0066900e006390e9
:103ce000040045b80b0044a80180133c080044b808
:103cf000a4a673260c0047a00e0043a00d0046a00a
:103d000010046696049d153c8064a5263d16410f5f
:103d10001000a4271000a52725200002fe0f410f48
:103d200025b04000c8000624252800000116410fd8
:103d30001000a427fd12410f2520000221100202cd
:103d40002c0003247d001424010043a0000054a093
:103d5000020040a0120466968064a5263d16410f1d
:103d60001000a4271000a52725200002fe0f410ff8
:103d700025884000c8000624252800000116410fb0
:103d80001000a427fd12410f25200002010043244a
:103d90002130360221100202000054a02118030233
:103da0005d0002241300c624010074a0252800022f
:103db0002520400201000724000062a0020060a04c
:103dc00032b9400fffffc630f400bf8f251000004e
:103dd000f000b68fec00b58fe800b48fe400b38f2d
:103de000e000b28fdc00b18fd800b08f0800e00394
:103df000f800bd27f400bf8f03000224f000b68f47
:103e0000ec00b58fe800b48fe400b38fe000b28f10
:103e1000dc00b18fd800b08f0800e003f800bd27a8
:020000040000fa
:020000041d02db
:103e200090ffbd276000b2af5800b0af2590800072
:103e30004700b0276400b3af6c00bfaf6800b4aff9
:103e40005c00b1af0418107c2520a0004c00538efc
:103e5000000015be0f0000000020023c2580020279
:103e60002700b1270418117c0c0000ae080000ae3a
:103e7000000035be0f0000000c01458e258822028f
:103e80000c0020ae080020ae0c0007260800062615
:103e900013c4400f0800a52425a040000800038e8d
:103ea0000c00028e220062500c0000ae0000628cfa
:103eb000080002ae0400628c4002427c3600405092
:103ec0000801448e0400628c01000424000060acf0
:103ed000c45a027c040062ac0400628c140060ac22
:103ee00084f7027c040062ac0400628cc4ff027c94
:103ef000040062ac0400628cc439827c040062acb1
:103f00000c00228e210040100400642400e0847c18
:103f1000000043ac140044ac0c0023ae0c00028e35
:103f20000800038ee2ff62540000628c0c0000aeb9
:103f3000e0ff6014080000ae0800228e0a00401066
:103f40000c0022260c01458e010003240c00a6243f
:103f50001400a3af1000a2af080027260800a52474
:103f6000008b400f252040026c00bf8f251080027f
:103f70006400b38f6800b48f6000b28f5c00b18fb3
:103f80005800b08f0800e0037000bd270c0023ae7e
:103f9000c2ff0010080023ae000060ac140060ac4b
:103fa0000c00858c0e00a0100400622400e0427c0e
:103fb0000000a3ac1400a2ac0c0083ac0400648c21
:103fc000080060ac0003837cb5ff60540800038eda
:103fd000d01a410f25206002b1ff00100800038ea7
:0c3fe0000c0083acf5ff0010080083ac5f
:020000040000fa
:020000041d02db
:103fec001800838c030002244500621000000000be
:103ffc009880828fd8ffbd272400bfaf2000b2afbe
:10400c001c00b1af0a0040101800b0af2400bf8fe5
:10401c0001004224988082af2000b28f010002245c
:10402c001c00b18f1800b08f0800e0032800bd27da
:10403c00258080000180043c2200062425280000f5
:10404c000116410f7ad18424000002960800038ed9
:10405c000180113c049d053c78d13026ffff0724dc
:10406c00253000006c19a5242520000078d127a646
:10407c00140003ae0501410f040002a61700401006
:10408c00200002ae019d053c4d0106242052a524c2
:10409c00c9fe400f0e00042410004010180002aea0
:1040ac00253000005f760524bc1c410f0100042460
:1040bc0025904000ffff0224080042122538000022
:1040cc005f7606240100052425204002a3ba400f88
:1040dc0078d132a60c004014253800009ef0400f19
:1040ec00000000002400bf8f251000002000b28fbc
:1040fc001c00b18f1800b08f0800e0032800bd270a
:10410c000800e003010002245f7606240100052468
:10411c00c683400f25204002f0ff4010010006240a
:10412c00252800007e52400f25204002ebff401056
:10413c001000a627000202240500052425204002b9
:10414c00e07c400f020002a6020006961000a29727
:10415c002b104600060040500100062405000524e3
:10416c007e52400f25204002dcff40100100062447
:10417c000300052425204002010002247e52400f3a
:10418c00080002ae049d063c25380000505ec62493
:10419c0000010524b2fc400f25204002cfff401047
:0c41ac009880828f9aff00102400bf8fc3
:020000040000fa
:020000041d02db
:1041b800b8818297c0ffbd272c00b3af2598800037
:1041c800010044247c81828f3800b6af3400b5af3b
:1041d8003000b4af3c00bfaf2800b2af2400b1af8d
:1041e8002000b0af25a8a00025a0c00009f8400015
:1041f80025b0e000440040102520a002fd12410f28
:1042080025884000460064868ede400f25904000d9
:10421800b88186972b18c20029006014049d053cbc
:104228002b10460206004010ffff10341300c05246
:10423800460064862b10d2020f0040102530c002c1
:104248007881828f09f84000252020023c00bf8f2a
:10425800251000023800b68f3400b58f3000b48fb7
:104268002c00b38f2800b28f2400b18f2000b08fac
:104278000800e0034000bd27460064869cd6400f36
:10428800252820022b9052001c0040162580400053
:1042980021102202000040a02528a002d0f1400fe2
:1042a8002520200233004010008410002110540003
:1042b80023105100ffff4230e1ff0010258050001d
:1042c80023304600b874a5243d16410f252020024e
:1042d8008081878fd2ffe010b88186971800e28c22
:1042e80004004010308005342530200209f84000d1
:1042f80025206002caff0010b8818697008402005a
:10430800cfff0010ffff1036b8818697049d053c4b
:10431800b874a5240100c6243d16410f1000a42737
:104328008081878f0800e0103c00bf8f1800e28c66
:10433800050040101000a627edff052409f84000ed
:10434800252060023c00bf8fffff103425100002bb
:104358003800b68f3400b58f3000b48f2c00b38f7f
:104368002800b28f2400b18f2000b08f0800e0032e
:0c4378004000bd27b2ff0010ffff103610
:020000040000fa
:020000041d02db
:10438400d0ffbd272400b1af2c00bfaf2800b2afcf
:104394002000b0af1700a010258880007400828c24
:1043a400040040102580a0000500052409f8400001
:1043b40014018424500032262000028e0000038e53
:1043c4002528000208004234200002ae25204002c5
:1043d400fd0c410f25806000f8ff00562000028e7e
:1043e4007400228e030040100600052409f84000e2
:1043f4001401242622002296040042300600405470
:104404007400228e20002292100042304500405059
:10441400252020027400228e1400a0af1000a0af4b
:10442400040040101800a0af0500052409f840005e
:10443400140124260300001050003026fd0c410f07
:1044440000000000ee0c410f25200002252840004a
:10445400faff40141000a4277400228e2c00401090
:104464000600052409f84000140124261000a28f38
:104474000c0040507400228e1000458c68ab400f35
:10448400252020021b00401003000324170043547e
:104494003801228e3c01228e010042243c0122aece
:1044a4007400228e030040100500052409f8400022
:1044b400140124261000a52712ec400f2520000229
:1044c4007400228e030040100600052409f8400001
:1044d400140124262c00bf8f2800b28f2400b18f32
:1044e4002000b08f0800e0033000bd270100422403
:1044f400380122aeee0c410f1000a4271000a28f49
:10450400deff40541000458ce6ff00107400228e3c
:104514001000a28fd9ff40541000458ce6ff001014
:104524001000a52701000624f0cb400fffff05244f
:104534002c00bf8f2800b28f2400b18f2000b08fd1
:084544000800e0033000bd2770
:020000040000fa
:020000041d02db
:10454c00b0ffbd273400b0af1f00b0274800b5af97
:10455c004400b4af4000b3af3800b1af4c00bfafb4
:10456c003c00b2af25a880002588a0002598c0008b
:10457c0025a0e0000418107c000015be0f00000000
:10458c007400828c0020033c258003020c0000aeda
:10459c0004004010080000ae0500052409f8400096
:1045ac00140184240401a58e080006260c0007269d
:1045bc000800a52413c4400f252020027400a68ee9
:1045cc004b00c010259040000600052409f8c000df
:1045dc001401a426170060527400a68e0800118ed8
:1045ec000a00201600000000120000107400a68eb5
:1045fc000080023c2520820009f8600225288002f8
:10460c000000318e0b0020527400a68e0400228e06
:10461c00fcff43040000318e0400228e8002427c99
:10462c00f3ff40140800248e00a0023cf2ff00109f
:10463c00252082001500c0100500052409f8c000d3
:10464c001401a4267400a68e0800028e0c00038ea2
:10465c00130043500c0000ae0000438c080003ae66
:10466c000001a58e0400432400e0637c0c00a48ca4
:10467c00080040ac000040ac19008010140040aca5
:10468c00000082ac140083ac0c00a2ac0800028ebb
:10469c000c00038ef1ff43540000438c0c0000ae61
:1046ac00efff4014080000ae0300c0100600052404
:1046bc0009f8c0001401a4264c00bf8f251040023d
:1046cc004800b58f4400b48f4000b38f3c00b28fcc
:1046dc003800b18f3400b08f0800e0035000bd27c4
:1046ec000800a2ac0c00a2ace9ff00100800028e7e
:1046fc00e7ff60120800028ec4ff401425884000ba
:08470c00d3ff00100c00038e26
:020000040000fa
:020000041d02db
:10471400d8ffbd272400bfaf2000b4af1c00b3af47
:104724001800b2af1400b1af5800c0101000b0af01
:104734004d00800425800000c880828f2b108200e9
:1047440049004010d880918f802004000a88247e7c
:10475400450020122518a0001c00228e2000258e62
:104764002b20450053008010239045001800328e02
:104774001400248e23904502231044002190420209
:1047840001005226ffff5232400040122b804602a5
:104794001800228e0b3050022120a6002b2044004a
:1047a4002580c0000d00801025a0c000239845007e
:1047b40001007326ffff733223a0d300430060106f
:1047c400ffff9432252060007f14410f25306002e2
:1047d4001400258e21185300200025ae040060101b
:1047e400253080027f14410f252060002000258e93
:1047f4002128b400200025aef8e3400f2520200234
:104804001a0040142400bf8f239050022a901202f1
:104814002a0040123e0022960400433014006054e3
:1048240025100002010003248410627ce3fe400f83
:104834003e0022a6b880848f40180400211864002a
:10484400c0180300211864006210043cc01803005f
:10485400d34d842419006400101800008219030049
:1048640021106200280022ae2400bf8f2510000210
:104874002000b48f1c00b38f1800b28f1400b18fc6
:104884001000b08f0800e0032800bd272400bf8f6c
:1048940025800000251000022000b48f1c00b38f77
:1048a4001800b28f1400b18f1000b08f0800e0031d
:1048b4002800bd27b4ff0010ffff5232010003247b
:1048c400c439627ce8ff00103e0022a6c8ff001035
:0448d4001400258e19
:020000040000fa
:020000041d02db
:1048d800c8ffbd274800828c2000b0af2580a0000b
:1048e8003000b4af2400b1af3400bfaf2c00b3af79
:1048f8002800b2af258880001800a0a71000a0af3c
:104908001400a5272520000209f8400025a0c000b2
:10491800180040041400b2972800228e01001324c6
:104928001000a6272528000009f8400025200002cd
:10493800350053525400228e1e00401202000224f9
:10494800140042163400bf8f1600a6975800228e16
:104958001000a78f1800a6a71b00052409f840001f
:1049680025200002040040043400bf8f01004238b3
:104978000100422c3400bf8f3000b48f2c00b38f5d
:104988002800b28f2400b18f2000b08f0800e00308
:104998003800bd27f7ff02243000b48f2c00b38ff6
:1049a8002800b28f2400b18f2000b08f0800e003e8
:1049b8003800bd275000228e1000a68f1b0005244a
:1049c80009f8400025200002ebff40043400bf8fa7
:1049d80005005310010005244c00228e09f8400000
:1049e800252000023400bf8f010002243000b48f5c
:1049f8002c00b38f2800b28f2400b18f2000b08f15
:104a08000800e0033800bd271800a52709f8400072
:104a180025200002d8ff40043400bf8ff2ff521057
:104a28001800a2970002833205006014100042307b
:104a380000089432130080520080423400a04234af
:104a48001800a2a7020003241600a2a71400a3a717
:104a58004c00228e1400a58f09f840002520000282
:104a68003400bf8f010002243000b48f2c00b38fb4
:104a78002800b28f2400b18f2000b08f0800e00317
:0c4a88003800bd27efff00101800a2a7a7
:020000040000fa
:020000041d02db
:104a9400c0ffbd273c00bfaf3800beaf3400b7af86
:104aa4003000b6af2c00b5af2800b4af2400b3afcc
:104ab4002000b2af1c00b1af1800b0af0000a2904c
:104ac4000800401025b000002518a0000100632450
:104ad40021b0c2020000629040b01600fbff4014f7
:104ae400feffd63200a0173c700af7260200e796b4
:104af4004800e0102590c000258080002588a00093
:104b040025a8000000a01e3c0500001000a0133cd6
:104b14000100b5262a10a7023f004050ffff1524cc
:104b24002338f5000900e22c080003244030150066
:104b34000a3862000700b4320800c624403807006f
:104b4400b027c52706008016252000020400e28e47
:104b54001698400f2130c2002f004050ffff15244b
:104b6400b027c22740a0140021a082020000829630
:104b7400e7ff56140200e796401015002110550077
:104b8400801002000400e7240400e68e2310550080
:104b94002110e200ffff1432401002001600072427
:104ba40021304600252840021698400f2520800217
:104bb400fd12410f25202002251840000000468eda
:104bc4000400e28e25386000101e65262130c200e4
:104bd400252080021698400f1000a3af1000a38f69
:104be40025282002101e64260a004010253060008b
:104bf400ef0a410f00000000080040103c00bf8f86
:104c04000200e7960100b5262a10a702c5ff40540a
:104c14002338f500ffff15243c00bf8f2510a002a8
:104c24003800be8f3400b78f3000b68f2c00b58f9c
:104c34002800b48f2400b38f2000b28f1c00b18fe2
:0c4c44001800b08f0800e0034000bd27fe
:020000040000fa
:020000041d02db
:104c5000d0ffbd272800b5af2400b4af2000b3af0c
:104c60001c00b2af2c00bfaf1800b1af1400b0af42
:104c70002590800025a8a000fd12410f25a0c000ae
:104c8000049d053c050006241874a5242520400237
:104c9000ef0a410fffff5330190040140c8282933a
:104ca0000180103c28d302920900401005005226d2
:104cb00028d31026100011920c00058e25204002ea
:104cc000ef0a410f25302002360040102398710270
:104cd0002c00bf8f06000224048282af2800b58f0b
:104ce000251000002400b48f2000b38f1c00b28f69
:104cf0001800b18f1400b08f0800e0033000bd270a
:104d00001e0040102c00bf8f1082828f2a0080125c
:104d10000000a2ae030066260301c22cedff401086
:104d20002c00bf8f252080020116410f252800008e
:104d30000000a28e3a000424020083261100429053
:104d4000010084a23000422425006016000082a2e7
:104d5000000060a0010002242c00bf8f2800b58f46
:104d60002400b48f2000b38f1c00b28f1800b18fc5
:104d70001400b08f0800e0033000bd270d000324ad
:104d80002800b58f2400b48f2000b38f1c00b28f91
:104d90001800b18f1400b08f048283af0800e003c5
:104da0003000bd27fbff73260000b0ae21905102fa
:104db000d8ff8016ffff73322c00bf8f0100022442
:104dc0002800b58f2400b48f2000b38f1c00b28f51
:104dd0001800b18f1400b08f0800e0033000bd2729
:104de00025206000253060027f14410f25284002f5
:104df0002518400001006226ffff423021186200a2
:0c4e0000000060a0d4ff0010010002249c
:020000040000fa
:020000041d02db
:104e0c000180183c6400c01080d2182763008054c5
:104e1c000800068f0400038f010002246300621453
:104e2c0001000224f0ffbd2700a0053c049d0a3cb4
:104e3c000400b0af0c00b2af0800b1af0c00078f8c
:104e4c0025200000257000009028a92404000d24c2
:104e5c0000a0103c305d4a2510000c240d00001001
:104e6c0001000b2412004b5001008424211024015a
:104e7c00000043902110270101000e24000243a0e2
:104e8c000100e724010084242b1086000c00401044
:104e9c00000000008a11247d13004d500300e22c09
:104eac00f0ff4c1400000000f0ff001001008424ff
:104ebc002b10860025380000f6ff401401000e244c
:104ecc000100c0550c0007af0c00b28f0800b18f69
:104edc000400b08f0800068f1000048f9028a524c2
:104eec003c17410b1000bd27e7ff40540100842400
:104efc0021182701ff016290fe017990fe01ef2439
:104f0c000012020021c82203ffff393321782f0140
:104f1c00902a08262510000000001291028b020036
:104f2c000011020002191200268823024088110089
:104f3c00218851010000239601000825261043000a
:104f4c00ffff4230021b0200261872000f00633074
:104f5c004018030021184301000063940011020063
:104f6c0026104300ecff0f15ffff4230c6ff2257ff
:104f7c00010084240100c0550c0007af010002247d
:104f8c000c00b28f0800b18f0400b08f180002a380
:104f9c000800e0031000bd270800068f1000048fe6
:104fac0000a0053c3c17410b9028a5240800e00309
:044fbc00180002a334
:020000040000fa
:020000041d02db
:104fc00055736167653a206d6163696e666f200d88
:104fd0000a00000045783a206d6163696e666f20b3
:104fe0000d0a0000496e746572666163653a20259a
:104ff00073204472697665722053746174697374a6
:105000006963730d0a0000000d0a2052656365692b
:10501000766520537461746973746963730d0a0053
:1050200009206e52784f6b5061636b6574733a2040
:1050300025640d0a09206e527850656e64427566cb
:10504000666572733a2025640d0a09206e52785302
:1050500063686564427566666572733a2025640dff
:105060000a00000009206e52784572726f7250611a
:10507000636b6574733a2025640d0a09206e5278bb
:10508000467261676d656e744572726f72733a2015
:1050900025640d0a09206e5278427566664e6f745b
:1050a000417661696c61626c653a2025640d0a0085
:1050b0000d0a205472616e736d69742053746174ab
:1050c0006973746963730d0a0000000009206e544f
:1050d000784f6b5061636b6574733a2025640d0ad9
:1050e00009206e547850656e644275666665727309
:1050f0003a2025640d0a09206e54784572726f7249
:105100005061636b6574733a2025640d0a09206e43
:105110005478517565756546756c6c3a2025640d3b
:105120000a0d0a00096e6f7420737570706f7274c7
:1051300065640d0a00000000496e74657266616363
:10514000653a202573204861726477617265205248
:1051500065676973746572205374617475730d0aa1
:1051600000000000092025733a20307825780d0ac8
:04517000000000003b
:020000040000fa
:020000041d02db
:10517400d0fdbd271c02b2af2c02bfaf2802b5afd1
:105184002402b4af2002b3af1802b1af1402b0af1f
:105194005c00a010259080002520a000fd12410f86
:1051a4002588a000570040102580400021102202cd
:1051b400ffff42802f0015244400551001001426df
:1051c4000001822a4b0040101001a3271000b327ce
:1051d40025308002252060007f14410f25282002fd
:1051e4002180700221a07402000115a2251840003c
:1051f400000180a2000107242530600225286000f8
:105204005970400f252040020c00401025804000ba
:10521400500042ae2c02bf8f251000022802b58f29
:105224002402b48f2002b38f1c02b28f1802b18ff4
:105234001402b08f0800e0033002bd27bbad400f5d
:1052440025206002ffff032432004350fbff0224a9
:1052540037d4400f2520400054004596590151266b
:1052640025202002ff0006241f16410f2128650275
:1052740025202002fd12410f580240a2ffff4324c3
:1052840021882302000024822f00032405008310b8
:105294002c02bf8f010023a2020020a2010042249d
:1052a4002c02bf8f560042a62802b58f251000029b
:1052b4002402b48f2002b38f1c02b28f1802b18f64
:1052c4001402b08f0800e0033002bd270001022a57
:1052d400080040101001a3272520600001000626c5
:1052e4007f14410f2528200225184000c1ff00101b
:1052f4001000b327feff0224500042aec5ff001089
:10530400feff1024ffff0224500042aec1ff001034
:10531400ffff1024500042aebeff0010fbff10241c
:020000040000fa
:020000041d02db
:1053240036008010000000003400a01000000000cf
:10533400e0ffbd271800b2af0f00a5242590800020
:105344001400b1af1c00bfaf028905000e1d410f50
:105354001000b0af480043922200601401003126cf
:10536400101d410f252040002400428e0f004050a4
:10537400faff02240400438c2b207100080080549f
:105384000000508c45000010232071002b28710070
:105394001c00a01023207100251000020000508c76
:1053a400faff00560400038efaff02240e1d410f7b
:1053b400380042ae48004392252040000100632497
:1053c400101d410f480043a21c00bf8f2510000090
:1053d4001800b28f1400b18f1000b08f0800e003e2
:1053e4002000bd27ffff6324480043a2101d410f86
:1053f40025204000ddff00102400428e0800e00359
:10540400251000000300852c1d00a0540000048e0c
:105414001a0071102518200200110400040004aec3
:1054240021800202040011ae3000438e3400428e0b
:10543400218823022b10510002004010300051ae8d
:10544400340051ae0e1d410f00000000480043928d
:105454002520400001006324101d410f480043a291
:105464001c00bf8f100002261800b28f1400b18fe9
:105474001000b08f0800e0032000bd270000048e58
:1054840025886000000044ac2800438ee6ff70507d
:10549400280042aee5ff00103000438e0300852c47
:1054a4000700a010000000000000448c258040008c
:1054b40025886000240044aef3ff0010251080000e
:1054c400faff23520000448cd3ff001025804000d3
:020000040000fa
:020000041d02db
:1054d400d8ffbd271800b1af0180113c2000b3af45
:1054e4001c00b2af2400bfaf1400b0af82bf123ca7
:1054f40080cf31260180133c1020428e01004230bf
:10550400330040102400bf8f3020508e2800228e9c
:105514003000238e2c00248e010042242b184300db
:105524000a10030033008210000000002c00238eb8
:10553400f1ff6210000000002800248e0020438e3a
:10554400060006240600633037006610ff000532ab
:10555400f0b5632621208300000085a0280022ae38
:1055640034002292ff004230e3ff401000000000ac
:105574002800238e2c00228e2b20620035008014fc
:1055840000000000231062002000238edaff601068
:10559400000000002400258e3c002392ff006330ad
:1055a4002f006014000000003800238ed2ff431443
:1055b400000000002000228e09f840002520000091
:1055c4001020428e01004230cfff40142400bf8fd0
:1055d40081bf023c0200033c2000b38f1c00b28f49
:1055e4001800b18f1400b08f740043ac0800e003be
:1055f4002800bd272000238eccff6010000000008f
:105604002400258e2000228e09f840000100042485
:105614002800228e3000238e010042242b184300e0
:10562400c2ff00100a1003002800238ef0b566267e
:10563400003a107e401803000100642421208600f3
:1056440021186600000065a0000090a0c3ff0010b0
:10565400000000003000248ecaff001021186400ee
:105664003800238e2b104300a3ff401400000000d9
:08567400d0ff0010000000004f
:020000040000fa
:020000041d02db
:10567c00d0ffbd271400b0af0180103c00d4102621
:10568c000c00028e2400b4af25a0a0002118a200ab
:10569c000100053c0100a5242b1865002c00bfafb0
:1056ac002800b5af2000b3af1c00b2af0b006014e4
:1056bc001800b1af86bf103c00101224002011243a
:1056cc00640004243c0112ae3c0111ae5d09410f93
:1056dc0000000000fbff001064000424ff004230b7
:1056ec000001112423882202ffff3132259880000b
:1056fc00d0e0400f252020023e00401025a840009d
:10570c002b90340225302002252860020a88920250
:10571c00252040007f14410f259020020100112408
:10572c00e914410f0400048efdff5114253840028a
:10573c000c00068e0400048efce2400f2528a0020b
:10574c000c00028e23889202ffff3132211052008e
:10575c002520a00202a21100f4fb400f0c0002aea7
:10576c00ffff82262190720214008012ffff42304c
:10577c0001005324009a13002198530201001524b0
:10578c00e914410f0400048efdff55142528400236
:10579c000c00068e0400048efce0400f0001522623
:1057ac000c00028e00014224f4ff53160c0002aed2
:1057bc0000a2140023883402ffff31320e002012a5
:1057cc002c00bf8f01001324e914410f0400048e38
:1057dc00fdff5314253820020c00068e0400048ea5
:1057ec00fce2400f252840020c00028e218851005b
:1057fc000c0011ae2c00bf8f2800b58f2400b48f85
:10580c002000b38f1c00b28f1800b18f1400b08f22
:08581c000800e0033000bd2785
:020000040000fa
:020000041d02db
:10582400c8ffbd274800828c2000b0af2580a000af
:105834003000b4af2400b1af3400bfaf2c00b3af1d
:105844002800b2af258880001800a0a71000a0afe0
:105854001400a5272520000209f8400025a0c00057
:10586400180040041400b2972800228e010013246b
:105874001000a6272528000009f840002520000272
:10588400350053525400228e1e004012020002249e
:10589400140042163400bf8f1600a6975800228ebb
:1058a4001000a78f1800a6a71200052409f84000cd
:1058b40025200002040040043400bf8f0100423858
:1058c4000100422c3400bf8f3000b48f2c00b38f02
:1058d4002800b28f2400b18f2000b08f0800e003ad
:1058e4003800bd27f7ff02243000b48f2c00b38f9b
:1058f4002800b28f2400b18f2000b08f0800e0038d
:105904003800bd275000228e1000a68f12000524f7
:1059140009f8400025200002ebff40043400bf8f4b
:1059240005005310010005244c00228e09f84000a4
:10593400252000023400bf8f010002243000b48f00
:105944002c00b38f2800b28f2400b18f2000b08fb9
:105954000800e0033800bd271800a52709f8400017
:1059640025200002d8ff40043400bf8ff2ff5210fc
:1059740001009432020080121800a29300404234c5
:10598400020003241600a2a71400a3a71800a2a7cc
:105994001400a58f4c00228e09f840002520000237
:1059a4003400bf8f010002243000b48f2c00b38f69
:1059b4002800b28f2400b18f2000b08f0800e003cc
:0459c4003800bd27c3
:020000040000fa
:020000041d02db
:1059c800c8ffbd271c00b3af5000b38f2000b4af91
:1059d8003400bfaffcff62260200422c3000beaf8d
:1059e8002c00b7af2800b6af2400b5af1800b2af8f
:1059f8001400b1af1000b0af060040144c00b48fd3
:105a08002000a22c450040102000c22c4900401064
:105a1800258000002588a0000100052425a8e000b5
:105a28005af0400f2590c0004600401025b84000ad
:105a38000400568c0200c296020043303a006010ff
:105a4800080042303d00401425800000660d410fdb
:105a58008400c426258040001a00401002001e243d
:105a68000f0043900100022439006214049d043c95
:105a78004800a38fff007332030002240d0003a225
:105a8800010003240c0013a2040011a6060012a6ac
:105a9800080015ae0e0003a204006216100017ae2f
:105aa8000200c296080042340200c2a6252800025d
:105ab800570d410f9000c426020002240f0002a2d5
:105ac80025f000000e1d410f000000000000c392e9
:105ad8002520400001006324101d410f0000c3a2cf
:105ae8000100805600009eae3400bf8f25100002d2
:105af8003000be8f2c00b78f2800b68f2400b58fda
:105b08002000b48f1c00b38f1800b28f1400b18f1f
:105b18001000b08f0800e0033800bd272580000082
:105b2800efff0010fbff1e2425800000e5ff00109a
:105b3800fcff1e24eaff0010faff1e24e1ff0010fc
:105b4800f8ff1e2425800000e5ff0010ffff1e243b
:105b580006010524b610410f28668424c5ff0010ed
:045b68004800a38fbf
:020000040000fa
:020000041d02db
:105b6c002600800400000000c880828fe0ffbd2763
:105b7c001c00bfaf2b1082001800b2af1400b1afe5
:105b8c00170040101000b0afd880908f8020040018
:105b9c000a80047e13000012251000007600039288
:105bac00fdff62240300422c0e004014251000005f
:105bbc00080002240b0062102510000077000292ee
:105bcc00030040102588a000060051142510000089
:105bdc000c00e010010002242b0022122520e00012
:105bec00251000001c00bf8f1800b28f1400b18f5d
:105bfc001000b08f0800e0032000bd270800e00370
:105c0c00251000004800128e3700c0100000000064
:105c1c00620002960f004650ff003132c880858f1b
:105c2c000b00a010d880828f251800000000448c37
:105c3c000100632404008010040042246200849458
:105c4c00e8ff865025100000f9ff65540000448cd5
:105c5c00ff003132770011a20400e010480012aeb0
:105c6c00010002241b002252740002963e00029690
:105c7c00010042300e004010620006a6720006a61b
:105c8c00d8ff001001000224252800002800a6af30
:105c9c003501410f2c00a7af259040002c00a78f99
:105cac00d9ff40142800a68fceff0010251000004d
:105cbc004000039642000596600004960100022401
:105ccc00211865002118640026306600c5ff0010fd
:105cdc00720006a60000e38c0463227e440003ae2f
:105cec00e2ff0010740002a6eaec400f2c00a7aff4
:105cfc0025304000d6ff40142c00a78fb9ff0010b0
:045d0c00251000005e
:020000040000fa
:020000041d02db
:105d10001d0080042540c000c880828f2b108200a7
:105d20001900401080180400d880828f0a18437c24
:105d300015006010000000000c00a22c12004010a2
:105d400080280500029d023c585d42240a28457cbb
:105d50000800a000000000009c5d029dd05d029d37
:105d6000145e029d2c5e029d885d029d885d029df1
:105d70004c5e029d885d029d885e029d645e029d70
:105d80007c5e029d905d029d0800e00325100000ee
:105d9000860066a00800e00301000224faffc0109c
:105da000000000000000c59074006494010002240b
:105db0000100a5388431a47c740064a40100c5905e
:105dc0000100a538c439a47c0800e003740064a471
:105dd000edffc010000000000000c2903e0064947f
:105de0008473447c310040103e0064a4790060a0bc
:105df0000200c494102705240a20a400700064a4a3
:105e00000400c490020005240a20a4000800e00356
:105e1000840064a00100033c2b18c3001f00601421
:105e2000251000000800e003000000000100033c12
:105e30002b18c300fbff601025100000180007247a
:105e4000ffffc6304d3f400b2528000074006494ce
:105e50002b40060001000224c45a047d0800e00320
:105e6000740064a43e0064942b40060001000224e8
:105e7000c47b047d0800e0033e0064a4850066a0a6
:105e80000800e003010002243e00649401000224a3
:105e9000046bc47c0800e0033e0064a424000724d3
:105ea000253000004d3f400bffff05310800e003a7
:045eb00001000224c7
:020000040000fa
:020000041d02db
:105eb400d8ffbd270f000524180004242400bfaf19
:105ec4002000b2af1c00b1afc00d410f1800b0af3d
:105ed40007004014b481838f2400bf8f2000b28f49
:105ee4001c00b18f1800b08f0800e0032800bd2704
:105ef400f9ff6018c081908f049d123c2588000032
:105f0400e42d522646000486ffff02241900825025
:105f1400010031262a05410f000000003400401022
:105f2400000000005c000296400043301a0060103c
:105f3400010003248431027c5c0002a64200029624
:105f44001b004014000000008ede400f4600048653
:105f5400170040148e81829305004014b481838f0e
:105f64008c818297280040545c000296b481838f10
:105f7400010031262a102302e2ff4014600110269a
:105f84002400bf8f2000b28f1c00b18f1800b08f87
:105f94000800e0032800bd270421627c5c0002a6ff
:105fa4000f000224420002a6060002245e0002a2a0
:105fb400d21c410f00000000420003965a0002a6c2
:105fc400801803000a18437e252000021000a0a3b5
:105fd40009f860001000a5271000a493ffff4330c8
:105fe400f7ff8010420003a6e1ff0010b481838f05
:105ff4004005410f46000486cbff40545c000296e6
:10600400cfff00104200029680004230d8ff4010bb
:10601400b481838fd21c410f000000005a00059602
:106024008c818497ffff4330231865002a1864008d
:10603400cfff6054b481838f5a0002a60400022467
:106044005e0002a210000224b481838fc8ff0010f6
:04605400420002a65e
:020000040000fa
:020000041d02db
:10605800d0ffbd27421f0500040002242000b4af72
:106068001c00b3af1400b1af1000b0af2c00bfaf2d
:106078002800b6af2400b5af1800b2af2588a0003d
:1060880025a080002598c000190062142580e00032
:106098000f00b23038004016100002240f00e23022
:1060a800140040102538000225a800020418157ca9
:1060b8004800a0162538a002238015021a000016f1
:1060c8002c00bf8f01001324251060022800b68f12
:1060d8002400b58f2000b48f1c00b38f1800b28f36
:1060e8001400b18f1000b08f0800e0033000bd2706
:1060f800253800022530600225282002252080024c
:106108002c00bf8f2800b68f2400b58f2000b48fd5
:106118001c00b38f1800b28f1400b18f1000b08f1d
:106128002ce7400b3000bd2700a0163c213075023b
:1061380025380002001bc5262ce7400f25208002c9
:106148001d00401425984000259800002c00bf8fa2
:10615800251060022800b68f2400b58f2000b48f68
:106168001c00b38f1800b28f1400b18f1000b08fcd
:106178000800e0033000bd27239052002b1047028f
:106188000a90e20000a0153c253840022ce7400f99
:10619800001ba526edff4050259800002530400241
:1061a800001ba5267f14410f25202002219872028a
:1061b800bdff001023801202212055022530000265
:1061c800001bc5267f14410f21202402beff0010aa
:1061d8002c00bf8f25306002212832022ce7400fa7
:1061e80025208002b5ff401423801502d7ff001038
:0461f80025980000e6
:020000040000fa
:020000041d02db
:1061fc006200a010000000000000a28c5f004010a4
:10620c000000000050008010000000004200839449
:10621c004000633003006014faff02240800e0031e
:10622c0000000000ffffe7240400e22c55004010a2
:10623c00049d033c049d023c403807000873632412
:10624c0010734224c0ffbd272110e2002138e30067
:10625c000180033c3800b7af3400b6af3000b5afa7
:10626c002c00b4af2800b3af2400b2af2000b1af04
:10627c003ccf728c1c00b0af258880002580a0001c
:10628c0025a0c0003c00bfaf00005394a819410fdb
:10629c000000f59400190200231062008010020027
:1062ac00219042020000578e0000168e0000838e53
:1062bc000c00e28e2520e00224b0c302080040143a
:1062cc0025800000220000103c00bf8f0c00e28ee5
:1062dc002b1002021e0040103c00bf8f0000448ea9
:1062ec002515410f252800020000439401001026bb
:1062fc0001006430f5ff801024187300f4ffa356de
:10630c000c00e28e0800438c0000848e241864007c
:10631c00efff76540c00e28e252840002520400229
:10632c003df4400f1000a2af1000a28ffeff072417
:10633c00253000000800452431d7400f25202002cd
:10634c00e3ff00100c00e28e0800e003faff0224c9
:10635c00251000003800b78f3400b68f3000b58f91
:10636c002c00b48f2800b38f2400b28f2000b18f83
:10637c001c00b08f0800e0034000bd270800e003bc
:0c638c00fbff02240800e003f9ff0224dc
:020000040000fa
:020000041d02db
:10639800e0ffbd271400b1af0180113cc8cf312602
:1063a8000400228e1000b0af1c00bfaf1800428c52
:1063b8001800b2af09f840003400308e140022ae45
:1063c8001400248e1000228e2800288e2c00298e7e
:1063d80023208200212888002b30a4002118c9001e
:1063e800280025ae2c0023ae220000120000000079
:1063f80030002292010042248ef6400f300022a283
:106408003400308e0500001201800d3c0c00028e15
:10641800320040100100122401800d3c4ccaad2509
:106428002560a00125580000c0100b0021104b006a
:10643800801002002110a2011900439001006b2571
:10644800ff00633005006010010004240400838d00
:10645800190040a02e0064500800838d0500022416
:10646800f1ff621524008c2530002292ffff4224a0
:10647800300022a20e1d410f000000003fb2400f65
:1064880025804000252000021c00bf8f1800b28f15
:106498001400b18f1000b08f101d410b2000bd27d4
:1064a800140040100000000091c3400f2000048e2b
:1064b8001000028e040040503400308e09f840006d
:1064c8001400048e3400308ed4ff001201800d3c7d
:1064d8000c00028ed2ff40144ccaad250400028e77
:1064e800180012a225200002190012a2ecff405049
:1064f8001000028e0bea400f000000000400028e1c
:10650800ebff4050010000a2eaff00101000028ecd
:10651800252080010c0043acffc0400f00000000a4
:08652800cfff00100500022462
:020000040000fa
:020000041d02db
:10653000c8ffbd273400bfaf3000b1af2c00b0aff3
:1065400000606241c000000056f8400f00000000eb
:106550008ebf023c0000458c0300032480bf043c36
:106560000429657c000045ac0000458c0180113c8d
:1065700024d230260410657c000045ac0000828cdb
:106580000429627c000082ac50f6400f000000003d
:1065900074f8400f00000000da13410f0000000003
:1065a00038cf400f00000000f6fd400f0000000053
:1065b000bfe5400f00000000049d053c6457a52482
:1065c000c8b9400f25200000049d033c8427638c3c
:1065d000049d053c7874a524040002ae09f860000f
:1065e00025200000049d053c7074a5242520000092
:1065f00031ea400f100002ae049d053c4874a5240a
:1066000025200000a8a2400f140002ae049d053c06
:106610007471a524252000007aed400f24d222ae0b
:106620000180043cc4cf8424800f410f080002aed7
:10663000049d053c6871a524f516410f2520000036
:10664000049d053c5874a524252000005647400fa2
:10665000180002ae1c0002ae049d023ce03e422443
:106660001400a2af010002241800a2af049d023c56
:10667000681742241000a5271c00a2af25200000a7
:106680000b0002242000a2af6bd5400f2400a0af66
:10669000049d043c507484247edd400f0c0002ae47
:1066a000470e410f00000000de03410f0000000014
:1066b000206062413400bf8f3000b18f2c00b08f5a
:0866c0000800e0033800bd27cb
:020000040000fa
:020000041d02db
:1066c800d0ffbd27040002242000b1af1c00b0afea
:1066d8002c00bfaf2800b3af2400b2af25808000e4
:1066e8001400a2100400918c0000828c049d053ccb
:1066f80008bca5240000428c09f84000252020028f
:106708000000028e049d053c34bca5240000428c88
:1067180009f84000252020022c00bf8f2800b38fe5
:106728002400b28f2000b18f1c00b08f0800e00356
:106738003000bd270400c48c0af7400f3800a6af0c
:1067480025904000ffff42240200422c0e00401416
:106758003800a68f0000028e049d053c25202002eb
:106768000000428c09f8400058bca5242c00bf8fbb
:106778002800b38f2400b28f2000b18f1c00b08f87
:106788000800e0033000bd270800c48c4bc2400f4e
:106798003800a6af259840001b0040103800a68f8f
:1067a8000c00c48c09a9400f1000a5271e0040103a
:1067b800010002241000a5270f00421225206002c4
:1067c8001e0f410f000000000000038e1e00401441
:1067d8000400638c049d073c00bce724049d053c31
:1067e800253040026cbca52409f860002520200251
:1067f800caff00102c00bf8f100f410f00000000cf
:10680800f2ff00100000038e0000028e039d053c7d
:10681800ecfea5240000428c09f840002520200247
:10682800beff00102c00bf8f0000028e039d053ca8
:10683800dc6da5240000428c09f8400025202002c8
:10684800b6ff00102c00bf8f049d073ce3ff00102b
:04685800f8bbe7247e
:020000040000fa
:020000041d02db
:10685c001800838c030002244e006210000000001c
:10686c00a880828fe0ffbd271c00bfaf1800b1af1e
:10687c00300040141400b0af0800828c2588a000b2
:10688c0034004010258080003d00a0101c00bf8ffc
:10689c000e1d410f000000002520400001000224c5
:1068ac00101d410f9c8082a3029d053c25300000e9
:1068bc008895a524c9fe400f090004242f00401020
:1068cc00a08082af0800048e000025960800828c00
:1068dc0009f840000400062430004010a880838f83
:1068ec000800068e00002596020024960100632401
:1068fc00ac8086afb08085afa48084a7a88083af1e
:10690c000e1d410fb48082af9c80839325204000e4
:10691c0001006324101d410f9c8083a301000224fd
:10692c001c00bf8f1800b18f1400b08f0800e0035b
:10693c002000bd271c00bf8f01004224a88082af1d
:10694c001800b18f010002241400b08f0800e0037e
:10695c002000bd27001d410f000000000800401062
:10696c001c00bf8ffe1c410f00000000049d053c65
:10697c00182da524bbde400f252040001c00bf8f26
:10698c00251000001800b18f1400b08f0800e00330
:10699c002000bd270800e00301000224001d410f68
:1069ac00000000000500401400000000b318410f67
:1069bc00a080848fdaff001025100000fe1c410f10
:1069cc0000000000049d053c3c2da524bbde400fbf
:0c69dc0025204000f5ff00100000000026
:020000040000fa
:020000041d02db
:1069e800d0ffbd272400b2af259080003400842456
:1069f8002000b1af1c00b0af2c00bfaf2800b3af70
:106a0800840d410f2588a00025804000080042948d
:106a18000800433021006010180042300c00058e39
:106a2800ffff02240f00a2501c00058e7481848f82
:106a38001400828c09f84000000000008081878fd4
:106a48000800e0501c00058e1800e28c040040107d
:106a5800340006260800052409f8400025204002d5
:106a68001c00058e0300a0100180043c750d410f29
:106a780028d48424252800022c00bf8f2800b38f37
:106a88002400b28f2000b18f1c00b08f0180043c1d
:106a980034d48424750d410b3000bd2728004014e0
:106aa800100003240c00048e030080107881828f6c
:106ab80009f8400000000000140031261200001000
:106ac8000180133c010063300d0060102528400050
:106ad8008081838f252040020900601025306000e6
:106ae8001400638c06006010000000000400458c50
:106af80009f860001000a2af1000a28f25284000fe
:106b0800750d410f1cd46426840d410f25202002e9
:106b1800ecff40540c004394252800022c00bf8f42
:106b28002800b38f2400b28f2000b18f1c00b08fd3
:106b38000180043c34d48424750d410b3000bd27fa
:106b4800cdff4314252800022c00048ecbff8010b3
:106b58002c00bf8f7881828f09f840000000000068
:086b6800c5ff00102528000202
:020000040000fa
:020000041d02db
:106b700053008010251000005100a01000000000fc
:106b8000000082904e004010f505033c10008890f4
:106b900004008a8c010006250230ca7000e16334cb
:106ba000403006001b006600f401c000121800000f
:106bb000f8ff66241200c62c4300c0500000a0a0bd
:106bc000049d063c080082c4486ac0c43c100046cc
:106bd000040002450000834486000046080080e46b
:106be00000008344049d063c20008046820002464b
:106bf0004c6ac3c4049d0c3c506a81c58310034693
:106c00003e09024632000745411001464d1000463c
:106c10000008094400088a4425380000049d063c09
:106c20000008e744546ac2c46008a046ffff63241a
:106c300043080246ff00293123386900ff00e7308e
:106c40000100a7a00c008a8c25580000049d033c7d
:106c500000108a44506a83c50010eb44a010a0467f
:106c600002080046586a61c4020002460300014659
:106c70003e1a00461b000b45010003460d0000466e
:106c800000000344ffff6324ff0063300100e4249d
:106c9000234823010500842c03000624fdff292539
:106ca0000a38c4000300a3a0010003240200a9a025
:106cb0000500a7a00400a8a00800e0030000a3a00e
:106cc0000800e003000000000800e00325100000b9
:106cd0000080063c4d08004600080944cdff001026
:106ce000254826010080043c0d00004600000344b6
:086cf000e4ff00102518640008
:020000040000fa
:020000041d02db
:106cf80053008010251000005100a0100000000073
:106d0800000082904e004010f505033c100088906a
:106d180004008a8c010006250230ca7000e1633441
:106d2800403006001b006600f401c0001218000085
:106d3800f8ff66241200c62c4300c0500000a0a033
:106d4800049d063c080082c4706ac0c43c1000461a
:106d5800040002450000834486000046080080e4e1
:106d680000008344049d063c2000804682000246c1
:106d7800746ac3c4049d0c3c786a81c583100346b9
:106d88003e09024632000745411001464d100046b3
:106d98000008094400088a4425380000049d063c80
:106da8000008e7447c6ac2c46008a046ffff632469
:106db80043080246ff00293123386900ff00e73005
:106dc8000100a7a00c008a8c25580000049d033cf4
:106dd80000108a44786a83c50010eb44a010a046ce
:106de80002080046806a61c40200024603000146a8
:106df8003e1a00461b000b45010003460d000046e5
:106e080000000344ffff6324ff0063300100e42413
:106e1800234823010500842c03000624fdff2925af
:106e28000a38c4000300a3a0010003240200a9a09b
:106e38000500a7a00400a8a00800e0030000a3a084
:106e48000800e003000000000800e003251000002f
:106e58000080063c4d08004600080944cdff00109c
:106e6800254826010080043c0d000046000003442c
:086e7800e4ff0010251864007e
:020000040000fa
:020000041d02db
:106e800010ffbd27e800b3afec00bfafe400b2af26
:106e9000e000b1afdc00b0afa3fa400f2598a0002e
:106ea00051004010258040001000a427c80006248f
:106eb0000116410f25280000020006960400102646
:106ec000252800000116410f25200002fd12410f68
:106ed00025200002049d033cdc57648cdc576324ae
:106ee000211002020400658c030044a8000044b88d
:106ef0000800648c070045a80c0066900d006390a4
:106f0000040045b80b0044a80180123c080044b8b6
:106f10008cc952260d0043a00c0046a0600042928e
:106f20005f004692049d053c001202002530460099
:106f30001000a4273d16410fec57a5241000a527eb
:106f400025200002fe0f410f258840001000a427d5
:106f5000c80006240116410f252800006100469252
:106f6000049d053c1000a4273d16410ff857a524a9
:106f70001000a52725200002fe0f410f259040009c
:106f8000c8000624252800000116410f1000a42780
:106f9000fd12410f25200002213032022110020291
:106fa0007d0003240f00c62425280002252060024e
:106fb000000043a0010043a0020040a001000724fc
:106fc00032b9400fffffc630ec00bf8f2510000024
:106fd000e800b38fe400b28fe000b18fdc00b08f27
:106fe0000800e003f000bd27ec00bf8f030002247f
:106ff000e800b38fe400b28fe000b18fdc00b08f07
:087000000800e003f000bd27c9
:020000040000fa
:020000041d02db
:10700800880002243f00a2108900a2281a0040101c
:10701800810002245400a2108200a228050040101a
:10702800800002245100a2500000e28c0800e00316
:1070380025100000820002243b00a2500000e28cd0
:1070480084000224f9ffa214000000000000e28c72
:10705800040043240000428c2700c0100000e3ac69
:107068002016027c000082acc3170200040082ac28
:107078000800e00301000224a00002243600a25008
:107088000000e28ca100a228100040109000022409
:10709800e6ffa214000000000000e28c0700422472
:1070a8000410027c0000488c0400498c080042242b
:1070b8000000e2ac000088ac040089ac0100c010fc
:1070c800010002240800e00300000000c0000224c0
:1070d8000500a2500000e28cf0000224d3ffa214a5
:1070e800000000000000e28c040043240000e3ac30
:1070f800020000100000428cffff42302000001008
:10710800000082ac0000e28c040043240000428ca2
:107118000300c0100000e3acd2ff00102014027c72
:10712800f6ff0010ff004230070042240410027ce2
:107138000000488c0400498c080042240000e2ac9e
:10714800000088ac040089acdeffc01001000224f6
:107158000800e00300000000040043240000e3ac42
:10716800c0ff00100000428c0000e28c04004324a1
:107178000000e3ac0000428cbbffc014000082acee
:08718800bbff0010040080ac05
:020000040000fa
:020000041d02db
:10719000e0ffbd271c00bfaf1800b1af0800801092
:1071a0001400b0af1c00bf8fffff10242510000299
:1071b0001800b18f1400b08f0800e0032000bd2735
:1071c0000180043caccb84242cee400f2580a00031
:1071d000f4ff401025884000080005321500a05437
:1071e000040042941400429428004010010002243c
:1071f00024002296320040100100023cffff1024c0
:107200000e1d410f000000000000239225204000c9
:1072100001006324101d410f000023a21c00bf8f3a
:10722000251000021800b18f1400b08f0800e00391
:107230002000bd27f2ff4014ffff10241400229607
:107240002a0040100100022424002296ecff401482
:107250000100023c01004224240022ae020002246c
:107260002c0020a2240030262d0020a22e0020a2d7
:107270002f0020a2280031ae300022ae020022965c
:10728000040042340a000010020022a6140022aebc
:10729000020002241c0020a2140030261d0020a29f
:1072a0001e0020a21f0020a2180031ae200022ae36
:1072b0000400229601004224d1ff0010040022a6ff
:1072c00001004224240022ae020002242c0020a24d
:1072d000240030262d0020a22e0020a22f0020a264
:1072e000280031aef2ff0010300022ae140022aeb2
:1072f000020002241c0020a2140030261d0020a23f
:107300001e0020a21f0020a2180031aedbff0010db
:04731000200022ae89
:020000040000fa
:020000041d02db
:10731400e8ffbd271000b0af1400bfaf5d00410f00
:10732400258080002c0040101400bf8f0800068eba
:107334003a000396340004961000c28c2520830082
:1073440006004530040043340a1065003800453017
:10735400200043340a10650001004330210060100e
:10736400100045300700a010080003240200473035
:10737400084005240b18a70000206734040045309a
:107384000b18e500200045302b00a0140200473004
:1073940001016334201e037c24186400000185303d
:1073a400252865001b00a05002000224010184303e
:1073b400010105241000c2ac200003a62a00851098
:1073c4003c0000ae040002241a0002a603000224ba
:1073d4001c0002a61400bf8f1000b08f0800e00349
:1073e4001800bd271b00a0100200433001410724f0
:1073f400012105240b28e3002518a00024186400ab
:107404000001853025286500e9ffa01401018430be
:1074140002000224020002a6fdff023c1c0002ae90
:10742400180000ae1400bf8f1000b08ffdff0424bd
:10743400331a410b1800bd2700106834040045308e
:10744400d3ffa0100b18070101096334d2ff001009
:10745400201e037c01110724010905240b28e300e5
:10746400cdff00102518a0000f00052484f7400f5d
:1074740025200002d8ff40101400bf8f040002240e
:107484001a0002a602000224d2ff00101c0002a669
:020000040000fa
:020000041d02db
:10749400d0ffbd272000b1af2588800010818487ec
:1074a4002400b2af2c00bfaf2800b3af1c00b0afb4
:1074b400c6ec400f2590a000340040102c00bf8f74
:1074c400a164400f252020022580400005000224ed
:1074d4002100021206000224180002162c00bf8f9d
:1074e40006001324500023920200023c01004224af
:1074f40020006430090080104c0022ae2000228e4f
:10750400010004244429837c04004014500023a275
:10751400d21c410f00000000200022ae5000229235
:1075240001000324c439627c500022a22528600291
:107534003fe8400f252040022c00bf8f2510000299
:107544002800b38f2400b28f2000b18f1c00b08fad
:107554000800e0033000bd274e00229613005010af
:10756400f5ff4224fdff4230f4ff40142c00bf8f8e
:107574000c00228e2520200208001324ed00410f68
:10758400080022aeeaff0010252860020a00102439
:10759400251000022800b38f2400b28f2000b18f81
:1075a4001c00b08f0800e0033000bd275000228e7d
:1075b4000005032400054230caff431404001324c9
:1075c4004a00239604006014080002244e0022a6f8
:1075d400d6ff0010030013242c00228e0130072450
:1075e4001000a6271400a527252040021000a0aff4
:1075f4004de9400f1400a2afd41c410f0300132423
:10760400040022ae06000224c8ff00104e0022a689
:020000040000fa
:020000041d02db
:107614003800a01025108000b480838fd8ffbd27c8
:107624002400bfaf2000b3af1c00b2af1800b1af4d
:10763400070060101400b0af1200b084040000060c
:10764400b080848f2a200402090080148020100056
:107654002400bf8f2000b38f1c00b28f1800b18f9d
:107664001400b08f2520400004f1400b2800bd27f2
:107674000a18647cf7ff65142400bf8f3400439418
:107684001e0060542000438c6000a394010063300a
:1076940027006010259800005800b18c5c00b38c62
:1076a4002800528c0c00a38c24006210252040007a
:1076b4003e00a390ffff632404f1400f3e00a3a00b
:1076c4002b002012253860022528400225200002c4
:1076d40025c820022400bf8f2000b38f1c00b28f66
:1076e4001800b18f1400b08f010006240800200395
:1076f4002800bd2704f1400b000000002400bf8fc8
:107704002000b38f1c00b28f1800b18f1400b08f0b
:107714002800448c40006334340040a4200043ac6f
:10772400010006242528400038f8400b2800bd2716
:1077340025880000dbff0010259000004000a38c8a
:107744001000448c00026330060060100c0080a41a
:10775400540040a42000438cc418037cd8ff0010bc
:10776400200043ac0000a38cfaff00100800a3ac77
:107774002400bf8f2000b38f1c00b28f1800b18f7c
:0c7784001400b08f0800e0032800bd27af
:020000040000fa
:020000041d02db
:10779000b8ffbd272c00b2af1000a4270180123c17
:1077a0004400bfaf3c00b6af3800b5af3400b4af53
:1077b00025a8e0003000b3af2800b1af2598a000a5
:1077c0002588c0004000b7af741b410f2400b0af44
:1077d00039f5400f70d344260000b42afbff032480
:1077e000fcff02240a10740025a040000180163c12
:1077f000840d410f70d3442627004010258040009f
:107800000400029201000324030043100200032439
:107810002b0043144400bf8f05000492f40e410f67
:107820000800178e0c00058e0000638e2e00a31436
:10783000252800023000a006030006240300258a44
:107840001400e38e0000259a030065a8000065b8c7
:1078500004002492040064a005002492050064a0a2
:10786000250040100000e0ae2528e0024d01410f48
:1078700025204000200040040300062425280002a3
:10788000750d410f10d4c426840d410f70d34426ca
:10789000dbff4014258040001000a38f70d34226e8
:1078a0002520400070d343ae1400a38f040043ace6
:1078b0001800a38fe0ff400f080043ac4400bf8fc7
:1078c0004000b78f3c00b68f3800b58f3400b48fbe
:1078d0003000b38f2c00b28f2800b18f2400b08ffe
:1078e0000800e0034800bd27750d410f1000a427d4
:1078f000bfff001000000000252880027d01410f1d
:0c7900002520e002deff00102528000218
:020000040000fa
:020000041d02db
:10790c00e0ffbd271000b0af1800908c049d053c23
:10791c001400b1af01001026258880000b0006244e
:10792c000871a524252000021c00bfaff00f410fe9
:10793c001800b2af08004010030003241c00bf8fd6
:10794c00251060001800b28f1400b18f1000b08f9a
:10795c000800e0032000bd27fd12410f2520000286
:10796c000101422c0d0040148081928f270040129f
:10797c00ff0006241800428e3800401025384002c3
:10798c0025300002fdff052409f8400025202002c7
:10799c001800308e8081928f010010265f00232604
:1079ac0025206000ff0006241f16410f2528000229
:1079bc0025184000190040125e0120a20800428eda
:1079cc0016004010253040022528600009f84000c0
:1079dc0025202002510022a2400022961300405480
:1079ec005c0022961c00bf8f0a00022405000324b1
:1079fc00400022a61800b28f251060001400b18f31
:107a0c001000b08f0800e0032000bd2725280002dd
:107a1c001f16410f5f0024265e0120a24000229613
:107a2c00f0ff4010510020a25c0022960b000324b2
:107a3c00400023a60442027c5c0022a61c00bf8fdf
:107a4c0005000324251060001800b28f1400b18fbc
:107a5c001000b08f0800e0032000bd275f00232634
:107a6c0025206000ff0006241f16410f2528000268
:0c7a7c0025184000d1ff00105e0120a280
:020000040000fa
:020000041d02db
:107a8800d8ffbd272400bfaf2000b4af1c00b3afa0
:107a98001800b2af1400b1af1000b0af0000829070
:107aa800f8818327d0ff4224ff00423040100200b3
:107ab8008a11627c0200432c4000601000a0033c45
:107ac800700a67900a00e210130003242400bf8f95
:107ad800251060002000b48f1c00b38f1800b28fef
:107ae8001400b18f1000b08f0800e0032800bd27f4
:107af8000300912400a0133c2580a00010286626ce
:107b080025282002a592400f2520e000efff400421
:107b180004000324fd12410f252020021800048ec2
:107b280009008010ffff52301c00038e07006050d0
:107b38000d00422effff54302b18740029006010ee
:107b480025308002000080a00d00422e0100405028
:107b58000c001224ffff52322528200209000426b7
:107b6800253040027f14410f21901202090040a2e3
:107b7800102862261400449425180000080004a266
:107b88000c00448c2400bf8f0800428c022c040097
:107b9800040005a6000002ae060004a62510600039
:107ba8002000b48f1c00b38f1800b28f1400b18f5f
:107bb8001000b08f0800e0032800bd272400bf8f05
:107bc80013000324251060002000b48f1c00b38f1d
:107bd8001800b28f1400b18f1000b08f0800e003b6
:107be8002800bd277f14410f252820021800028e87
:0c7bf80021105400d4ff0010000040a039
:020000040000fa
:020000041d02db
:107c0400c8ffbd273000b7af3400bfaf2c00b6affc
:107c14002800b5af2400b4af2000b3af1c00b2af4e
:107c24001800b1af1400b0af5100a0184000d77cc9
:107c34000100d3300400d4302588800025a8a0009a
:107c44002590000017000010039d163c7400228e3e
:107c5400030040100500052409f840001001242603
:107c64001000058e25386002010006240800a524b2
:107c7400c27b400f2520200225b840007400228ecc
:107c8400030040100600052409f8400010012426d2
:107c94002200e0566c00228e010052262100b2120e
:107ca40025b800002e0025966800228e253000009d
:107cb400f2ffa524ffffa53009f840003800042492
:107cc4001800401025804000040060121000428c0f
:107cd4001000439404006334100043a4703fc3268f
:107ce400080003ae1b00e0160c0011aed7ff80168f
:107cf400000000ae1000058e253860020100062445
:107d04000800a524c27b400f2520200225b840008e
:107d1400e2ffe052010052266c00228e09f8400076
:107d2400252000023400bf8f251040023000b78f99
:107d34002c00b68f2800b58f2400b48f2000b38f99
:107d44001c00b28f1800b18f1400b08f0800e0033c
:107d54003800bd270e0045944c00248ef0ffa5305a
:107d64001a10410f2e0025a6e0ff001000000000ad
:087d7400ecff00102590000057
:020000040000fa
:020000041d02db
:107d7c00e8ffbd271000b0af1400bfaf5d00410f8e
:107d8c0025808000370040101400bf8f2000029621
:107d9c000800068e34000596010044302200079638
:107dac002400089626000396310080140100c6902a
:107dbc001000423003000a240b0004240a20420164
:107dcc0025108000254800002520000000086a309e
:107ddc00050040510004633000020a310e0040558a
:107dec000a00052400046330070060502418a70023
:107dfc0000010831040000512418a7000c000524d0
:107e0c000d00001025180000000165302700a0109f
:107e1c0080006530120005240100c6302518c90009
:107e2c002418640080180300252089002420860073
:107e3c00080066340b18c4002800048e050080501e
:107e4c0002000224000082ac040085ac080083ac64
:107e5c0002000224020002a6180000ae1c0000aeb4
:107e6c001400bf8f1000b08f0800e0031800bd276e
:107e7c00050004240020ea30010002240004e9304b
:107e8c000b108a0003002011252000001000423442
:107e9c00010004240008ea30ccff40112548000002
:107eac0020004234c9ff00104000c97c0a00a01415
:107ebc001400052440006530d7ffa054220005248f
:107ecc002000633006006054240005240400027c6a
:107edc00d9ff001000204234d7ff001025180000f5
:087eec00d5ff0010251800006d
:020000040000fa
:020000041d02db
:107ef400d8ffbd272400bfaf2000b3af1c00b2af32
:107f04001800b1af4f0080141400b0af0180133ccf
:107f1400accb70260800038e020002240d0062140c
:107f24002590000202000296010042300a0040102f
:107f34002588a0002400bf8f251040022000b38fa5
:107f44001c00b28f1800b18f1400b08f0800e0033a
:107f54002800bd272588a000a800062425280000a5
:107f64000116410f25200002370020122400bf8f84
:107f74000e1d410f000000002520400001000224d6
:107f8400101d410faccb62a20400228e0100032419
:107f9400020003a602000324080003ae8800038e37
:107fa400100002ae0180023ce0cb42240180053c7b
:107fb400010006240c0000a68400098e8c00078ea4
:107fc4002540000030cca5240f0046a00900601015
:107fd400000040ac14004424000062ac0a00851088
:107fe40025184000251080000f0046a0f9ff6014fa
:107ff400000040ac1400442425484000010008243b
:10800400f8ff8514251840000180023c0400e72491
:108014001ccc42248c0007aec6ff0011880002aebf
:108024002400bf8f25104002840009ae2000b38fc6
:108034001c00b28f1800b18f1400b08f0800e00349
:108044002800bd272400bf8fffff12242510400203
:108054002000b38f1c00b28f1800b18f1400b08fb2
:088064000800e0032800bd271d
:020000040000fa
:020000041d02db
:10806c00c0ffbd270200a2282c00b1af2800b0af82
:10807c003c00bfaf3800b4af3400b3af3000b2af88
:10808c00258080000d0040140400918c0400d48cd9
:10809c002590a000049d053c4cb4a524252080020d
:1080ac008a14410f2598c00018004014049d053c0b
:1080bc00020002242a004216000000000000028e7a
:1080cc00049d053c8cb4a5240000428c09f84000aa
:1080dc00252020020000028e049d053cb0b4a5248e
:1080ec000000428c09f84000252020023c00bf8f84
:1080fc003800b48f3400b38f3000b28f2c00b18fa6
:10810c002800b08f0800e0034000bd2750b4a52420
:10811c008a14410f25208002e9ff40540000028e92
:10812c00ce1c410f00000000252040001400062446
:10813c00f6d1400f1000a5270000038e1000a627d3
:10814c00180040100400638c049d053c70b4a524f9
:10815c0009f8600025202002e5ff00103c00bf8fcd
:10816c004bc2400f0800648e140040500000028e79
:10817c00d010410f252040000000038e0c0040144d
:10818c000400638c049d063c44b4c624049d053c49
:10819c0054b4a52409f8600025202002d4ff001057
:1081ac003c00bf8f029d063ce7ff0010e420c62474
:1081bc00049d063cf5ff001038b4c624039d053c15
:1081cc00ecfea5240000428c09f84000252020027a
:0881dc00c7ff00103c00bf8f3b
:020000040000fa
:020000041d02db
:1081e400e8ffbd271400bfaf4c99400f25200000c5
:1081f400df5e400f000000008c48400f00000000cc
:10820400fdff4010000000000e19410f00000000a7
:10821400b6cb400f00000000920e410f000000009a
:10822400ea08410f00000000c41b410f00000000d9
:1082340080bf023c0006428c800042302b00401478
:10824400049d023c049d053c8caea52448f1400fde
:1082540025200000049d023c0180043cb4ae42246d
:10826400a4d08324200045240000498c0400488cb9
:108274000800478c0c00468c10004224000069acb6
:10828400040068ac080067ac0c0066acf6ff45144b
:1082940010006324000042942530000021000524ce
:1082a400a4d08424b1a8400f000062a4f218410fa6
:1082b40000000000d219410f000000003d02410ff0
:1082c40000000000292f400f00000000b117400fec
:1082d40000000000b949400f000000005e1f400f7d
:1082e40000000000f3ff0010000000000180043cc7
:1082f400d8ae4224a4d08324200045240000498c15
:108304000400488c0800478c0c00468c1000422462
:10831400000069ac040068ac080067ac0c0066acf3
:10832400f6ff451410006324000042942100052444
:10833400a4d0842425300000b1a8400f000062a41a
:10834400049d053cfcaea52448f1400f2520000007
:08835400d6ff0010000000003c
:020000040000fa
:020000041d02db
:10835c000600a0500c01828c0b00a0a80800a0b84d
:10836c000c00a0a00d00a0a00c01828c0800438c76
:10837c000d006014010002245000001000000000e9
:10838c000400628c060043040000638c0400628cc1
:10839c00c002427c0c004010000000000000638c06
:1083ac0007006010000000000400628cc001427cd9
:1083bc00f3ff4010020002240800e003000000005c
:1083cc000800e003010002240200e0100c0062240b
:1083dc000000e2ac2538a0002520600025600000dc
:1083ec002558000000a00e3c1d00e01000800d3c44
:1083fc000800898c04008a8c0400888c25102e01be
:10840c0080024a7d25482d010b102a010054087d5d
:10841c000b00e2a8024a08000800e2b80c00e8a031
:10842c000d00e9a00300e28801008c250000e29811
:10843c002538400001006b250400828cc001427c71
:10844c00fdff4014000000000400828c8007427c79
:10845c000700401400000000e5ffe0140000848ccd
:10846c00f5ffc01401006b250800e0032510000087
:10847c000100c0540000cbac0500e010000000006f
:10848c000b00e0a80800e0b80c00e0a00d00e0a094
:10849c00f5ffa01000000000c7ff8b55fcff022465
:1084ac000400648c0100052425100000c45aa47c2f
:1084bc00040064ac0800e003000000000800e003c6
:0484cc0000000000ac
:020000040000fa
:020000041d02db
:1084d000e0ffbd271400b1af0800918c1800b2afc7
:1084e0000180023c1c00929484ce42242610220279
:1084f000010003241000b0af1c00bfaf2580800036
:108500002d0043120b8802001d00401202000224bd
:108510000c00421200000000020082a4ffff023c97
:10852000180080ac1c0082ac1c00bf8f1800b28ffa
:108530001400b18f1000b08fffff0424331a410bd9
:108540002000bd275d00410f000000000700401023
:108550001c00bf8f340002862f0040040400022458
:108560001a0002a61c0000a61c00bf8f1800b28fc4
:108570001400b18f1000b08f0800e0032000bd2769
:1085800000800634bdf4400f25280000f7ff40109e
:108590001c00bf8f030002241a0002a6010002245f
:1085a0001c0002a61800b28f1400b18f1000b08f0b
:1085b0000800e0032000bd2784f7400f25280000b5
:1085c000eaff40101c00bf8fe3fe400f00000000d8
:1085d000259040002000228e2502410f0000518c82
:1085e00003000324021022726210113cd34d312685
:1085f0001a0003a6020003241c0003a6e70342247a
:1086000019005100101000008211020021105200c8
:10861000d5ff00102c0002aee3fe400f000000006a
:108620002c00038e2b104300daff40141c00bf8f78
:10863000ffff023c020012a6180000aebaff0010b5
:048640001c0002ae6a
:020000040000fa
:020000041d02db
:10864400d8ffbd271800b2af2400bfaf2000b4afdd
:108654001c00b3af1400b1af1000b0af4f008010d6
:108664002590a0000c00828c48004050ffff02249b
:108674001000838c45006050ffff02241400908c8e
:10868400410000122588800009f8400025200002de
:1086940045004010259840000f0044240418047c31
:1086a40023288200232805020418057cb0ffa22495
:1086b4000004432c37006054fcff02246501410f81
:1086c40002a1020025804000049d023c685b422414
:1086d4005000092625180002200048240000478c79
:1086e4000400468c0800458c0c00448c1000422485
:1086f400000067ac040066ac080065ac0c0064ac18
:10870400f6ff4814100063240400248e0000458cf6
:108714001000228e000065ac240009ae280009aeca
:108724003c0004ae540014ae500000ae2c0014ae55
:10873400300000ae340000ae380000ae400013ae8e
:108744000e1d410f440002ae010003242520400009
:10875400101d410f480003a22510000001004056df
:10876400000042ae2400bf8f251000022000b48f09
:108774001c00b38f1800b28f1400b18f1000b08f9b
:108784000800e0032800bd27ffff0224f3ff0010c8
:1087940025800000f1ff00102580000025800000e6
:1087a400eeff0010ffff022425800000ebff001005
:0487b400feff02249e
:020000040000fa
:020000041d02db
:1087b800d8ffbd272400bfaf2000b3af1c00b2af65
:1087c8001800b1af220080101400b0af4000828cb6
:1087d8004040033c241043002d0040142400bf8f68
:1087e8001b00a0100180133c58008294e4d173262a
:1087f8002590a0002580800025288000140062ae06
:10880800010006240300022425204002100070ae57
:108818007479400f180062ae25004010258840008a
:108828001df4400f2000448e251840002588400084
:108838004408037c010002240e0062102530000069
:10884800001d410f000000002d0040140000000032
:10885800258800002400bf8f251020022000b38f38
:108868001c00b28f1800b18f1400b08f0800e0030d
:108878002800bd2725280000252060028657400fc4
:108888001c0071ae17004010258840002400bf8fdf
:1088980001001124251020022000b38f1c00b28f84
:1088a8001800b18f1400b08f0800e0032800bd271e
:1088b800001d410f00000000e6ff40502588000021
:1088c800fe1c410f0000000058000696049d053c60
:1088d800b03ca524bbde400f25204000deff001081
:1088e8002400bf8f03000724040006242528000263
:1088f8002bd2400f25206002d7ff00102400bf8f25
:10890800fe1c410f00000000029d053c253020029e
:10891800d8e9a524bbde400f25204000cdff00107c
:04892800258800009e
:020000040000fa
:020000041d02db
:10892c00d0ffbd271400b1af2588a000049d053ce5
:10893c00e470a5242400b5af1c00b3af1800b2af8f
:10894c002c00bfaf2800b6af2000b4af1000b0af02
:10895c0025a88000d0f1400f2590c0003e004010ab
:10896c00259840000500a21205007626ffff4380e3
:10897c000a0002243800625425980000049d053c2e
:10898c00ec70a524d0f1400f2520c002310040101e
:10899c0025a040000200428020000324050043145f
:1089ac00020090260100102600000282feff4350b8
:1089bc00010010263e000324260043140a0005245f
:1089cc009311410f2520a0022e0040102b1862029b
:1089dc00040060102518c0022b1050001e004054db
:1089ec00259800000b00d012252000000100632404
:1089fc00ffff6280220042380100422cfbff701402
:108a0c002120820003008010010084301200805469
:108a1c0025980000010010260f004016000030ae13
:108a2c00000080a22c00bf8f2598c0022510600288
:108a3c002800b68f2400b58f2000b48f1c00b38f94
:108a4c001800b28f1400b18f1000b08f0800e00333
:108a5c003000bd27259800002c00bf8f2510600228
:108a6c002800b68f2400b58f2000b48f1c00b38f64
:108a7c001800b28f1400b18f1000b08f0800e00303
:108a8c003000bd27e3ffd01225200000d7ff0010d7
:048a9c002518c002d7
:020000040000fa
:020000041d02db
:108aa0005a00a010000000005800801400000000d0
:108ab000e0ffbd271400b1af0180113c1000b0af42
:108ac00001000224c8cf3026380002a20000a28c88
:108ad0001c00bfaf1800b2af0c00438c040002ae04
:108ae00009f860002590a000803002002120c2001b
:108af000821f02002b3086002130c300c22e0400ea
:108b000040390400401906002320e4002518a30082
:108b10002b38e4002318660023186700822f040016
:108b200080180300eb0b063c00c2c6342538000059
:108b3000802004002528a300685a400f0c0002aed4
:108b40000400038e0400448e02004224300000a280
:108b50000000638c200002aeff7f023cffff423426
:108b6000080004ae25200000100000ae25280000fb
:108b70001c0002aeffff0224280004ae029d043c4c
:108b8000180002ae2c0005ae340000ae252800000f
:108b900009f86000986384240400028e1000438c5e
:108ba000040060100000000009f860001800048e46
:108bb0000400028e1c00048e1400428c09f8400050
:108bc000000000000400028e0400428c09f84000fe
:108bd000000000000180043cb400062425280000a9
:108be0000116410f4cca84241c00bf8f02000224ce
:108bf000c8cf22ae1800b28f251000021400b18f2a
:108c00001000b08f0800e0032000bd270800e0033b
:048c1000ffff02243c
:020000040000fa
:020000041d02db
:108c1400d8ffbd270200a2302000b4af1c00b3afc0
:108c24001800b2af1000b0af2400bfaf1400b1af52
:108c34002598a00025a080002580c00019004010c0
:108c44002590e000040000100001918c080022ae81
:108c540043000016000000000800248e0c00228e41
:108c6400faff82540000828c0c0020aef8ff8014be
:108c7400080020ae040000100401918e080022ae0a
:108c84003b000016000000000800248e0c00228e19
:108c9400faff82540000828c0c0020aef8ff80148e
:108ca400080020ae010073321e0060122400bf8f42
:108cb4000801918e0800248e0c00228e0a00825036
:108cc4000c0020ae0000828c080022ae1c000016ae
:108cd400000000000800248e0c00228efaff82544b
:108ce4000000828c0c0020aef8ff8014080020ae37
:108cf400040000100c01918e080022ae140000162e
:108d0400000000000800248e0c00228efaff82541a
:108d14000000828c0c0020aef8ff8014080020ae06
:108d24002400bf8f2000b48f1c00b38f1800b28fb3
:108d34001400b18f1000b08f0800e0032800bd2795
:108d440009f8000225284002e3ff00100800248ee1
:108d540009f8000225284002ebff00100800248ec9
:108d640009f8000225284002bcff00100800248ee8
:108d740009f8000225284002c4ff00100800248ed0
:020000040000fa
:020000041d02db
:108d840022008010251000002000c010212885003a
:108d9400251000002548000001000b2402000c24cb
:108da40003000d242f000e245f000f244e008510b5
:108db4000000000001008424ffff8890bfff03250a
:108dc400ff0063301a006a2c070040150000000001
:108dd4009fff03251a00632c1a006010d0ff03259f
:108de400b9ff0325ff0063300a0020152b4047001c
:108df400060000118018030001004224ffff4230e6
:108e04000000c3a0ebff8514010009240800e0035f
:108e14000000000011002b510000ca9025002c51c5
:108e24000000ca90e1ff2d15000000000000c8906a
:108e34000100c6242548000025186800dbff001047
:108e4400ffffc3a00a00632c11006050d5ff032567
:108e540004000325e4ff0010ff0063300241030017
:108e64002b48470025400a010000c8a0e7ff201155
:108e74000100ca2401004224001903000100c3a018
:108e8400ffff423025304001c8ff001002000924d2
:108e9400fd006330d4ff60503e000324d2ff0e1166
:108ea4003f000324c1ff0f1500000000ceff001097
:108eb40000000000824003002b48470025400a01bf
:108ec4000000c8a0d1ff20110100ca2401004224df
:108ed400801903000100c3a0ffff42302530400188
:108ee400b2ff0010030009240800e00300000000a2
:020000040000fa
:020000041d02db
:108ef400656e61626c65640064697361626c65646b
:108f04000000000055500000444f574e0000000080
:108f140052656164790000004e6f7420526561648b
:108f24007900000055736167653a206e6574696e57
:108f3400666f0d0a0000000045783a206e6574697a
:108f44006e666f0d0a0000002d2d2d2d2d2d2d2d5b
:108f54002d2d20496e74657266616365203c25730e
:108f64002f25733e202d2d2d2d2d2d2d2d2d2d20f6
:108f74000d0a0000496e7465726661636520697349
:108f840020646f776e0d0a00486f7374204e616d14
:108f9400653a202573202d204e424e532064697378
:108fa40061626c6564200d0a00000000495076344b
:108fb40020416464726573733a2025730d0a0000be
:108fc4004d61736b3a2025730d0a00004761746587
:108fd4007761793a2025730d0a000000444e53311d
:108fe4003a2025730d0a0000444e53323a2025736b
:108ff4000d0a00004d414320416464726573733a65
:109004002025730d0a0000006468637020697320d2
:1090140025730d0a000000004c696e6b20697320f3
:1090240025730d0a000000005374617475733a20af
:1090340025730d0a0000000064656661756c742078
:10904400495020616464726573730000257320695c
:1090540073204f4e0d0a0000646863700000000026
:020000040000fa
:020000041d02db
:109064000000a290d0ff4224ff0042300200432cb3
:109074005300601000000000d0ffbd272400b4afef
:109084001800b1af401002002c00bfaf2800b5afec
:109094002000b3af1c00b2af1400b0af00a0143c6a
:1090a400f88191278a89227e700a82923a005114ab
:1090b40000a0123c101f438effff022442006210e6
:1090c400ffff062400a0023c201f422401001024bc
:1090d4000a0007240000438c040066101000422498
:1090e40001001026fcff07560000438c00a0153c2d
:1090f4003028a626259880000300a524a592400fb9
:1091040025202002253040001a00c0040400022457
:10911400f48183933028b5260800a28e01006524cb
:10912400002603000400a78eff00a530008c110068
:109134000041100025889100101f4326ff00a43829
:1091440021186800258030020a280400080062ac57
:109154000c0070ac000067ac040066acf48185a31d
:10916400000070ae0c00638c700a94262510000079
:109174000c0083ae2c00bf8f2800b58f2400b48f61
:109184002000b38f1c00b28f1800b18f1400b08f71
:109194000800e0033000bd272c00bf8f1300022419
:1091a4002800b58f2400b48f2000b38f1c00b28f29
:1091b4001800b18f1400b08f0800e0033000bd2701
:1091c4000800e00313000224c8ff001025800000fb
:020000040000fa
:020000041d02db
:1091d400c8ffbd273400bfaf3000b1af2c00b0af23
:1091e4001000a0a3e01c410f258080002520400032
:1091f400140006248cf1400f1000a527e21c410f37
:10920400252000021000a38f25884000726d023cc7
:10921400666f4224260062101400a38f1000a38fef
:109224006f6b023c636f42240c0062101400a38f26
:109234001000a38f6473023c6c65422432006210f8
:109244001400a38f3400bf8f251000003000b18fad
:109254002c00b08f0800e0033800bd27732e023cb9
:1092640069654224f3ff62141000a38f1800a397ca
:1092740068740224efff62141000a38f1a00a393f2
:109284006d000224ebff62141000a38f252000025e
:10929400e81c410f010005243400bf8f2510000095
:1092a4003000b18f2c00b08f0800e0033800bd27d8
:1092b4006874023c732e4224d9ff62141000a38ff9
:1092c4001800a3936d000224d5ff62141000a38f2d
:1092d400049d053c2520200259eb400f5c3fa5244a
:1092e400049d053c2520200259eb400f643fa52432
:1092f4003400bf8f251000003000b18f2c00b08fd8
:109304000800e0033800bd276769023c2e6342244d
:10931400cdff62143400bf8f049d053c252020023c
:1093240059eb400f843fa5243400bf8f2510000063
:109334003000b18f2c00b08f0800e0033800bd2747
:020000040000fa
:020000041d02db
:10934400d8ffbd271400b0af0080103c902c10262d
:109354002400bfaf2000b3af1c00b2af0d00041651
:109364001800b1af20000292010042300a00401000
:109374002400bf8f4400128e1000428e09f8400072
:109384001400048e1c00118e0100022408002252d5
:109394001800138e2400bf8f2000b38f1c00b28fdf
:1093a4001800b18f1400b08f0800e0032800bd2717
:1093b4001c00428e09f8400025206002f6ff51107f
:1093c4002400bf8f2000428e09f84000252060024f
:1093d4002200401425904000200002923c00068e9a
:1093e4008410227e0100c33019006014200002a200
:1093f4000200c6300f0002247800058e0a10060011
:109404002530400053c4400f25200002e3fe400fe6
:10941400000000002502410f7c0002ae3a000396d2
:10942400900000ae02106270020003241c0003ae20
:109434006210033cd34d6324e70342241900430024
:109444001010000082110200d2ff0010800002ae52
:10945400c418227eedff0010200002a285c1400f37
:1094640025200002ffff0224001d410f1c0002ae54
:10947400c9ff40102400bf8ffe1c410f00000000f4
:10948400253040022400bf8f2000b38f1c00b28f10
:109494001800b18f1400b08f049d053c4461a524cd
:0c94a40025204000bbde400b2800bd2747
:020000040000fa
:020000041d02db
:1094b000d8ffbd271000b0af0080103c902c1026c4
:1094c0002400bfaf2000b4af1c00b3af1800b2af90
:1094d0001400b1af12000416251000002590c00042
:1094e0002588a0004c00138e150040129800068eaf
:1094f0009607410f2520a0003f00c01425a0400082
:109500009800058ea000028e252825022510540003
:10951000980005ae2b00a014a00002ae01000224aa
:109520002400bf8f2000b48f1c00b38f1800b28faf
:109530001400b18f1000b08f0800e0032800bd2791
:109540002488c5009607410f2520200225a0400051
:109550002d00c014259000009c00028e2788110069
:10956000a000038e241022029c0002aea400048ef0
:1095700027101400241862002488260224104400b6
:109580002528800225206002a40002aea00003aec0
:10959000fd1b410f980011ae25288002f71b410fdb
:1095a000252060029800028eddff40500100022459
:1095b0009400048ede19410f01004532d8ff0010df
:1095c00001000224a400028e252060022710020060
:1095d00024a05400f71b410f252880022528800273
:1095e000fa1b410f252060027f15410f9400048e65
:1095f000cbff001025104002d608410f9400048ec6
:10960000c0ff00109800058ed608410f9400048e0c
:0c96100025904000d0ff00109800068e4e
:020000040000fa
:020000041d02db
:10961c002100800425100000c880838f2b18830044
:10962c001d006010d880838f802004000a20647c89
:10963c0019008010000000001700c010000000008e
:10964c000c00a22c1200401080280500039d023c47
:10965c006c9642240a28457c0800a00000000000fb
:10966c00bc96029de496029d0897029d2097029d50
:10967c009c96029d9c96029d3c97029d9c96029df9
:10968c005097029d6497029d7897029dac96029d1f
:10969c000800e003251000000800e00300000000b3
:1096ac0086008390010002240800e0030000c3a0a0
:1096bc0074008394010002240200c0a440006438aa
:1096cc00800063388001847cc001637c0000c4a0ee
:1096dc000800e0030100c3a03e0083947000859451
:1096ec00010002248003637c0000c3a00200c5a417
:1096fc00840083900800e0030400c3a01800838c4e
:10970c001400848c01000224231864000800e00378
:10971c000000c3a40400838c0000848c010002248c
:10972c0023186400010063240800e0030000c3a4b4
:10973c007400839401000224c002637c0800e003df
:10974c000000c3a03c00838c01000224000f637c4a
:10975c000800e0030000c3ac3e0083940100022427
:10976c00c21b03000800e0030000c3a08500839027
:0c977c00010002240800e0030000c3a06c
:020000040000fa
:020000041d02db
:10978800d8ffbd271c00b3af1000b0af2800938ce2
:109798001800908c1400b1af0400628e0c00038e88
:1097a80025888000020004962400bfaf2000b4afd3
:1097b8001800b2af100003ae0c0002ae25a0a00046
:1097c800b377400f2590c00006000496b377400f8a
:1097d800020002a60800039203006014060002a615
:1097e80064000224080002a21000248e0000028ee9
:1097f8000c008394801002003c0045302118a3001f
:10980800060080120c0083a40a0000a66000639280
:109818000400633031006010253000000b00401652
:109828002400bf8f2000228e2000b48f0200423413
:10983800200022ae1c00b38f1800b28f1400b18f25
:109848001000b08f0800e0032800bd271400248e04
:10985800060082240300438800004398030083a87d
:10986800000083b804004390040083a005004390df
:10987800050083a02800238e3c0065240b18a30054
:109888000300658800006598030045a8000045b8f6
:1098980004006490040044a005006390050043a000
:1098a8001000238e0c0062940e0042240c0062a467
:1098b8002000228e02004234200022ae2400bf8ff6
:1098c8002000b48f1c00b38f1800b28f1400b18f22
:1098d8001000b08f0800e0032800bd27bb77400fb9
:0c98e80025200002cdff00100a0002a69f
:020000040000fa
:020000041d02db
:1098f40001800d3ce0ffbd278cc9ad250180043cef
:109904001c00b7af1800b6af1400b5af1000b4af69
:109914000c00b3af0800b2af0400b1af0000b0afa9
:10992400a4a684242560a0012528000004000e2498
:109934004010050021104500c0100200231045000e
:109944002110a2016600439065004690640058907f
:10995400001a03002518660068004f906c004b90b5
:109964006e004a90720049907400489070004790cd
:109974007600469002ca0300630057906700569031
:109984006b0055906d005490710053907300529089
:109994006f00519075005090690043a06a0059a06f
:1099a4007700999100c21800007a0f00005a0b004a
:1099b40000520a00004a090000420800003a070069
:1099c4000032060025c017032578f60125587501d5
:1099d4002550540125483301254012012538f10052
:1099e4002530d000020098a4040083a406008fa4ac
:1099f400080083a40a008ba40e008aa40c0089a486
:109a0400100088a4120087a4140086a4160099a448
:109a14007800439079004290c80084240100a52472
:109a2400001202002510430050ff82a4c0ffae14b0
:109a340017008c251c00b78f1800b68f1400b58f43
:109a44001000b48f0c00b38f0800b28f0400b18fe4
:0c9a54000000b08f0800e0032000bd27d8
:020000040000fa
:020000041d02db
:109a6000d8ffbd272000b3af0080133c1400b0af77
:109a7000902c70262400bfaf1c00b2af1800b1af0d
:109a800043000416faff02242590c0002100a01014
:109a90002588a0007400028e040040100080043c61
:109aa0000500052409f84000a02d84240080053c11
:109ab000ac2da5243804410f902c64260080053c71
:109ac000b02da5241c06410f902c64267400028e34
:109ad000040040100080043c0600052409f8400002
:109ae000a02d84241801078e1c01068e2001058eee
:109af0002401048e2801038e2c01028e000027ae63
:109b0000040026ae080025ae0c0024ae100023aee3
:109b1000140022ae250040122400bf8f7400028e74
:109b2000040040100080043c0500052409f84000b2
:109b3000a42d84240080053c902c64264e04410f03
:109b4000c42da5243401048e5800028e7400038ea7
:109b50002110440005006010340102ae0080043c76
:109b60000600052409f86000a42d84243001068e27
:109b70003401058e3801048e3c01038e251000004f
:109b8000000046ae040045ae080044ae0c0043aef3
:109b90002400bf8f2000b38f1c00b28f1800b18f3c
:109ba0001400b08f0800e0032800bd272510000036
:109bb0002000b38f1c00b28f1800b18f1400b08f3b
:089bc0000800e0032800bd27a6
:020000040000fa
:020000041d02db
:109bc8001c008294e0ffbd271000b0af1c00bfaf9f
:109bd8001800b2af1400b1af10004010258080000b
:109be800010003242b0043504000828c0200022411
:109bf800020082a4f7ff023c180080ac1c0082ac73
:109c0800f7ff04241c00bf8f1800b28f1400b18f17
:109c18001000b08f331a410b2000bd270800918c2b
:109c28001400228e1000428c37004050029d023ce6
:109c3800400002aee3fe400f3c0000ae259040001d
:109c48002000228e2502410f0000518c01000324c0
:109c5800021022726210113cd34d31261a0003a65d
:109c68001c0003a6e703422419005100101000004d
:109c780082110200211052002c0002ae1c00bf8f7e
:109c88001800b28f1400b18f1000b08f0800e003e5
:109c98002000bd2725288000049d043c09f84000c9
:109ca800f0fd8424100040101c00bf8f18004004f1
:109cb80002000324e3fe400f000000002c00038e86
:109cc8002b104300eeff40141c00bf8f020002243b
:109cd800020002a6feff023c180000ae1c0002ae05
:109ce800c8ff0010feff0424020002241a0002a686
:109cf8001c0000a61800b28f1400b18f1000b08f9e
:109d08000800e0032000bd27c9ff0010f0cd422461
:109d1800180000ae1c0000a6020003a61e0002a642
:089d2800b8ff001025204000e7
:020000040000fa
:020000041d02db
:109d3000d0ffbd272400b3af1800b0af2c00bfafd9
:109d40002800b4af2000b2af1c00b1af2598a0002e
:109d50000700a010258080000000a0a00100a0a0a6
:109d60000200a0a00300a0a00400a0a00500a0a0e5
:109d70002d00001201000224000011822a0020128e
:109d8000ff003132252020021917410f25900000d5
:109d90001d0040102c00bf8f010004920438947cf9
:109da0001917410f047a347e16004010ffff8432e9
:109db0001af5400f00000000020004822118b203cf
:109dc0003a000524060006242d0007242f008010e9
:109dd000100062a003008510010052260a008714bb
:109de0002c00bf8f180046120300102600001182bd
:109df000ff0031321917410f25202002e7ff4054a0
:109e0000010004922c00bf8f251000002800b48fa1
:109e10002400b38f2000b28f1c00b18f1800b08fc8
:109e20000800e0033000bd272c00bf8f2800b48f4e
:109e30002400b38f2000b28f1c00b18f1800b08fa8
:109e40000800e0033000bd2725100000f6ff601277
:109e50001000a38f030063aa000063ba1400a39349
:109e6000040063a21500a393050063a22c00bf8f1a
:109e70002800b48f2400b38f2000b28f1c00b18f54
:109e80001800b08f0800e0033000bd270500423afb
:089e9000eeff00100100422c5e
:020000040000fa
:020000041d02db
:109e98005600a010251000000180083c01800b3cf2
:109ea80082bf0a3c80cf0825060009241000001054
:109eb800f0b16b252b3867000a18070027008311bb
:109ec800000000000020478d0600e7302f00e91051
:109ed8008a61827c2130cb000000cca001004224a2
:109ee800080003ad2b1845001c006010000000009e
:109ef8000020438d0c000c8d0800068d0600633091
:109f08001800078debff69140100c3242b38670084
:109f18000a180700110083114060020021608c00bc
:109f28000100879100008d9100204c8d003a0700b8
:109f38002538ed0006008c311c008911ff00ed303a
:109f48002130cb00010042240000cda0080003ad61
:109f58002b184500e6ff6014000000000c00038d7c
:109f68000800048d2b2883001900a01400000000ad
:109f7800231883000300601081bf033c0400043ce5
:109f8800f80064ac0800e003000000004030060060
:109f98000100c7242138eb002130cb000000cca001
:109fa8000000e0a0ceff001001004224403006006f
:109fb8000100cc24023a07002130cb0021608b013c
:109fc8000000cda0000087a1c5ff001001004224b9
:109fd8001800058d2120850023188300e9ff6010f3
:109fe80081bf033ce6ff00100400043c0180083cec
:089ff800daff001080cf0825fc
:020000040000fa
:020000041d02db
:10a000001400828cd0ffbd272400b4af2000b3af72
:10a010001800b1af1400b0af2c00bfaf2800b5af2f
:10a020001c00b2af258880002598a00009f84000e8
:10a030001000948c258040000c00228e2c004010d3
:10a040002c00bf8f0800328e0000228e0218127280
:10a0500021906200000055960100b5322f00a052f9
:10a060002000228e0e00001025a800002b200202e6
:10a07000231802022b10a2021c0040100a80640068
:10a080000800328e0000228e0218127221906200a7
:10a0900000004296010042301f004050ffffb532e1
:10a0a0001c00228e25284002253060022520200237
:10a0b0002180140209f840000100b526ebff40544e
:10a0c0000c00228e2c00bf8f251040022800b58f77
:10a0d0002400b48f2000b38f1c00b28f1800b18f02
:10a0e0001400b08f0800e0033000bd272c00bf8fa4
:10a0f00025900000251040022800b58f2400b48f61
:10a100002000b38f1c00b28f1800b18f1400b08fe5
:10a110000800e0033000bd272000228e25306002b9
:10a120002528400209f84000252020022400228e24
:10a130002c00bf8f020055a601004224240022ae4d
:10a140002800b58f251040022400b48f2000b38f63
:10a150001c00b28f1800b18f1400b08f0800e0030c
:04a160003000bd27e7
:020000040000fa
:020000041d02db
:10a16400d8ffbd271000b0af0180103cc8cf102627
:10a17400300002922400bfaf2000b4af1c00b3af84
:10a184001800b2af130040141400b1af38000392aa
:10a19400010002240b006210000000002400bf8fa5
:10a1a40001001124251020022000b48f1c00b38f5d
:10a1b4001800b28f1400b18f1000b08f0800e003b4
:10a1c4002800bd27aa0f410f2800a4aff3ff4010b9
:10a1d4002800a48fffff8224feff422c3000401091
:10a1e400ffff92300500422e2d004010c0a0120047
:10a1f400211092020180133c801002004cca732685
:10a20400211062022000438c1a00831401001124df
:10a21400000043901700601000000000010043900c
:10a2240014006014258800000c00438c0400605462
:10a23400300002920800438c0c0043ac30000292c0
:10a24400212092028020040019004014212064027d
:10a2540026d8400f21909202809012002198720219
:10a2640001000224180060a2010062a2190060a289
:10a2740025880000cb0a410f000000002400bf8f96
:10a28400251020022000b48f1c00b38f1800b28f59
:10a294001400b18f1000b08f0800e0032800bd2720
:10a2a400cb0a410f01001124f5ff00102400bf8fd9
:10a2b400ffc0400f21909202e8ff0010809012002e
:020000040000fa
:020000041d02db
:10a2c400a8ffbd273200a32c4c00b0af5400bfaf91
:10a2d4005000b1af2510c0000200601031001024fe
:10a2e4002580a000ff00113225302002252880009f
:10a2f4001400a4277f14410f1000a2af0180073c73
:10a30400e886e724f80ae38c1000a227218851008c
:10a3140032000224040020a2130062144600b0a3f9
:10a32400f00ae48ceb51023c1f8542340100842482
:10a3340018008200c31f040031000524f80ae5acac
:10a344001010000003110200231043004018020003
:10a3540021186200c018030021106200401002009e
:10a3640023108200f00ae2acf40ae58ceb51023cc3
:10a374001f8542340100a5241800a200c31f050054
:10a384001000a4274000a6271010000003110200ab
:10a39400231043004018020021186200c018030073
:10a3a40021106200401002002310a200c018020015
:10a3b40023186200c0180300f40ae2ac2118e30079
:10a3c4000000898c0400888c0800858c0c00828c29
:10a3d40010008424000069ac040068ac080065ac7b
:10a3e4000c0062acf6ff8614100063240000858c18
:10a3f4000400848c01000224000065ac040064acf9
:10a40400f80ae38c5400bf8f5000b18f010063241d
:10a414004c00b08ff80ae3ac0800e0035800bd27f5
:020000040000fa
:020000041d02db
:10a424000100a0540000a0ac39008010000000001e
:10a4340000008280360040100200093c25300000f4
:10a44400254000002518000003000a24fe000b2408
:10a4540006052925f8ffbd27ff0042302e004010d5
:10a46400010084240400072d1300e010d0ff4224cf
:10a4740005006010ff0042300b006a10000000006d
:10a484000b004b502b10c9000a00472c0a00e010a7
:10a4940001006324003206000438467cff00633068
:10a4a400edff00100000828003004b142b10c90044
:10a4b40004004014003cc77c251000000800e003a1
:10a4c4000800bd2740100700003acc7c211047004b
:10a4d400c010020080180c002110470021186c00e5
:10a4e4004018030080100200211043002130460070
:10a4f4002118a80301000825000066a0ff00083108
:10a504002530000025180000d3ff001000008280d1
:10a514000800e0030100022403000324e7ff0315fd
:10a52400251000000200033c060563242b18c30019
:10a53400e2ff6010003ac77c003cc47c4010040079
:10a5440021104400c01002008018070021104400ac
:10a5540021186700801002004018030021104300f6
:10a56400213046000300a6a3d4ffa010010002245a
:0ca574000000a38fd1ff00100000a3ac7a
:020000040000fa
:020000041d02db
:10a5800098ffbd270f000524060004246400bfaf18
:10a590006000b2af5c00b1afc00d410f5800b0af6a
:10a5a0000100423015004014000000006400bf8f1d
:10a5b0006000b28f5c00b18f5800b08f0800e003dc
:10a5c0006800bd272538000025200002252820022c
:10a5d00061af400f1800128e05004054f6ff0524ad
:10a5e00000002396080002240e006210f3ff0524e9
:10a5f000060006247d01410f25200002ba18410ff4
:10a6000006000424e9ff4010258040002c00069637
:10a610000800c22cebff40501c00118ef4ff00100c
:10a62000f2ff05242800048e6b03410f100045261d
:10a63000efff4014f1ff05241c00048e2800118e4a
:10a6400002008294000080a4ff0046300800c3246a
:10a65000ff006330252840000800672c0800e01048
:10a660000438657c003a427c01004224ff004230fd
:10a6700003004014047a457c0900c6240438c57cd4
:10a68000020085a4253000000100052425200002d9
:10a69000e2a5400f000000ae1800028e2530000039
:10a6a000252800020c00438c1000428c1000a427c7
:10a6b0004800a3af4c00a2af3962400f5000b1afc9
:10a6c000ceff401406000624faff05247d01410f49
:0ca6d00025200002c9ff0010000000005f
:020000040000fa
:020000041d02db
:10a6dc00ec808297c0ffbd273c00bfaf3800b5af00
:10a6ec003400b4af3000b3af2c00b2af2800b1af20
:10a6fc000a0040142400b0af3c00bf8f3800b58f67
:10a70c003400b48f3000b38f2c00b28f2800b18f7f
:10a71c002400b08f0800e0034000bd272590800086
:10a72c000180133c1000a427741b410f1000518ea4
:10a73c0039f5400f70d364260180143c840d410f11
:10a74c0070d364261400401025804000040002924f
:10a75c000100032403004310020003241800435497
:10a76c001800438e05000492f40e410f0800158e5c
:10a77c0020002052040002921d0022122528000203
:10a78c00750d410f1000a427840d410f70d3642662
:10a79c00eeff4014258040001000a38f70d362267a
:10a7ac002520400070d363ae1400a38f040043ac8b
:10a7bc001800a38fe0ff400f080043ac1800438e35
:10a7cc0002000224cdff62143c00bf8fec80829704
:10a7dc00ffff4224ffff4230c7ff4014ec8082a7ea
:10a7ec00b8f2400f00000000c4ff00103c00bf8f07
:10a7fc0004000292ffff42240200422c0600401487
:10a80c000300062425280002750d410f10d4842660
:10a81c00caff001000000000fbff05247d01410f62
:0ca82c002520a002f8ff001025280002e3
:020000040000fa
:020000041d02db
:10a83800e0ffbd27ffff03241c00bfaf1800b1af26
:10a84800470083101400b0af0000839045006010eb
:10a85800090002240400838c0800678c1800e28c2d
:10a868004300401025808000010004242600c41005
:10a878002588a000020002241000c2540c0000ae7b
:10a888002400e28c3e004010170002240c0000aea9
:10a89800120062902b004450120060a007000224ae
:10a8a8000c0002aeffff02241c00bf8f1800b18ffe
:10a8b8001400b08f0800e0032000bd27120062904a
:10a8c800f7ff441407000224120060a02528200284
:10a8d8000400028e0800428c1800428c09f84000df
:10a8e8000800048e0400048e251840000100052489
:10a8f80025102002ecff6010120085a00c0003aeaa
:10a90800e9ff0010ffff02241c00e28c1c0040102d
:10a91800170002240c0000ae12006290e0ff4614fb
:10a9280007000224120060a00400028e0800428c76
:10a938001c00428c09f840000800048ee4ff001057
:10a94800212851000400028e0800428c2400428c09
:10a9580009f840000800048eddff0010212851008e
:10a9680009000224048282afcfff0010ffff0224f7
:10a97800170002240c0082accbff0010ffff02245a
:0ca988000c0002aec8ff0010ffff02240c
:020000040000fa
:020000041d02db
:10a9940001800a3ca4a64a2580054491251840015b
:10a9a40020034b2525300000010002240400679495
:10a9b4000a0065942b40a700060000550800843463
:10a9c4000c0068942b38e8000500e05006006894f9
:10a9d4000800843401000624251000000600689451
:10a9e4000e0067942b48e8000600205510008434bc
:10a9f400100069942b40090105000011e903a82cfb
:10aa0400100084340100062425100000e903a82c5a
:10aa140009000051200084340c0068942b2805019f
:10aa24000500a05020008434c800082d0500001142
:10aa34004400e52c20008434010006242510000085
:10aa44004400e52c0600a0504000843410006594b6
:10aa54002b38a7000500e0541600659440008434a8
:10aa6400010006242510000016006594e0ffa524cb
:10aa74007f00a52c0400a014120065940400843403
:10aa84000100062425100000214ea52c0c00a05026
:10aa9400251000000200659430f8a524411fa52c60
:10aaa4000700a050251000001400659438ffa52469
:10aab4000907a52c0900a05418006594251000006e
:10aac400c8006324baff6355040067940100c054ae
:10aad400800544a10800e0030000000038ffa5241d
:0caae400594da52cf6ff00100a100500cb
:020000040000fa
:020000041d02db
:10aaf000d0ffbd272000b3af809804001c00b2af88
:10ab00001400b0af0080123c21806402902c5226c9
:10ab100080811000218050022800b5af4c00158eb6
:10ab20002400b4af25a080001800b1af2c00bfaf47
:10ab3000861c410f2520a002a000118e2488510000
:10ab40000e00201600000000219874028099130066
:10ab5000219853029400648e2c00bf8f2800b58f7b
:10ab60002400b48f2000b38f1c00b28f1800b18f67
:10ab70001400b08f9315410b3000bd27a400048e44
:10ab800002191100c011110025209100a40004ae8b
:10ab90009c00048e00046330000242302510430004
:10aba000401911002510440000016330822111007a
:10abb0002510430081008430c21811002510440084
:10abc000700063308220110025104300080084309b
:10abd0004018110006006330251044002510430082
:10abe0009c0002ae25282002fd1b410f2520a0025b
:10abf00025282002f71b410f2520a002a800028e65
:10ac0000d2ff4050219874029c00048eac00058e47
:10ac1000219874028099130009f84000219853028a
:10ac20009400648e2c00bf8f2800b58f2400b48f51
:10ac30002000b38f1c00b28f1800b18f1400b08faa
:08ac40009315410b3000bd2704
:020000040000fa
:020000041d02db
:10ac4800d0ffbd272c00bfaf2800b2af2400b1afa2
:10ac58003a0080142000b0af0180103c84ce0292ec
:10ac68003600401084ce102624000292340040544e
:10ac7800ffff11241c00028e060004961400428c6b
:10ac880009f840002528000025904000ffff022415
:10ac98003c004252049d043c1400028e0180113c89
:10aca800a8ce31260800438cf505023c00e1423469
:10acb800049d043c25282002f0fd842409f8600046
:10acc8001000a2af1c00038e1400a2af1800a0afa2
:10acd8001800628c1000a52709f8400025204002c2
:10ace8001e0042041c00028e1c00038e0c00028e03
:10acf8002c00bf8f300003ae280002ae01000324f1
:10ad080002000224340012ae260002a6240003a288
:10ad1800251020022c0010ae540000a2380000ae0e
:10ad28003c0000ae400000a62800b28f2400b18f7e
:10ad38002000b08f0800e0033000bd27ffff11247a
:10ad48002c00bf8f251020022800b28f2400b18f5d
:10ad58002000b08f0800e0033000bd272520400206
:10ad68001c00428c09f84000ffff1124049d043c9c
:10ad7800380305244e10410f606d8424f1ff001044
:10ad88002c00bf8f270305244e10410f606d8424cb
:08ad9800ebff0010ffff112486
:020000040000fa
:020000041d02db
:10ada000c0ffbd272700aa273c00bfaf2558800061
:10adb00004180a7c000055bd0f0000000020023c72
:10adc000255042010c0040ad3f00a010080040adee
:10add0002548a0000b00a588080025993b00a0503d
:10ade000252840010d0026910c002291003206001a
:10adf0002530c2003400c01008004d250d000010a1
:10ae00000c004c250b006588080065981100a01007
:10ae1000000000000d0066900c00639000320600f8
:10ae20002530c3000b00c010000000000c0040548f
:10ae30000800438d1000acaf2538a00154e2400f4c
:10ae4000252060010300238900002399edff601491
:10ae5000254860001d004010252840010800438d52
:10ae6000170060103c00bf8f0c00448d1000831051
:10ae70000001668d0000648c080044ad0c00c58c98
:10ae80000400642400e0847c000060ac1500a01085
:10ae9000140060ac0000a3ac1400a4ac0c00c3ac64
:10aea0000800438d0c00448df3ff83540000648c34
:10aeb0000c0040adf1ff6014080040ad3c00bf8fb6
:10aec0000800e0034000bd27252840019cdf400f1b
:10aed000252060013c00bf8f251000000800e00322
:10aee0004000bd270800c3ac0c00c3acedff001050
:04aef0000800438d86
:020000040000fa
:020000041d02db
:10aef400e8ffbd271400bfaf07da400f00000000d1
:10af0400430040100180063c0000459000cbc6245d
:10af1400403805002118e500801803002318650057
:10af24008018030023186500801803002118c3004b
:10af3400a900689001000424040004516000648c9a
:10af44001400bf8f0800e0031800bd271b00801009
:10af5400a90060a004000010254800000d000011a5
:10af6400254880002520000104008a8cfbff4a1438
:10af74002000888c24002051600068ac200028ad9b
:10af84002000888c5c006a8c20008aacf5ff0015d8
:10af94005c0064ac2118e5008018030023186500e8
:10afa4008018030023186500801803002118c300cb
:10afb4006000638c030060102118e5002548000040
:10afc4002118e50080180300231865008018030089
:10afd40023286500802805002128c5007400a3905b
:10afe4006400a9ac1900a0a0ffff63247400a3a00f
:10aff400080040a001000224a900a2a01400bf8ff1
:10b004000800e0031800bd27deff0010254880007b
:10b01400001d410f000000000300422cc9ff401432
:10b024001400bf8ffe1c410f000000001400bf8fee
:10b03400049d053c2c53a5242520400048f1400bd9
:04b044001800bd270c
:020000040000fa
:020000041d02db
:10b04800d8ffbd271800b2af1400b1af1000b0afe1
:10b058002400bfaf2000b4af1c00b3af2580800030
:10b06800031c410f2588a0004400401025900000d3
:10b07800d81a410f252000020000338e0400348eb8
:10b088004c1b410f25200002501b410f25200002b8
:10b09800821013002b1082023c004010049d033cd8
:10b0a800ac69632406000224010005240200001094
:10b0b8000a000424020063241b006202f401400019
:10b0c800121000002b108202040040100100a52479
:10b0d800f8ffa454000062940a000524541b410f91
:10b0e800252000020800228e010042301200401084
:10b0f80025200002241b410f000000000800228eba
:10b108000200423012004010252000022c1b410f83
:10b11800000000002400bf8f251040022000b48fdb
:10b128001c00b38f1800b28f1400b18f1000b08fbd
:10b138000800e0032800bd27281b410f000000007d
:10b148000800228e02004230f0ff40142520000241
:10b15800301b410f000000002400bf8f2510400263
:10b168002000b48f1c00b38f1800b28f1400b18f69
:10b178001000b08f0800e0032800bd27e01a410f37
:10b1880025200002baff001003001224d3ff00108c
:04b198000100052489
:020000040000fa
:020000041d02db
:10b19c00d0ffbd271400b0af0180103cf0ce1026bc
:10b1ac000c00038e020002242c00bfaf2800b5afa8
:10b1bc002400b4af2000b3af1c00b2af3500621452
:10b1cc001800b1af1400028e3200401409000224a2
:10b1dc0000a0123c0180153c040002ae6600022463
:10b1ec002598a0002588800080285426802842a21b
:10b1fc0028cfa5260100022425200002080000ae5d
:10b20c003c0014ae7cfc400f400002ae0800028ee5
:10b21c00feff401009000224040002ae99ff022434
:10b22c00802842a228cfa526010002242520000256
:10b23c00080000ae3c0014ae380000ae400002ae78
:10b24c007cfc400f440000ae0800028efeff401054
:10b25c00020062321a004014000000001400028e3a
:10b26c002c00bf8f100013ae01004224140002ae5c
:10b27c002800b58f251020022400b48f2000b38f36
:10b28c001c00b28f1800b18f1400b08f0800e003bf
:10b29c003000bd272c00bf8fffff1124251020028a
:10b2ac002800b58f2400b48f2000b38f1c00b28f00
:10b2bc001800b18f1400b08f0800e0033000bd27d8
:10b2cc005aec400f25202002f3ff40102c00bf8fba
:10b2dc000800028efeff401000000000e0ff00108e
:04b2ec001400028eba
:020000040000fa
:020000041d02db
:10b2f0004a008004c880838fe0ffbd271c00bfafd9
:10b300002b1883001800b2af1400b1af1000b0af1b
:10b310003c00601025100000d880908f8018040039
:10b320000a80037e370000122588a0002590800047
:10b330003c000624252800000116410f252020028c
:10b340007700029201000324390043504000048e2c
:10b3500060000796620005964800038e0000088e84
:10b360001800028e1400068e0400048e260025a606
:10b37000280023ae2000058e1c00038e240027a683
:10b380007600079223208800234846002b40650062
:10b390002c0027ae300029a622000011320024a67e
:10b3a00023104500231866002110430001004224a9
:10b3b000ffff4230252040020feb400f340022a651
:10b3c000fdffe4240300842c360022a60400801430
:10b3d000030003240800e738010002240b1847008b
:10b3e0003e00049604006534010002240002863009
:10b3f0000b18a60000048430080065340b18a40064
:10b40000380023ae1c00bf8f1800b28f1400b18f1c
:10b410001000b08f0800e0032000bd270800e00303
:10b420002510000023106500e2ff0010ffff4230ee
:10b430004400038e000022ae040024aec4ff0010be
:04b44000140023ae23
:020000040000fa
:020000041d02db
:10b44400d8ffbd271c00b3af2400bfaf2000b4afaa
:10b454001800b2af1400b1af1000b0af4100a0109b
:10b46400259880001000a38c1400a28c0b0060149b
:10b474001800b18c3f004014000000003200122478
:10b484003600201678001424c01014002310540031
:10b49400c210020012000010f6ff51241400742c94
:10b4a400140004240a2074000200401425a0800023
:10b4b4004210040029002016f6ff52249224023c74
:10b4c400244942242b186200f0ff6014c0101400b9
:10b4d400c2881400c010110023105100f6ff51243b
:10b4e4002217410fcccc103ccdcc103619005000a3
:10b4f40010180000022103008018040021186400c1
:10b504008018030023104300211052002217410f1a
:10b51400100062ae190050002400bf8f180074aef2
:10b524001800b28f2000b48f108000000281100038
:10b5340080181000218070008080100023105000bb
:10b5440021105100140062ae1400b18f1c00b38f9f
:10b554001000b08f0800e0032800bd27e0ff0010b2
:10b56400f6ff31265f00112432001224dcff0010a4
:10b574007800142404002012f6ff5224f6ff31262a
:10b58400d7ff0010780014245f001124d4ff0010aa
:04b594007800142403
:020000040000fa
:020000041d02db
:10b59800e0ffbd271c00bfaf1800b0af4d00801002
:10b5a8001000a0af253000001493400f1000a5270d
:10b5b80046004010010003240882829308004310cb
:10b5c8001000a38f07000224048282afffff022429
:10b5d8001c00bf8f1800b08f0800e0032000bd27b3
:10b5e800088280a312007090080002121c00bf8f0e
:10b5f80007000324088282a31800b08fffff0224eb
:10b60800048283af0800e0032000bd270800628c95
:10b61800120060a00400428c280040501700022449
:10b6280009f84000110064901000a58f048282afd1
:10b63800240040141200b0a00180033ce49163246c
:10b648000180043c54cc842406000010a00a67241e
:10b658000400868c0800a610100163240800e3107b
:10b66800100084240400668cf9ffa650000060a036
:10b67800f8ff00100400868cf8ff0010000080a07e
:10b688000c8283930000a0a00c00a0ac0800a0ac22
:10b69800040060101000a0a01082838f0400a31083
:10b6a8000100032401000324c9ff0010088283a3ba
:10b6b8000c8280a3c6ff0010088283a3048282af95
:10b6c800120070a001000224088282a3c0ff0010ab
:10b6d800ffff022413000224048282afbcff001083
:04b6e800ffff02243a
:020000040000fa
:020000041d02db
:10b6ec00d8febd271c01b0af0201062425808000c6
:10b6fc00252800001000a4272401bfaf0116410f1c
:10b70c002001b1af3b0000121401a0af1000a6271e
:10b71c001401a5271493400f252000020b004010a4
:10b72c00ffff02241401a58f0800a78c7400e28c83
:10b73c003800401008828393010002240800621034
:10b74c0012000224048282afffff02242401bf8f67
:10b75c002001b18f1c01b08f0800e0032801bd2728
:10b76c000180043c54cc8424251880002510000052
:10b77c000a000824000066900900c0101000632421
:10b78c0001004224fcff4854000066900100022492
:10b79c00088282a312000224ebff0010048282af05
:10b7ac00001102002180820001000324000003a28a
:10b7bc00040005ae1200b19001000624088283a398
:10b7cc00e1ff2616048280af1200a0a07400e38c67
:10b7dc00080042241000a52709f8600021208200ef
:10b7ec000400038e0f004014120071a0d7ff00104c
:10b7fc00251000022401bf8f13000224048282afa3
:10b80c002001b18fffff02241c01b08f0800e00360
:10b81c002801bd2717000224048282afcbff001041
:10b82c00ffff0224048282af000000a2c7ff0010b9
:04b83c00ffff0224e4
:020000040000fa
:020000041d02db
:10b84000d8ffbd272000b4af0180143cd8d1828e30
:10b850002400bfaf1c00b3af1800b2af1400b1afeb
:10b860003a0040141000b0af0180123ce0d1518e7c
:10b87000030020160180133c0180113c88d431263e
:10b88000dcd1708e050000160200023c0180103ce5
:10b8900088d4102660ea422421800202821f11000f
:10b8a000020002240100625000e0317e821f10007d
:10b8b000020002240100625000e0107eb614410f25
:10b8c000000000000000438c0400428c2b20230267
:10b8d00004008014211062002b20220229008054d1
:10b8e0002b1811020080043c5402842400e0847c64
:10b8f0002b206400150080142b2003020400801408
:10b900002b2062002b200202180080142b206200e2
:10b910000f0080102400bf8f0080043c5402842458
:10b9200042270400050005241200851404000524a4
:10b9300000a0043c2518640025104400e0d143ae6b
:10b94000dcd162aee0d1428ed8d182ae2400bf8f6e
:10b950002000b48f1c00b38f1800b28f1400b18f79
:10b960001000b08f0800e0032800bd27eaff001098
:10b9700025100002efff85100080043cf1ff00104d
:10b98000e0d142aee4ff601425182002deff001073
:04b990002b20020264
:020000040000fa
:020000041d02db
:10b99400d0ffbd271400b1af0000d18c1c00b3afa1
:10b9a4002598c0004000a6932800b6af25b0a0009b
:10b9b400252820021800b2af2c00bfaf2400b5af79
:10b9c4002000b4af1000b0af61de400f2590e0005e
:10b9d40030004010252820023b0040122580400002
:10b9e4000e0004960800428c0c00039625282002c1
:10b9f4002110440023105100ffff42302b2043004c
:10ba04000b1844002b10430225a800001900401015
:10ba140025a00000252820022520c0027f14410f04
:10ba2400253040020000108e21a8b20221283202e3
:10ba340021b0d20218000012ffffb53216008012a6
:10ba44000800118e25908002251020020e00049615
:10ba54000c0003962110440023105100ffff4230d4
:10ba64002b2043000b1844002b104302e9ff401421
:10ba740025a0000017006054239043020000108e9c
:10ba8400060000122c00bf8f0800118eefff00107b
:10ba94002510200225a800002c00bf8f2510a0022d
:10baa400000065ae2800b68f2400b58f2000b48f47
:10bab4001c00b38f1800b28f1400b18f1000b08f28
:10bac4000800e0033000bd2725a80000f2ff0010a5
:10bad40025282002ffff5432ceff0010259060007d
:020000040000fa
:020000041d02db
:10bae400d0ffbd271400b0af0180103ca4c61026bf
:10baf4002000b3af1c00b2af2c00bfaf2800b5af1d
:10bb04002400b4af1800b1af680112260180133cc1
:10bb140000000292150040502400102604000296f2
:10bb240020004230110040502400102602001192df
:10bb340001000224180022520800028e0b00205239
:10bb4400240010260400312e080020522400102660
:10bb54001c0011260c00028e0c00428c09f84000d7
:10bb640025202002020002a224001026e9ff12561a
:10bb7400000002922c00bf8f2800b58f2400b48fe0
:10bb84002000b38f1c00b28f1800b18f1400b08f47
:10bb94000800e0033000bd271400428c09f840007f
:10bba40006000486f1ff40502400102670c4742659
:10bbb40001009592edffb156240010260c00028e70
:10bbc400010080a22800428c09f840000000000017
:10bbd4000a0040140c00028e0000428c09f8400058
:10bbe4000800048e050040540c00028e0500022457
:10bbf400020002a2dcff0010010095a206000486e8
:10bc0400010015240800428c1c001126010095a295
:10bc140009f84000252820020300401005000224f2
:10bc2400ccff0010010015a2cfff0010020002a2f9
:020000040000fa
:020000041d02db
:10bc3400c0ffbd272c00b1af258880002520c0009f
:10bc44000400878c0000a28c3800b4afc2a70700a0
:10bc54003400b3af3000b2af2800b0af3c00bfaf88
:10bc64002580a0000400a38c0800b28c2000a2afa1
:10bc74000c00b38c3e0080120000c68c23300600fa
:10bc84002b20060023380700080060042338e40052
:10bc94004408027c050080162000a2af2000a28f79
:10bca400040043302a006010c000427cffff42269b
:10bcb4002000a3271800a3af0a0003241400a3af95
:10bcc4001000a2af1ab4400f25200002060080160f
:10bcd4002d0003242000a38f040064301e00801074
:10bce400080063302b000324ffff4224212062025a
:10bcf400000083a01000068e2000a38f2538400288
:10bd0400ffffc6241000a3af2330c2002128620223
:10bd140053c5400f252020020400238e0001633008
:10bd2400040060103c00bf8f0400038e2a204300ef
:10bd34000b1064003800b48f3400b38f3000b28f1e
:10bd44002c00b18f2800b08f0800e0034000bd270d
:10bd5400d7ff001023104202e6ff601020000424e5
:10bd6400ffff422421186202e2ff0010000064a0d9
:10bd7400c8ff63044408027cc9ff00102000a28f9e
:020000040000fa
:020000041d02db
:10bd84000300c0142510e0000800e00300000000d8
:10bd9400d0ffbd272000b3af2598c00001000624c2
:10bda4001c00b2af1800b1af1400b0af2c00bfaf8d
:10bdb4002800b5af2400b4af2588a00061de400f91
:10bdc4002590e0003c004010258040000800438c92
:10bdd40025a000000e0004960c00029621186400b1
:10bde4002318710003004010ffff63302b20620012
:10bdf4000a1844002b1063021300401025a8000009
:10be04002530000025286002bb77400f2520200242
:10be1400271002000100833223006014ffff423028
:10be24000000108e21a09302ffff94320e00001236
:10be3400219042020c00a0120800118e2598a00245
:10be4400e4ff0010251820021d0060142310630273
:10be54000000108e05000012ffff42320800118e10
:10be6400dcff001025182002ffff4232029412006a
:10be740021904202007c427e2c00bf8f219042021e
:10be840027901200ffff42322800b58f2400b48fa0
:10be94002000b38f1c00b28f1800b18f1400b08f34
:10bea4000800e0033000bd27b377400f2520400091
:10beb400dcff00100000108eecff00102510400283
:0cbec400ffff5530ceff001025986000f5
:020000040000fa
:020000041d02db
:10bed00046008004b080868fe0ffbd271c00bfaf06
:10bee0002a1086001800b1af1400b0af390040101e
:10bef00025180000801b410f2580a0003500401050
:10bf0000258840003300a010540006242528000096
:10bf10000116410f252000023c002292010003245b
:10bf2000350043501400268e000000ae4000238ee2
:10bf30003f0022920400268e0400643000002d8e03
:10bf40000100842c28002b962a002a962400298e92
:10bf50005400288e010045302538800002008c34c2
:10bf60000b3885012528e0002330cd00080067301c
:10bf700044000ba646000aa6480009ae4c0008a6dd
:10bf80004e0006a60300e014500005ae0400a434e1
:10bf9000500004ae020044300400801010006330f2
:10bfa0005000048e08008434500004ae0400601475
:10bfb000040042305000038e10006334500003ae82
:10bfc00004004010010003245000028e200042347f
:10bfd000500002ae1c00bf8f251060001800b18f0a
:10bfe0001400b08f0800e0032000bd2725180000d2
:10bff0000800e003251060001800258e1c00248e28
:10c000002000238e040006ae140005ae240004ae0a
:0cc01000340003aec5ff0010000002aebb
:020000040000fa
:020000041d02db
:10c01c00b0ffbd270200a2284400b2af3c00b0af75
:10c02c004c00bfaf4800b3af4000b1af25808000db
:10c03c00090040140400928c0400c48c2588a000d4
:10c04c00039d053c8874a5248a14410f2598c000d3
:10c05c000e004010020002240000028e039d053cdd
:10c06c009074a5240000428c09f840002520400261
:10c07c004c00bf8f4800b38f4400b28f4000b18f8b
:10c08c003c00b08f0800e0035000bd2706002212d0
:10c09c00252800000800648e039d053c8a14410f7e
:10c0ac008c74a5240100452cc61c410f1800a42734
:10c0bc000000038e210040100400638c049d063c9c
:10c0cc00039d053c25204002f8bbc62409f86000fe
:10c0dc00b474a5242400a38f0000028e1c00a78f2b
:10c0ec001400a3af2000a38f1800a68f039d053c5e
:10c0fc001000a3af0400428c2520400209f8400038
:10c10c00c874a5243400a38f0000028e2c00a78fc6
:10c11c001400a3af3000a38f2800a68f039d053c0d
:10c12c001000a3af0400428cfc74a52409f8400055
:10c13c0025204002cfff00104c00bf8f039d063c12
:10c14c00039d053c3875c624b474a52409f8600019
:0cc15c0025204002c7ff00104c00bf8fe0
:020000040000fa
:020000041d02db
:10c16800bc81858fe8ffbd271400bfaf1000b0afba
:10c178000f00a010c081828f070040108481848f37
:10c188007cb3400f25200000bc81858f0800a010db
:10c19800c081828f8481848f0c00828c09f84000d2
:10c1a80000000000c081828fbc8180afba8180a767
:10c1b800060040108481848f252840000c00828c62
:10c1c80009f8400000000000c08180af9481858f8d
:10c1d8000500a0108481848f0c00828c09f840002f
:10c1e80000000000948180afa081858f0500a01019
:10c1f8008481848f0c00828c09f8400000000000c4
:10c20800a08180af0180103c0500001028d41026c2
:10c218008481848f0c00828c09f8400000000000a3
:10c22800840d410f25200002f9ff40142528400005
:10c238008881848f050080507481848fb318410fe2
:10c2480000000000888180af7481848f06008050d0
:10c258006481848f4000828c09f84000000000004f
:10c26800748180af6481848f080080101400bf8fb0
:10c278003709410f000000007881828f09f84000db
:10c288006481848f648180af1400bf8f1000b08fe9
:10c298007c8180af788180af808180afb48180afae
:0cc2a800848180af0800e0031800bd276f
:020000040000fa
:020000041d02db
:10c2b400e0ffbd271400b0af1c00bfaf801b410fcf
:10c2c4001800b1af2580400029000012251000009d
:10c2d4004000028e00304230370040102588a00014
:10c2e4004000028e448c027c000b437c00404430ae
:10c2f400400002aeff006630020080143c0003a23e
:10c30400240000ae008042300600405448000296eb
:10c3140040000292180000ae3f004230400002a2ea
:10c32400480002960400423005004010000000005e
:10c334004000028e0400423001004054280000a650
:10c3440010002016000000002c00058e0300a01031
:10c35400010002242400c210000000004000038eeb
:10c364000100042401000224448c837c400003aeb9
:10c374001c00bf8f1800b18f1400b08f0800e003b9
:10c384002000bd27350b410f25200002840d410fed
:10c394004c00042625284000f4dc400f2520000230
:10c3a4004000038e0100042401000224448c837c99
:10c3b400efff0010400003ae9ef9400f252000025d
:10c3c4004000028e448c027c000b437c00404430cd
:10c3d400400002aeff006630caff80143c0003a296
:10c3e400c8ff0010240000aecec2400f252000027a
:08c3f400dbff00104000038e86
:020000040000fa
:020000041d02db
:10c3fc00d0ffbd272400b0af00a0103c2800b1af87
:10c40c002588a0002c00bfafd2e2400f6028052683
:10c41c000700401460281026251000002c00bf8f48
:10c42c002800b18f2400b08f0800e0033000bd2736
:10c43c00030003920200079201000692049d053c42
:10c44c001000a3af25200000ec61a524bbde400f3b
:10c45c001800a2af03000392010004242a00641008
:10c46c001800a28f41000424290064100200042447
:10c47c0029006410420004242900641043000424a1
:10c48c002900641018000424e4ff645425100000f3
:10c49c0005000324049d043cc4488424c0180300f4
:10c4ac00211864000400638c0100053c0100a424e5
:10c4bc002b206400d8ff8014231865000010642c16
:10c4cc00d6ff805425100000023a0300023303000b
:10c4dc00040023ae00010324010004240c0023ae4d
:10c4ec0000100324000024ae100027ae180023ae69
:10c4fc001c0026ae080024ae140024ae200024ae8e
:10c50c00c6ff0010240025aee2ff00102518000025
:10c51c00e0ff001001000324deff001002000324e2
:10c52c00dcff001003000324daff001004000324d6
:020000040000fa
:020000041d02db
:10c53c00e0ffbd271600a2301800b2af1c00bfaf41
:10c54c001400b1af1000b0af2b004010259080004c
:10c55c001900c014ffffb0300180113cf0c131262e
:10c56c005a0085944881838f18002296252805024d
:10c57c0001006324010042345a0085a4488183af32
:10c58c00180022a61400398e230020131c00bf8f24
:10c59c001800b28f1400b18f1000b08f0180043cd2
:10c5ac0025380000010006240100052400c2842463
:10c5bc00080020032000bd270e1d410f0180113cf7
:10c5cc00f0c131265a0045964881868f1800239673
:10c5dc00252805020100c624010063345a0045a633
:10c5ec0025204000488186af101d410f180023a65e
:10c5fc00e5ff00101400398e0d00c014ffffb030a1
:10c60c005a0085944881828f252805020100422416
:10c61c005a0085a4488182af1c00bf8f1800b28fce
:10c62c001400b18f1000b08f0800e0032000bd276c
:10c63c000e1d410f000000005a0045964881838f63
:10c64c001c00bf8f252805025a0045a61400b18f87
:10c65c001800b28f1000b08f010063242520400019
:10c66c002000bd27488183af101d410b0000000046
:020000040000fa
:020000041d02db
:10c67c00d8ffbd27030002241c00b1af1800b0afd7
:10c68c002400bfaf2000b2af258080001300a210a1
:10c69c000400918c0000828c039d053c2520200217
:10c6ac000000428c09f840007c6da5240000028e2d
:10c6bc00039d053c252020020000428c09f8400017
:10c6cc00b86da5242400bf8f2000b28f1c00b18f41
:10c6dc001800b08f0800e0032800bd270400c48cac
:10c6ec004bc2400f3000a6af2590400021004010f7
:10c6fc003000a68f0800c48c09a9400f1000a52794
:10c70c000c004014039d053c0000028e25202002e5
:10c71c000000428c09f84000dc6da5242400bf8f7a
:10c72c002000b28f1c00b18f1800b08f0800e003fe
:10c73c002800bd271000a527020f410f252040021d
:10c74c000000038e170040140000638c039d053c11
:10c75c005c6da52409f86000252020022400bf8f01
:10c76c002000b28f1c00b18f1800b08f0800e003be
:10c77c002800bd270000028e039d053c25202002c9
:10c78c000000428c09f84000ecfea5242400bf8f69
:10c79c002000b28f1c00b18f1800b08f0800e0038e
:10c7ac002800bd27039d053ceaff0010406da52421
:020000040000fa
:020000041d02db
:10c7bc00d8ffbd270200822c2400bfaf2000b4afed
:10c7cc001c00b3af1800b2af1400b1af2e00401074
:10c7dc001000b0af00a0113c700a2292ff0003249d
:10c7ec000a004310258000002400bf8f2510000292
:10c7fc002000b48f1c00b38f1800b28f1400b18fbf
:10c80c001000b08f0800e0032800bd274020040072
:10c81c00f88192278a91447e700a3026020000a685
:10c82c00ffff533225206002b115410f0c0002ae00
:10c83c0000a0033c101f6324040002aea00065247a
:10c84c00ffff0424000064ac080060ac10006324fb
:10c85c00fdff6554000064ac00a0143c06000724e6
:10c86c0025304000302885261698400f2520600280
:10c87c00050040103028838e4653023c4d50422414
:10c88c000b006210302894262400bf8f0100102466
:10c89c00251000022000b48f1c00b38f1800b28f3b
:10c8ac001400b18f1000b08f0800e0032800bd27e2
:10c8bc000400839602010224f4ff62142400bf8f4b
:10c8cc000400068e00a0053c020007240600c624c6
:10c8dc00720aa524252060021698400f25800000be
:10c8ec00eaff40102400bf8fbfff0010700a32a275
:020000040000fa
:020000041d02db
:10c8fc00e0ffbd271000b0af0180103cc8cf102660
:10c90c001400038e3400028e1c00bfaf1800b2afaf
:10c91c001400b1af100003ae270040500400028e8b
:10c92c000c00438c240062040400028e0c00518c19
:10c93c000400028e1400128e1800428c21885102c1
:10c94c0009f840002b9032021000048e2b2044007a
:10c95c0024008014252800002000038e2110620082
:10c96c002b184300211865002b204302280080144b
:10c97c0000000000290072102b1822021c0011aebe
:10c98c001c00028e040040540400028e010002249c
:10c99c001c0002ae0400028e1c00048e1c00bf8f13
:10c9ac001800b28f1400b18f1000b08f1400598c86
:10c9bc00080020032000bd271400128eff7f113cbd
:10c9cc001800428cffff313609f8400021885102d3
:10c9dc001000048e2b9032022b204400deff8010be
:10c9ec0025280000ffff44242b1882002528600016
:10c9fc002000038e25108000211062002b184300ac
:10ca0c00211865002b204302daff80100000000083
:10ca1c001c0002aedaff001000000000d7ff60100f
:10ca2c00000000001c0002aed5ff0010000000004a
:020000040000fa
:020000041d02db
:10ca3c000080033cd0ffbd27902c63242c00bfaf9b
:10ca4c002800b1af2400b0af1000a0af1400a0a715
:10ca5c0032008314faff02242588a0003400a010b1
:10ca6c004c00908c060006241000a527f00f410ff7
:10ca7c00252020022e0040101800a8270300228a2f
:10ca8c0005002392040024920000229ac104073c62
:10ca9c001d00a3a31800a2af1c00a4a31e00a9276d
:10caac00ffff0224ff000324b71de72400000591bb
:10cabc000200001008000624021e02000100a4302f
:10cacc00c2190300ffffc6240200831040100200ad
:10cadc0026104700f8ffc01442280500000005a1ed
:10caec0001000825f1ff2815021e02000007437cf7
:10cafc001c00601488bf033c4820632401000424fc
:10cb0c00c025427c04104400000062ac0080053457
:10cb1c000c1b410f25200002251000002c00bf8f9c
:10cb2c002800b18f2400b08f0800e0033000bd272f
:10cb3c0025200002081b410f00800534252000022f
:10cb4c0025300000201b410f253800002c00bf8f22
:10cb5c00251000002800b18f2400b08f0800e003de
:0ccb6c003000bd27e5ff001058206324b6
:020000040000fa
:020000041d02db
:10cb7800d8ffbd271800b2afd480928f01000224dd
:10cb88002400bfaf2000b4af1c00b3af1400b1af96
:10cb9800090042121000b0af2400bf8f2000b48fec
:10cba8001c00b38f1800b28f1400b18f1000b08f23
:10cbb8000800e0032800bd27d080828ff6ff4018c8
:10cbc800c880838f1400828c25988000020004247a
:10cbd800d48084af140060100490520025880000af
:10cbe800d880828f808011000a80507c0b00005210
:10cbf80001003126a819410f4800048e01000424c1
:10cc080004184400030040042418720014006054ff
:10cc18003e000296c880838f010031262b10230224
:10cc2800f0ff4014d880828f1800638e020002241f
:10cc380017006210d080828f2400bf8f0100022469
:10cc48002000b48f1c00b38f1800b28f1400b18f6e
:10cc58001000b08fd48082af0800e0032800bd2701
:10cc68003c00148e002006240400827c3e0002a6ac
:10cc780025280000c3da400f252000023e00029656
:10cc88000004947e0400827ee2ff00103e0002a6ab
:10cc9800ffff4224e8ff4014d08082afeaea400f49
:0ccca80000000000bcff0010d48080af32
:020000040000fa
:020000041d02db
:10ccb400d0ffbd27030002242000b1af1c00b0af99
:10ccc4002c00bfaf2800b3af2400b2af2580800092
:10ccd4001400a2100400918c0000828c049d053c79
:10cce400b495a5240000428c09f8400025202002b8
:10ccf4000000028e049d053ce095a5240000428cb2
:10cd040009f84000252020022c00bf8f2800b38f93
:10cd14002400b28f2000b18f1c00b08f0800e00304
:10cd24003000bd270400c48c4bc2400f2590c000c6
:10cd340026004010259840000000028e0800468e10
:10cd4400049d053c0400428c0c96a52409f840007f
:10cd5400252020020800448e4ca7400f1000a52770
:10cd64000d004014049d053c0000028e2520200285
:10cd74000000428c09f840001c96a5242c00bf8fab
:10cd84002800b38f2400b28f2000b18f1c00b08f15
:10cd94000800e0033000bd271000a527c406410f9a
:10cda40025206002d9ff40542c00bf8f0000028e62
:10cdb400049d053c3c96a5240000428c09f84000e3
:10cdc40025202002d1ff00102c00bf8f0000028e0e
:10cdd400039d053cecfea5240000428c09f84000ac
:0ccde40025202002c9ff00102c00bf8f8a
:020000040000fa
:020000041d02db
:10cdf000b481838f98ffbd275400b0af6400bfafec
:10ce00006000b3af5c00b2af5800b1af240060184f
:10ce1000c081908f259880002588000046000486f8
:10ce2000ffff12241b0092500100312623006052a4
:10ce30001400058e5605410f1000a5273800a28f5b
:10ce400013005314b481838f1400058e0d00b210ab
:10ce50007481848f1400828c09f840000000000067
:10ce60008081878f0700e010140012ae1800e28c5a
:10ce7000040040105f0006260800052409f8400061
:10ce800025200002bcc0400f46000486b481838f79
:10ce9000010031262a102302e0ff40146001102611
:10cea0006400bf8f6000b38f5c00b28f5800b18ff9
:10ceb0005400b08f0800e0036800bd271000b25096
:10cec0002000058e7481848f1400828c09f8400044
:10ced000000000008081878f0700e010140012ae70
:10cee0001800e28c040040105f00062608000524ac
:10cef00009f8400025200002460004862000058e27
:10cf00000400a0100000000093ca400f00000000c1
:10cf100046000486cbb3400f01003126ffff0224f8
:0ccf2000460002a6dbff0010b481838fe6
:020000040000fa
:020000041d02db
:10cf2c00d8ffbd27ffff84241800b1afffff91305d
:10cf3c000a00222e2400bfaf2000b3af1c00b2affa
:10cf4c00260040101400b0afc08011002110110257
:10cf5c000180123c80100200a4c6522621204202fd
:10cf6c00000083901d0060102598400004008394fd
:10cf7c002000623009004050218011020c00828c8c
:10cf8c001000428c05004050218011021c006426c8
:10cf9c0009f84000212044022180110280801000f9
:10cfac00218050020800028e2800428c2300401081
:10cfbc002400bf8f09f84000060004860180023c63
:10cfcc0070c4422401004390010004240a00641040
:10cfdc0021905302fcff0224030002a22400bf8f05
:10cfec002000b38f1c00b28f1800b18f1400b08fcb
:10cffc000800e0032800bd27000040ae040040ae4e
:10d00c00080040ae0c0040ae100040ae140040ae24
:10d01c00180040ae1c0040ae200040ae010043a002
:10d02c002400bf8f2000b38f1c00b28f1800b18f6b
:10d03c001400b08f0800e0032800bd27ffff022476
:10d04c00030002a22000b38f1c00b28f1800b18f16
:0cd05c001400b08f0800e0032800bd277e
:020000040000fa
:020000041d02db
:10d068000400828cc0ffbd273800beaf2800b4afd3
:10d078002000b2af1c00b1af3c00bfaf3400b7af67
:10d088003000b6af2c00b5af2400b3af1800b0af76
:10d098002588c0002590e0005400b48f02004104a8
:10d0a8005800be8f010002241000908c0c00958c53
:10d0b8000000d78f5000b38fffff10262118b00251
:10d0c800000060a001000924234053000200f73249
:10d0d800c3b714001000001e251032022c00205186
:10d0e8000000c28f3c00bf8f251000023800be8fa1
:10d0f8003400b78f3000b68f2c00b58f2800b48f5e
:10d108002400b38f2000b28f1c00b18f1800b08f9d
:10d118000800e0034000bd27070040142110130158
:10d128000600401c25202002ecff601a00000000c9
:10d13800eaffe01200000000252020022528400216
:10d14800253080022538c0021400a8af575b400f75
:10d15800ffff10261000a2af2118b00230004224b1
:10d168002520200225284002000062a025308002e8
:10d17800685a400f2538c002ffff732625884000f3
:10d18800259060001400a88fd2ff00101000a98f0e
:0cd198000421027cd3ff00100000c2af95
:020000040000fa
:020000041d02db
:10d1a400e0ffbd271400b0af200090940800838cea
:10d1b4001800b1af25888000080004321c00bfaffe
:10d1c400220080101000628c010044302000805046
:10d1d4000060063201006290c23210004031060045
:10d1e400440024960100c634010047300004c534cd
:10d1f400220003242d0083100b30a70002004230cc
:10d204000008c3340b30620004000524bdf4400f51
:10d2140025202002090040101c00bf8f010110329c
:10d224000101022428000212040002241a0022a68a
:10d23400080002241c0022a61c00bf8f1800b18f16
:10d244001400b08f0800e0032000bd270060063200
:10d254000400c0100001c3340001467c40330600c2
:10d264000001c334005010320b3070000001423012
:10d274000040c3340b30620025280000bdf4400f89
:10d2840025202002edff40101c00bf8f0400022463
:10d294001a0022a60a0002241c0022a61400b08f41
:10d2a4001800b18f0800e0032000bd274600239634
:10d2b4002016042420166330d1ff64140200423087
:10d2c400d2ff0010040005241a0022a6060002243e
:08d2d400d9ff00101c0022a686
:020000040000fa
:020000041d02db
:10d2dc00c0ffbd270200a5283400b2af3c00bfaf91
:10d2ec003800b3af3000b1af2c00b0af3900a01490
:10d2fc000400928c258880000400c48c049d053c9d
:10d30c008a14410f64d7a5240800401025804000e2
:10d31c003c00bf8f3800b38f3400b28f3000b18f18
:10d32c002c00b08f0800e0034000bd27ae0c410f6d
:10d33c002000a4270000238e2000a78f049d053c0d
:10d34c000400638c253040006cd7a52409f86000dc
:10d35c00252040022000a28fedff4018049d133cb5
:10d36c00252000021800a6271c00a527aedb400fc5
:10d37c0025380000253000029cd7652601001026b8
:10d38c0009004010252040020000238e1000a2af9f
:10d39c001800a28f1c00a78f1400a2af0400628c8f
:10d3ac0009f84000000000002000a28f2a100202a1
:10d3bc00ecff4014252000023c00bf8f3800b38fd7
:10d3cc003400b28f3000b18f2c00b08f0800e00316
:10d3dc004000bd270000828c049d053c25204002a6
:10d3ec000000428c09f8400050d7a5243c00bf8fa8
:10d3fc003800b38f3400b28f3000b18f2c00b08f57
:08d40c000800e0034000bd2709
:020000040000fa
:020000041d02db
:10d41400d8ffbd270180023c2000b4af1800b2af92
:10d424001000b0af2590800025a0a0002400bfaf5d
:10d434001c00b3af1400b1af10c84224ffff052491
:10d444002580000006000010080004242400721047
:10d45400409810000100102609000452ffff022426
:10d464000000438cf9ff60141800422425280002b0
:10d4740001001026fbff04560000438cffff02242a
:10d484002800a2100180023c25180000252000007d
:10d494000cc8512440100500211045002400bf8f02
:10d4a400c010020021102202040052ac000054ac4f
:10d4b400080046ac0c0047ac100044ac140043ac6c
:10d4c4002000b48f010002241c00b38f1800b28f17
:10d4d4001400b18f1000b08f0800e0032800bd27ae
:10d4e400219870020180023cc09813000cc851249a
:10d4f400219833020800658e2520c0003400a7afb0
:10d504008a14410f3000a6af0600401425280002fb
:10d514001000648e1400638e3000a68fddff0010af
:10d524003400a78f2400bf8f251000002000b48f83
:10d534001c00b38f1800b28f1400b18f1000b08f8d
:08d544000800e0032800bd27e8
:020000040000fa
:020000041d02db
:10d54c00020002244900821000000000d8ffbd2711
:10d55c001c00b0af2580c0002400bfaf2000b1afcd
:10d56c00330000122530a0000000028e1c00401475
:10d57c002588000025380000252800006250400f47
:10d58c0001000424ffff03241c004310d880848f67
:10d59c0080180200010006240a18837c770065902d
:10d5ac00480071ac1b00a610740064940500201296
:10d5bc000100052401000524446ba47c740064a4c0
:10d5cc00010005248473a47c740064a42400bf8f20
:10d5dc002000b18f1c00b08f0800e0032800bd278d
:10d5ec001000a5af252000023501410f25280000b1
:10d5fc0025884000dfff40141000a68f2400bf8f49
:10d60c00ffff02242000b18f1c00b08f0800e00344
:10d61c002800bd270000068e0463a47c740064a45b
:10d62c00e4ff2016440066ace6ff00100100052460
:10d63c0025380000252800006250400f010004240a
:10d64c00ffff0324e1ff4310d880848f8018020071
:10d65c002400bf8f0a18837c2000b18f1c00b08f70
:10d66c00480060ac0800e0032800bd270800e00378
:04d67c00ffff022486
:020000040000fa
:020000041d02db
:10d68000e0ffbd271400b1af1c00bfaf1800b2af60
:10d690001000b0af2e00800425880000c880828f63
:10d6a0002b1082002a004010d880908f8020040028
:10d6b0000a80047e270000521c00bf8f2500c05046
:10d6c0001c00bf8f1c00038e2000098e2b206900d8
:10d6d000260080101800028e1400088e23204900b6
:10d6e000234068002118040101006324ffff633018
:10d6f0002120e6002a206400030080102588c00055
:10d7000023186700ffff7130213827012b184700cd
:10d7100006006010239047001400038e2318430076
:10d72000271803002138e300239047000100522608
:10d73000ffff52322b1051020f0040142518a00099
:10d74000253020022528e0007f14410f25206000ad
:10d750001c00bf8f251020021800b28f1400b18f5b
:10d760001000b08f0800e0032000bd2723186900d7
:10d77000dfff0010ffff6330253040022528e00066
:10d780007f14410f252060001400058e23303202e3
:10d790007f14410f212052001c00bf8f2510200252
:10d7a0001800b28f1400b18f1000b08f0800e00392
:04d7b0002000bd2771
:020000040000fa
:020000041d02db
:10d7b400e0ffbd27030002241800b2af1400b1af8c
:10d7c4001000b0af1c00bfaf258080002588c000ca
:10d7d4001400a2100400928c0000828c0000c68cfd
:10d7e400049d053c0400428c2520400209f84000b9
:10d7f4003c37a5240000028e0000268e252040021e
:10d804001c00bf8f1800b28f1400b18f1000b08fae
:10d814000400598c029d053c2c21a52408002003fa
:10d824002000bd274bc2400f0400c48c28004010c8
:10d834006f0004240800228e000043901f006450ef
:10d8440001004590010005241100a0100000048e81
:10d854006f0005240b006550010043900000998c73
:10d86400029d053ca022a524252040021c00bf8f58
:10d874001800b28f1400b18f1000b08f080020037d
:10d884002000bd2766000224f5ff62540000998c35
:10d894000400998c0000268e252040021c00bf8fb6
:10d8a4001800b28f1400b18f1000b08f049d053c96
:10d8b4006037a524080020032000bd276e0004243f
:10d8c400e1ffa45401000524dfff00102528000017
:10d8d4000000028e029d053c4421a524e2ff0010b5
:04d8e4000000598c5b
:020000040000fa
:020000041d02db
:10d8e800d0ffbd272c00bfaf2800b5af2400b4afd0
:10d8f8002000b3af1c00b2af1800b1af43008010d6
:10d908001400b0af258880002598a0002590c0009d
:10d9180025800000049d143c220005249311410f2a
:10d92800252020020200401025a84000000040a049
:10d93800252020023ae6400fbc7485268018100086
:10d948002b2012020c0040102118630201008054a1
:10d95800000062ac25880000010010262520200266
:10d968003ae6400fbc748526801810002b2012025e
:10d97800f6ff4014211863021000a0120100b5261a
:10d98800220005249311410f2520a0021500401004
:10d998002c00bf8f1300a2122b1812020400601073
:10d9a800000040a08018100021186302000075ac28
:10d9b80001005124d8ff2016010010262c00bf8f2b
:10d9c800251000022800b58f2400b48f2000b38fe3
:10d9d8001c00b28f1800b18f1400b08f0800e0034c
:10d9e8003000bd27ffff1024251000022800b58f46
:10d9f8002400b48f2000b38f1c00b28f1800b18fa1
:10da08001400b08f0800e0033000bd27ebff0010c2
:04da18002580000065
:020000040000fa
:020000041d02db
:10da1c001b5b410072657365740000004661696ca4
:10da2c00656420746f206372656174652074686529
:10da3c0020436f6e736f6c65204150490d0a0000d6
:10da4c00202a2a2a20436f6d6d616e642050726ffc
:10da5c00636573736f723a20506c656173652074e3
:10da6c0079706520696e206120636f6d6d616e64e5
:10da7c002a2a2a0d0a000000202a2a2a20436f6d28
:10da8c006d616e642050726f636573736f723a20b0
:10da9c00756e6b6e6f776e20636f6d6d616e642e3d
:10daac00202a2a2a0d0a00000a0d20546f6f206dbf
:10dabc00616e7920617267756d656e74732e204d81
:10dacc006178696d756d2061726773207375707004
:10dadc006f727465643a202564210d0a0000000001
:10daec003e000000081b5b4b25731b5b2564440048
:10dafc00081b5b4b000000001b5b4b25731b5b255d
:10db0c006444000025731b5b25644400202a2a2ae8
:10db1c0020436f6d6d616e642050726f636573731b
:10db2c006f722062756666657220657863656564e0
:10db3c0065642e2052657472792e202a2a2a0d0ac9
:04db4c0000000000d5
:020000040000fa
:020000041d02db
:10db5000d8ffbd272000b3af1c00b2af25988000ce
:10db6000ffffb2240c0002241400b0af21909200f9
:10db7000049d103c2b1053001800b1af2400bfaf20
:10db8000ffff5232206f1026050040142588000048
:10db9000000002962b1042020e004010ff002532ba
:10dba0000100312604000224110022120400102674
:10dbb000020002962b105300faff40540100312658
:10dbc000000002962b104202f6ff4054010031265d
:10dbd000ff0025322530000011fe400f0100042413
:10dbe0000100312604000224f1ff22160400102651
:10dbf000251000002b18530025800000049d113cc7
:10dc0000030060142b1042020e004010ff0005328a
:10dc100001001026807422264020100004000324f6
:10dc20001100031221104400000042942b185300ed
:10dc3000f7ff60142b104202f6ff4054010010263b
:10dc4000ff000532020004242530000011fe400fc1
:10dc500001001026807422264020100004000324b6
:10dc6000f1ff0316211044002400bf8f2000b38f62
:10dc70001c00b28f1800b18f1400b08f0800e003b1
:04dc80002800bd2794
:020000040000fa
:020000041d02db
:10dc8400e0ffbd271c00bfaf1400b0afe3fe400fa0
:10dc94001800b1af4c82908f2502410f23805000b1
:10dca40080180200211062002b800202040000127e
:10dcb40000000000308082933a0040101c00bf8fa7
:10dcc400e3fe400f0180113c308083934c8282af8d
:10dcd4002b200300232064000180033c8cc96324af
:10dce400308084a3ccc82226b00068240000678c4e
:10dcf4000400668c0800658c0c00648c100063249e
:10dd0400000047ac040046ac080045ac0c0044ac31
:10dd1400f6ff68141000422400006a8c0400698c29
:10dd24000800688c0c0067940e00639000004aacf5
:10dd3400040049ac080048ac0c0047a40e0043a002
:10dd4400508282970180103c25300000ccc82426e4
:10dd540000d41026bf000524bb77400f568282a74b
:10dd64000400048e25280000588282a7bf000224e4
:10dd74001912410f548282a7060005245482842775
:10dd84009f95400f0c0000aeccc824261c00bf8f0a
:10dd94001800b18f1400b08fbf0005249f95400b6d
:10dda4002000bd271800b18f1400b08f0800e003d5
:04ddb4002000bd2767
:020000040000fa
:020000041d02db
:10ddb800d8ffbd272000b4af2400bfaf1c00b3af0d
:10ddc8001800b2af1400b1af1000b0af2400e010db
:10ddd8003800b48f020002242b00c2100100022474
:10dde8002000c214258000000c01908c0801918c41
:10ddf8002598a0000800028e290040102590e00018
:10de080017006012258000000800001025308002ed
:10de1800000082ac140083ac0c0022ae0100102676
:10de2800110070122400bf8f2530800218000524cd
:10de380009f84002010004240400432409004010aa
:10de480000e0637c0c00248e000040acf0ff8014de
:10de5800140040ac0c0022aef0ff0010080022ae07
:10de6800258000002400bf8f251000022000b48ff9
:10de78001c00b38f1800b28f1400b18f1000b08f40
:10de88000800e0032800bd270401908c0001918c54
:10de98002598a0000800028ed9ff40142590e000c4
:10dea800253080021800052409f8e0000100042448
:10deb800ecff4050258000000800048e0c00058e01
:10dec8000400832400e0637c000044ac140043aced
:10ded800cbffa014080002aec9ff00100c0002ae70
:020000040000fa
:020000041d02db
:10dee8000200022448008250ffff0724d8ffbd2704
:10def8001800b0af2580c0001c00b1af2400bfaf30
:10df08002000b2af2588e000040000122530a000f0
:10df18000000028e110040541000a5af2538000003
:10df280025282002fc70400f0100042425384000f9
:10df3800ffff02242c00e214b480828f2400bf8fdc
:10df4800ffff07242510e0002000b28f1c00b18fce
:10df58001800b08f0800e0032800bd272520000224
:10df68003501410f2528000025904000f3ff40109f
:10df78001000a68f2538000025282002fc70400fcd
:10df88000100042425384000ffff0224ebffe210c3
:10df9800b480828f80400700253000020a40487c08
:10dfa8002528400277f5400f252000014100029105
:10dfb800c0ff032425104300410002a14000028d48
:10dfc80001000324448c627c400002ad2400bf8f12
:10dfd8002510e0002000b28f1c00b18f1800b08f10
:10dfe8000800e0032800bd27804007002530000016
:10dff8000a40487c2528000077f5400f25200001bd
:10e00800efff00104000028d0800e0032510e0003b
:020000040000fa
:020000041d02db
:10e01800d0ffbd272c00bfaf2800b5af2400b4af98
:10e028002000b3af1c00b2af1800b1af38008010a9
:10e038001400b0af3600a0102598a0002800c01426
:10e048000800908c180000122c00bf8f1c00118e45
:10e05800120020520000108e120033122590600228
:10e0680004000010000054920f0080122c00bf8f93
:10e078000000549201003126010052262319410f55
:10e0880025208002ffff24922319410f25a8400074
:10e09800f5ffa212000000000000108eecff0056f1
:10e0a8001c00118e2c00bf8f251000022800b58f90
:10e0b8002400b48f2000b38f1c00b28f1800b18fda
:10e0c8001400b08f0800e0033000bd278a14410f08
:10e0d80025206002f4ff40102c00bf8f0000108e36
:10e0e800faff00561c00058e2c00bf8f2510000279
:10e0f8002800b58f2400b48f2000b38f1c00b28f86
:10e108001800b18f1400b08f0800e0033000bd275d
:10e118002c00bf8f25800000251000022800b58f35
:10e128002400b48f2000b38f1c00b28f1800b18f69
:0ce138001400b08f0800e0033000bd2789
:020000040000fa
:020000041d02db
:10e14400e0ffbd271400b0af4c00908c1800b1afb5
:10e15400258880001c00bfafdc1a410f2520000277
:10e16400e41a410f25200002ec1a410f2520000279
:10e17400ee1b410f25200002fdff401400000000ab
:10e18400e01a410f252000020300001000000000e7
:10e19400d01a410f000000006e1c410f2520000220
:10e1a400fbff401425200002c0002326000075bc9c
:10e1b4000f0000000020053c251865000c0060ac31
:10e1c400080060acd0002426000123ae000095bcfa
:10e1d4000f000000252085000c0080ac080080acf6
:10e1e400e0002326040124ae000075bc0f000000eb
:10e1f400251865000c0060ac080060acf000222615
:10e20400080123ae000055bc0f0000002510450096
:10e214000c0040ac080040ac252000020c0122aeea
:10e22400001c410fef630524252000021f1a410f33
:10e234002528000025280000241a410f252000026b
:10e24400d41a410f25200002d81a410f25200002bc
:10e25400252000021c00bf8f1800b18f1400b08f5e
:0ce26400000605246c1c410b2000bd27a7
:020000040000fa
:020000041d02db
:10e270001400828c3300401403000324d8ffbd2710
:10e280002000b0af2400bfaf310082901b004310cc
:10e2900025808000ffff43240200632c39006010ba
:10e2a000010008240c00838c1000848c3000638ce7
:10e2b0003200059636000696240048103400079672
:10e2c0001800a2271400a2af09f860001000a0af48
:10e2d00015004014020003241800a38f020002243a
:10e2e00023006214049d043c030002242400bf8f19
:10e2f0002000b08f0800e0032800bd270c00828cae
:10e300001800a3271000a3af36008694320085942e
:10e310002c00428c1000848c09f840002538000045
:10e32000edff401002000324140002ae300003a2ef
:10e33000010002242400bf8f2000b08f0800e003fa
:10e340002800bd270800e003030002241800a827c6
:10e350001400a8af09f860001000a2afdeff401063
:10e360002518000025100000f2ff0010300003a265
:10e37000470105244e10410f98618424dbff0010f3
:10e38000feff0224049d043c3b0105245b10410f69
:0ce3900098618424d5ff0010ffff0224d8
:020000040000fa
:020000041d02db
:10e39c00760083900b00662c1400c0100100022440
:10e3ac0004306200f002c7301000e01425100000a9
:10e3bc00d8ffbd270c01c7302400bfaf2000b1af80
:10e3cc000c00e0141c00b0af0004c6303700c05481
:10e3dc0025280000010002242400bf8f2000b18feb
:10e3ec001c00b08f0800e0032800bd270800e003e4
:10e3fc00000000002580800074008494400084306c
:10e40c0022008010000000000000048e100004aefa
:10e41c000c0004ae1400a010080004ae070000109d
:10e42c001100112410006050760003920800048e35
:10e43c001000038e0c00835076000392010006241a
:10e44c0025282002a725400f25200002f5ff4304b4
:10e45c00640003963e00039601000424c45a837c96
:10e46c00ddff00103e0003a63e0004960800633852
:10e47c000900062404000524c45a047c0a28c3009d
:10e48c003e0004a6d4ff0010760005a2ebffa014fa
:10e49c00110011240800058e1000048ef2ffa41048
:10e4ac0010001124e6ff0010010006249c7a400f96
:0ce4bc001000a2afc8ff00101000a28fdb
:020000040000fa
:020000041d02db
:10e4c8004800a01000000000d8ffbd272000b4af0e
:10e4d8001c00b3af1800b2af2400bfaf1400b1af37
:10e4e8001000b0af2598e0002590c0001400c014bb
:10e4f8001000948c2300e010010002248081868f94
:10e508002c00c0102400bf8f1400c28c2a00405079
:10e518002510e00009f840002000848e2400bf8ff9
:10e52800251060022000b48f1c00b38f1800b28f32
:10e538001400b18f1000b08f0800e0032800bd2739
:10e548000180043c1cd48424840d410f2588a0003c
:10e55800200040102580400010000624252040009f
:10e568000116410f2528000025280002750d410fce
:10e5780014008426040011ae0a006016080012a6d2
:10e588002b1010002400bf8f2000b48f1c00b38f05
:10e598001800b28f1400b18f1000b08f0800e0038c
:10e5a8002800bd270c00029601004234f4ff001039
:10e5b8000c0002a62510e0002000b48f1c00b38fc9
:10e5c8001800b28f1400b18f1000b08f0800e0035c
:10e5d8002800bd277081828f01004224e8ff0010c7
:0ce5e800708182af0800e00325100000e5
:020000040000fa
:020000041d02db
:10e5f400c8ffbd272c00b7af0800b7242000b4af74
:10e6040025a080002520e0022800b6af3400bfaf6b
:10e614003000beaf2400b5af1c00b3af1800b2afda
:10e624001400b1af1000b0affd12410f25b0a0002f
:10e634002b0040103400bf8f1c00908e20009526c4
:10e6440025984000238015022a1050000000928e65
:10e654002e0040100400918e049d1e3c0000428e4a
:10e66400ffff10263871c52709f840002520200235
:10e67400fbff70560000428e25806002049d1e3c04
:10e684000000428effff10263c71c52709f84000a8
:10e6940025202002fbff00560000428e2528e002c0
:10e6a4001516410f2520a0020000428e049d053c52
:10e6b4004071a52409f84000252020020000428e64
:10e6c4002198b3022528a00209f840002520200241
:10e6d400180093ae1c0093aed40096ae3400bf8fe6
:10e6e4003000be8f2c00b78f2800b68f2400b58f62
:10e6f4002000b48f1c00b38f1800b28f1400b18fa8
:10e704001000b08f0800e0033800bd27e4ff0012ba
:0ce714002528e002daff0010049d1e3ce6
:020000040000fa
:020000041d02db
:10e720004100801400000000e8ffbd271000b0afda
:10e730000180103c00cb0426180082903c0040145d
:10e740001400bfaf2400a38c2000a68c1800a88c56
:10e750001c00a28c780083ac0100033c010009245a
:10e76000010063240200c72c00cb00ae180089a072
:10e77000740080a06c0088ac580082ac700086ac3d
:10e78000600080ac640080ac440083ac5c0082ac70
:10e790000800e014000040ac2400422401000324df
:10e7a000000043ac01006324fcff42acfcffc31437
:10e7b00024004224010102240000a7940800a6902e
:10e7c0000400a88c1400a38ca80082a41000a290be
:10e7d000480087a4500086a0ffff072401000624fc
:10e7e000540088ac4c0087ac510086a01c0083ac60
:10e7f00008004014140080ac1400bf8f01000224f4
:10e8000000cb02ae251000001000b08f0800e0031e
:10e810001800bd271100a5903d1a410f25200000ca
:10e82000f6ff00101400bf8f0800e003ffff022472
:10e830001400bf8fffff02241000b08f0800e00318
:04e840001800bd27d8
:020000040000fa
:020000041d02db
:10e84400d8ffbd272000b3af1800b1af1400b0af9c
:10e854002400bfaf1c00b2af0e00a290020011242e
:10e864002580a00012005110259880000300122476
:10e8740028005210010003241a00431066040524e2
:10e88400049d043cb610410fe06584240700022473
:10e894000e0002a22400bf8f2000b38f1c00b28f91
:10e8a4001800b18f1400b08f0800e0032800bd27c2
:10e8b400ac1c410f1000848cf7ff40142400bf8f60
:10e8c400df14410f1000648e0800038e0014020050
:10e8d4002518620006000224080003aeedff0010b4
:10e8e4000e0002a2ac1c410f1000848ceaff4014fd
:10e8f4002400bf8f040006961000648e8019c57c26
:10e904001000a534130b410f4020c67ce1ff00101a
:10e914000e0012a2ac1c410f1000848cdeff4014c8
:10e924002400bf8fdf14410f1000648e040005968d
:10e93400080002ae1000648e4020a67c8019a57cdd
:10e944000100c634130b410f1000a5340d000292d0
:10e9540006000324010042300b886200cdff001042
:04e964000e0011a2ee
:020000040000fa
:020000041d02db
:10e96800d0ffbd272400b2af2000b1af1c00b0af6c
:10e978002c00bfaf2800b3af0f00a2902580a000e5
:10e988002588e00013004714259080002528000200
:10e99800f4df400f2520c0001a00021210000624e0
:10e9a800049d043c36050524b610410f10668424e6
:10e9b80002000224290022122c00bf8f2800b38fe6
:10e9c8002400b28f2000b18f1c00b08f0800e00334
:10e9d8003000bd27049d043c2a05052410668424c4
:10e9e800b610410f1000a6af1000a68f2528000210
:10e9f800f4df400f2520c000eaff0216049d043c06
:10ea08001000062425280000040004260116410fe2
:10ea18000c0013928800428e17004010000000aed0
:10ea2800000050ac880050ae8c00428e03000324d6
:10ea3800010042248c0042ae01000224dcff631670
:10ea48000f0002a2ae1c410f1000448e0200429635
:10ea5800c418027cd6ff0010020042a61000448ea3
:10ea68002800b38f2400b28f2000b18f1c00b08f14
:10ea7800aa1c410b3000bd27880050aeeaff0010e9
:04ea8800840050ae08
:020000040000fa
:020000041d02db
:10ea8c0023008004b080838fe8ffbd271400bfaf44
:10ea9c002a1883001a006010254800002550c00079
:10eaac00801b410f251880001500401025404000a8
:10eabc001a00a0143c004b90120060151400bf8f7c
:10eacc004000438c3c0040a03f004290448c037caf
:10eadc00400003ad010042300400401428000aa598
:10eaec004000028d8410027c400002ad4000028d7b
:10eafc000100032401000924448c627c400002ad17
:10eb0c001400bf8f251020010800e0031800bd275a
:10eb1c00254800000800e00325102001ffffa22477
:10eb2c000200422cf7ff40101400bf8f040060510c
:10eb3c004000028df4ff6515251020014000028d68
:10eb4c003c0005a1448c027c1400e010400002ad96
:10eb5c002530e000f9ff400f25206000090040102f
:10eb6c00254840003f00029104004330daff605416
:10eb7c00010042304000038d0421037cd5ff0010be
:10eb8c00400003ad4000028d010003243c000ba1aa
:10eb9c00448c627cdaff0010400002adcdff001007
:04ebac003f00029193
:020000040000fa
:020000041d02db
:10ebb0005365742069702061646472657373204fbb
:10ebc0004b0d0a005365742069702061646472659e
:10ebd0007373206661696c65640d0a005573616723
:10ebe000653a207365746970203c696e746572665d
:10ebf0006163653e203c697076342f362061646421
:10ec0000726573733e203c697076346d61736b2f4f
:10ec10006970763620707265666978206c656e3e24
:10ec20000d0a000045783a207365746970205049d8
:10ec3000433332494e54203139322e3136382e305a
:10ec40002e38203235352e3235352e3235352e30b0
:10ec5000200d0a004e6f207375636820696e74651d
:10ec600072666163652069732075700d0a0000008b
:10ec7000416e206164647265737320736572766996
:10ec8000636520697320616c7265616479207275b7
:10ec90006e6e696e672e2053746f70204448435027
:10eca0002c205a434c4c2c206574632e20666972cc
:10ecb00073740d0a00000000496e76616c6964206f
:10ecc0004950206d61736b20737472696e67200dfb
:04ecd0000a00000036
:020000040000fa
:020000041d02db
:10ecd400e8ffbd271000b0af0180103c1400bfafa7
:10ece400c8cf02263000439015006014c8cf038ead
:10ecf4003800439001000224070062502400a7afab
:10ed04001400bf8fffff1024251000021000b08fe5
:10ed14000800e0031800bd272000a6af1c00a5af23
:10ed2400aa0f410f1800a4af1800a48f1c00a58fd0
:10ed34002000a68ff2ff40102400a78fc8cf038eb7
:10ed44000200022408006210ffff1024cb0a410fc6
:10ed5400000000001400bf8f251000021000b08fc7
:10ed64000800e0031800bd27f8ffa0102b10a40032
:10ed7400f6ff40140180033c258000004cca632444
:10ed84000500082400006290060040102480829749
:10ed940001001026fbff081624006324ebff00107b
:10eda400ffff10242320a400180060a001004824c1
:10edb400ffff08310014020025805000ffff0939cd
:10edc400010002240a404900000062a42800a28f26
:10edd400190060a0080065ac040062ac100066acc9
:10ede400140067ac0c0064ac200070acd7ff0010ba
:04edf400248088a748
:020000040000fa
:020000041d02db
:10edf80018ffbd27e000b2afe400bfafdc00b1af41
:10ee0800d800b0afa3fa400f2590a0003a004010f8
:10ee1800258040001000a427c80006240116410fd1
:10ee28002528000002000696040010262528000068
:10ee38000116410f25200002fd12410f2520000276
:10ee4800049d033c7060658c70606324211002028d
:10ee58000400648c030045a80800638c000045b8d2
:10ee6800070044a8040044b80b0043a80180063cee
:10ee7800049d053c080043b8afc9c6241000a42768
:10ee88003d16410f7c60a5241000a527252000020f
:10ee9800fe0f410f25884000c800062425280000e1
:10eea8000116410f1000a427fd12410f2520000272
:10eeb800211002027d0003240d00262625280002c9
:10eec80025204002000043a0010043a0020040a00a
:10eed8000100072432b9400fffffc630e400bf8f9e
:10eee80025100000e000b28fdc00b18fd800b08f91
:10eef8000800e003e800bd27e400bf8f03000224f8
:10ef0800e000b28fdc00b18fd800b08f0800e003ba
:04ef1800e800bd2729
:020000040000fa
:020000041d02db
:10ef1c00e0ffbd271400b1af0800918c0180023cca
:10ef2c0084ce4224261022021000b0af1c00bfafca
:10ef3c001800b2af258080005d00410f0b880200e5
:10ef4c002b0040101c00bf8f34000296000243308f
:10ef5c000f006010220002a6e3fe400f000000002c
:10ef6c002c00038e2b1043002600401002000224bc
:10ef7c00252000021c00bf8f1800b28f1400b18f27
:10ef8c001000b08f2528000084f7400b2000bd270f
:10ef9c00e3fe400f00000000259040002000228e70
:10efac002502410f0400518c6210033c02102272a6
:10efbc00d34d63240100052425200002e7034224dd
:10efcc0019004300101000008211020021105200a1
:10efdc0084f7400f2c0002ae050040101c00bf8fc0
:10efec00050002241a0002a61c0000a61c00bf8ffc
:10effc001800b28f1400b18f1000b08f0800e0031e
:10f00c002000bd27020002a6f9ff023c1c0002ae44
:10f01c00180000ae1c00bf8f1800b28f1400b18f07
:10f02c001000b08ff9ff0424331a410b2000bd27c8
:020000040000fa
:020000041d02db
:10f03c00d8ffbd271800b1af1400b0af2400bfaf8c
:10f04c002000b3af1c00b2af0e00a290020011243e
:10f05c00130051102580a000030012242a00521026
:10f06c0025988000010003241a0043109304052402
:10f07c00049d043cb610410ff8658424070002245b
:10f08c000e0002a22400bf8f2000b38f1c00b28f91
:10f09c001800b18f1400b08f0800e0032800bd27c2
:10f0ac00ac1c410f1000848cf7ff40142400bf8f60
:10f0bc00060002240e0002a22400bf8f2000b38f92
:10f0cc001c00b28f1800b18f1400b08f0800e00341
:10f0dc002800bd27ac1c410f1000848ceaff4014a3
:10f0ec002400bf8f04000696080007961000648e5b
:10f0fc008019c57c1000a5343106410f4020c67c18
:10f10c00e0ff00100e0012a2ac1c410f1000848c0a
:10f11c00ddff40142400bf8f040005960a000796fb
:10f12c001000648e4020a67c8019a57c0100c6349a
:10f13c003106410f1000a5340d0002920600032485
:10f14c00010042300b886200ceff00100e0011a2ad
:020000040000fa
:020000041d02db
:10f15c00d8ffbd271800b0af2580a0000100052402
:10f16c002000b2af2400bfaf1c00b1af5af0400f6b
:10f17c002590c00033004010252000022588400057
:10f18c00a3e7400f0400508c1b004050feff1224dc
:10f19c00080040120e004390fcff64240300842cf2
:10f1ac0005008010ffff64240800438c000043ae70
:10f1bc000e004390ffff64240400842c0e00801486
:10f1cc00010012240700642c200080100500042488
:10f1dc0019006410259000000600632c06006014d2
:10f1ec00030007240400268e252840009c00c6241a
:10f1fc005aba400f25200002090000122400bf8fcc
:10f20c000e1d410f0000000000000392252040005d
:10f21c0001006324101d410f000003a22400bf8fc6
:10f22c00251040021c00b18f2000b28f1800b08f47
:10f23c000800e0032800bd2704000324eeff0010a3
:10f24c000e0043a0f5ff0010ffff1224049d043ca8
:10f25c00f30405241c698424b610410f1000a2afde
:10f26c001000a28fecff1224dbff00100e00439065
:020000040000fa
:020000041d02db
:10f27c003300a010d880828fd0ffbd272c00bfafe9
:10f28c002800b1af070040102400b0af3c00b084a0
:10f29c0004000006c880838f2b180302060060143c
:10f2ac00801810002c00bf8f2800b18f2400b08f65
:10f2bc0004f1400b3000bd270a10437cfaff4514c3
:10f2cc002c00bf8f1000828c7a00a69403000724b8
:10f2dc001000429401000324080042300b18e20095
:10f2ec002430c3001800c010253800007c00b98cf5
:10f2fc008000a78c2800918c4c00a28c15004450e7
:10f30c002000828c1800a6af1400a7af04f1400fa8
:10f31c001000b9af1800a68f1400a78f1000b98f7a
:10f32c001600201325282002252000022c00bf8f58
:10f33c002800b18f2400b08f080020033000bd27b7
:10f34c0004f1400b0000000025c80000eaff00108b
:10f35c00258800001000838c540080acc418027cfb
:10f36c00480080ac6c0080ac600080ac000060aced
:10f37c000c0060a4eaff0010200082ac2c00bf8fb0
:10f38c002800b18f2400b08f0800e0033000bd27a7
:020000040000fa
:020000041d02db
:10f39c000700a22c4400401000000000039d023c1a
:10f3ac0080280500ccf342240a28457ce8ffbd27c1
:10f3bc001000b0af1400bfaf0800a0002580800083
:10f3cc0004f4029d74f4029d18f4029de8f3029d6e
:10f3dc002cf4029d5cf4029d18f4029d0e1d410f4d
:10f3ec0000000000000003922a006014ffff632459
:10f3fc00101d410f25204000251000001400bf8f68
:10f40c001000b08f0800e0031800bd271400bf8f58
:10f41c00010002241000b08f0800e0031800bd2783
:10f42c000e1d410f0000000000000392252040003b
:10f43c0001006324101d410f000003a21400bf8fb4
:10f44c00010002241000b08f0800e0031800bd2753
:10f45c001400bf8f010002241000b08f000080ac9c
:10f46c000800e0031800bd270e1d410f000000002e
:10f47c0001000324000003a2101d410f25204000b1
:10f48c001400bf8f010002241000b08f0800e003ad
:10f49c001800bd2725204000101d410f000003a2bd
:10f4ac00d6ff0010010002240800e0032510000024
:020000040000fa
:020000041d02db
:10f4bc0082bf033c1012628ce8ffbd271400bfaf63
:10f4cc00080042301b0040101000b0af0180063c19
:10f4dc0004d1c2241800448c0800458c2b288500cc
:10f4ec001b00a010000000000012658c0008a53065
:10f4fc002c00a014010087240012658c0004a53098
:10f50c002e00a0100000000004d1c58c4020040087
:10f51c002120a40000008494201264ac180047ac95
:10f52c000800428c0400471481bf103c0c000224dc
:10f53c00041262ac81bf103c1400bf8f0100023c6e
:10f54c00840002ae1000b08f0800e0031800bd2745
:10f55c000800458cf8ffa45481bf103c1012648c39
:10f56c0080008430f4ff801081bf103c40000424e4
:10f57c00141264ac0100033c040103ae1c0040a057
:10f58c002000438cedff60501400bf8f2400448c8e
:10f59c002000428c09f8400000000000e7ff00103a
:10f5ac001400bf8f04d1c58c802004000a20a47cd9
:10f5bc00201264acd9ff00100000000004d1c58cef
:10f5cc008a21a47c201264acd4ff0010000000003f
:020000040000fa
:020000041d02db
:10f5dc00ffff82300b00422c340040100000e0ace6
:10f5ec00e0ffbd271000b0afffff823000a0103c41
:10f5fc0000110200101f1026218002020c00028e46
:10f60c001c00bfaf1800b2af210044141400b1affe
:10f61c000800038e2b90c3000a3072000800c0143f
:10f62c002590c000251000001c00bf8f1800b28f61
:10f63c001400b18f1000b08f0800e0032000bd272c
:10f64c001c00a01000a0033c0000068e740a638c02
:10f65c002588e000003c447c253840021698400f79
:10f66c002130c300f0ff401025100000000032ae26
:10f67c000000068e0800038e2190d200000012ae0e
:10f68c000000248e23186400e7ff0010080003ae6e
:10f69c001c00bf8f130002241800b28f1400b18f0e
:10f6ac001000b08f0800e0032000bd270800e00325
:10f6bc00130002240000e6ac0000068e0800038e46
:10f6cc001c00bf8f2190d200000012ae0000e48c11
:10f6dc00251000001800b28f23186400080003ae38
:10f6ec001400b18f1000b08f0800e0032000bd277c
:020000040000fa
:020000041d02db
:10f6fc000800828ce8ffbd27010003241000b0af86
:10f70c001400bfaf250043102580800002000424a4
:10f71c00140044505400028e3c00048e280007aea6
:10f72c002000028e0238c4704c00048e380005aee6
:10f73c00080003ae510000a22130e2005400028efa
:10f74c00240006ae1400428c09f8400000000000b2
:10f75c000e0040101400bf8f02000224080002aefd
:10f76c005400028e2000428c09f840004c00048e9c
:10f77c0001000324150043502800038e1400bf8f92
:10f78c001000b08f0800e0031800bd27020002240f
:10f79c001000b08f0800e0031800bd275400028e43
:10f7ac003800858c2400868c1400428c4c00048e0e
:10f7bc00510000a209f8400000000000e7ff4014cf
:10f7cc0002000224f2ff00101400bf8fffff63241d
:10f7dc00eaff6010280003ae3c00058e2400048e66
:10f7ec003800038e1400bf8f21208500211865007e
:10f7fc00080002ae240004ae380003ae2510000051
:0cf80c001000b08f0800e0031800bd27ba
:020000040000fa
:020000041d02db
:10f81800d8ffbd272000b3af0180133c1c00b2af56
:10f8280038cf72260400458e2400bfaf1800b1af50
:10f838002100a0101400b0af38cf628e1a004058d3
:10f848000800448e2400b02425880000dcff028ec6
:10f85800010031260e004010252040003709410fd5
:10f868000000000050e3400f2520000250e3400f45
:10f87800f0ff042650e3400fe0ff04260800448e02
:10f888000c00828c09f84000dcff058edcff00ae1e
:10f8980038cf628e2a102202ecff40143c0010265a
:10f8a8000400458e0800448e0c00828c09f8400044
:10f8b80000000000040040ae0800458e0180043cb2
:10f8c8004d15410f58cf84241c00448e040080102d
:10f8d800080040aeb318410f000000001c0040ae05
:10f8e8004400448e070080102400bf8f2000828cc3
:10f8f800080042300900401000000000440040aefb
:10f908002400bf8f2000b38f1c00b28f1800b18f66
:10f918001400b08f0800e0032800bd2704f1400f51
:0cf9280000000000f6ff0010440040ae9c
:020000040000fa
:020000041d02db
:10f934000c00828c0019427c80100200ecff4224ef
:10f94400ff004230260040100100092414008424e2
:10f95400213882002540e00002000a24ffff4224ef
:10f964002118820023106400010086242b288800bb
:10f974001b008710ff0042301900a0100000000097
:10f98400ffffc5901600a010000000000f00a95052
:10f994002520c0001400aa100200432c100060149b
:10f9a40000000000010083902b2843000c00a014e9
:10f9b400000000000200652423104300212085007c
:10f9c400ff004230e5ff001021388200231064005c
:10f9d400010086242b288800e7ff8714ff004230ab
:10f9e4000800e003180202240300422cfcff401428
:10f9f40000000000f8ffbd270100859004000324e7
:10fa04000000a0a70300a310180202240800e003ca
:10fa14000800bd2703008390020085900000a3a383
:10fa24000100a5a30000a397dd05642c0400805405
:10fa34001802642cdc050324f4ff00102510600078
:0cfa44000b184400f1ff001025106000ba
:020000040000fa
:020000041d02db
:10fa5000696e7465726e616c00000000556e6b6ead
:10fa60006f776e206865617020747970652e2055ff
:10fa700073653a205b312c2025645d0d0a0000007f
:10fa80004e6f206865617020696e666f20657869c9
:10fa900073747320666f7220747970653a202573d1
:10faa000210d0a004865617020747970653a20253f
:10fab000732e20496e697469616c2063726561748c
:10fac000656420686561702073697a653a202564f1
:10fad0002042797465730d0a00000000416c6c6f60
:10fae0006361626c6520626c6f636b206865617036
:10faf0002073697a653a2025642042797465730d14
:10fb00000a000000416c6c20617661696c61626c76
:10fb10006520686561702073697a653a20256420e4
:10fb200042797465732c2068696768207761746511
:10fb3000726d61726b3a2025640d0a004c6173741a
:10fb40002068656170206572726f723a2030782586
:10fb5000780d0a004e6f20547261636520696e66ed
:0cfb60006f206578697374732e0d0a0025
:020000040000fa
:020000041d02db
:10fb6c00e0ffbd271c00bfaf1800b2af1400b1af4f
:10fb7c00259080002588a0001000b0afa819410f77
:10fb8c001c81908f801802002118620080180300dd
:10fb9c00211862008018030021800302ea10410f33
:10fbac002520400250000492010003244e0002a6be
:10fbbc000400647c500004a24c0011a64200429642
:10fbcc000400627c420042a64000028e18004010e5
:10fbdc00039d043cffff31260200312e0600201647
:10fbec001c00bf8f1800b28f1400b18f1000b08fa3
:10fbfc000800e0032000bd27500002924600039647
:10fc0c00010004244429827c440003a6d21c410f29
:10fc1c00500002a21c00bf8f200002ae1800b28f51
:10fc2c001400b18f1000b08f0800e0032000bd2736
:10fc3c000100052448d0400f241d8424e5ff401406
:10fc4c00400002ae001d410f000000000200422cdb
:10fc5c00e1ff4014ffff3126fe1c410f00000000a5
:10fc6c00049d053cb84ea524bbde400f252040006a
:08fc7c00daff00100200312e36
:020000040000fa
:020000041d02db
:10fc8400d0ffbd272000b1af1c00b0af2c00bfaf28
:10fc94002800b3af2400b2affd12410f25808000cd
:10fca400ffff51303a002052010012260e000010ce
:10fcb4002598000226000424120064102b0004245a
:10fcc4002100641025000424240064500200422c06
:10fcd400ffff43a2258840002580a0000e002012cb
:10fce400020062262598400200000392ffff2226ac
:10fcf4003d00042401000526ffff4230edff64149b
:10fd04000100722625884000ffff40a2f5ff20165f
:10fd14002580a0000200622625984002259040001c
:10fd2400000060a2010060a22c00bf8f25104002d9
:10fd34002800b38f2400b28f2000b18f1c00b08f35
:10fd44000800e0033000bd2720000324ffff43a286
:10fd540025884000e1ff00102580a000f1ff4054f9
:10fd6400000060a20100039202000292fdff31260e
:10fd74001100a3a31000a2a31000a497030010264f
:10fd84001af5400fffff3132d4ff0010ffff42a2eb
:08fd9400e3ff001025980002b6
:020000040000fa
:020000041d02db
:10fd9c00537461636b207570206661696c65640dca
:10fdac000a000000537461636b20757020737563d7
:10fdbc006365656465640d0a000000005573616736
:10fdcc00653a20737461636b203c75702f646f7798
:10fddc006e3e203c70726573657276653e0d0a004e
:10fdec0045783a20737461636b20646f776e207072
:10fdfc00726573657276650d0a00000075700000ff
:10fe0c00537461636b20616c7265616479207570e9
:10fe1c00210d0a005475726e20537461636b20645b
:10fe2c006f776e20616e64207468656e207570212a
:10fe3c000d0a000052657374617274696e672074e8
:10fe4c00686520737461636b20776974682025641e
:10fe5c0020696e746572666163652873290d0a00ea
:10fe6c00646f776e00000000537461636b20646fe5
:10fe7c00776e3a2063616e6e6f74206765742061d3
:10fe8c0020737461636b2068616e646c650d0a008d
:10fe9c00537461636b20646f776e20646f6e650db5
:04feac000a00000048
:020000040000fa
:020000041d02db
:10feb00055736167653a206966203c696e746572a6
:10fec000666163653e203c646f776e2f75703e20df
:10fed0000d0a000045783a206966205049433332c4
:10fee000494e5420646f776e200d0a00556e6b6e7c
:10fef0006f776e20696e74657266616365207370da
:10ff000065636966696564200d0a00005468697359
:10ff100020696e7465726661636520616c726561eb
:10ff200064792075700d0a004f7065726174696f95
:10ff30006e206661696c65642e204e6f20636f6e63
:10ff400066696775726174696f6e0d0a0000000062
:10ff500066756c6c000000005468697320696e74eb
:10ff600065726661636520616c72656164792064a5
:10ff70006f776e0d0a00000057726f6e6720706118
:10ff800072616d6574657220737065636966696519
:10ff900064200d0a000000004f7065726174696f83
:10ffa0006e207375636365737366756c210d0a004b
:10ffb0004f7065726174696f6e206661696c65640b
:04ffc000210d0a0005
:020000040000fa
:020000041d02db
:10ffc4004100801000000000d8ffbd270800838c8a
:10ffd4001800b1af0180113c84ce31262400bfaf9c
:10ffe4002000b3af1c00b2af1400b0af2d007114e9
:10fff400f5ff0224020083840200022429006254d3
:020000041d03da
:10000400f6ff02242700a010f7ff02242600c050a8
:100014002400bf8f1400228e22004050f7ff0224d8
:100024000000438c1f006050f7ff02240400438c3f
:100034001c006050f7ff02240800428c200040108e
:100044002598c0001000a28c2590a0000500401047
:100054002580800025288000049d043c09f8400088
:10006400f0fd84240c00428e0000458e0400448e72
:100074000800438e010022a201000224020025a6ea
:10008400100024ae0a0023a6020002a601000224e6
:10009400180002ae0100023c1c0002ae280013aea0
:1000a400010002242400bf8f2000b38f1c00b28ff4
:1000b4001800b18f1400b08f0800e0032800bd279a
:1000c400f8ff0010f7ff02240800e003f5ff022404
:020000040000fa
:020000041d03da
:1000d400d8ffbd272400bfaf2000b4af1c00b3afce
:1000e4001800b2af1400b1af0a00a0101000b0aff6
:1000f4000000a38c08006010258000000700801019
:100104002400bf8f42008294400042300b00401410
:100114000180133c258000002400bf8f25100002bd
:100124002000b48f1c00b38f1800b28f1400b18f5d
:100134001000b08f0800e0032800bd2738cf7326d5
:100144002588c0002580a000a819410f0400728ee4
:100154000019020023106200801002002190420264
:100164000000448ed2c5400f25280002e9ff40104c
:1001740025a0400000004294c0004330e6ff6050d8
:100184002580000008002012800042301000838e79
:10019400030023aa000023ba14008392040023a2bc
:1001a40015008392050023a2dbff401001001024f8
:1001b4001400522604009126252820027ae3400fd9
:1001c400252040021400628e2528200225204002aa
:1001d4007de1400f0c0082aed0ff00102400bf8fe1
:020000040000fa
:020000041d03da
:1001e400e0ffbd271400b1af1000b0af1c00bfafdb
:1001f4001800b2af2588a0000500a010258080005b
:1002040034000624252800000116410f2520200271
:100214000600005225800000420002964000423051
:10022400090040141c81928f258000001c00bf8fa0
:10023400251000021800b28f1400b18f1000b08f87
:100244000800e0032000bd27f8ff4052258000008d
:10025400a819410f2520000280180200211862000d
:1002640080180300211862008018030021904302c3
:100274005000429201004230ecff405025800000c3
:100284004e0042960900432ce8ff6054258000008c
:10029400e6ff201201001024d21c410f000022ae00
:1002a4000800458e1000448e1400438e1800498eb9
:1002b4002c00488e3400478e2800468e212085006d
:1002c40021186500040022ae080025ae0c0029aefa
:1002d400100024ae140023ae180028ae1c0027ae74
:0c02e400200026aed1ff0010240020ae48
:020000040000fa
:020000041d03da
:1002f000d0ffbd27ffff84241400b0afffff903074
:100300000a00022e2c00bfaf2800b5af2400b4af06
:100310002000b3af1c00b2af120040101800b1af04
:10032000c0a810002198b0020180123c80981300f0
:10033000a4c6522621885302000022920a0040508f
:1003400025a000000800228e2000428c2900405089
:10035000ffff022409f84000060024860c00401428
:1003600025a0400025a000002c00bf8f2510800292
:100370002800b58f2400b48f2000b38f1c00b28feb
:100380001800b18f1400b08f0800e0033000bd27c3
:100390000400229620004230f4ff40102c00bf8f52
:1003a000020022920200422cf1ff4014251080022c
:1003b000010022920a0040502180b0020c00228edf
:1003c0001000428c060040502180b0021c006426c0
:1003d00009f8400021204402010020a22180b0023f
:1003e000808010002190500201000224deff0010e6
:0c03f000020042a2dbff0010030022a26a
:020000040000fa
:020000041d03da
:1003fc003b00801001800a3cc8cf4a253400458d53
:10040c000c00888c3900a010000000000c00a28c9d
:10041c002518000025380000213043002b10c200a5
:10042c002110470025480000120040142b30060113
:10043c001000c014000000000c00a28c1c00a68c44
:10044c002548a000211062002b18430021386700ba
:10045c001600c010251840002528c0000c00a28ce6
:10046c00213043002b10c20021104700f0ff401038
:10047c002b3006010c0020551c00268d231803017f
:10048c00340044ad0c0083ac1c0085ac0c00848c97
:10049c000c00a38c01000224231864000c00a3acf4
:1004ac000800e00300000000252820011c0086ac99
:1004bc001c00a4ac1c00858c231803010c0083ac1d
:1004cc00f7ffa010251000000c00848c0c00a38cee
:1004dc00231864000c00a3ac0800e003000000002b
:1004ec00251000000800e003000000000c0088aca0
:0c04fc00010002240800e003340044adbd
:020000040000fa
:020000041d03da
:1005080068ffbd27049d033c081862248c00b0af27
:100518000400b08c0818678c0400468c0800438cd3
:100528000c0042949000b1af2588a000049d053cc2
:10053800c017a524252000029400bfaf7400a7af00
:100548007800a6af7c00a3af8a14410f8000a2a751
:1005580013004010049d053cc817a5248a14410fb8
:10056800252000020e004010049d053ccc17a52450
:100578008a14410f252000020a0040149400bf8ffe
:100588000c00228e049d053cd417a5240400508c31
:100598008a14410f25200002070040105c82828fd8
:1005a8009400bf8f251000009000b18f8c00b08f91
:1005b8000800e0039800bd27049d053c7400a627a9
:1005c8000100422425384000e017a5241000a42784
:1005d8003d16410f5c8282af253800001000a62727
:1005e8000200052495d2400f25200002edff40545b
:1005f8009400bf8f049d053ce817a52448f1400fdf
:0c06080025200000e7ff00109400bf8fc9
:020000040000fa
:020000041d03da
:10061400e0ffbd271000b0af258080009400848cdb
:100624001c00bfaf1800b2afd608410f1400b1af21
:1006340025280000f2e4400f252000029315410f05
:100644009400048e8880828f0c0002561800048e59
:10065400d608410f9400048e9315410f9400048e24
:100664009c0000aea80000ae980000aea40000ae4e
:10067400a00000ae888080af1800048effff112414
:10068400050091104400128e1800428e09f84000b3
:1006940000000000180011ae1400048effff1124a6
:1006a40006009110049d063c0800428e09f84000a3
:1006b40000000000140011ae049d063c2538000221
:1006c400252000021cf9c62405a3400f02000524be
:1006d4002520000225300000f0cb400ffeff05244a
:1006e400049d063c253800022520000240f0c62463
:1006f40005a3400f010005241c00bf8f1c0000aea1
:10070400200000a61800b28f1400b18f1000b08f23
:080714000800e0032000bd27ee
:020000040000fa
:020000041d03da
:10071c00d8ffbd272000b3af1c00b2af1800b1af9b
:10072c001400b0af2400bfaf1c81908f25888000cf
:10073c002590a000a819410f2598c0008018020030
:10074c002118620080180300211862008018030031
:10075c002180030250000292010042301700401029
:10076c002400bf8f1b0060564e0002965000029270
:10077c00460003964000048ed500423020004234df
:10078c00500002a2200000ae03008010440003a61b
:10079c0067d3400f25280000180040122400bf8f9b
:1007ac0050000292ee004230500002a2420022960b
:1007bc000400027c420022a62400bf8f2000b38fcd
:1007cc001c00b28f1800b18f1400b08f0800e0032a
:1007dc002800bd270900422ce5ff4054500002922e
:1007ec00253800000700062425282002025e400f51
:1007fc0025200002deff0010500002924e0000a6e1
:10080c002000b38f1c00b28f1800b18f1400b08f72
:08081c000800e0032800bd27dd
:020000040000fa
:020000041d03da
:100824000500801000000000420083944000633003
:1008340003006014000000000800e003251000001d
:10084400d0ffbd272800b2af1c81928f2c00bfaf10
:100854002400b1af2d0040122000b0af2588a000c5
:10086400a819410f25808000290020122c00bf8f79
:100874008018020021186200801803002118620009
:10088400801803002190430250004292010042303c
:1008940019004010050003244e004296f7ff44302f
:1008a4001b0083100b0003241900431001000224d1
:1008b4001800a6271000a2af253800002528c00084
:1008c400252000024a08410f1800a0af2c0051aea9
:1008d40025200002dbbe400f020005242c00bf8f40
:1008e400010002242800b28f2400b18f2000b08fb1
:1008f4000800e0033000bd2701000524ac18410fb7
:1009040025200002f2ff40542c0051ae2c00bf8f72
:10091400251000002800b28f2400b18f2000b08f72
:080924000800e0033000bd27cc
:020000040000fa
:020000041d03da
:10092c00d8ffbd270180023c1800b2afe4d152942d
:10093c001c00b3af2400bfaf2000b4af1400b1afa4
:10094c001000b0af250040125081938f25a080007d
:10095c002580600203000010258800000f00321271
:10096c006c001026640004268a14410f252880028e
:10097c00faff4014010031262400bf8f251000021d
:10098c002000b48f1c00b38f1800b28f1400b18fed
:10099c001000b08f0800e0032800bd2778e0400f5e
:1009ac0025208002001003240d0043102400bf8f6b
:1009bc000200639613004310251800000500001078
:1009cc0001006324020064960e0044102400bf8fc3
:1009dc0001006324fbff72146c0073262400bf8f8c
:1009ec0025800000251000022000b48f1c00b38f5e
:1009fc001800b28f1400b18f1000b08f0800e00304
:100a0c002800bd2725806002251000022000b48f2d
:100a1c001c00b38f1800b28f1400b18f1000b08f70
:080a2c000800e0032800bd27cb
:020000040000fa
:020000041d03da
:100a34000c00828ce8ffbd27010003241000b0af36
:100a44001400bfaf2300431025808000020004245b
:100a5400120044505400028e4000028e0c0003ae7b
:100a64002000058e0218c2705400028e4c00048ec1
:100a7400280007ae0800428c510000a2212865001e
:100a840009f84000240005ae0e0040101400bf8f8a
:100a9400020002240c0002ae5400028e2000428c9c
:100aa40009f840004c00048e010003241400435054
:100ab4002800038e1400bf8f1000b08f0800e003dd
:100ac4001800bd27020002241000b08f0800e003c4
:100ad4001800bd275400028e2400858c4c00048e1f
:100ae4000800428c510000a209f8400000000000f8
:100af400e8ff401402000224f3ff00101400bf8f2b
:100b0400ffff6324ebff6010280003ae2400038e74
:100b14004000048e1400bf8f0c0002ae2118640044
:100b240025100000240003ae1000b08f0800e0037d
:040b34001800bd27c1
:020000040000fa
:020000041d03da
:100b38001800a38cd8ffbd274000828c1800b0afe6
:100b4800258080000c00648c1c00b1af2588a000b3
:100b5800000145302400bfaf2000b2af1a00a0103a
:100b68001c0004ae4400058e1800a050140004ae0a
:100b78001000728c200042302800248e1000b2af82
:100b880018004010200012ae280002960500401000
:100b9800240004ae480002960100423005004014cb
:100ba8002400bf8f1c00228e00004294280002a659
:100bb8002400bf8f2000b28f1c00b18f1800b08fa7
:100bc8000800e0032800bd27140004ae1000728c52
:100bd800200042302800248e1000b2afeaff4014f3
:100be800200012ae6b03410f1000a527e6ff40144a
:100bf8002800248ef0005232e0000224e2ff421264
:100c08001000a38f1800028e040043104000028ecb
:100c1800180003aec439027c400002ae0100032470
:100c28008431627cd8ff0010400002aefbff001048
:040c38004000028ee8
:020000040000fa
:020000041d03da
:100c3c001000a3930200682c350000112510000051
:100c4c003300c010000000003100a01000000000b4
:100c5c002f00801088bf0a3c804903006013482590
:100c6c000a40097d01000831290000117013482544
:100c7c000a40097d00a0023c254002010400038dbe
:100c8c0000076b7c240060110000028d80140200b0
:100c9c00fc1f0b3c808a637c24104b002510430006
:100cac00000082ac0400038d1400a48f4002627c0f
:100cbc00000082ac0f0063300000a3a00c00601099
:100ccc0025100000ff004330211803010800649038
:100cdc002118c20001004224000064a00000a3906f
:100cec00ff0044302b188300f7ff6014ff004330e3
:100cfc000300e01058134325020002950000e2a403
:100d0c000020022421186900000062ac01000224ba
:100d1c000800e00300000000ff074230000082ac36
:100d2c000400038d1400a48f4007627ce1ff0010c7
:040d3c00000082ac85
:020000040000fa
:020000041d03da
:100d40001000a3930200682c35000011251000004c
:100d50003300c010000000003100a01000000000af
:100d60002f00801088bf0a3c80490300600348259b
:100d70000a40097d0100083129000011700348254f
:100d80000a40097d00a0023c254002010400038db9
:100d900000076b7c240060110000028d80140200ab
:100da000fc1f0b3c808a637c24104b002510430001
:100db000000082ac0400038d1400a48f4002627c0a
:100dc000000082ac0f0063300000a3a00c00601094
:100dd00025100000ff004330211803010800649033
:100de0002118c20001004224000064a00000a3906a
:100df000ff0044302b188300f7ff6014ff004330de
:100e00000300e01058034325020002950000e2a40d
:100e10000020022421186900000062ac01000224b5
:100e20000800e00300000000ff074230000082ac31
:100e30000400038d1400a48f4007627ce1ff0010c2
:040e4000000082ac80
:020000040000fa
:020000041d03da
:100e4400e8ffbd270180023c1400bfaf1000b0af23
:100e5400c8cf42243000439010006054ffff822426
:100e640038004390010002240700621000000000d3
:100e74001400bf8f01001024251000021000b08f51
:100e84000800e0031800bd27aa0f410f1800a4af03
:100e9400f7ff40101800a48fffff8224feff422cae
:100ea40020004010ffff8a300500422d1d00401035
:100eb400c0580a0021406a010180093c80400800b2
:100ec4004cca2925214028012000028d0e008214dd
:100ed40001001024000002910b00401000000000eb
:100ee40001000291130040140000000021506a0127
:100ef40080500a0021482a01180020a1000020a1e6
:100f0400190020a125800000cb0a410f0000000039
:100f14001400bf8f251000021000b08f0800e003fa
:100f24001800bd27cb0a410f01001024f9ff00105f
:100f34001400bf8f0bea400f25200001ebff0010c7
:040f4400010000a107
:020000040000fa
:020000041d03da
:100f480001800c3c00800a3c00800b3c2568a00016
:100f5800ff008f30003c8e7c8cc98c25846d4a251f
:100f6800347a6b25251000007700839106006f50b6
:100f7800210003242c034a25fbff4b1517008c2561
:100f88000800e00300000000d8ffbd272400bfaf21
:100f98002300c311020003242400c31120000324ea
:100fa8002500c311410003241900c3152400bf8f75
:100fb800040002241000a2af0300a3890700a2893d
:100fc8002803458d0000a3990400a2993200042447
:100fd8001400a3af1000a4101800a2af1000a5279a
:100fe800b4e8400f252040012c034a2507004b1187
:100ff80017008c2577008391e5ff6f5021000324ab
:101008002c034a25fbff4b1517008c252400bf8fa6
:101018000800e0032800bd27f3ff0010251000009a
:1010280005000224e4ff00101000a2af0300022410
:10103800e1ff00101000a2af06000224deff00103e
:041048001000a2af43
:020000040000fa
:020000041d03da
:10104c000000a38c14006010254000002550000007
:10105c002560000000e08b7c0400628c07004304d8
:10106c00255060000e008010000000000800628c0b
:10107c000b004b1000000000255060000000638c3a
:10108c00f5ff601400000000240080150000000033
:10109c0029000055020002240800e003010002248c
:1010ac000400628cc001427c1a0040140000000055
:1010bc000000698c0400628cc001427cfdff40146e
:1010cc0000000000000060ac0000e28c1500401035
:1010dc00140060ac0400682400e0087d000043ac00
:1010ec00140048ac0000e3ac0400628c8007427c26
:1010fc00efff4010251820010d00401101008c2538
:10110c00000049ad0500801425182001dcff0010fb
:10111c000100082408008011020002240800e003ea
:10112c00251000000000e3acefff00100000c3ac82
:10113c00f4ff00100000a9ac0800e0030000000060
:020000040000fa
:020000041d03da
:10114c00e0ffbd27c21005001000b0af1000423008
:10115c002580a0000200a5301400b1af1c00bfaf69
:10116c001800b2af4c00918c0700a0100100433462
:10117c000400c430090042340b1844000800c63087
:10118c00040062340b184600040004320291100073
:10119c000100852c04004232120007242510450062
:1011ac001500052488bf063c0b28e400b2404234ed
:1011bc00252020020022c3ac1022c2ac5a19410fc8
:1011cc00004010320c0005243c18410f2520200251
:1011dc00120005246019410f252020023700052438
:1011ec00f41a410f252020020f000524f81a410f94
:1011fc0025202002060000161c00bf8f1800b28f9d
:10120c001400b18f1000b08f0800e0032000bd2740
:10121c00fc1a410f25202002001b410f2520200223
:10122c0001004532252020021c00bf8f1800b28f10
:10123c001400b18f1000b08f041b410b2000bd2790
:020000040000fa
:020000041d03da
:10124c001c008294e0ffbd271800b1af01001124ef
:10125c001400b0af1c00bfaf0e00511025808000f1
:10126c00220040100200032413004310ffff023c35
:10127c001c0082ac1c00bf8f1800b18f1400b08f03
:10128c00020083a4180080ac2000bd27331a410b48
:10129c00ffff04245d00410f000000001e004054bd
:1012ac00340002961c00bf8f1800b18f1400b08f51
:1012bc000800e0032000bd275d00410f0000000086
:1012cc00f9ff40101c00bf8f34000296030003246a
:1012dc001a0003a6460002a61c0000a61800b18f37
:1012ec001400b08f0800e0032000bd2784f7400fe6
:1012fc0002000524ecff40101c00bf8f02000224ea
:10130c001c0011a61a0002a61800b18f1400b08f91
:10131c000800e0032000bd2703000524252000025f
:10132c0084f7400f440002a6dfff40101c00bf8f63
:10133c00020002241a0002a6daff00101c0002a60a
:020000040000fa
:020000041d03da
:10134c00d8ffbd272000b2af1c00b1af1800b0af62
:10135c002590a0001c81908f2400bfafa819410fcd
:10136c002588800080180200211862008018030074
:10137c0021186200801803002118030250006590a8
:10138c000100a230120040102400bf8f0010423226
:10139c0014004014000852320e0040122000b28f8c
:1013ac000001a57c25202002dbbe400f0100a524f6
:1013bc00252020022400bf8f2000b28f1c00b18f8b
:1013cc001800b08f0c0005243fe8400b2800bd2707
:1013dc002000b28f1c00b18f1800b08f0800e00302
:1013ec002800bd272520200225300000c7c1400f52
:1013fc002528000001000224252020021000a2afa5
:10140c0025380000253000004a08410f252800002f
:10141c0025202002010005241af8400f02000624a2
:10142c00252020022400bf8f2000b28f1c00b18f1a
:10143c001800b08f0b0005243fe8400b2800bd2797
:020000040000fa
:020000041d03da
:10144c00d8ffbd27200002242538000025300000dd
:10145c001000a5272000b1af1c00b0af2400bfaf17
:10146c00258080006e90400f1000a2a7ffff513026
:10147c00230020121000a527460004860100022438
:10148c0001000624500002a2ca84400f1200a527b6
:10149c00ba818297ffff2626ffffc630feff42244b
:1014ac002a10c2000c004014010003245c000296b8
:1014bc00c418627c5c0002a62400bf8f05000324c4
:1014cc00400003a6050002242000b18f1c00b08f41
:1014dc000800e0032800bd271800058eca84400fc1
:1014ec00460004860c00038e211062000100432488
:1014fc000c0003ae26000324000043a01000a52717
:10150c002520000225380000253000000a000224a6
:10151c006e90400f1000a2a7010042244600042642
:10152c00b6cd400fffff45302400bf8f05000224cd
:10153c002000b18f1c00b08f0800e0032800bd27ed
:020000040000fa
:020000041d03da
:10154c00c0ffbd272c00b3af5000b38f3800b6af2f
:10155c003000b4af010073322800b2af2400b1af39
:10156c002000b0af3c00bfaf3400b5af2590800079
:10157c0025b0a0002580c0002588e000030060167f
:10158c002ba0c7001300805623a030022530000288
:10159c002528c002c2ed400f252040020d00801608
:1015ac0023a03002258800023c00bf8f25102002aa
:1015bc003800b68f3400b58f3000b48f2c00b38f49
:1015cc002800b28f2400b18f2000b08f0800e003f8
:1015dc004000bd271100862e100002240b1086023d
:1015ec0025304000200005241000a4270116410fcf
:1015fc0025a880021000a22e0b0040100f0086328e
:10160c001000a527c2ed400f25204002e6ff601612
:10161c00253000022528c002c2ed400f25204002d3
:10162c00e2ff00103c00bf8f100006241000a5271d
:10163c00c2ed400f25204002eeff0010f0ffb52652
:020000040000fa
:020000041d03da
:10164c000180023c30d2448cd8ffbd272000b3afc0
:10165c00ffff02240180133c2400bfaf1c00b2af7b
:10166c001800b1af1400b0afb417410f54d162ae33
:10167c0002000324090043100000000054d1628ec4
:10168c002400bf8f2000b38f1c00b28f1800b18fc5
:10169c001400b08f0800e0032800bd27241c410f64
:1016ac0000000000f5ff40182590400010809127a5
:1016bc0025800000f40e410f252000025512410f29
:1016cc00252040000000238e010010260600431048
:1016dc00ff004430a900032403008010000022ae58
:1016ec0005008314049d043cf2ff501604003126bf
:1016fc00e3ff001054d1628e0af7400fa0718424ce
:10170c00ffff453001000424bc1c410f25300000b4
:10171c0054d16326ffff042406004410080062a481
:10172c00010002240a0062a054d160aed4ff001064
:0c173c0025100000d2ff0010ffff022467
:020000040000fa
:020000041d03da
:101748001400828cd0ffbd272400b4af2000b3afb3
:101758001c00b2af2c00bfaf259080002800b5afa9
:101768001800b1af1400b0af2598a00009f84000e8
:101778001000948c0c00438e1900601025804000e6
:1017880025a800000800518e0000428e2530600216
:1017980002281172252040022188a200000022960a
:1017a8000100423007004010252820021c00428e0c
:1017b80009f8400000000000140040500000229684
:1017c8000c00438e218014020100b5262b28030249
:1017d800232003022b10a302eaff40140a8085008d
:1017e8002c00bf8f25880000251020022800b58f07
:1017f8002400b48f2000b38f1c00b28f1800b18f63
:101808001400b08f0800e0033000bd274408027cb4
:10181800000022a62c00bf8f251020022800b58fbb
:101828002400b48f2000b38f1c00b28f1800b18f32
:0c1838001400b08f0800e0033000bd2752
:020000040000fa
:020000041d03da
:101844002080848fe0ffbd271000b0afffff10247d
:101854001c00bfaf1800b2af040090101400b1af69
:1018640091c3400f00000000208090af0180123c23
:10187400e4d142960c0040105081908f25880000de
:101884002528000203000724020006242bd2400f5f
:10189400e4d14426e4d14296010031262a102202e2
:1018a400f7ff40146c001026d81c410fe4d15026d9
:1018b4000800048e090080100180033c0c00828c17
:1018c40009f840005081858f2d1c410f0800048ebb
:1018d40015004004049d053c0180033c14d362249c
:1018e40014d360ac040040ac080040ac0c0040ac25
:1018f400100040ac1c00bf8f080000ae0c0000ae0e
:10190400e4d140a6040000ae1800b28f1400b18fd9
:101914001000b08f508180af2c8180af308180afb8
:101924000800e0032000bd27dc43a524bbde400ff4
:0c19340025200000e9ff00100180033caa
:020000040000fa
:020000041d03da
:10194000ffff8424ffff84300a00822c290040100e
:1019500000000000e8ffbd271000b0afc080040009
:10196000218004020180023ca4c642248080100031
:101970001400bfaf21800202000002921f004050fd
:101980001400bf8f2700c010f8ff02240800028e49
:101990003c00428c26004050ffff02241000038ec2
:1019a0000e0060141400bf8f06000486140006aefb
:1019b000049d063c180007ae2c38c62409f84000e8
:1019c0002538000211004010100002ae1400bf8f35
:1019d0001000b08f0800e0031800bd27f9ff0224b3
:1019e000030002a2251000001000b08f0800e003e1
:1019f0001800bd270800e003251000002510000096
:101a00001000b08f0800e0031800bd271400bf8f3e
:101a1000f7ff0324030003a21000b08f0800e003c7
:101a20001800bd27030002a2e8ff001025100000e7
:0c1a3000030002a2e5ff001025100000da
:020000040000fa
:020000041d03da
:101a3c00e0ffbd271800b1af0180113c1400b0af1e
:101a4c0054d130260a000292070040101c00bfaf90
:101a5c000400028e0200032408004310010003243a
:101a6c0010004310000000001c00bf8f1800b18f45
:101a7c001400b08f0800e0032000bd2757d8400f9a
:101a8c00080004861800068e2b10460019004050e2
:101a9c001400058e0400028e01000324f3ff43148e
:101aac001c00bf8fc6ec400f08000486efff4010ef
:101abc001c00bf8fc6ec400f080004860c00058e7e
:101acc0008000486b088400f253040002000198e95
:101adc0054d1258e040000ae1c00bf8f1800b18fae
:101aec001400b08f25304000252000000800200392
:101afc002000bd2708000486ca0e410fffffc63028
:101b0c000b63400f080004862000028e1800068e1e
:101b1c0054d1258e2520000009f84000040000aea9
:081b2c00ddff00100400028e31
:020000040000fa
:020000041d03da
:101b34001c008294e8ffbd271000b0af1400bfafb3
:101b44000d0040102580800001000324160043107e
:101b540002000224020082a4f7ff023c1c0082acb3
:101b64001400bf8f1000b08f180080ac1800bd2780
:101b7400331a410bf7ff042484f7400f2528000093
:101b8400060040101400bf8f020002241a0002a6af
:101b9400010002241c0002a61400bf8f1000b08fa5
:101ba4000800e0031800bd275d00410f000000009d
:101bb400faff40101400bf8f34000286080040046e
:101bc400020002241c0000ae1400bf8f020002a613
:101bd400180000ae1000b08f0800e0031800bd2705
:101be400e3fe400f000000002c00038e2b10430086
:101bf40004004010020002241a0002a6e6ff0010ae
:101c04001c0000a6020002a6ffff023c1c0002ae5c
:101c1400180000ae1400bf8f1000b08fffff042423
:081c2400331a410b1800bd2723
:020000040000fa
:020000041d03da
:101c2c00e0ffbd271c00bfaf1400b0afe3fe400fb8
:101c3c001800b1af4c82908f2502410f23805000c9
:101c4c0080180200211062002b8002020300001297
:101c5c00308082932c0040101c00bf8f2b18020088
:101c6c0023104300e3fe400f308082a30180033c2d
:101c7c000180113c04ce63244c8282af7000682436
:101c8c0084cd22260000678c0400668c0800658ccd
:101c9c000c00648c10006324000047ac040046acbc
:101cac00080045ac0c0044acf6ff6814100042244c
:101cbc000180103c0000688c0400678c0800668c66
:101ccc0000d410260c0063940400048e001005242c
:101cdc00000048ac040047ac080046ac1912410f98
:101cec000c0043a40010022484cd24260c0002ae68
:101cfc001c00bf8f1800b18f1400b08f7e0005241c
:101d0c009f95400b2000bd271800b18f1400b08f99
:081d1c000800e0032000bd27d0
:020000040000fa
:020000041d03da
:101d2400d0ffbd27049d023c1c00b0af258080007d
:101d3400307344243073438c040082942800048e4e
:101d44002800b3af2400b2af2c00bfaf2000b1af66
:101d54002598a0001000a3af1400a2a73915410fc5
:101d64001400128e0c0040100600062425284002a0
:101d740025204000f00f410f258840000e0040143c
:101d8400060006241800058e110002240900a39001
:101d9400140062102198b300251000002c00bf8f9e
:101da4002800b38f2400b28f2000b18f1c00b08fa5
:101db4000800e0033000bd271000a527f00f410ff5
:101dc40025202002f5ff4014251000001800058e80
:101dd400110002240900a390f0ff621425100000f2
:101de4002198b300b377400f020064960000649614
:101df400b377400f258840000e818497e7ff915404
:101e0400251000000c81839726106200e3ff001068
:041e14000100422c5b
:020000040000fa
:020000041d03da
:101e18001400828ce0ffbd27ffff03241800b2af37
:101e28001000b0af1c00bfaf1400b1af2580800018
:101e3800150043102590a0007481848f2528400048
:101e48001400828c09f84000000000008081878f10
:101e58000800e0503400058e1800e28c04004010a1
:101e68005f0006260800052409f840002520000226
:101e78003400058effff02240600a010140002aef5
:101e88007a9a400f252000023400058efcffa0142a
:101e980000000000bcc0400f460004860d00401042
:101ea800258840005c0002923f00423040004234e6
:101eb8000b0040165c0002a21c00bf8f25102002f8
:101ec8001800b28f1400b18f1000b08f0800e00323
:101ed8002000bd2702000224f8ff42161c00bf8f15
:101ee8006c05410f460004861c00bf8f2510200298
:101ef8001800b28f1400b18f1000b08f0800e003f3
:041f08002000bd27d1
:020000040000fa
:020000041d03da
:101f0c000d0a3c68746d6c3e3c626f64792073748e
:101f1c00796c653d226d617267696e3a3130307053
:101f2c0078223e3c623e55706c6f6164204d656d4d
:101f3c006f727920416c6c6f636174696f6e2045b0
:101f4c0072726f723c2f623e3c703e3c6120687234
:101f5c0065663d222f257320223e547279206167dd
:101f6c0061696e3f3c2f613e3c2f626f64793e3c51
:101f7c002f68746d6c3e00000d0a3c68746d6c3eed
:101f8c003c626f6479207374796c653d226d61726b
:101f9c0067696e3a3130307078223e3c623e46536f
:101fac0020496d61676520436f7272757074206f84
:101fbc00722057726f6e672056657273696f6e3c34
:101fcc002f623e3c703e3c6120687265663d222f5c
:101fdc00257320223e54727920616761696e3f3c03
:101fec002f613e3c2f626f64793e3c2f68746d6ca0
:041ffc003e000000a3
:020000040000fa
:020000041d03da
:102000007b227365746964223a22455252227d0014
:10201000474554007b226964223a222573222c22f0
:102020006d616e756661637475726572223a222500
:1020300073222c2266775f636f6465223a222573d0
:10204000222c2264617465223a222573222c226d8f
:102050006f64656c223a222573222c2273657269a3
:10206000616c223a222573227d00000053455449b9
:10207000440000007b22736574636d64223a224f32
:102080004b227d005057443d626b696f7400000025
:102090007b2261757468223a224f4b227d0000003a
:1020a0007b2261757468223a22455252227d0000db
:1020b000696400006d616e75666163747572657246
:1020c0000000000066775f636f646500646174659b
:1020d000000000006d6f64656c000000736572693c
:1020e000616c00007b227365746964223a224f4b55
:0420f000227d00004d
:020000040000fa
:020000041d03da
:1020f4000000a28c0400a38cc0ffbd273800b3af3e
:102104003400b2af3000b1af2c00b0af3c00bfaf71
:10211400259080002580a0000800b38c2000a2af89
:10212400030060040c00b18c4408027c2000a2afc0
:102134002000a2271800a2af080002241400a2afb6
:102144001000b3af0400c78c0000c68c1ab4400f53
:10215400252000022000a38f1000633004006010cb
:1021640030000424ffff422421182202000064a04e
:102174002000a38f080063300400601020000424b2
:10218400ffff422421182202000064a01000068ee2
:102194002000a38f25386002ffffc6241000a3afe0
:1021a4002330c2002128220253c5400f25204002bb
:1021b4000400438e00016330040060103c00bf8fb4
:1021c4000400038e2a2043000b1064003800b38ff0
:1021d4003400b28f3000b18f2c00b08f0800e003c0
:0421e4004000bd27d3
:020000040000fa
:020000041d03da
:1021e800e0ffbd271400b1af0800918c0180023ccc
:1021f80084ce4224261022021000b0af1c00bfafcc
:102208001800b2af258080005d00410f0b880200e6
:102218001d0040101c00bf8f340003962800028e5a
:102228001e004010220003a6e3fe400f000000003d
:10223800259040002000228e2502410f0800518c75
:102248006210033c02102272d34d6324252800003b
:1022580025200002e7034224190043001010000063
:10226800821102002110520084f7400f2c0002aea8
:10227800050040101c00bf8f040002241a0002a6ab
:102288001c0000a61c00bf8f1800b28f1400b18f6d
:102298001000b08f0800e0032000bd2701000524ce
:1022a80084f7400f25200002f7ff40101c00bf8f65
:1022b800030002241a0002a61c0000a61800b28f10
:1022c8001400b18f1000b08f0800e0032000bd2774
:020000040000fa
:020000041d03da
:1022d800e8ffbd271400bfaf07da400f2548a0006c
:1022e8002a0040100180063c0000439000cbc62421
:1022f80040200300211083008010020023104300b7
:102308008010020023104300801002002110c20038
:10231800a80048900100072405000711ff00283194
:102328001400bf8fffff02240800e0031800bd2738
:102338005800478cc02808002128a80080280500dc
:10234800a80040a02128e5000c00a78c0d00e9108a
:10235800ffff022421208300802004002320830023
:102368008020040023188300801803002118c3006c
:1023780001000424a80064a01400bf8f0800e00333
:102388001800bd27f3ff00100800a28c001d410fa4
:10239800000000000300422ce2ff40541400bf8fed
:1023a800fe1c410f00000000049d053cb83aa5241e
:1023b80048f1400f25204000daff00101400bf8fbd
:020000040000fa
:020000041d03da
:1023c800d0ffbd272400b1af2000b0af2588800022
:1023d8002580a0002520a0002c00bfaf9112410f3e
:1023e8002800b2af2c003226252000029d12410f92
:1023f8001c00a2af1000a0af25380000340026262c
:1024080025284002252000024a08410f1800a2afe3
:10241800510022920200423021004054300025260b
:1024280004000624010005241af8400f25200002a4
:102438002520000202500724253040024de9400fb4
:10244800252840023400228e2c00238e1800a48fe9
:10245800241862001c00a28f24104400050062109a
:10246800040007241800a6271c00a5277f98400f02
:1024780025200002ed00410f252020022520000222
:102488003fe8400f080005242c00bf8f2800b28fba
:102498002400b18f2000b08f0800e0033000bd2772
:1024a800ae19410f25200002deff001004000624ab
:020000040000fa
:020000041d03da
:1024b80020485454503a2044796e616d6963206114
:1024c8006c6c6f636174696f6e206661696c6564ba
:1024d8000d0a000020485454503a20536f636b652e
:1024e80074206372656174696f6e206661696c65da
:1024f800640d0a0020485454503a20536574746996
:102508006e67205458204275666665722066616958
:102518006c65643a2025640d0a0000002048545474
:10252800503a2053657474696e672052582042757a
:1025380066666572206661696c65643a2025640d7b
:102548000a00000020485454503a205369676e61cd
:102558006c206372656174696f6e206661696c6571
:10256800640d0a0020485454503a204653205368ba
:10257800656c6c206372656174696f6e20666f723a
:10258800206469726563746f72793a2025732046f6
:1025980061696c65643a202564210d0a0000000019
:020000040000fa
:020000041d03da
:1025a8000200e32c2b006010251000002900c01049
:1025b80088bf0a3c80490700601343250a18697cd4
:1025c8000004633023006010701348250a40097d19
:1025d80000a0033c0008822c200040102540030185
:1025e800000004ad040000ad251000001000a48f09
:1025f80001000324230083100900a32c02006014a7
:102608002538a00008000724ff00e7302510e20065
:10261800040002ad0800a010251000008a29c27c21
:102628002120020101004224ff0043302b186700db
:10263800faff6014080085a0581347252138e900df
:1026480000200224080003240000e2ac0100022458
:102658000000e3ac0800e00300000000ff0f033cab
:102668008012040000fc6334241043000030033c53
:102678008054847c25104300000004addbff00106b
:10268800040002ad00024234ebff0010040002ad6a
:020000040000fa
:020000041d03da
:102698000200e32c2b006010251000002900c01058
:1026a80088bf0a3c80490700600343250a18697cf3
:1026b8000004633023006010700348250a40097d38
:1026c80000a0033c0008822c200040102540030194
:1026d800000004ad040000ad251000001000a48f18
:1026e80001000324230083100900a32c02006014b6
:1026f8002538a00008000724ff00e7302510e20075
:10270800040002ad0800a010251000008a29c27c30
:102718002120020101004224ff0043302b186700ea
:10272800faff6014080085a0580347252138e900fe
:1027380000200224080003240000e2ac0100022467
:102748000000e3ac0800e00300000000ff0f033cba
:102758008012040000fc6334241043000030033c62
:102768008054847c25104300000004addbff00107a
:10277800040002ad00024234ebff0010040002ad79
:020000040000fa
:020000041d03da
:10278800d8ffbd271c00b1af4400918c1800b0af32
:10279800258080001c00228e1800848c2000b2af97
:1027a8002400bfaf1000a0af09f8400001001224b8
:1027b8001e0052102400bf8f2000228e09f840000e
:1027c8001800048e1e004054200002928400028edd
:1027d800010042301a004050200002921800048e76
:1027e8003400228e09f840001000a5271000a58f9c
:1027f8008800028e004004240100a53000800334c4
:102808000b1885008c00068e25284300880005ae2d
:1028180053c4400f2520000220000292900000ae11
:102828000421427e200002a22400bf8f2000b28f24
:102838001c00b18f1800b08f0800e0032800bd27e6
:102848000429027ce3fe400f200002a22400bf8f6f
:102858007c0002ae900000ae2000b28f1c00b18f49
:0c2868001800b08f0800e0032800bd2716
:020000040000fa
:020000041d03da
:10287400e8ffbd271000b0af1400bfaf5d00410feb
:10288400258080001e0040101400bf8f3400029683
:10289400200043301d006014040043302800028ee1
:1028a400060040500200022400100324000043ac40
:1028b400040040ac080040ac02000224020002a65e
:1028c400f8ff023c1c0002ae180000ae1400bf8fdb
:1028d4001000b08ff8ff0424331a410b1800bd27f1
:1028e40084f7400f25200002050040101400bf8f1c
:1028f400050002241a0002a61c0000a61400bf8fc3
:102904001000b08f0800e0031800bd270800601411
:10291400000142302800028ee8ff405002000224e9
:10292400000040ac040040ace3ff0010080040ace1
:10293400ebff4010060005240f00052484f7400f28
:1029440025200002eeff40101400bf8f0200022475
:0c2954001a0002a6e9ff00101c0000a6fb
:020000040000fa
:020000041d03da
:10296000e0ffbd271800b2af1400b1af1000b0af48
:102970001c00bfaf2588800000a8400f2590a00054
:1029800018004010258040000000029601004330ee
:102990000a006050000002924408027c000002a677
:1029a0001c00bf8f251000021800b28f1400b18fd9
:1029b0001000b08f0800e0032000bd271c00bf8f6f
:1029c0001800b28f0408027c03004234000002a207
:1029d0001400b18f251000021000b08f0800e00332
:1029e0002000bd272400238e0c00228eedff6214f0
:1029f0001c00bf8f1800228eebff405025100002f4
:102a000009f8400025202002e6ff40101c00bf8f7f
:102a10000000439401006430060080102528400225
:102a20000400037c000043a42400228effff422404
:102a3000240022ae00a8400f25202002d9ff40101c
:0c2a40001c00bf8fd0ff0010258040005c
:020000040000fa
:020000041d03da
:102a4c00ffff8424ffff84300a00822c2b004010ef
:102a5c00c0180400e8ffbd271000b0af0180023c95
:102a6c002180640080801000a4c642241400bfaff3
:102a7c0021805000000006922200c0501400bf8f2d
:102a8c000800068e4000c78c2200e0501400bf8f57
:102a9c001000068e0300c010212064000a00c5102f
:102aac00000000001400bf8f80200400211044009f
:102abc00f8ff0324030043a01000b08f2510000082
:102acc000800e0031800bd2709f8e00006000486a2
:102adc00050040101400bf8f100000ae1000b08f26
:102aec000800e0031800bd27f7ff0324030003a22e
:102afc001000b08f0800e0031800bd270800e003a9
:102b0c0025100000251000001000b08f0800e00315
:102b1c001800bd27ffff0224030002a225100000ad
:0c2b2c001000b08f0800e0031800bd2767
:020000040000fa
:020000041d03da
:102b3800d8ffbd272000b2af0080123c1800b0af0c
:102b4800902c50261c00b1af2400bfaf27000416fc
:102b5800faff1124049d063c253800029024c6245f
:102b68005391400f2528000025280000e190400fd0
:102b780025200002360011961d0020122400bf8f68
:102b88007400028e050040101000a0af0080043cc5
:102b98000500052409f84000a02d84241000a5276d
:102ba8001c06410f902c44267400028e040040102d
:102bb800060005240080043c09f84000a02d842468
:102bc8001000a28f2a1822020800605425880000ed
:102bd800380005960c00a050232822020400062481
:102be800019f400f902c4426258800002400bf8fa9
:102bf800251020022000b28f1c00b18f1800b08f62
:102c08000800e0032800bd27f4ffa0142588000071
:082c1800f7ff00102400bf8f3c
:020000040000fa
:020000041d03da
:102c20004452565f4d454d4f52595f4f70656e2867
:102c3000293a20496e76616c696420647269766510
:102c40007220696e6465782e0a0000004452565f57
:102c50004d454d4f52595f4f70656e28293a2044bb
:102c60007269766572206973206e6f742072656177
:102c700064792e0a000000004452565f4d454d4fc6
:102c800052595f4f70656e28293a20447269766503
:102c90007220697320616c7265616479206f706560
:102ca0006e20696e206578636c7573697665206d3a
:102cb0006f64652e0a0000004452565f4d454d4f2b
:102cc00052595f4f70656e28293a204472697665c3
:102cd0007220697320616c7265616479206f706520
:102ce0006e2e2043616e2774206265206f70656ec2
:102cf000656420696e206578636c757369766520fc
:082d00006d6f64652e0a0000ee
:020000040000fa
:020000041d03da
:102d0800d8ffbd273800822c2000b3af1c00b2af1b
:102d18001400b0af2400bfaf1800b1af2598a000d1
:102d28002590c0000200401438001024258080003f
:102d38006081848f1d00712603001026f0ff313258
:102d4800fcff1032320025260400828c212805025f
:102d580009f84000feffa530180040102518400073
:102d680018000626252800000116410f25204000de
:102d780025184000211050002f0044240418047c1a
:102d88001a002626120046a4020085240400127c9c
:102d9800010006240e0051a4040044acf8ff83ace3
:102da800100046a4100062ac080045ac140065ace5
:102db8000a006016200072ac2f0060a02400bf8fac
:102dc800251060002000b38f1c00b28f1800b18f4f
:102dd8001400b08f0800e0032800bd2710008424e9
:082de800f5ff0010180064acb7
:020000040000fa
:020000041d03da
:102df000d8febd272001b1af1c01b0af2588a000cf
:102e00002580800002010624252800002401bfaf90
:102e10000116410f1000a427280000121401a0afd2
:102e2000260020121000a6271401a5271493400f96
:102e3000252000020d004010ffff02241401a28f84
:102e40000800438c2800648c200080501700022466
:102e5000120050900100042409000412048280af83
:102e600007000224048282afffff02242401bf8fe7
:102e70002001b18f1c01b08f0800e0032801bd279d
:102e8000120040a02800628c2528200209f840008a
:102e90001000a4272b180200048282af1401a28f15
:102ea000120050a02401bf8f231003002001b18f16
:102eb0001c01b08f0800e0032801bd271300022485
:102ec000048282afe9ff0010ffff0224048282af78
:082ed000e6ff0010ffff0224e1
:020000040000fa
:020000041d03da
:102ed800e8ffbd271400bfafadf6400f00000000ab
:102ee8000180023c8cc94224570045885d00448813
:102ef800600043905f004c90540045985a004498f5
:102f080058004a90590049905e00489061004790e7
:102f180053004b9062004690001a03000180023c67
:102f2800a4a6422425186c00ea0345a4ec034aa48d
:102f3800ee0349a4f00344a4f20348a4b00443a454
:102f4800b20447a4e8034ba43da6400fb40446a42a
:102f58000180033c0180053c0180043c0180073c62
:102f680028ac63243cd3a5242cd18424251000004c
:102f780064d4e72401000a24ffff09240a00082476
:102f88002130e2000000c2a00100422428006aacff
:102f9800000060a00000a9a4000080ac0400632425
:102fa8000200a524f6ff4814040084241400bf8fef
:082fb8000800e0031800bd272a
:020000040000fa
:020000041d03da
:102fc000c8ffbd273000b3af2800b1af2400b0afb9
:102fd0003400bfaf2c00b2af2598c0002580800020
:102fe0002588a0001400a0af1000a0af0600c010fc
:102ff0001800a0af7400828c030040100500052467
:1030000009f8400014018424030000105000122627
:10301000fd0c410f00000000ee0c410f2520400286
:1030200025284000faff40141000a4271000601269
:10303000000000007400028e0d004010000000002f
:103040000600052409f8400014010426ee0c410f87
:103050001000a42725204000401006240a0040103c
:10306000252820027000028e09f8400000000000b0
:10307000ee0c410f1000a42725204000401006242c
:10308000f8ff4014252820023400bf8f3000b38f92
:103090002c00b28f2800b18f2400b08f0800e0030d
:0430a0003800bd2710
:020000040000fa
:020000041d03da
:1030a40020008290e8ffbd271000b0af200043301d
:1030b4001400bfaf1100601025808000080042306a
:1030c4001e004050200002924400028e1800048e1c
:1030d400253000003800428c09f840002528000003
:1030e4001e00400403000224900002ae1400bf8faf
:1030f4001000b08f0800e0031800bd27e3fe400f66
:10310400000000007c00038e8000048e2310430026
:103114002b104400f5ff4014010003242000029208
:103124004429627c200002a2ff00423008004230a1
:10313400e6ff40544400028e200002921400bf8f28
:10314400010003240421627c900000ae200002a24e
:103154001000b08f0800e0031800bd272000029281
:103164000429027ce3fe400f200002a21400bf8f5a
:103174007c0002ae900000ae1000b08f0800e003a7
:043184001800bd274b
:020000040000fa
:020000041d03da
:10318800360080100180033c0800868c84ce6324be
:103198002600c314f5ff02240200828401000324e0
:1031a8002a004314000000001800839427006214ca
:1031b800000000001a008294030043100400032456
:1031c8002200431400000000e0ffbd271c00bfaf31
:1031d8001800b2af1400b1af1000b0af3000929039
:1031e800020002241b0042162588a00033d3400f9a
:1031f8002580800007004204f7ff022405005210d2
:10320800010002240b002012251000003400039650
:10321800000023a61c00bf8f1800b28f1400b18fc6
:103228001000b08f0800e0032000bd270800e0036d
:10323800000000001c00bf8f1800b28f1400b18f6f
:103248001000b08f0800e0032000bd270800e0034d
:10325800f6ff0224efff0010f7ff02240800e00346
:04326800f5ff022448
:020000040000fa
:020000041d03da
:10326c00c8ffbd272c00b0af408004002120040211
:10327c000180103c80200400f4cc10263000b1af4b
:10328c003400bfaf2588a0001c00a0af2000a0af69
:10329c002400a0af1000a0af1400a0af1800a0af86
:1032ac0021800402840d410f2520000225284000b6
:1032bc00140040101000a4272800438c0b00711040
:1032cc0000000000750d410f00000000840d410f3f
:1032dc0025200002252840000a0040101000a427d9
:1032ec002800438cf7ff711400000000750d410f8e
:1032fc001c00a427ebff0010000000007d01410f13
:10330c0000000000840d410f1c00a4272520400064
:10331c0001000624f9ff4014f5ff05241000a28fcc
:10332c00030040101000a5277eec400f2520000262
:10333c003400bf8f3000b18f2c00b08f0800e00339
:04334c003800bd2761
:020000040000fa
:020000041d03da
:103350005443502f495020537461636b3a20546991
:10336000636b20726567697374726174696f6e2034
:103370006661696c65643a2025640d0a00000000ee
:103380005443502f495020537461636b3a20496e67
:10339000697469616c697a6174696f6e20535953fd
:1033a00020544d52206661696c65643a2025642082
:1033b0002d2041626f7274696e6721200d0a000032
:1033c0005443502f495020537461636b3a20496e27
:1033d000697469616c697a6174696f6e20456e64a5
:1033e0006564202d2073756363657373200d0a0077
:1033f0005443502f495020537461636b3a20496ef7
:103400007465726661636520496e697469616c698f
:103410007a6174696f6e206661696c65643a203008
:10342000782578202d2041626f7274696e672120a3
:043430000d0a000081
:020000040000fa
:020000041d03da
:10343400840002242200a2500000e28c8500a2280d
:1034440010004010810002240800a2500000e28c09
:10345400820002242700a2500000e28c8000022493
:103464001000a214000000000000e28c04004324b9
:103474000000e3ac0000428c000082ac1500001098
:10348400000046ac900002241a00a2500000e28c16
:103494009100a22805004010880002240f00a250c9
:1034a4000000e28c0800e00325100000a0000224c4
:1034b400eeffa2500000e28ce9ff0010c0000224dd
:1034c400040043240000e3ac0000428c000082ac02
:1034d400000046a40800e003010002240400432481
:1034e4000000e3ac0000428c000082acf9ff001045
:1034f400000046a0040043240000e3ac0000428c1a
:10350400000082ac000046acc3370600f1ff001097
:04351400040046acbd
:020000040000fa
:020000041d03da
:10351800d8ffbd27030002242000b1af1c00b0afc4
:103528002400bfaf258080001100a2100400918cf8
:103538000000828c049d053c252020020000428c5e
:1035480009f84000f8d7a5240000028e25202002a3
:103558002400bf8f2000b18f1c00b08f0000598c51
:10356800049d053c20d8a524080020032800bd2779
:103578000400c48c4bc2400f1000a6af12004010cc
:103588001000a68f0800c58cdbee400f25204000f8
:103598000b004054049d053c049d053ce0d7a52440
:1035a8000000028e252020022400bf8f2000b18f4a
:1035b8001c00b08f0000598c080020032800bd278c
:1035c800f7ff0010ccd7a5240000028e252020028a
:1035d8002400bf8f2000b18f1c00b08f0000598cd1
:1035e800039d053cecfea524080020032800bd2708
:020000040000fa
:020000041d03da
:1035f800e0ffbd271400b0af25808000460084841a
:103608001800b1af1c00bfaf8ede400f2588a000a8
:10361800080040141c00bf8f01000224000022a2f1
:103628001400b08f251000001800b18f0800e003c7
:103638002000bd271800028e00ff0324500003a6b7
:10364800e3fe400f0c0002ae2502410f2588400022
:1036580040180200211062005c0004960019020064
:103668002310620021105100040002ae8000843053
:10367800ffff0224080002ae000000ae4c0000a6c6
:10368800400000a60a0080145e0000a28081878f97
:103698000800e0101c00bf8f1800e28c05004010e5
:1036a800253000000200052409f84000252000020a
:1036b8001c00bf8f800002245c0002a61800b18f96
:1036c800010002241400b08f0800e0032000bd2789
:020000040000fa
:020000041d03da
:1036d80070ffbd277c00b0afeb51103c1f85103642
:1036e8001900b0006400a32c8800b3af8400b2af07
:1036f8008c00bfaf8000b1af259080001080000023
:10370800428110004010100021105000c01002002b
:103718002110500080100200230060142398a2009a
:10372800ffff102625880000000044866400062458
:10373800ca84400f1000a52721885100ffff1026da
:10374800ffff0324f8ff0316ffff3132080060165d
:103758008c00bf8f251020028800b38f8400b28fa1
:103768008000b18f7c00b08f0800e0039000bd2777
:1037780000004486ffff6632ca84400f1000a52768
:103788008c00bf8f21885100ffff313225102002a5
:103798008800b38f8400b28f8000b18f7c00b08f17
:1037a8000800e0039000bd27e8ff0010258800000e
:020000040000fa
:020000041d03da
:1037b800e0ffbd271800b1af1400b0af1c00bfafc9
:1037c8000e00a290010003242580a0000e004310e3
:1037d80025888000020003241e004310f2030524fc
:1037e800049d043cb610410f446984240700022458
:1037f8000e0002a21c00bf8f1800b18f1400b08ffa
:103808000800e0032000bd27ac1c410f1000848c89
:10381800f9ff40141c00bf8f1000248e0400069688
:10382800130b410f060005960d00029202000424b6
:1038380006000324010042300a1882000e0003a289
:103848001c00bf8f1800b18f1400b08f0800e00370
:103858002000bd27ac1c410f1000848ce6ff4014eb
:103868001c00bf8fdf14410f1000248e080002ae29
:10387800060002240e0002a21c00bf8f1800b18fa0
:0c3888001400b08f0800e0032000bd27f2
:020000040000fa
:020000041d03da
:103894000200822c2c00401400000000e0ffbd2731
:1038a4001800b2af0180123c1400b1aff0c152262f
:1038b4002588a000002904002120450208008394e3
:1038c4000400888c1000b0af251823021c00bfaf81
:1038d4002580c00005000011080083a425380000dd
:1038e4002530200209f800010329050000012232d5
:1038f40004004010000000003081828f0100422447
:10390400308182af0a000016251000021400428e96
:103914000f0040100180043c2538000025302002af
:103924000100052409f8400000c284240100022497
:103934001c00bf8f1800b28f1400b18f1000b08f1d
:103944000800e0032000bd270800e0032510000064
:103954001c00bf8f010002241800b28f1400b18f25
:0c3964001000b08f0800e0032000bd2719
:020000040000fa
:020000041d03da
:10397000e0ffbd271400b0af2580a0007e00052425
:103980001800b1af1c00bfaf9311410f2588c000d4
:10399000260040107e000324000044802900831488
:1039a00025184000010007242338e2007e00062489
:1039b000212867000100632400006480fdff865019
:1039c000212867000a107100050080147e0006247b
:1039d00007000010000000000c0086102138650070
:1039e0000100632400006480fbff801400000000dd
:1039f0000e00a0141c00bf8f000003ae1800b18f92
:103a00001400b08f0800e0032000bd277e000624cc
:103a1000f7ff86142328e300020020160100632428
:103a2000ffff60a0faff0010000064801c00bf8f41
:103a3000251000001800b18f1400b08f0800e003bb
:0c3a40002000bd27dfff0010252800003b
:020000040000fa
:020000041d03da
:103a4c000d0a3c68746d6c3e3c626f647920737433
:103a5c00796c653d226d617267696e3a31303070f8
:103a6c0078223e3c666f726d206d6574686f643da4
:103a7c00706f737420616374696f6e3d222f2573b0
:103a8c002220656e63747970653d226d756c746966
:103a9c00706172742f666f726d2d64617461223e59
:103aac003c623e465320496d6167652055706c6fd2
:103abc0061643c2f623e3c703e3c696e70757420b4
:103acc00747970653d66696c65206e616d653d69e4
:103adc002073697a653d34303e20266e6273703bec
:103aec00203c696e70757420747970653d737562d5
:103afc006d69742076616c75653d2255706c6f61d3
:103b0c0064223e3c2f666f726d3e3c2f626f64796f
:0c3b1c003e3c2f68746d6c3e0000000001
:020000040000fa
:020000041d03da
:103b280000008290330040100000000002008390e3
:103b38000800652c2d00a05025100000010085907c
:103b48000800a62c2900c05025100000030087900b
:103b58000800e62c2500c0502510000004008a90bb
:103b6800ffff46253f00c62c2000c050251000004e
:103b7800050088900400042d1c00805025100000ca
:103b880088bf063c0010c48c00040b3c04000924c8
:103b980004d6047c25208b000010c4ac0010c48c13
:103ba8004015847cfdff891480210800003a070035
:103bb800253887002520ea00002c050025288500e7
:103bc800c01a03002518a300008063341010c3ac8a
:103bd8000010c38c04d6037c0010c3ac0010c38c47
:103be8004015637cfdff6014000000000800e0033e
:0c3bf800000000000800e00300000000d6
:020000040000fa
:020000041d03da
:103c04000000829033004010000000000200839006
:103c14000800652c2d00a05025100000010085909f
:103c24000800a62c2900c05025100000030087902e
:103c34000800e62c2500c0502510000004008a90de
:103c4400ffff46253f00c62c2000c0502510000071
:103c5400050088900400042d1c00805025100000ed
:103c640088bf063c0000c48c00040b3c04000924fb
:103c740004d6047c25208b000000c4ac0000c48c56
:103c84004015847cfdff891480210800003a070058
:103c9400253887002520ea00002c0500252885000a
:103ca400c01a03002518a300008063341000c3acbd
:103cb4000000c38c04d6037c0000c3ac0000c38c9a
:103cc4004015637cfdff6014000000000800e00361
:0c3cd400000000000800e00300000000f9
:020000040000fa
:020000041d03da
:103ce00082bf043c08000624002086ac0094063401
:103cf000182086acd8000624402086ac81bf033c47
:103d00000100063cf40066ac0180053c0200063c64
:103d1000f40066ac80cfa2240400063cf40066ac3c
:103d2000200040ac280040ac2c0040ac340040a047
:103d30003c0040a0380040ac80cfa0ac080040acb4
:103d40000c0040ac100040a01c0040a0140040ac8f
:103d5000400040ac0020858c060006240600a530fb
:103d60000b00a61000040524300045ac180045ac3b
:103d700000800234082082ac0100023cf80062acf2
:103d80000200023cf80062ac0800e0030000000002
:103d900000020524300045ac180045ac0080023418
:103da000082082ac0100023cf80062ac0200023c38
:0c3db000f80062ac0800e0030000000016
:020000040000fa
:020000041d03da
:103dbc00a8ffbd270400a1af0800a2af0c00a3af61
:103dcc001000a4af1400a5af1800a6af1c00a7af3d
:103ddc002000a8af2400a9af2800aaaf2c00abafdd
:103dec003000acaf3400adaf3800aeaf3c00afaf7d
:103dfc004000b8af4400b9af4800bfaf124000005c
:103e0c004c00a8af104000005000a8af049d1a3c15
:103e1c00a8675a27000000000068044000600540b5
:103e2c0009f84003000000005000a88f11000001a9
:103e3c004c00a88f130000010400a18f0800a28f72
:103e4c000c00a38f1000a48f1400a58f1800a68f50
:103e5c001c00a78f2000a88f2400a98f2800aa8ff0
:103e6c002c00ab8f3000ac8f3400ad8f3800ae8f90
:103e7c003c00af8f4000b88f4400b98f4800bf8f13
:0c3e8c005800bd27c000000018000042d4
:020000040000fa
:020000041d03da
:103e98003300801000000000e0ffbd271400b1af20
:103ea8000080113c1000b0af1c00bfaf1800b2afcb
:103eb80025808000540231260c00028e0000128eec
:103ec8000001433011006014252840000800048eca
:103ed800080080501000048ea6cf400f000000009c
:103ee8000c00028e000143300800601425284000b1
:103ef8001000048e0400238e050080102510a000f9
:103f080009f86000000000000c00028e0400238ef7
:103f18000002423008004014252000021c00048ed4
:103f2800050080502520000209f86000000000000c
:103f38000400238e2520000209f860002580400235
:103f4800deff40560c00028e1c00bf8f1800b28f97
:103f58001400b18f1000b08f0800e0032000bd27c7
:083f68000800e0030000000066
:020000040000fa
:020000041d03da
:103f7000d8ffbd271400b0af1000908c2000b3af65
:103f80002400bfaf1c00b2af1800b1af2700001271
:103f90002000b3902588a0001900001001007332a2
:103fa0007400228e030040100500052409f840002b
:103fb000100124260800058e888f400f252020023e
:103fc0007400228e030040100600052409f840000a
:103fd0001001242610000296240023860400048e7b
:103fe000040042300c0040100a20837c2000828ca8
:103ff00025804002c418027c0c004012200082acd4
:104000000000128ee6ff6016000000ae240022863b
:104010000400048e0a20827c6c00228e09f8400085
:1040200025804002f7ff40560000128e2400bf8f0b
:104030002000b38f1c00b28f1800b18f1400b08f16
:084040000800e0032800bd2781
:020000040000fa
:020000041d03da
:104048004000828ce0ffbd278000033c0008473019
:10405800000242301800b1af1400b0af1c00bfaf6f
:10406800258080002588a0000b38670003004010d9
:10407800480004240400e734600004241000069675
:104088000200e7348afd400f08000524160040109e
:10409800029d043c4000038e1476842400026330a1
:1040a800080044ac150060140c0050ac1c00438c94
:1040b800080063240a0020523e0003921000049670
:1040c800000003ae080003ae2120640001000324b1
:1040d800040004ae3c0003a20c0002ae3e000392b2
:1040e800010063243e0003a21c00bf8f1800b18f9b
:1040f8001400b08f0800e0032000bd271000438c97
:1041080048004424000064ac010004242518000081
:08411800e8ff0010580044a468
:020000040000fa
:020000041d03da
:10412000d0ffbd272000b0affc80908f2c00bfaf28
:104130002800b2af120000122400b1af17008010a7
:104140000180123c251080002588a0000c00072467
:10415000252800021000a62760d344261800a0af2f
:104160001000a0af1400a2af5df4400f1800b1a37f
:1041700003004010258040001000201600000000c1
:104180002c00bf8f251000022800b28f2400b18fb1
:104190002000b08f0800e0033000bd272c00bf8f47
:1041a00025800000251000022800b28f2400b18f66
:1041b0002000b08f0800e0033000bd2739f5400f24
:1041c00060d34426e880828f60d3442601004224d5
:1041d000e88082afe0ff400f000000002c00bf8f9e
:1041e000251000022800b28f2400b18f2000b08f6c
:0841f0000800e0033000bd27c8
:020000040000fa
:020000041d03da
:1041f8003300801000000000d8ffbd271c00b2afbc
:104208001800b1af2400bfaf2000b3af1400b0afa7
:1042180025888000fd12410f2590a0000c00401059
:10422800ffff432421802302000013823000022470
:104238000e006212310002240af7400f25202002e6
:10424800180040102400bf8f000042ae0100022475
:104258002400bf8f2000b38f1c00b28f1800b18fcd
:104268001400b08f0800e0032800bd27000002a258
:104278000af7400f2520200209004010000013a271
:1042880000004328ffff0524010004240a20a3009e
:1042980021108200000042aeedff00100100022450
:1042a8002400bf8f020002242000b38f1c00b28fad
:1042b8001800b18f1400b08f0800e0032800bd2754
:0842c8000800e00325100000ce
:020000040000fa
:020000041d03da
:1042d000a8ffbd270400a1af0800a2af0c00a3af48
:1042e0001000a4af1400a5af1800a6af1c00a7af24
:1042f0002000a8af2400a9af2800aaaf2c00abafc4
:104300003000acaf3400adaf3800aeaf3c00afaf63
:104310004000b8af4400b9af4800bfaf1240000042
:104320004c00a8af104000005000a8af0068044047
:1043300000600540049d023cc06e422409f8400024
:10434000000000005000a88f110000014c00a88f51
:10435000130000010400a18f0800a28f0c00a38f9e
:104360001000a48f1400a58f1800a68f1c00a78f23
:104370002000a88f2400a98f2800aa8f2c00ab8fc3
:104380003000ac8f3400ad8f3800ae8f3c00af8f63
:104390004000b88f4400b98f4800bf8f5800bd2738
:0843a000c000000018000042fb
:020000040000fa
:020000041d03da
:1043a800a8ffbd270400a1af0800a2af0c00a3af6f
:1043b8001000a4af1400a5af1800a6af1c00a7af4b
:1043c8002000a8af2400a9af2800aaaf2c00abafeb
:1043d8003000acaf3400adaf3800aeaf3c00afaf8b
:1043e8004000b8af4400b9af4800bfaf124000006a
:1043f8004c00a8af104000005000a8af006804406f
:1044080000600540049d023cd06e422409f840003b
:10441800000000005000a88f110000014c00a88f78
:10442800130000010400a18f0800a28f0c00a38fc5
:104438001000a48f1400a58f1800a68f1c00a78f4a
:104448002000a88f2400a98f2800aa8f2c00ab8fea
:104458003000ac8f3400ad8f3800ae8f3c00af8f8a
:104468004000b88f4400b98f4800bf8f5800bd275f
:08447800c00000001800004222
:020000040000fa
:020000041d03da
:10448000c0ffbd273800b1af3400b0af3c00bfafb4
:104490002588a0000000a5800400a01025808000d1
:1044a000010022820900405425280000a7d9400fae
:1044b000252000023c00bf8f231050003800b18f30
:1044c0003400b08f0800e0034000bd272000062420
:1044d0000116410f1000a4270100052400002282cc
:1044e0001a0040101000a42700002392010031267a
:1044f0004211030080100200211082000000448c51
:104500000418650025186400f4ff0010000043ac97
:104510000100422400004380e6ff6010ff0063308a
:1045200042210300802004001000a6272120c4009f
:104530000000848c0418650024186400f4ff6010e7
:104540003c00bf8fddff001023105000251000023b
:08455000f0ff0010010005243a
:020000040000fa
:020000041d03da
:10455800c0ffbd273800b1af3400b0af2588800058
:104568002580a00020000624252800003c00bfafbd
:104578000116410f1000a4270000038209006010f3
:1045880025100000010002820b00401401000524e0
:104598002510200200004480feff835001004224c1
:1045a800231051003c00bf8f3800b18f3400b08f0a
:1045b8000800e0034000bd27000003921000a42774
:1045c8000100102642110300801002002110820011
:1045d8000000448c0418650025186400000043acf2
:1045e80000000282f4ff4014251020020100052477
:1045f80000004380eaff60101000a627ff00633028
:1046080042210300802004002120c4000000848c83
:104618000418650024186400e2ff6050231051005c
:08462800f3ff00100100422421
:020000040000fa
:020000041d03da
:10463000e0ffbd271400b0af1c00bfaf1800b1af42
:104640000e00a290010003240e0043102580a0005c
:10465000020003242000431013040524049d043c9d
:10466000b610410f58698424070002240e0002a2ec
:104670001c00bf8f1800b18f1400b08f0800e0033a
:104680002000bd2725888000ac1c410f1000848cc1
:10469000f8ff40141c00bf8f1000248e08000796fe
:1046a000040006963106410f060005960d000292a1
:1046b0000200042406000324010042300a1882008c
:1046c0000e0003a21c00bf8f1800b18f1400b08f22
:1046d0000800e0032000bd27ac1c410f1000848cb3
:1046e000e4ff40141c00bf8f060002240e0002a24b
:1046f0001c00bf8f1800b18f1400b08f0800e003ba
:044700002000bd27b1
:020000040000fa
:020000041d03da
:104704003000a010000000000000a28c2d0040101a
:104714000000000029008010000000004200869480
:104724004000c6300300c014faff02240800e0036e
:1047340000000000e0ffbd270180023c1c00bfaf69
:104744001800b2af1400b1af1000b0af25888000dc
:104754002580a000a819410f3ccf528c00190200fb
:104764002310620080100200219042020000448e57
:10477400d2c5400f252800021400401025804000b7
:10478400252840003df4400f25204002feff072469
:10479400253000000800052631d7400f25202002cf
:1047a400251000001c00bf8f1800b28f1400b18fb9
:1047b4001000b08f0800e0032000bd270800e003cc
:1047c400faff02240800e003fbff0224f5ff0010b7
:0447d400ffff0224bd
:020000040000fa
:020000041d03da
:1047d800d8ffbd271800b1af2400bfaf2000b3af8a
:1047e8001c00b2af1400b0af180080102588a000dc
:1047f8006400902425200002fd12410f2598c00076
:104808000a00201225904000090060122400bf8f82
:104818001200401025202002ffff662625280002ee
:104828001f16410f21883302ffff20a22400bf8feb
:10483800251040022000b38f1c00b28f1800b18fe2
:104848001400b08f0800e0032800bd270d00a01059
:104858002400bf8f0c00c01025900000000020a28b
:104868002400bf8f25900000251040022000b38f40
:104878001c00b28f1800b18f1400b08f0800e0033d
:104888002800bd2725900000251040022000b38f86
:104898001c00b28f1800b18f1400b08f0800e0031d
:0448a8002800bd2700
:020000040000fa
:020000041d03da
:1048ac005800a294d8ffbd272000b3af1c00b2afb4
:1048bc001800b1af1400b0af2400bfaf049d103c82
:1048cc00140082ac049d123c049d023c2598a0006f
:1048dc0025888000100085ac180086ac1c0087acc5
:1048ec005c55422428f61026bcf55226f4ff1026ff
:1048fc0009f8400025202002fcff1256fcff028e16
:10490c00010004249bcc400f252860025000648ecb
:10491c00060080504c00648e4400628e2000428c55
:10492c0009f84000000000004c00648e0600805026
:10493c00420062964400628e0c00428c09f84000e2
:10494c0000000000420062962400bf8f500060ae51
:10495c00bfbf42304c0060ae420062a61c00b28f5a
:10496c002000b38f1800b18f1400b08f0800e00343
:04497c002800bd272b
:020000040000fa
:020000041d03da
:10498000d8ffbd271c00b1af1800b0af2400bfafe7
:104990002000b2af2580c0001e00c0102588800016
:1049a0007481848f2590a000253000000000828c47
:1049b00009f8400025280002ffff032415004310da
:1049c0008081878f0a00e050253840021800e38c70
:1049d0000600601025300002070005242520200273
:1049e00009f860001000a2af1000a28f2538400225
:1049f00025300002252020022400bf8f2000b28f26
:104a00001c00b18f1800b08f25284000b881400be2
:104a10002800bd278081878f0800e0102400bf8f09
:104a20001800e28c0500401025300002ffff05242d
:104a300009f84000252020022400bf8ffeff022439
:104a40002000b28f1c00b18f1800b08f0800e00367
:044a50002800bd2756
:020000040000fa
:020000041d03da
:104a54006481828fd8ffbd272000b3af1c00b2afa2
:104a64001800b1af1400b0af2400bfaf25808000a0
:104a74002588a0002590c000180040102598e0006b
:104a84002528000258ca400f252040000900401480
:104a940025804000251000002400bf8f2000b38f24
:104aa4001c00b28f1800b18f1400b08f0800e0030f
:104ab4002800bd27080051a00a000624252840022a
:104ac4001f16410f1400442401000224f2ff221691
:104ad4001e0000a2f0ff0010040013ae7df4400f8e
:104ae40000000000e6ff4014648182af8081878f5c
:104af400e9ffe010251000001800e28ce5ff4010eb
:104b0400253000000a80053409f840002520000003
:104b14006481828fe0ff405025100000d9ff00100f
:044b2400252800023e
:020000040000fa
:020000041d03da
:104b2800d8ffbd27ffff02242400bfaf2000b1af8c
:104b38001c00b0af140082101000a2af00008290d9
:104b4800120040502400bf8f0400828c0800438c60
:104b58000c00638c200060100100032412005190a7
:104b680011002352120040a0070002240c0082ac5e
:104b7800ffff02242400bf8f2000b18f1c00b08fdc
:104b88000800e0032800bd272400bf8f0900022485
:104b9800048282af2000b18fffff02241c00b08f77
:104ba8000800e0032800bd270400828c25808000cf
:104bb8000800848c0800428c0c00428c09f84000e4
:104bc8001000a7270400038e07004014120071a0ec
:104bd800e8ff00101000a28f170002240c0082ac1e
:104be800e4ff0010ffff02240c0002aee1ff0010fa
:044bf800ffff022495
:020000040000fa
:020000041d03da
:104bfc000080033c902c63240400831425100000d7
:104c0c009800838c03006014000000000800e0038f
:104c1c0000000000d8ffbd271000b0af2580800039
:104c2c002520a0002400bfaf2000b4af1c00b3af00
:104c3c001800b2af1400b1af9607410f2588a00041
:104c4c009400048e25904000d608410f4c00138e22
:104c5c0025a040009c00028e272811002718120066
:104c6c002428a2009c0005aea400028e2528400238
:104c7c002520600224186200a40003aef71b410f2c
:104c8c000000000025284002fa1b410f252060027d
:104c9c009400048ede19410f252880022400bf8f5a
:104cac00010002242000b48f1c00b38f1800b28fb7
:104cbc001400b18f1000b08f0800e0032800bd274e
:020000040000fa
:020000041d03da
:104ccc00e0ffbd271c00bfaf1800b0af30008390d1
:104cdc000200022417006214258080001000848cce
:104cec0026008050049d043c0c00028e1400058e9e
:104cfc003800428c09f840001000a627010003245c
:104d0c000800435002000224130040040300032453
:104d1c00310004921600831025100000140000ae20
:104d2c00300000a21c00bf8f1800b08f0800e003f9
:104d3c002000bd27049d043c6c0105244e10410f3e
:104d4c00b85984241c00bf8f251000001800b08fa8
:104d5c000800e0032000bd27049d043c7e010524cf
:104d6c004e10410fb8598424ecff0010feff0224b2
:104d7c001000a38fe9ff0010340003a67201052474
:104d8c005b10410fb8598424e6ff0010ffff02248a
:020000040000fa
:020000041d03da
:104d9c00e0ffbd271400b1af0180113c1000b0af93
:104dac002580800060d324261800b2af1c00bfaf52
:104dbc0039f5400f2590a00060d3228e05004014d9
:104dcc000000000018000010000000001600401049
:104ddc0000000000fdff02560000428c08004390ca
:104dec001100721000000000e880838f1800405200
:104dfc00ffff632401006324e88083af080052a006
:104e0c0001001024e0ff400f60d324261c00bf8f4c
:104e1c00251000021800b28f1400b18f1000b08f53
:104e2c000800e0032000bd27e0ff400f60d32426dc
:104e3c001c00bf8f25800000251000021800b28fc7
:104e4c001400b18f1000b08f0800e0032000bd27c4
:104e5c00e88083af080052a0eaff00100100102484
:020000040000fa
:020000041d03da
:104e6c00d8ffbd271800b2af259080002520a000e8
:104e7c002000b4af1c00b3af1400b1af1000b0af42
:104e8c002400bfaf2588a00025a0c00039f5400f35
:104e9c002598e0000a004014258040002400bf8fb4
:104eac00251000022000b48f1c00b38f1800b28fa5
:104ebc001400b18f1000b08f0800e0032800bd274c
:104ecc002528400207de400f252020021400401048
:104edc0000000000030060120000000009f86002ee
:104eec0025204000e0ff400f252020020c00828e80
:104efc002528400209f84000252080022400bf8f9d
:104f0c00251000022000b48f1c00b38f1800b28f44
:104f1c001400b18f1000b08f0800e0032800bd27eb
:104f2c00e0ff400f25202002dcff00102580000050
:020000040000fa
:020000041d03da
:104f3c00d8ffbd271800b2af1000b0af2538c000a5
:104f4c002580a0002590c0002530a0002600052457
:104f5c001c00b3af1400b1af2400bfaf2000b4af3e
:104f6c008b8a400f2598800025884000020002247f
:104f7c001900225246006486040000122400bf8fe0
:104f8c0000000292090040140000000025102002cd
:104f9c002000b48f1c00b38f1800b28f1400b18f97
:104fac001000b08f0800e0032800bd2721bf400f80
:104fbc00252000022400bf8f251020022000b48f72
:104fcc001c00b38f1800b28f1400b18f1000b08f7b
:104fdc000800e0032800bd278ede400f0000748e11
:104fec00e5ff8216253840022530000225280000f6
:104ffc008b8a400f25206002dfff001025884000bf
:020000040000fa
:020000041d03da
:10500c00e0ffbd27ffff02241c00bfaf1800b1afab
:10501c00240082101400b0af0000829022004010d7
:10502c00090002240400828c0800438c1400638c59
:10503c0020006010010003240c0080ac1200519081
:10504c0009002352120040a0070002240c0082ac7d
:10505c00ffff02241c00bf8f1800b18f1400b08f0b
:10506c000800e0032000bd270400828c258080000e
:10507c000800428c1400428c09f840000800848c13
:10508c000400038e0f004014120071a01c00bf8f8f
:10509c00000000a21800b18f1400b08f0800e003cc
:1050ac002000bd2709000224048282afe9ff001012
:1050bc00ffff0224170002240c0082ace5ff001055
:1050cc00ffff02240c0002aee2ff0010ffff0224df
:020000040000fa
:020000041d03da
:1050dc00e0ffbd27ffff02241c00bfaf1800b1afdb
:1050ec00270082101400b0af000082902500401001
:1050fc00090002240400828c0800438c7c00638c21
:10510c0023006010010003240c0080ac12005190ad
:10511c0009002352120040a0070002240c0082acac
:10512c00ffff02241c00bf8f1800b18f1400b08f3a
:10513c000800e0032000bd270400828c258080003d
:10514c000800428c7c00428c09f840000800848cda
:10515c000400038e07004014120071a01c00bf8fc6
:10516c00000000a21800b18f1400b08f0800e003fb
:10517c002000bd270c0002aeeaff0010ffff022446
:10518c0009000224048282afe6ff0010ffff022414
:10519c00170002240c0082ace2ff0010ffff022477
:020000040000fa
:020000041d03da
:1051ac00636865636b706173730000006d616e758d
:1051bc0066616374757265006d6f64656c000000e8
:1051cc0073657269616c00006970616464720000df
:1051dc0072656d6f64654d6f6465000063616e434d
:1051ec006f6e6669670000004170700064657669d7
:1051fc0063655374617475730000000043414e5332
:10520c0074617475730000006c6f63616c4d6f6436
:10521c0065000000616c657274000000636f6e7451
:10522c00726f6c00636f6e736f6c654c6f6773009d
:10523c006669726d566572006861726456657200bb
:10524c006d6f646275734366670000006e6574432e
:10525c00666700007573657243666700706f7765eb
:10526c0072537570706c79006e65774669726d005b
:020000040000fa
:020000041d03da
:10527c00e0ffbd271400b1af4400918c1000b0af1b
:10528c00258080001c00228e1800848c1800b2af80
:10529c001c00bfaf09f8400001001224100052108e
:1052ac001c00bf8f2000228e09f840001800048ecd
:1052bc0010004054200002928400028e0100423003
:1052cc000c004050200002922000028e0001427c13
:1052dc001300521002000224900002ae1c00bf8f7b
:1052ec001800b28f1400b18f1000b08f0800e003cb
:1052fc002000bd270429027ce3fe400f200002a2ff
:10530c001c00bf8f7c0002ae900000ae1800b28f64
:10531c001400b18f1000b08f0800e0032000bd27ef
:10532c001c00bf8f900000ae1800b28f1400b18f1c
:0c533c001000b08f0800e0032000bd2727
:020000040000fa
:020000041d03da
:10534800e0ffbd271400b0af1c00bfaf1800b1af1d
:105358000e00a290010003241d0043102580a00028
:1053680010004010fcff42240200422c0e00405066
:10537800049d043c1000848cfbf4400f0800a52415
:10538800040040101c00bf8f050002240e0002a27a
:105398001c00bf8f1800b18f1400b08f0800e00305
:1053a8002000bd27049d043c30040524b610410f9d
:1053b8006c698424070002240e0002a21c00bf8f1f
:1053c8001800b18f1400b08f0800e0032000bd273b
:1053d80025888000ac1c410f1000848cedff401420
:1053e8001c00bf8f04000696060005964606410f6e
:1053f8001000248e0e0002a21c00bf8f1800b18f6f
:0c5408001400b08f0800e0032000bd2756
:020000040000fa
:020000041d03da
:105414000d008290e0ffbd271800b1af1c00bfafa4
:105424001400b0af07004014258800001c00bf8f93
:10543400251020021400b08f1800b18f0800e0037b
:105444002000bd270e1d410f258080000c00039213
:105454001d006014ffff6324101d410f2520400030
:105464000000118e09002012000000000400028eca
:1054740013002252040000ae0000228e000002ae8f
:105484000800028effff4224080002ae0e1d410fe9
:10549400000000000c00039225204000010063245a
:1054a400101d410f0c0003a21c00bf8f2510200209
:1054b4001400b08f1800b18f0800e0032000bd274e
:1054c400efff0010000000ae0c0003a2101d410ffe
:0c54d40025204000e3ff00100000118eb6
:020000040000fa
:020000041d03da
:1054e000e0ffbd271800b2af1400b1af1000b0af9d
:1054f0000c00b28c1c81908f1c00bfafa819410f0b
:105500002588a0008018020021186200801803007e
:1055100021186200fdff4226801803000200422c81
:105520000c00401421180302010004240700445217
:105530002c00648c1c00bf8f1800b28f1400b18f38
:105540001000b08f0800e0032000bd27faff801094
:105550001c00bf8f0400228e0600422cf5ff401471
:10556000ffff02240000268e320002242c00632458
:105570000000c2a0040002240100c2a0030065884c
:105580000200c42406000224000065980500c5a896
:10559000000085b81c00bf8f1800b28f1400b18fb7
:0c55a0001000b08f0800e0032000bd27c1
:020000040000fa
:020000041d03da
:1055ac005081828fe0ffbd271c00bfaf1800b1af48
:1055bc00090040101400b0af0180103ce4d110265b
:1055cc001c00bf8f251000021800b18f1400b08f83
:1055dc000800e0032000bd271e00a0100180023c43
:1055ec002588a000049d053ce4d150240c55a5242d
:1055fc0025200000e4d140ac488180af348180afdd
:10560c00408180af388180af3c8180af040000ae18
:10561c00448180af080000ae0c0000ae100000ae5c
:10562c00140000ae180000ae48f1400f1c0000ae94
:10563c001400228e010003242c8183afe0ff401460
:10564c00288182af9f37400f25202002ddff4014b8
:10565c001c00bf8f1c00bf8fffff02241800b18fee
:0c566c001400b08f0800e0032000bd27f0
:020000040000fa
:020000041d03da
:10567800d8ffbd270200a5281c00b2af2400bfaf89
:105688002000b3af1800b1af1400b0af1f00a014d2
:105698000400928c258080000af7400f0400c48c17
:1056a80017004010049d113c049d113ca42a31268a
:1056b80002001324f40e410f25200000252040008d
:1056c80065da400f252860020000038e253020028d
:1056d800252040022400bf8f2000b38f1c00b28f0a
:1056e8001800b18f1400b08f0400798c049d053c1c
:1056f80025384000c82aa524080020032800bd2713
:105708009c2a3126ebff0010010013240000828c34
:105718002400bf8f252040022000b38f1c00b28fc9
:105728001800b18f1400b08f0000598c049d053cff
:0c573800b02aa524080020032800bd278b
:020000040000fa
:020000041d03da
:105744003411029d343d019d3c11029d5811029d6e
:105754006c80029d6011029d5c90029dc045019d7c
:105764007c11029d9411029db4d7029d9c11029d4f
:10577400b011029dc866029db811029dcc11029d14
:105784005428029dd411029df011029d7cc6029df5
:10579400f811029d1012029d1835039d1812029de6
:1057a4003412029db4cc029d3c12029d5012029d03
:1057b4000ca4019d5412029d7412029d1ce1019dd2
:1057c4007c12029d9012029d78cb019d9c12029d39
:1057d400b012029d509e019db812029dd012029dee
:1057e4000c4e019dd812029dec12029ddcd2029d4a
:1057f400f012029d0413029d7856039d1013029d1e
:0c5804001c13029d1cc0029d2013029d7d
:020000040000fa
:020000041d03da
:105810003000a294d8ffbd272000b3af010042247e
:10582000ffff42301c00b2af1800b1af1400b0afa0
:105830002400bfaf3000a2a40000d18c2580a000be
:10584000049d053c25988000506ea524252020024b
:105850008a14410f2590c00016004010049d053c9d
:10586000586ea5248a14410f2520200211004010f3
:105870008081878f0800e0102400bf8f1800e28c21
:1058800005004010253020020580053409f840004d
:10589000252060022400bf8f010002242000b38f66
:1058a0001c00b28f1800b18f1400b08f0800e00305
:1058b0002800bd270400468e25280002252060020e
:1058c0002400bf8f2000b38f1c00b28f1800b18f4f
:0c58d0001400b08f60d2400b2800bd27f0
:020000040000fa
:020000041d03da
:1058dc00e0ffbd271800b1af1400b0af25888000e1
:1058ec002580a000480204241c00bfafbc09410f56
:1058fc00010005241900401020004324180043ac7b
:10590c001c0043ac000051ac040050acd800432444
:10591c0048024624cc00448c15008050cc0043ac8b
:10592c00000064acd000458c040065ac0000a3ac56
:10593c00040083accc0043ac5c006324f6ff6654db
:10594c00cc00448cdc81838f0d006010080040accf
:10595c00e081838fe08182af080062ac1c00bf8fb6
:10596c001800b18f1400b08f0800e0032000bd2791
:10597c00d00043ac000063acefff0010040063ac3c
:10598c001c00bf8f1800b18f1400b08fdc8182af68
:0c599c00e08182af0800e0032000bd277e
:020000040000fa
:020000041d03da
:1059a8002f0080100180033c0800878c84ce63247c
:1059b8002700e314f5ff0224020082840100032477
:1059c8002100431400000000180083941e00621494
:1059d800000000001a00829403004310040003240e
:1059e8001900431400000000300082901800401491
:1059f800f7ff0224e8ffbd27010302241000b0af1f
:105a08001400bfaf320085a4300082a4360086a4fb
:105a18009cb8400f258080000f00400425184000e6
:105a28000300042405006410251000001400bf8f33
:105a38001000b08f0800e0031800bd27300000a256
:105a4800faff0010010002240800e003f6ff022418
:105a58000800e00300000000f4ff0010f7ff022434
:085a68000800e003f5ff022431
:020000040000fa
:020000041d03da
:105a7000ffff8424ffff84300a00822c24004010a2
:105a800000000000c0180400211864000180043cdc
:105a900080180300a4c68424213864000000e2902a
:105aa0001b004010000000000400e294e8ffbd2746
:105ab000200042300c0040141400bfaf0800e38cfb
:105ac0003400638c1a006050ffff03240600e48456
:105ad00009f8600025380000ffff42301400bf8f36
:105ae0000800e0031800bd270c00e28c2400428c63
:105af000090040101c00632409f8400021208300a5
:105b00001400bf8fffff42300800e0031800bd27dc
:105b10000800e003251000001400bf8fffff0224df
:105b20000300e2a01800bd270800e00325100000d4
:085b3000eaff00100300e3a0ee
:020000040000fa
:020000041d03da
:105b38000180063c78d4ca8c2b0040112510000047
:105b48002518400125380000254000000000658c1c
:105b58000800a4141000698c0200e05078d4c9ac85
:105b68001000e9ac0800e00310006224f7ff001001
:105b7800251820012b58850007006011000000003f
:105b88001b0040502540e00000004b8c2b28ab0048
:105b98000b40e5000b106500f4ff20152538600068
:105ba80011004010000000000000438c1000458cdc
:105bb800231864001100692c0700201510004724e1
:105bc800000044acf0ff63242120e400100085ac01
:105bd800000083ac2528800002004255100005ad66
:105be80078d4c5ac2510e0000800e00300000000f0
:085bf800e9ff00102510600018
:020000040000fa
:020000041d03da
:105c000043414e3a204348257520736574206261f4
:105c1000756420314d6270730000000043414e3abc
:105c200020434825752073657420626175642038af
:105c300030304b627073000043414e3a2043482598
:105c400075207365742062617564203530304b6255
:105c50007073000043414e3a204348257520736518
:105c6000742062617564203235304b6270730000bd
:105c700043414e3a20434825752073657420626184
:105c80007564203132354b627073000043414e3ae7
:105c90002043482575207365742062617564203146
:105ca00030304b627073000043414e3a2043482528
:105cb000752073657420626175642035304b6270a5
:045cc000730000006d
:020000040000fa
:020000041d03da
:105cc400c8ffbd273000b5af0180153c2000b1af3f
:105cd4002588800058cfa4262c00b4af2800b3af89
:105ce4002400b2af1c00b0af3400bfaf25a0a000a9
:105cf4002598c00039f5400f2590e00058cfb08eac
:105d0400090000560c00028e1500001058cfa4267e
:105d14000b0051500800028e0000108e100000523b
:105d240058cfa4260c00028e25384002253060028c
:105d340025288002f6ff4014252020020800028e48
:105d44001000a2af0400028e09f840000000000019
:105d54000000108ef4ff00560c00028e58cfa426cb
:105d64003400bf8f3000b58f2c00b48f2800b38f60
:105d74002400b28f2000b18f1c00b08fe0ff400bd5
:045d84003800bd27ff
:020000040000fa
:020000041d03da
:105d8800d8ffbd271000b0af0180023c2580a000dd
:105d98002000b4af1c00b3af1800b2af1400b1af0d
:105da800259080002400bfaf2598c000a819410f96
:105db8003ccf518c000003964000643011008014e1
:105dc8000300142400210200232082008020040004
:105dd80021202402800063301400912415006010f3
:105de800040005267ae3400f25202002020014242f
:105df8002538200225306002800005245403410f15
:105e080025200002253880021000062608000526f5
:105e1800252040022400bf8f2000b48f1c00b38fc0
:105e28001800b28f1400b18f1000b08f31d7400b1b
:105e38002800bd277ae3400f24008424ecff0010db
:045e4800010014241d
:020000040000fa
:020000041d03da
:105e4c00e0ffbd271800b2af1400b1af1000b0af27
:105e5c001c00bfaf1c81908f2588a000a819410f92
:105e6c000c00b28c8018020021186200801803000c
:105e7c002118620080180300040002240a00421258
:105e8c002118030207000224070042120300042415
:105e9c0014004416251000004c00659402000424e4
:105eac001100a4101c00bf8f0400228e0600422c8f
:105ebc0012004014240063240000268e36000224b5
:105ecc000000c2a0040002240100c2a003006588e7
:105edc000200c42406000224000065980500c5a831
:105eec00000085b81c00bf8f1800b28f1400b18f52
:105efc001000b08f0800e0032000bd27f9ff001050
:045f0c00ffff02246d
:020000040000fa
:020000041d03da
:105f10005443502f495020537461636b3a202573ca
:105f2000204d414320696e697469616c697a6174be
:105f3000696f6e206661696c65640d0a000000007f
:105f40005443502f495020537461636b3a2025739a
:105f5000204d4143204f70656e206661696c656419
:105f60000d0a00005443502f495020537461636b55
:105f70003a204d6f64756c65206e6f3a2025642061
:105f8000496e697469616c697a6174696f6e2066c3
:105f900061696c65640d0a005443502f49502053c9
:105fa0007461636b3a202573204d4143206576650b
:105fb0006e74206e6f74696669636174696f6e20b8
:105fc00073657474696e67206661696c65640d0a37
:045fd00000000000cd
:020000040000fa
:020000041d03da
:105fd400ffff83300b00632c2c00601000000000d6
:105fe400e0ffbd271400b1af1000b0afffff913048
:105ff40000a0103c101f1026008911002118110266
:106004000c00638c1c00bfaf190083141800b2afde
:1060140000a0033c7c0a638c030083102590a0003d
:106024009eed400f0000000000a0023c30284224f6
:106034000800438c2b2072000d0080141c00bf8fbd
:106044000400458c21801102231872002190b200b3
:10605400000012ae080003ae251000001800b28f35
:106064001400b18f1000b08f0800e0032000bd279a
:106074001c00bf8f010002241800b28f1400b18fde
:106084001000b08f0800e0032000bd270800e003e3
:0460940001000224e1
:020000040000fa
:020000041d03da
:10609800e0ffbd271000b0af0180103cc8cf10262c
:1060a8000400028e1c00bfaf1800b2af1800428c6b
:1060b8001400b1af09f8400025908000140002ae2a
:1060c8001400118e1000028e238822028ef6400fd3
:1060d800252020020e1d410f000000002800068e1a
:1060e8002c00078e25204000212826022b88b1008d
:1060f80021182702280005ae2c0003ae101d410f01
:1061080000000000ffc0400f252040020600401498
:106118001c00bf8f1800b28f1400b18f1000b08f11
:106128000800e0032000bd270e1d410f00000000fd
:106138003fb2400f25804000252000021c00bf8f81
:106148001800b28f1400b18f1000b08f101d410bd2
:046158002000bd273f
:020000040000fa
:020000041d03da
:10615c0013008004b080838fe8ffbd271400bfaf0d
:10616c002a108300090040101000b0af801b410fb3
:10617c000000000005004010258040003c004390ca
:10618c0001000224080062500c00028e2510000051
:10619c001400bf8f1000b08f0800e0031800bd275b
:1061ac000800e00325100000070040503e0002925a
:1061bc002000428c080042300c0040504000028eff
:1061cc000c0000ae3e0002923d0003922b104300e7
:1061dc00eeff40100100052412d0400f25200002d4
:1061ec00ebff4010251000004000028e00024230f0
:1061fc00030040500400028ee5ff0010c00502248d
:10620c000800038e23104300e1ff0010ffff423013
:020000040000fa
:020000041d03da
:10621c0010818487e0ffbd271400b0afffff10246e
:10622c001c00bfaf040090101800b1af94da400fff
:10623c0000000000108190a71c81908f14000012a8
:10624c001881838f0d006018258800004000028e95
:10625c000100312654001026040040102520400077
:10626c001115410f000000001881838f2a102302a2
:10627c00f7ff40544000028e1c81908f0481848f64
:10628c000c00828c09f84000252800021c8180af8c
:10629c000481858f0180043c4d15410f80d38424eb
:1062ac000881848f050080101c00bf8fb318410f2c
:1062bc0000000000088180af1c00bf8f1800b18f58
:1062cc001400b08f188180af0800e0032000bd27b8
:020000040000fa
:020000041d03da
:1062dc00e0ffbd271c00bfaf1800b1af230080103a
:1062ec001400b0af0e1d410f25888000480023928a
:1062fc0019006014ffff6324101d410f252040007e
:10630c002400238e20006010251000000400658cf2
:10631c000000638c2b304500fcff60140b10a600b2
:10632c00008102000e1d410f000000004800239266
:10633c002520400001006324101d410f480023a2ba
:10634c001c00bf8f251000021800b18f1400b08ff5
:10635c000800e0032000bd27480023a2101d410fb8
:10636c0025204000e7ff00102400238e1c00bf8f67
:10637c0025800000251000021800b18f1400b08f8a
:10638c000800e0032000bd27e6ff00102580000078
:020000040000fa
:020000041d03da
:10639c001800838ce8ffbd27030002241400bfaf54
:1063ac00190062101000b0af5481828f0900405068
:1063bc000000829401004224548182af0100102419
:1063cc001400bf8f251000021000b08f0800e003ee
:1063dc001800bd27049d073c049d063c039d043c0e
:1063ec007832e7248c32c6241100052444578424c7
:1063fc0005b5400f5c8182af09004010258040003c
:10640c00ecff00105481828f1400bf8f0100102408
:10641c00251000021000b08f0800e0031800bd2703
:10642c00001d410f00000000e6ff40501400bf8f1c
:10643c00fe1c410f00000000049d053c9432a52475
:10644c00bbde400f25204000deff00101400bf8f84
:020000040000fa
:020000041d03da
:10645c00e0fbbd272804a2272804a6af2c04a7af75
:10646c002530a00025384000000405241000a42786
:10647c001804b0af1c04bfafd7d9400f1004a2afa3
:10648c0025804000ffff4224ff03422c1a004010dd
:10649c001c04bf8fd881848f1000a22721105000bc
:1064ac00000040a0211090000004422c1500401068
:1064bc000180033cf0b9632421186400252060009e
:1064cc001516410f1000a52725284000fb13410f7e
:1064dc00252000000300023204004050d881828f36
:1064ec002380020204001026d881828f2180500064
:1064fc00d88190af1c04bf8f1804b08f0800e00344
:10650c002004bd27d88180afecff0010f0b96324c4
:020000040000fa
:020000041d03da
:10651c0027008014ffff0324c8ffbd270080023c26
:10652c002400b0afa02e508c3400bfaf1400028eec
:10653c003000b3af2c00b2af160043102800b1af3f
:10654c000800038e252040002590a0001c00628cc2
:10655c002598e00009f840002588c0004227120069
:10656c000400032414008310233822020800028e36
:10657c00020003241400048e240003ae1000b3aff9
:10658c001800428c2530400209f840001c000526fa
:10659c001c00028e3400bf8f3000b38f2c00b28fe2
:1065ac002800b18f2400b08f0800e0033800bd270d
:1065bc000800e003ffff022425286002252040028a
:1065cc008608410f1800a7afe8ff00101800a78f2e
:020000040000fa
:020000041d03da
:1065dc00d8ffbd271800b0af2400bfaf2000b2af6a
:1065ec001c00b1af0300e014ffff10240400801066
:1065fc002400bf8f0800c0140180033c2400bf8f0f
:10660c00251000022000b28f1c00b18f1800b08f33
:10661c000800e0032800bd2725888000d4cf648cb7
:10662c002510c0002580e000190044002590a00032
:10663c00e80306242538000012200000685a400f99
:10664c0010280000252840001000b0af253840026b
:10665c002530200235bb400f25200000258040004e
:10666c00ffff0224e6ff02122400bf8f59a8400f3f
:10667c00252000022400bf8f251000022000b28fbd
:10668c001c00b18f1800b08f0800e0032800bd2754
:020000040000fa
:020000041d03da
:10669c00e8ffbd27ff00a5301000b0af1400bfaf5e
:1066ac000f00a01425808000fd12410f0000000097
:1066bc00218002021400bf8f251000021000b08f41
:1066cc000800e0031800bd2700000282f9ff40100b
:1066dc00ff004230f8ff45101400bf8f0100102658
:1066ec0003000232f8ff40140101043c0101842430
:1066fc000220a470fefe073c8080083cfffee734bd
:10670c00808008350000038e26306400211067005d
:10671c0027180300241043002118c7002730060057
:10672c00243066002510460024104800f5ff405028
:10673c000400102600000282deff4010ff004230f1
:10674c00ddff45101400bf8ffaff0010010010266a
:020000040000fa
:020000041d03da
:10675c0070ffbd278400b2af8000b1af7c00b0af3a
:10676c002588a000258080002590c00025280000e9
:10677c004c0006242400a4278800b3af8c00bfafc4
:10678c000116410f2598e000ffff02241000a2af74
:10679c0002010224020000161400a2af7000b02700
:1067ac001800b0af1c00b1af020020122510000081
:1067bc00ffff22260c0021062000a2af0180023c24
:1067cc004f00032480d443acffff02248c00bf8f06
:1067dc008800b38f8400b28f8000b18f7c00b08fa3
:1067ec000800e0039000bd2701002056000000a225
:1067fc0025306002252840021000a4272800b0afe5
:10680c00650e410f2400b0aff1ff00108c00bf8f5c
:020000040000fa
:020000041d03da
:10681c00ffff8224feff422c2a00401000000000e3
:10682c0002120400ff00433026006014ff004330c6
:10683c00401003002110430080100200231043007d
:10684c0080100200231043000180053c80100200e0
:10685c0000cba524211045007800468cff00873022
:10686c002b30e6001700c010401807006c00428c5b
:10687c0021186700c0180300211043001000438c3e
:10688c001000641400000000080043900d0060101c
:10689c00000000000000449040180400211864001f
:1068ac008018030023186400801803002318640068
:1068bc00801803000a18a37c020063380800e00368
:0c68cc000b1003000800e0032510000082
:020000040000fa
:020000041d03da
:1068d8000d00829003004014000000000800e0034f
:1068e80000000000e8ffbd271000b0af1400bfafe4
:1068f8000e1d410f258080000c0003921e006014bd
:10690800ffff6324101d410f252040000000028e68
:106918000f004010000000000800038e0400058ee0
:1069280005000010ffff632425206000ffff63249b
:1069380006004010000002aefbffa2540000428c8b
:10694800040000ae000000ae25206000080004ae80
:106958000e1d410f000000000c000392252040008e
:10696800010063240c0003a21400bf8f1000b08f35
:10697800101d410b1800bd270c0003a2101d410f6c
:0c69880025204000e2ff00100000028efd
:020000040000fa
:020000041d03da
:10699400e8ffbd271000b0af0180103c78d110266d
:1069a400040002960b0040101400bfaf0e008010cc
:1069b40001000324b10d410f1c00a5af05004010d8
:1069c4001c00a58f58004394010002240800001005
:1069d400041062001400bf8f251000001000b08f57
:1069e4000800e0031800bd2704104300ffff422401
:1069f4000600a0500c00038e0200a43801000324fa
:106a04000b286400080005ae0c00038e1400048eed
:106a140025106200080080100c0002ae7c1b410fa0
:106a2400000000001400bf8f010002241000b08f8a
:106a34000800e0031800bd271400bf8f01000224e2
:0c6a44001000b08f0800e0031800bd2710
:020000040000fa
:020000041d03da
:106a5000e0ffbd271400b0af1c00bfaf1800b1affe
:106a60000900800425800000b080838f2a108300f5
:106a7000060040101c00bf8f801b410f000000006b
:106a800007004014258840001c00bf8f251000021d
:106a90001800b18f1400b08f0800e0032000bd275c
:106aa0000e1d410f000000009c80839312006014b3
:106ab000ffff6324101d410f2520400097fc400f6d
:106ac000252020020e1d410f010010249c8083937d
:106ad0002520400001006324101d410f9c8083a3ea
:106ae0001c00bf8f251000021800b18f1400b08f5a
:106af0000800e0032000bd2725204000101d410fa5
:0c6b00009c8083a3edff0010000000004b
:020000040000fa
:020000041d03da
:106b0c00e0ffbd271800b2af1400b1af1000b0af5a
:106b1c001c00bfaf76008390258080002588a000e4
:106b2c000a00622c170040102590c00001000224be
:106b3c00041062003c0343300b00601480004230b0
:106b4c0011004010030031320200a2300e0040143c
:106b5c001c00bf8f1800b28f1400b18f1000b08fc3
:106b6c000800e0032000bd270000828c25300000c7
:106b7c0014000524100082ac0c0082aca725400f39
:106b8c00080082ac03003132050020122528400297
:106b9c0074000296010003248452627c740002a6e5
:106bac00252000021c00bf8f1800b28f1400b18f7b
:0c6bbc001000b08f9c7a400b2000bd2719
:020000040000fa
:020000041d03da
:106bc800d8ffbd272000b1af2400bfaf1c00b0af75
:106bd800050080102588a0004200829440004230c1
:106be8000e004014000000001900e01425202002c7
:106bf80034de400f1000a6af258040000900401485
:106c08001000a68f2400bf8f251000022000b18f2e
:106c18001c00b08f0800e0032800bd27f9ffe0142e
:106c280025808000252000029112410f1000a6af98
:106c38001000a68f2400bf8f2000b18f0000c2acc7
:106c4800251000021c00b08f0800e0032800bd27b3
:106c58002528c00096f5400f25200000e9ff4014c4
:106c680025804000252020022400bf8f2000b18ffe
:0c6c78001c00b08f34de400b2800bd274c
:020000040000fa
:020000041d03da
:106c84001e00801000000000420085944000a530e2
:106c94000300a014251000000800e0030000000019
:106ca400d8ffbd272000b1af1c81918f2400bfaf56
:106cb4000d0020121c00b0afa819410f25808000e0
:106cc4008018020021186200801803002118620055
:106cd40080180300211823025000639001006330e0
:106ce40008006014010002242400bf8f2000b18f2b
:106cf4001c00b08f0800e0032800bd270800e00353
:106d040025100000252000020100062401000524ae
:106d1400c7c1400f1000a2af2520000203000624c3
:106d24001af8400f010005240d0005243fe8400f28
:0c6d340025200002ecff00101000a28fd0
:020000040000fa
:020000041d03da
:106d4000536574206761746577617920616464724a
:106d5000657373204f4b0d0a0000000053657420cb
:106d6000676174657761792061646472657373200b
:106d70006661696c65640d0a000000005573616707
:106d8000653a207365746777203c696e7465726636
:106d90006163653e203c697076342f3620616464ff
:106da000726573733e203c76616c696454696d65ed
:106db0003e200d0a0000000045783a207365746794
:106dc00077205049433332494e54203139322e31e5
:106dd00036382e302e31200d0a000000496e7661c3
:106de0006c69642049502061646472657373207318
:0c6df0007472696e67200d0a000000003c
:020000040000fa
:020000041d03da
:106dfc008e818293c0ffbd273800b0af3c00bfaf7f
:106e0c002580a00024004014000080ac049d033cad
:106e1c00b05f62241400468cb05f6b8c04004a8c0b
:106e2c000800498c0c00488c1000478c1800458ccd
:106e3c001c0043941e0042902400a6af1000abaf80
:106e4c001400aaaf1800a9af1c00a8af2000a7af70
:106e5c002800a5af2c00a3a72e00a2a31e00062479
:106e6c00253800001000a527a8e1400f4600842417
:106e7c00040040140c00032401000224000002a2b0
:106e8c000b0003243c00bf8f251060003800b08f2e
:106e9c000800e0034000bd270d0a02241000a2a741
:0c6eac001200a0a3eeff0010020006245c
:020000040000fa
:020000041d03da
:106eb8006481828fe0ffbd271c00bfaf1800b2af0e
:106ec8001400b1af1d0040101000b0af2590a00015
:106ed80025288000252040002588e0002515410f41
:106ee8002580c000160040101c00bf8f000043948e
:106ef80001006330130060502510000002000012ea
:106f080008004390000003ae01000424120064103e
:106f1800000000000200401209004324000043aeb4
:106f28001c00bf8f140042241800b28f1400b18fc8
:106f38001000b08f0800e0032000bd271c00bf8fa1
:106f4800251000001800b28f1400b18f1000b08f08
:106f58000800e0032000bd27eeff2012000000001b
:0c6f68000400438cebff0010000023ae7f
:020000040000fa
:020000041d03da
:106f7400e0ffbd27ffff02241c00bfaf1800b1af24
:106f8400150082101400b0af00008290130040502e
:106f94001c00bf8f0400828c0800438c2000638c8b
:106fa40015006010010003240c0080ac1200519005
:106fb40015002352120040a0070002240c0082acea
:106fc400251000001c00bf8f1800b18f1400b08f73
:106fd4000800e0032000bd271c00bf8f0900022425
:106fe400048282af1800b18f251000001400b08f06
:106ff4000800e0032000bd27170002240c0082ac27
:10700400f0ff0010251000000400828c2580800011
:107014000800428c2000428c09f840000800848c4f
:0c7024000400038ee7ff0010120071a0b2
:020000040000fa
:020000041d03da
:1070300000800340c011637c01000724290067140d
:1070400001800240402e437c0010804000188040a8
:107050000028804000308040252000000080043c53
:107060000000834000508440c00000000200004245
:1070700000408420ffff6320f9ff6014000000003f
:1070800000bd043c780884340030844000bd053cd9
:107090007008a52400bd063cd008c6242538000091
:1070a0001000a610ff01093c00e0293500288940a6
:1070b000000087400000a88c0400a98c0800aa8c5e
:1070c0000010894000188a4000508840c00000002d
:1070d000020000420c00a5200100e720f0ff001094
:0c70e000000000000800e00300000000b9
:020000040000fa
:020000041d03da
:1070ec000000a28c0400a38cc0ffbd273800b3aff6
:1070fc003400b2af3000b1af2c00b0af3c00bfaf2a
:10710c00258880002580a0000800b28c2000a2af4a
:10711c00030060040c00b38c4408027c2000a2af76
:10712c002000a2271800a2af0a0002241400a2af6c
:10713c001000b2af0400c78c0000c68c1ab4400f0c
:10714c00252000021000068e2000a38f2538400257
:10715c00ffffc6241000a3af2330c2002128620217
:10716c0053c5400f252020020400238e00016330fc
:10717c00040060103c00bf8f0400038e2a204300e3
:10718c000b1064003800b38f3400b28f3000b18f15
:0c719c002c00b08f0800e0034000bd276d
:020000040000fa
:020000041d03da
:1071a8002b0080100180033c0800888c84ce632467
:1071b80025000315f5ff0224020082840100032440
:1071c8001e00431400000000180083941b00621482
:1071d800000000001a0082940300431004000324f6
:1071e800160043140000000030008290150040147f
:1071f80001000324e8ffbd272800a2931400bfafb5
:107208002b10020001004224300083a0320085a424
:10721800310082a0340086a49cb8400f360087a4b1
:1072280003004204f7ff0224030042380100422c05
:107238001400bf8f0800e0031800bd270800e00312
:10724800f6ff0224f7ff02240800e0030000000014
:087258000800e003f5ff022429
:020000040000fa
:020000041d03da
:10726000e0ffbd271400b1af0800918c0180023c03
:107270002800838c84ce4224261022021c00bfaf3b
:107280001800b2af1000b0af0b0060140b88020002
:107290001c00bf8f020002241800b28f1400b18faf
:1072a0001000b08f020082a4180080ac1c0080acdb
:1072b0000800e0032000bd27e3fe400f258080008a
:1072c000259040002000228e2502410f0000518ca5
:1072d0001c00bf8f021022726210113cd34d312668
:1072e000020003241a0003a61c0000a6e7034224a0
:1072f000190051001400b18f10100000821102001b
:10730000211052002c0002ae1800b28f1000b08f76
:087310000800e0032000bd2786
:020000040000fa
:020000041d03da
:107318000400828ce8ffbd27010003241000b0aff1
:107328001400bfaf258080001d0043102540e000f9
:1073380002000424100044505400028e9000028e73
:10734800040003ae2000078e0218c2705400028e9b
:107358004c00048e253000011000428c09f84000d2
:10736800213867000a0040101400bf8f0200022471
:10737800040002ae5400028e4c00048e1400bf8f2d
:107388001000b08f2000598c080020031800bd277a
:10739800020002241000b08f0800e0031800bd2787
:1073a8005400028e4c00048e253800001000428cd8
:1073b80009f8400025300001edff401402000224c6
:0873c800f4ff00101400bf8f58
:020000040000fa
:020000041d03da
:1073d000e0ffbd271400b0af258080002c00848c16
:1073e0001800b1af1c00bfaf040080102588a000ba
:1073f000090006247d01410f020005241a00201215
:107400002c0011ae1000248e1c00228e3c0006922f
:107410000c008394040047940100052408004224d2
:10742000f8ff6324300004ae340003a6360007a63c
:107430000600c510380002ae1c00bf8f1800b18fc7
:107440001400b08f0800e0032000bd27252820028b
:10745000252000021c00bf8f1800b18f1400b08fd0
:10746000cec2400b2000bd271c00bf8f300000aef5
:10747000340000ae380000ae1800b18f1400b08f99
:087480000800e0032000bd2715
:020000040000fa
:020000041d03da
:1074880061727000636c720055736167653a2069b8
:107498007034206172702f6677642f7461626c6536
:1074a80020697820636c720d0a0000004950763418
:1074b8002041525020537461743a2025730d0a00fc
:1074c800706f6f6c3a2025642c2070656e643a20ca
:1074d80025642c2074785375626d69743a2025648c
:1074e8002c206677645375626d69743a2025640da3
:1074f8000a0000007478536f6c7665643a2025643e
:107508002c20667764536f6c7665643a2025642c6a
:1075180020746f74536f6c7665643a2025642c2050
:10752800746f744661696c65643a2025640d0a00bd
:087538004661696c6564000006
:020000040000fa
:020000041d03da
:107540000180083c80cf08252c00038d28000b8d7e
:107550002700a0502558600022006b102510000065
:1075600001800a3c2538800082bf0d3cf0b54a25d9
:107570000b00001006000c248a31437d01006324b7
:1075800001004224000026a13000068d2b30660049
:107590001300a2100a18060012006b100200e72464
:1075a0000020a68d0600c630f3ffcc1421488200cf
:1075b000403003008a49467d0100c624010063244f
:1075c0000000e9a08a31467d010042240100e6a0c6
:1075d0003000068d2b306600efffa2140a1806005b
:1075e000255860002c000bad0800e00300000000ef
:0875f000fcff00102510000053
:020000040000fa
:020000041d03da
:1075f80003008014ffff02240800e00300000000dd
:10760800e0ffbd271400b1af1000b0af0180033c0c
:107618000180103c0180113c1800b2af1c00bfafc4
:1076280025908000f491632454cc1026949c312634
:1076380025206000f0ff60a0f4ff60acf8ff60acac
:10764800ff0006240116410f2528000010014324dd
:10765800000000a2040000ae080000ae0c0000ae5e
:10766800ecfe60acf2ff7114100010260400438e8b
:107678000000448e1c00bf8f01000224188283afd3
:107688000180033c088282a33ad362a01800b28f1b
:10769800251000001400b18f1000b08f148284af41
:0876a8000800e0032000bd27eb
:020000040000fa
:020000041d03da
:1076b0000080053ca00f023ce42ea324e42ea2ace3
:1076c000a40f62ac481f62acec2e62ac039d023c7e
:1076d000c8ffbd27d49142241000a2af009d023cf8
:1076e000801442241400a2af049d023c90744224f2
:1076f0001800a2af049d023c601c42241c00a2aff3
:10770000049d023c449842242000a2af049d023c08
:10771000887442242400a2af049d023ca426422483
:107720002800a2af039d023c080542241000a427b4
:107730003400bfaf9df4400f2c00a2af03004010f7
:107740003400bf8f0800e0033800bd27049d053cce
:10775000c44ba52448f1400f252000003400bf8f02
:087760000800e0033800bd271a
:020000040000fa
:020000041d03da
:10776800d8ffbd271c00b3af0080133c902c7326b4
:107778002400bfaf2000b4af1800b2af1400b1afff
:107788001000b0af1b006416faff02240300e010db
:107798002580a000080002240000e2ac14000012ba
:1077a8000900d428080002240b10d400100040104f
:1077b80025a04000049d113c2590000074ce312680
:1077c80025200002252820021f16410f2400062428
:1077d8000c00228e4c00648e2800102609f8400008
:1077e80001005226fcff02aef5ff9216100031266a
:1077f800251000002400bf8f2000b48f1c00b38f19
:107808001800b28f1400b18f1000b08f0800e00389
:047818002800bd2760
:020000040000fa
:020000041d03da
:10781c000000868c1700c5102510a0000b00c010ae
:10782c00000000000000c38c0600a3140000000040
:10783c00080000102518c0000700c2500000468c3c
:10784c002518c000fcff60540000668c0800e003a3
:10785c00251000000000468c0400858c1200a2103c
:10786c00000066ac0800838cffff63240800e00373
:10787c00080083ac0a00a010000000000400838cf8
:10788c000e00a350040080ac0000a38c000083ac5d
:10789c000800838cffff63240800e003080083ac1e
:1078ac000800e00300000000040083ac0800838c97
:1078bc00ffff63240800e003080083ace9ff00101d
:0478cc00000080ac8c
:020000040000fa
:020000041d03da
:1078d0002a008010000000000000828c2700401069
:1078e00000000000e0ffbd271800b2af1400b1afe8
:1078f0001c00bfaf1000b0af241c410f25888000d2
:10790000259040000200422810004014258000000d
:10791000f40e410f25200002b10d410f252040003b
:1079200008004010010010260000238e0400458c42
:107930000800448c26186500241864000a006010b2
:107940001c00bf8ff2ff5016000000001c00bf8f0c
:107950001800b28f1400b18f1000b08f0100042402
:10796000b5f5400b2000bd271800b28f1400b18f71
:107970001000b08f0800e0032000bd270800e003de
:0479800025100000ce
:020000040000fa
:020000041d03da
:107984001900c0101000828c280040100000000074
:107994001c00868c0800438c2b20c30007008054f5
:1079a4000000428c0e004494211864002b206600d1
:1079b400060080502b30a6000000428cf6ff405495
:1079c4000800438c0800e003000000000600c054d7
:1079d4000000428c2b186500030060540000428ca8
:1079e4000800e00300000000060040540800438c37
:1079f4000e000010000000000c0040100000000009
:107a04000800438c2b20a300fbff80540000428c11
:107a14000e004494211864002b186500f6ff60548e
:107a24000000428c0800e003000000000800e003ae
:047a3400000000004e
:020000040000fa
:020000041d03da
:107a3800ffff8424ffff84300a00822c24004010ba
:107a48000180053cc010040021204400802004006f
:107a5800a4c6a52421188500000062901c004010cf
:107a680000000000040062942000423007004054e7
:107a7800020067900800648c4c00998c1700201352
:107a8800ffff042408002003060064840400062481
:107a98000d00e614251000000c00668c2000c68c32
:107aa8000d00c0101c008424e8ffbd271400bfafe0
:107ab80009f8c0002120a4001400bf8fffff423046
:107ac8000800e0031800bd270800e00300000000dc
:107ad8000800e00325100000ffff04240800e0036d
:047ae800030064a093
:020000040000fa
:020000041d03da
:107aec00d8ffbd272400bfaf2000b1af1c00b0af42
:107afc003000a6af0b0080143400a7af0180023c0d
:107b0c0040d4438c0700601040d450240400028ef3
:107b1c0004004010e48183930100022406006210eb
:107b2c003000a2272400bf8f2000b18f1c00b08f23
:107b3c000800e0032800bd270180113c2530a0007f
:107b4c002538400000040524f0bd2426e48180a3e0
:107b5c00d7d9400f1000a2afffff4324ff03632cc3
:107b6c000a00605001000224f0bd25260400038e9b
:107b7c0021204500000080a01800638c0800048eb2
:107b8c0009f860002530400001000224e5ff0010d8
:047b9c00e48182a35b
:020000040000fa
:020000041d03da
:107ba000e0ffbd27ffff02241c00bfaf1800b1afec
:107bb000200082101400b0af000082901e00401020
:107bc000090002240400828c0800438c1c00638c92
:107bd0001c006010010003240c0080ac12005190c6
:107be00009002352120040a0070002240c0082acbe
:107bf000ffff02241c00bf8f1800b18f1400b08f4c
:107c00000800e0032000bd270400828c258080004e
:107c10000800428c1c00428c09f840000800848c4b
:107c20000400038ef3ff4104120071a0f1ff001065
:107c30000c0011ae09000224048282afedff001097
:107c4000ffff0224170002240c0082ace9ff0010a1
:047c5000ffff02240c
:020000040000fa
:020000041d03da
:107c5400e0ffbd27ffff02241c00bfaf1800b1af37
:107c6400200082101400b0af000082901e0040106b
:107c7400090002240400828c0800438c2400638cd5
:107c84001c006010010003240c0080ac1200519011
:107c940009002352120040a0070002240c0082ac09
:107ca400ffff02241c00bf8f1800b18f1400b08f97
:107cb4000800e0032000bd270400828c258080009a
:107cc4000800428c2400428c09f840000800848c8f
:107cd4000400038ef3ff4104120071a0f1ff0010b1
:107ce4000c0011ae09000224048282afedff0010e3
:107cf400ffff0224170002240c0082ace9ff0010ed
:047d0400ffff022457
:020000040000fa
:020000041d03da
:107d08005000828ce8ffbd271000b0af1400bfaf51
:107d18000b004010258080005400838c2a106200dc
:107d280007004014000000004c0000aeffff0224d2
:107d38001400bf8f1000b08f0800e0031800bd27a3
:107d48008107410f25200002f8ff42044c0000aed5
:107d58004000038e5000048e3c00058e0900801000
:107d6800253060005400068e2338650023208600e5
:107d78002a38e4000300e01425306000ffff842463
:107d88002130a400060060104c0006ae5400048e9a
:107d9800231865000100632421188300540003aef2
:107da800ffffa390e2ff6254ffffa2a0e1ff0010d3
:047db8001400bf8f65
:020000040000fa
:020000041d03da
:107dbc00f8ffbd270800acf70c00a38f0055627cc0
:107dcc0033044428150080100800a0d7001080440c
:107ddc000010e04432602246100001450000000013
:107dec00049d043c0f006104286884d4016024467f
:107dfc000000244601002c46ff0342280e004010d0
:107e0c000800a1d70000a0f714006004049d023cf8
:107e1c000800a0af0c00a0af0800a0d70800e0033a
:107e2c000800bd270800a1d7000024460100244605
:107e3c00f1ff0010010021463c112046400820466d
:107e4c00f5ff04450800a1f7049d023c306840d4be
:107e5c0001082046f0ff00100800a0f7fdff0010fd
:047e6c00206840d476
:020000040000fa
:020000041d03da
:107e70000800a28c2100401000000000d8ffbd27a0
:107e80002000b1af1c00b0af2400bfaf0400438c92
:107e9000010006244c00918cc4ffc37c040043ac59
:107ea0000c00a28c0c00a8240800a7240400438c1a
:107eb0002580800084f7c37c040043ac0401858cda
:107ec0001400a0af1000a8af0c00a624008b400f38
:107ed0000800a524701c410f2520200209004050f5
:107ee0000401028e252020022400bf8f2000b18fc4
:107ef0001c00b08fe81a410b2800bd270800e003e2
:107f000000000000252020020800458c0400a52464
:107f10001f1a410f00e0a57cf3ff0010252020026e
:020000040000fa
:020000041d03da
:107f2000e8ffbd271000b0af1400bfaf5d00410fe8
:107f300025808000160040101400bf8f0800028ebc
:107f4000340004961000428c01004330130060108e
:107f5000080045300700a010251800004000437cb1
:107f60000400423002004010401b03000010633444
:107f700024188300040002241a0002a6030002242d
:107f8000220003a63c0000ae1c0002a61400bf8f16
:107f90001000b08f0800e0031800bd27f5ffa01007
:107fa0002518000000108330020042300020843089
:107fb0000b188200040002241a0002a60300022407
:107fc000220003a63c0000aef0ff00101c0002a639
:020000040000fa
:020000041d03da
:107fd0000000838c1e00651000000000240060106b
:107fe000000000000000628c0600a21400000000e7
:107ff0000800001025106000070065500000a68ce6
:1080000025106000fcff40540000438c0800e00392
:10801000000000000000a68c0400838c06006510a0
:10802000000046ac0800838c2510a000ffff6324ed
:108030000800e003080083ac0800838c040082acd5
:108040002510a000ffff63240800e003080083acb4
:108050000700a010000000000400828c0600a2505f
:10806000040080ac0000a28ceeff0010000082ac87
:108070000800e00325100000eaff0010000080acbb
:020000040000fa
:020000041d03da
:108080002400801000000000e0ffbd271800b2af00
:108090001400b1af1c00bfaf1000b0af2588800046
:1080a0002590a0000600a01400008480130000109a
:1080b0001c00bf8f0c000216231002020000248255
:1080c000ff0084302319410f01005226ffff449224
:1080d000258040002319410f01003126f5ff0016cd
:1080e0001c00bf8f231002021800b28f1400b18f42
:1080f0001000b08f0800e0032000bd27251080008d
:108100001800b28f1400b18f1000b08f0800e00388
:108110002000bd270400a010000000000000a28085
:108120000800e003231002000800e003251000000f
:020000040000fa
:020000041d03da
:10813000e0ffbd271c00bfaf1800b1af801b410f8f
:108140001400b0af1f004010258040003c00439059
:108150000100022407006210258800001c00bf8f68
:10816000251020021400b08f1800b18f0800e00322
:108170002000bd279216410f25200002f8ff401075
:108180001c00bf8f0800048e0400118e2388240277
:10819000ffff22322b10c200010040542588c0008e
:1081a000ffff3132eeff20121c00bf8f7f14410f02
:1081b000253020020800028e21105100e7ff001038
:1081c000080002ae1c00bf8f258800002510200289
:1081d0001400b08f1800b18f0800e0032000bd2705
:020000040000fa
:020000041d03da
:1081e0002900801000000000d8ffbd270180023c5c
:1081f0002000b4afe4d154941400b1af2400bfaf59
:108200001c00b3af1800b2af1000b0af0d00801269
:108210005081918f25988000258000004400328e87
:108220002520600205004012010010268a14410f2b
:108230000400458e0c0040102400bf8ff7ff141679
:108240006c0031262400bf8f001002242000b48f60
:108250001c00b38f1800b28f1400b18f1000b08fc4
:108260000800e0032800bd27000042962000b48fdc
:108270001c00b38f1800b28f1400b18f1000b08fa4
:108280000800e0032800bd270800e00300100224d6
:020000040000fa
:020000041d03da
:10829000485454502f312e31202573002573200d62
:1082a0000a000000436f6e6e656374696f6e3a205a
:1082b000636c6f73650d0a00436f6e74656e742d89
:1082c0004c656e6774683a2025640d0a0000000052
:1082d0000d0a0000436f6e74656e742d54797065dd
:1082e0003a2025730d0a0000436f6e74656e742d7d
:1082f000456e636f64696e673a20677a69700d0a2c
:108300000000000043616368652d436f6e74726ff7
:108310006c3a206e6f2d63616368650d0a00000082
:1083200043616368652d436f6e74726f6c3a206da4
:1083300061782d6167653d3630300d0a0000000020
:020000040000fa
:020000041d03da
:10834000d8ffbd272000b1af0080113c9c0a228ecf
:108350001c00b0af2400bfaf0e004010258080008d
:10836000bd0b410f000000001000a427560e410f66
:108370001000a2af0f0042241000a58f0418027c49
:108380003316410f252040000c0040102400bf8f01
:108390009c0a20ae01000052010010240f0010269c
:1083a0000418107c090000160180023c0c00032414
:1083b00080d443ac251000002400bf8f2000b18f73
:1083c0001c00b08f0800e0032800bd270400022e27
:1083d000040003240b806200ced6400f252000024b
:1083e000f5ff4054fcff50acf4ff00102400bf8f99
:020000040000fa
:020000041d03da
:1083f000ffff022427008210000000002500a010cb
:10840000000000000180033cf0ce63240800648c6f
:1084100003008014251000000800e00300000000a5
:108420002510a0001c0062ac0200022400a0073c42
:1084300002000924040062ac0180053c060002240d
:10844000e8ffbd278028e824240069a08028e2a056
:10845000000109240100022428cfa5242520600062
:108460001400bfaf080060ac200069ac180066ac17
:108470003c0068ac380060ac400062ac7cfc400f53
:10848000440060ac1400bf8f010002240800e00328
:0c8490001800bd270800e00325100000c4
:020000040000fa
:020000041d03da
:10849c00e0febd271c01bfaf1801b2af1401b1af94
:1084ac001e0080101001b0af4800838c08008310b0
:1084bc00ffff11241c01bf8f251020021801b28f61
:1084cc001401b18f1001b08f0800e0032001bd270b
:1084dc002590c000000107241000a6275970400ffa
:1084ec002580800009004010252840021c01bf8f08
:1084fc00500002ae1801b28f251020021001b08f6f
:10850c001401b18f0800e0032001bd277ccb400f84
:10851c001000a427e7ff0010258840001c01bf8f26
:10852c00ffff1124251020021801b28f1401b18f06
:0c853c001001b08f0800e0032001bd27f3
:020000040000fa
:020000041d03da
:10854800e0febd271c01bfaf1801b2af1401b1afe7
:108558001e0080101001b0af4800838c0800831003
:10856800ffff11241c01bf8f251020021801b28fb4
:108578001401b18f1001b08f0800e0032001bd275e
:108588002590c000000107241000a6275970400f4d
:108598002580800009004010252840021c01bf8f5b
:1085a800500002ae1801b28f251020021001b08fc2
:1085b8001401b18f0800e0032001bd274383400f59
:1085c8001000a427e7ff0010258840001c01bf8f7a
:1085d800ffff1124251020021801b28f1401b18f5a
:0c85e8001001b08f0800e0032001bd2747
:020000040000fa
:020000041d03da
:1085f4000d00829003004014000000000800e00316
:1086040000000000e0ffbd271400b0af258080000b
:108614001800b1af1c00bfaf0e1d410f2588a0008c
:108624000c00039215006014ffff6324101d410f1a
:10863400252040000400028e15004010000020aeea
:10864400000051ac040011ae0800028e0100422467
:108654000e1d410f080002ae0c00039225204000bd
:10866400010063240c0003a21c00bf8f1800b18f0b
:108674001400b08f101d410b2000bd270c0003a275
:10868400101d410f25204000ebff00100400028e56
:0c869400040011aeecff0010000011ae5d
:020000040000fa
:020000041d03da
:1086a000d8ffbd272000b3af1c00b2af1800b1af98
:1086b0001400b0af2400bfaf2588c0002590800013
:1086c0002598a0000400e0102580c0002b80e60063
:1086d0000b38d0002580e0000000448625280002e9
:1086e000ab80400f253000002b10500009004010d7
:1086f000258000002400bf8f251000022000b38fca
:108700001c00b28f1800b18f1400b08f0800e00376
:108710002800bd27f7ff60120100102400004486e6
:1087200025302002d3e1400f252860022400bf8fae
:10873000251000022000b38f1c00b28f1800b18feb
:0c8740001400b08f0800e0032800bd27e3
:020000040000fa
:020000041d03da
:10874c00ffff8424ffff84300a00822c200040109d
:10875c0000000000c0180400211864000180043cd3
:10876c0080180300a4c68424213864000000e29021
:10877c0017004010000000000400e294200042307a
:10878c000e0040500800e38c0c00e28c1400428c6c
:10879c0011004050ffff0224e8ffbd271c0063249a
:1087ac001400bfaf09f84000212083001400bf8fd4
:1087bc00ffff42300800e0031800bd274800798c09
:1087cc0008002053ffff0324080020030600e48464
:1087dc000800e003251000000300e2a00800e003fd
:0c87ec00251000000800e0030300e3a0db
:020000040000fa
:020000041d03da
:1087f8000080033ca02e63240400628c0000459096
:108808002400a010000000001800458c0300a410ec
:10881800000000000800e00300000000e8ffbd279a
:108828001000b0af0800708c1800a38c1400bfaf04
:108838000800048e05008310000040a01400bf8fbc
:108848001000b08f0800e0031800bd270400058e53
:10885800020044248a14410f0500a524f8ff40149f
:108868001400bf8f66ad400f0000048ef4ff401463
:108878001400bf8ffc81998ff1ff20130082868f2f
:108888000000058e1000b08f0200042408002003a9
:0c8898001800bd270800e00300000000ed
:020000040000fa
:020000041d03da
:1088a4000000e3900180023c3cd3422440280300b2
:1088b4000a11457c030044100001c2300800e003a3
:1088c400000000000b0040100002c230600162246e
:1088d4000180043ca4a684248010020021104400da
:1088e40004004490010005248410a47c040044a0e6
:1088f4000002c2300a0040100004c6306001622445
:108904000180043ca4a684248010020021104400a9
:1089140004004490010005244408a47c040044a0fd
:10892400e6ffc010600163240180023ca4a6422437
:1089340080180300211862000400629001000424de
:0c8944000400827c0800e003040062a034
:020000040000fa
:020000041d03da
:108950002700a1041000a88f0001828c0800438c1e
:108960000c00448c1b0064500c0040ac0000648c74
:10897000080044ac0034060000e0a47c8001c6344a
:10898000422f050004000224080064ac040066ac19
:108990000600a254000060ac0400628c01000424b4
:1089a0008452827c040062ac000060ac0000028d46
:1089b0000c004010140060ac0400642400e0847ccf
:1089c000000043ac140044ac251000000800e00394
:1089d000000003ade7ff6014080040ac0800e003ae
:1089e00003000224000003ad0800e0030000e3ac34
:0889f0000800e003feff022471
:020000040000fa
:020000041d03da
:1089f80025008014010006240180023c84ce4390a7
:108a08002300661084ce43241800a48c1e00801016
:108a18001c0064ac1000a48c0400a88c2000a9944d
:108a28002400a78c240060a01400859484ce46a05e
:108a380002000224040062a4049d023cf0fd4224ca
:108a4800060069a4080060a40c0068ac140064acbb
:108a5800180062ac0600a010200067ac16008494d1
:108a68005c0065a4251060000800e0035e0064a4b3
:108a780016008494004102245c0062a45e0064a491
:108a88000800e003251060000800e003ffff02244f
:088a98000800e00384ce422433
:020000040000fa
:020000041d03da
:108aa000e0ffbd271400b0af2580a0000100052421
:108ab0001c00bfaf5af0400f1800b1af20004010ab
:108ac00025200002a3e7400f0400508c0b0040104b
:108ad000feff11240e0043900600632c1600601068
:108ae0009c00062690000626020007242528400048
:108af0005aba400f25200002258800000900001204
:108b00001c00bf8f0e1d410f0000000000000392eb
:108b10002520400001006324101d410f000003a226
:108b20001c00bf8f251020021400b08f1800b18fd9
:108b30000800e0032000bd27ecff0010030007241d
:088b4000f7ff0010ffff1124f4
:020000040000fa
:020000041d03da
:108b4800ffff02242600821000000000e8ffbd2776
:108b58001000b0af0180103cf0ce10260800038e44
:108b68001400bfaf05006014251000001400bf8f6b
:108b78001000b08f0800e0031800bd270a00072482
:108b88002510a00000a0033c0180053c040007aeae
:108b98009fff072480286624802867a0380002ae3b
:108ba800010003240400022428cfa5242520000264
:108bb800080000ae3c0006ae400003ae7cfc400f4f
:108bc800440002ae0800028efeff40101400bf8f62
:108bd800010002241000b08f0800e0031800bd2730
:088be8000800e0032510000065
:020000040000fa
:020000041d03da
:108bf000ffff022426008210000000002400a010c5
:108c0000000000000180033cf0ce63240800648c67
:108c100003008014251000000800e003000000009d
:108c20002510a0001c0062ac0200022400a0083c39
:108c3000040062ac0180053c06000224e8ffbd2769
:108c40008028092502000a24802802a128cfa52413
:108c500001000224252060001400bfaf080060acb2
:108c600024006aa0200067ac180066ac3c0069ac28
:108c7000380060ac400062ac7cfc400f440060ac4b
:108c80001400bf8f010002240800e0031800bd2774
:088c90000800e00325100000bc
:020000040000fa
:020000041d03da
:108c9800d8ffbd272000b3af1c00b2af1800b1af9a
:108ca8001400b0af2400bfaf259080000f0080a053
:108cb80025888000258000000f00132400002492de
:108cc8002a19410f01003126ff0042300100032616
:108cd800ffff22a20a004010ff006330f7ff731461
:108ce800258060002400bf8f2000b38f1c00b28f46
:108cf8001800b18f1400b08f0800e0032800bd27ca
:108d0800200004242118500201001026ff0002321e
:108d18000f00422cfbff4014000064a02400bf8f0a
:108d28002000b38f1c00b28f1800b18f1400b08fd1
:088d38000800e0032800bd273c
:020000040000fa
:020000041d03da
:108d40000d00829003004014000000000800e003c2
:108d500000000000e8ffbd271000b0af1400bfaf57
:108d60000e1d410f258080000c0003921900601435
:108d7000ffff6324101d410f252040000000028edc
:108d8000100040101400bf8f0800038e0400058ef1
:108d900005000010ffff632425206000ffff63240f
:108da00006004010000002aefbffa2540000428cff
:108db000040000ae000000ae25206000080004aef4
:108dc0001400bf8f0d0000a21000b08f0800e00358
:108dd0001800bd270c0003a2101d410f25204000e4
:088de000e7ff00100000028e05
:020000040000fa
:020000041d03da
:108de8000d008290e0ffbd271800b1af1c00bfaf97
:108df8001400b0af07004014258800001c00bf8f86
:108e0800251020021400b08f1800b18f0800e0036d
:108e18002000bd27258080000e1d410f2588a00059
:108e28000c00039213006014ffff6324101d410f10
:108e3800252040002520000207de400f25282002bb
:108e48000e1d410f258840000c000392252040008c
:108e580001006324101d410f0c0003a21c00bf8fea
:108e6800251020021400b08f1800b18f0800e0030d
:108e78002000bd270c0003a2101d410f2520400033
:088e8800edff0010252000029f
:020000040000fa
:020000041d03da
:108e900025008004b080838fe8ffbd271400bfaf9a
:108ea0002a1083001b0040101000b0af801b410f40
:108eb0000000000017004010258040003c00429058
:108ec0000100032414004354251000004000038ec9
:108ed0000300633010006054251000001400a2103d
:108ee000020003240c00a31425100000a20d410f62
:108ef0002520c00008004050251000004000038ecf
:108f0000140002ae010002240442437c020000105f
:108f1000400003ae251000001400bf8f1000b08f7a
:108f20000800e0031800bd270800e003251000003a
:088f3000f2ff0010ffff022414
:020000040000fa
:020000041d03da
:108f380019008004b080868fe8ffbd271400bfaffa
:108f48002a1086001000401025180000801b410fd1
:108f5800000000000d0040101400bf8f0500a05055
:108f68004000438c4200a394400063300d0060141d
:108f78004000438c240040ac01000424448c837cd2
:108f8800400043ac010003241400bf8f251060008b
:108f98000800e0031800bd27251800000800e003ba
:108fa8002510600048004494240045ac448c037ca0
:108fb80000048430f0ff8014400043ac3f0044902c
:108fc80002008430edff801401000424c418037cdf
:088fd800eaff0010400043ac69
:020000040000fa
:020000041d03da
:108fe0001800828c1400878c1c00868c2000838cd7
:108ff00023284700660088942b48c3001f002011d7
:10900000ffffa530231043002318c7002118430099
:1090100001006324ffff63302318a300ffff6330c8
:109020000d00a3102b3003010900c0102510000013
:109030006c00829442280500231868002b30a2009f
:109040000b10a6002a18430003006014251000002e
:109050000800e00300000000e8ffbd27010006242f
:109060001400bfafa725400f100005241400bf8fc8
:10907000010002240800e0031800bd272318c300e4
:08908000e5ff0010ffff633063
:020000040000fa
:020000041d03da
:109088000500801000000000420083944000633017
:1090980003006014000000000800e0032510000031
:1090a800d8ffbd272000b1af1c81918f2400bfaf2e
:1090b800120020121c00b0afa819410f25808000b3
:1090c800801802002118620080180300211862002d
:1090d80080180300211823025000639001006330b8
:1090e800070060140100022401000524ac18410f98
:1090f8002520000207004014010005242510000067
:109108002400bf8f2000b18f1c00b08f0800e0033f
:109118002800bd2725200002dbbe400f1000a2afab
:08912800f7ff00101000a28ff8
:020000040000fa
:020000041d03da
:10913000d8ffbd271c00b1af2588a0002f00052453
:109140002000b2af1800b0af2400bfaf2580800070
:109150000c10410f2590c0000f0040105c0005244a
:1091600001005024049d053c1000b2af25382002b8
:1091700025300002983ba524bbde400f25200000cf
:109180002400bf8f2000b28f1c00b18f1800b08f59
:109190000800e0032800bd270c10410f2520000225
:1091a000efff4014049d053c1000b2af25382002ab
:1091b00025300002983ba524bbde400f252000008f
:1091c0002400bf8f2000b28f1c00b18f1800b08f19
:0891d0000800e0032800bd27a0
:020000040000fa
:020000041d03da
:1091d8008e818293e0ffbd271c00bfaf1800b1af9e
:1091e800090040101400b0af030002245e0082a002
:1091f8001c00bf8f100002241800b18f1400b08f1c
:109208000800e0032000bd272588a0001400858cf5
:10921800ffff02241000a210258080007481848f33
:109228001400828c09f84000000000008081878fbc
:109238000800e010ffff02241800e28c0400401030
:109248005f0006260800052409f8400025200002d2
:10925800ffff0224140002ae1c00bf8f010002248d
:10926800000022a21400b08f251000001800b18f52
:089278000800e0032000bd27ff
:020000040000fa
:020000041d03da
:10928000e0ffbd271800b1af4400918c1400b0afcf
:10929000258080001c00228e1800848c1c00bfaf2b
:1092a00009f8400000000000010003240e004310f4
:1092b0001c00bf8f2000228e09f840001800048e89
:1092c0000d004014840006263c00228e1800048ef7
:1092d00009f840002528000007004004040002248b
:1092e000900002ae1c00bf8f1800b18f1400b08f29
:1092f0000800e0032000bd27200002920429027c20
:10930000e3fe400f200002a21c00bf8f7c0002aed3
:10931000900000ae1800b18f1400b08f0800e00379
:049320002000bd2745
:020000040000fa
:020000041d03da
:10932400e0ffbd271800b1af0080113c902c23262c
:109334001c00bfaf1400b0af17008314faff02245f
:10934400049d063c2580a000253880009024c62476
:109354005391400f252800000c00005225280002dc
:109364001000028e110040102510000204000010ad
:109374000000428c0e0060101c00bf8f0000428c65
:10938400fcff40541000438c25280002e190400f5c
:10939400902c2426010002241c00bf8f1800b18fda
:1093a4001400b08f0800e0032000bd271c00bf8f0d
:1093b400f5ff02241800b18f1400b08f0800e003f9
:0493c4002000bd27a1
:020000040000fa
:020000041d03da
:1093c800e8ffbd270100a5301000b0af1400bfaf03
:1093d8001400a0144c00908ce41a410f25200002c0
:1093e800ec1a410f25200002d41a410f2520000253
:1093f800d81a410f25200002dc1a410f252000024f
:10940800ee1b410f25200002fdff4014252000021d
:109418001400bf8f1000b08fef630524001c410bb0
:109428001800bd27e41a410f25200002f11b410f47
:1094380025200002fdff401400000000f41b410f2e
:1094480025200002e4ff401000000000f41b410f3b
:1094580025200002f9ff401400000000deff001084
:049468000000000000
:020000040000fa
:020000041d03da
:10946c00e8ffbd271000b0af1400bfaf1700800499
:10947c0025800000c880828f2b10820013004010c2
:10948c00d880828f802004000a20447c10008050f9
:10949c001400bf8f1c00838c2000828c2b28620050
:1094ac001600a010238062001800908c1400858c8c
:1094bc002380020223106500218002020100102685
:1094cc00ffff103206000016000000001400bf8fd2
:1094dc00251000021000b08f0800e0031800bd2713
:1094ec00f8e3400f200083ac1400bf8f251000025e
:1094fc001000b08f0800e0031800bd27f1ff00102a
:04950c00ffff10321b
:020000040000fa
:020000041d03da
:10951000050080100000000042008394400063308a
:1095200003006014000000000800e00325100000a4
:10953000e0ffbd271800b1af1c81918f1c00bfafa9
:109540000e0020121400b0afa819410f2580800032
:1095500080180200211862008018030021186200a0
:1095600080180300211823025000628c030003249a
:109570000300423007004310252000021c00bf8f6b
:10958000251000001800b18f1400b08f0800e00310
:109590002000bd27dbbe400f030005241c00bf8f49
:1095a000010002241800b18f1400b08f0800e003fe
:0495b0002000bd27b3
:020000040000fa
:020000041d03da
:1095b40055736167653a207365746d6163203c6916
:1095c4006e746572666163653e203c783a783a78d9
:1095d4003a783a783a783e200d0a000045783a20e5
:1095e4007365746d6163205049433332494e54208e
:1095f40061613a62623a63633a64643a65653a6601
:1096040066200d0a00000000617267765b325d3ae5
:109614002025730d0a000000496e76616c69642090
:109624004d4143206164647265737320737472697d
:109634006e67200d0a000000536574204d414320dd
:1096440061646472657373206661696c65640d0a94
:049654000000000012
:020000040000fa
:020000041d03da
:109658002600c01000000000e0ffbd271400b0afd6
:109668001400908c1c00bfaf1800b1af0900a01007
:10967800060002260300a3880000a398030003aa9b
:10968800000003ba0400a390040003a20500a390fd
:10969800050003a20300c388258880002520e00078
:1096a8000000c398030043a8000043b80400c39017
:1096b800040043a00500c390b377400f050043a002
:1096c8001000248e1c00bf8f0c0002a60c0083948f
:1096d800010002241800b18f0e0063241400b08f1b
:1096e8000c0083a40800e0032000bd270800e00365
:0496f8002510000039
:020000040000fa
:020000041d03da
:1096fc0088bf033c00800234080062ac0000628c1e
:10970c000004053c0400042404d6027c251045000a
:10971c00000062ac0000628c4015427cfdff4414da
:10972c0000a0023ca00a42240700043c00e0427c5a
:10973c00cfbf8434100064ac400362ac0400023c24
:10974c0080004224500362acebff023cffff42342a
:10975c00900360ac400162ac81000224c80062ac92
:10976c001000023c800060ac080062ac700060ac81
:10977c000000628c04d6027c000062ac0000628c9b
:10978c004015427cfdff4014000000000800e0037f
:04979c0000000000c9
:020000040000fa
:020000041d03da
:1097a000e0ffbd271800b2af259080002520a00063
:1097b0001c00bfaf1400b1af1000b0afecf8400f09
:1097c0002580a0000180053c3cd3a52440801000ea
:1097d000218005020000048625280000bf16410fe5
:1097e0000180113c00000486bf16410f03000524d0
:1097f00058d4228e0000048658d43126bf16410f5b
:10980000060045900400228e00000486000045906a
:109810008000a538bf16410f000045a00000048657
:10982000bf16410f25284002000004861c00bf8f90
:109830001800b28f1400b18f1000b08f03fd400be1
:049840002000bd2720
:020000040000fa
:020000041d03da
:10984400d8ffbd271400b1af1000b0af0080113ca9
:109854000080103c2000b4af1c00b3af1800b2afbe
:109864002400bfaf2598a0000000b28c25a0800082
:10987400d02d102603000010782e3126110011126d
:109884002400bf8f0000058e8a14410f252040025a
:10989400faff4054080010260400198e252860029f
:1098a400252080022400bf8f2000b48f1c00b38fba
:1098b4001800b28f1400b18f1000b08f080020037d
:1098c4002800bd27251000002000b48f1c00b38f92
:1098d4001800b28f1400b18f1000b08f0800e0039d
:0498e4002800bd2774
:020000040000fa
:020000041d03da
:1098e800e0ffbd271800b2af1400b1af1c00bfaf36
:1098f8001000b0af2590a000140080140180113c26
:1099080074d4308e0b0000121c00bf8f252000027b
:1099180056d1400f25284002218002020000028211
:109928000c0040542528400274d420ae2580000045
:109938001c00bf8f251000021800b28f1400b18fd1
:109948001000b08f0800e0032000bd27efff0010d3
:109958002580800020d1400f25200002211002021e
:10996800000043800500601074d422ae0100432437
:1099780074d423aeeeff0010000040a0ecff0010ee
:0499880074d420aec5
:020000040000fa
:020000041d03da
:10998c00756c033cc8ffbd27286e63241800a3af79
:10999c006c2903242800b2af2000b0af3400bfaf55
:1099ac003000b4af2c00b3af2400b1af25908000d1
:1099bc002510e0001c00a3a71e00a0a30200c010ed
:1099cc001800b0272580c0000400b18c0800b38caf
:1099dc00030040140000b48cfd12410f252000023e
:1099ec00020020062b1822020b1023021000b4af29
:1099fc0025386002252800022520400253c5400f5f
:109a0c00253040003400bf8f3000b48f2c00b38f52
:109a1c002800b28f2400b18f2000b08f0800e00323
:049a2c003800bd271a
:020000040000fa
:020000041d03da
:109a30000800878c20008394220085941000e28c1b
:109a4000080069300030a830253040000400067c52
:109a50000a10c90025304000c418067c0a10c8004e
:109a600025304000006068300421067c0a10c800e0
:109a700025304000001868304429067c0a10c800d0
:109a80000001a830005066302530c8002540400055
:109a90004408087c0a1006018000a53000286330c5
:109aa0002800868c25186500252840008410057c38
:109ab0000a10a3001000e2ac0000c2ac02000224b5
:109ac000020082a4180080ac0800e0031c0080acf7
:020000040000fa
:020000041d03da
:109ad000e8ffbd271000b0af1400bfaf5d00410f1d
:109ae00025808000160040101400bf8f34000696b9
:109af0002000c2300d00405422000596e3fe400fc6
:109b0000000000002c00038e2b1043000f004010bb
:109b100002000224252000021400bf8f1000b08f25
:109b20000100052484f7400b1800bd272520000202
:109b30001400bf8f1000b08fdcfa400b1800bd2757
:109b40001000b08f0800e0031800bd27020002a635
:109b5000f8ff023c1c0002ae180000ae1400bf8fdc
:109b60001000b08ff8ff0424331a410b1800bd27f2
:020000040000fa
:020000041d03da
:109b70001d008004c880838fe8ffbd271400bfaf9d
:109b80002b1883001000b0af1300601025100000e8
:109b9000d880908f802004000a80047e0f0000127d
:109ba0001400bf8f740002968000433010006014d0
:109bb00025200002010003248452627c740002a666
:109bc00001000524e7b8400f25200002080040549a
:109bd00025200002010002241400bf8f1000b08f66
:109be0000800e0031800bd270800e003251000006e
:109bf00025300000c3da400f010005241400bf8f98
:109c0000010002241000b08f0800e0031800bd27f7
:020000040000fa
:020000041d03da
:109c10000000828c0400848ce8ffbd270000428c89
:109c2000049d053c1400bfaf1000b0af09f8400020
:109c30007c45a5240180043cc000062425280000a2
:109c40000116410f0cc88424dc81908f0a00001299
:109c50001400bf8fe081838f0c007010252000025c
:109c60000800108ef4fb400fdc8190affaff001665
:109c7000e081838f1400bf8f010002241000b08f99
:109c8000d08182af0800e0031800bd27e08180afdb
:109c9000f4fb400fdc8180af1400bf8f0100022471
:109ca0001000b08fd08182af0800e0031800bd27fc
:020000040000fa
:020000041d03da
:109cb000e0ffbd271400b1af1000b0af1c00bfaf74
:109cc0001800b2af47d9400f25888000258040009a
:109cd000ffff022417000212252800026c11410f19
:109ce00025202002ffff43240200632c0a0060109d
:109cf000ff0032329c0f410f252040022528000230
:109d00006c11410f25202002ffff43240200632c29
:109d1000f8ff6014000000001c00bf8f0100422cff
:109d20001800b28f1400b18f1000b08f0800e0034c
:109d30002000bd271c00bf8f251000001800b28f27
:109d40001400b18f1000b08f0800e0032000bd2781
:020000040000fa
:020000041d03da
:109d50007b22706f776572537570706c79223a5bf5
:109d6000000000007b2261646472223a25782c0096
:109d700022686252617465223a25752c0000000049
:109d80002264656c6179507772223a25752c000047
:109d90002274696d656f7574223a25752c00000078
:109da00022766f6c6d6178223a25752c00000000d8
:109db00022766f6c6d696e223a25752c00000000ca
:109dc000226375726d6178223a25752c00000000bf
:109dd000226375726d696e223a25752c00000000b1
:109de00022706f7765724c696d6974223a2575002f
:020000040000fa
:020000041d03da
:109df000049d023c40190400382f422421104300e6
:109e0000c0ffbd270400428c3400b0af2000a32760
:109e1000010010243800b1af3c00bfaf258880009e
:109e20002a00a0a32800a0a72000a0af1400a3af81
:109e30001000b0af2800a7271800a6272a00a527e2
:109e400009f840002400a427050040143c00bf8fff
:109e50003800b18f3400b08f0800e0034000bd2708
:109e60002400a48fd2c3400f1800a5273c00bf8f49
:109e70007080822721885100000030a23800b18f05
:0c9e80003400b08f0800e0034000bd2754
:020000040000fa
:020000041d03da
:109e8c001d008010000000000f008590feffa32431
:109e9c000200632c03006014251000000800e0038e
:109eac0000000000e0ffbd271c00bfaf0e00829039
:109ebc000600422c0b004010030003240200032474
:109ecc000a00a310251080001000a4af049d043cd0
:109edc0013050524b610410f0869842403000010f3
:109eec001000a28f0600a314251080001c00bf8f49
:109efc000800e0032000bd270800e0032510000047
:109f0c001000a4af049d043c17050524b610410fa6
:0c9f1c0008698424f5ff00101000a28fdb
:020000040000fa
:020000041d03da
:109f2800e0ffbd271c00bfaf1800b1af2100a01093
:109f38001400b0af1300c050ffff112417008010a9
:109f48001c00bf8f4800828c0f008214faff112476
:109f580054009194ffffd0242518a0002b881102eb
:109f6800feff0224590085240a1011002530000242
:109f7800252060001f16410f258840002128500029
:109f88000000a0a01c00bf8f251020021400b08f75
:109f98001800b18f0800e0032000bd27faff112444
:109fa800251020021400b08f1800b18f0800e003bc
:0c9fb8002000bd27f3ff0010ffff112464
:020000040000fa
:020000041d03da
:109fc400e0ffbd271c00bfaf1800b1af2100a010f7
:109fd4001400b0af1300c050ffff1124170080100d
:109fe4001c00bf8f4800828c0f008214faff1124da
:109ff40056009194ffffd0242518a0002b8811024d
:10a00400feff0224590185240a10110025300002a4
:10a01400252060001f16410f25884000212850008c
:10a024000000a0a01c00bf8f251020021400b08fd8
:10a034001800b18f0800e0032000bd27faff1124a7
:10a04400251020021400b08f1800b18f0800e0031f
:0ca054002000bd27f3ff0010ffff1124c7
:020000040000fa
:020000041d03da
:10a060001200800425380000b080828fe8ffbd27f1
:10a070002a108200090040101400bfaf801b410f5e
:10a080000000000005004010251840003c004490ee
:10a090000100022407008210000000001400bf8f9e
:10a0a0002510e0000800e0031800bd270800e003c9
:10a0b0002510e0009216410f25206000f7ff4010a8
:10a0c000253840000000648c0200c010251080007c
:10a0d0000800628c212845002b20a400efff80544b
:10a0e000253800000400628c2b104500ebff405423
:0ca0f00025380000e9ff0010080065acf6
:020000040000fa
:020000041d03da
:10a0fc00d8ffbd272000b3af0180133c1800b1afcf
:10a10c002588800080d364261c00b2af1400b0af49
:10a11c002400bfaf39f5400f2590a00080d3708e7e
:10a12c00090000560c00028e1100001080d364262a
:10a13c00090051500400028e0000108e0c000052d9
:10a14c0080d364260c00028e25284002f8ff4014b0
:10a15c00252020020400028e09f840000800068e1b
:10a16c000000108ef8ff00560c00028e80d364267f
:10a17c002400bf8f2000b38f1c00b28f1800b18f4a
:0ca18c001400b08fe0ff400b2800bd273e
:020000040000fa
:020000041d03da
:10a198000000888c0400878c0800868c0c00838c57
:10a1a80080bf023cf0ffbd27300648ac0c00bfafb3
:10a1b800400647ac500646ac600643ac00606441bc
:10a1c800c0000000004003240000a4af00e0a57c0c
:10a1d8000f000424200645ac040643ac040644ac36
:10a1e80002000424080644ac080643ac99aa033cc0
:10a1f80055666324100640ac100643ac6655033c14
:10a20800aa996334100643ac00800334080643acb3
:10a218000000a28f00608240c00000000c00bf8fc9
:0ca22800010002240800e0031000bd2724
:020000040000fa
:020000041d03da
:10a23400e0ffbd270080023c1800b1afa42e518c72
:10a244001c00bfaf1400b0af000022920c004010fd
:10a254002528800025808000049d043c05000624f8
:10a26400ef0a410f087484240b00401002002526d5
:10a274008a14410f252000020c0040501800228e41
:10a284001c00bf8f251000001800b18f1400b08f80
:10a294000800e0032000bd278a14410f05000426ae
:10a2a400f8ff40141c00bf8f1800228e1c00bf8fc3
:10a2b4001800b18f0800438c1400b08f1400448c34
:0ca2c4000000798c080020032000bd275a
:020000040000fa
:020000041d03da
:10a2d0002403878ceb51033c1f8563340100e72482
:10a2e0001800e300c3370700010002241018000023
:10a2f0000319030023186600403003002130c30017
:10a30000c03006002118c300401803002318e300e2
:10a31000240383ac0300a9880700a8880b00a78842
:10a320000f00a6880000a9980019030021188300d7
:10a330000400a8980c00a6980800a798030069a834
:10a34000000069b8070068a8040068b80b0067a897
:10a35000080067b80f0066a80c0066b82803838c55
:0ca36000010063240800e003280383ac24
:020000040000fa
:020000041d03da
:10a36c00e0ffbd271400b1af00a0113c6002222613
:10a37c000c00438c1000b0af1c00bfaf1800b2af84
:10a38c0009006014258080001c00bf8f0450107cd5
:10a39c00600230ae1800b28f1400b18f1000b08f75
:10a3ac000800e0032000bd276002258e00a0123caf
:10a3bc0070024426faf2400f0c0040aca01b410f77
:10a3cc0000000000fdff4014700244260008062423
:10a3dc000116410fff0005241c00bf8f0450107c98
:10a3ec00600230ae1800b28f1400b18f1000b08f25
:08a3fc000800e0032000bd276a
:020000040000fa
:020000041d03da
:10a40400e8ffbd271000b0af1400bfaf5d00410fdf
:10a41400258080000d0040101400bf8f3400029688
:10a42400040043300c006050200003962800048e82
:10a43400140080148000437c02000224020002a65f
:10a44400180000ae1c0000ae1400bf8f1000b08fc7
:10a454000800e0031800bd27f5ff60502800048eb3
:10a464000100052484f7400f25200002f7ff401067
:10a474001400bf8f020002241a0002a6f2ff00108b
:10a484001c0000a604006534100042300b18a20022
:08a49400e9ff0010000083ac99
:020000040000fa
:020000041d03da
:10a49c00496e76616c6964204d656d6f72792064cc
:10a4ac0072697665722068616e646c652e0a0000b4
:10a4bc004d656d6f727920447269766572204f70ac
:10a4cc00656e6564207769746820696e76616c6965
:10a4dc006420696e74656e742e0a00004d656d6f94
:10a4ec0072792044726976657220496e76616c6966
:10a4fc0064204275666665722e0a00004d656d6fac
:10a50c0072792044726976657220496e76616c6945
:10a51c006420426c6f636b20706172616d65746551
:08a52c0072732e0a000000000a
:020000040000fa
:020000041d03da
:10a534002300a010000000000000a28c20004010a6
:10a54400000000001e00c01000000000d8ffbd275e
:10a554002000b2af1c00b1af1800b0af2400bfaff1
:10a564002590e0002588c000b10d410f2580a00092
:10a574000d004050faff022442004394001063305f
:10a58400030060100010433207006050f8ff0224fb
:10a594001000a0af253840022530200225280002f3
:10a5a4004786400f252040002400bf8f2000b28f33
:10a5b4001c00b18f1800b08f0800e0032800bd27ed
:08a5c4000800e003fbff022484
:020000040000fa
:020000041d03da
:10a5cc002100a010000000000000a28c1e00401012
:10a5dc00000000001300801000000000420088946e
:10a5ec0040000a3103004015faff02240800e00382
:10a5fc0000000000e0ffbd270c00e0101c00bfaf06
:10a60c000010083112000015010007241000a6af3d
:10a61c004786400f040086241c00bf8f0800e0030f
:10a62c002000bd270800e003faff022435c0400fcc
:10a63c000000000002000324ffff04240b20620032
:10a64c00f5ff0010251080000800e003fbff02243a
:08a65c00f1ff0010f8ff0224d9
:020000040000fa
:020000041d03da
:10a664001600800400000000c880828fe0ffbd2730
:10a674001c00bfaf2b1082001800b1af09004010be
:10a684001400b0afd880908f802004000a80047e2c
:10a69400040000120b0002247600039209006250a9
:10a6a40077001192251000001c00bf8f1800b18f95
:10a6b4001400b08f0800e0032000bd270800e00369
:10a6c4002510000001000224f7ff221625100000c7
:10a6d4004000028ef4ff401025100000e8fc400ffb
:10a6e40025200002f0ff420425100000760011a28c
:08a6f400edff0010010002243b
:020000040000fa
:020000041d03da
:10a6fc00b481858fd8ffbd272000b4af1c00b3af49
:10a70c001800b2af1000b0af2400bfaf1400b1af4f
:10a71c0025a08000c081908f259000000f00a0180c
:10a72c00259800002588000046000286ffff0324c0
:10a73c0006004310252040001405410f010052264d
:10a74c0002004010b481858f010073260100312670
:10a75c002a102502f4ff40146001102601008056d7
:10a76c00000092ae2400bf8f251060022000b48f31
:10a77c001c00b38f1800b28f1400b18f1000b08f73
:08a78c000800e0032800bd27ce
:020000040000fa
:020000041d03da
:10a7940082bf033c1020648c0180023c80cf4224a1
:10a7a4000e008430400044ac1020648c0e008430d1
:10a7b40014008010000000001020648c020084301b
:10a7c4000700801002000424142064ac1020648c60
:10a7d400010084300700805081bf033c3020648c2a
:10a7e4001020648c01008430fcff80140000000001
:10a7f40081bf033c0100043c740064ac0200043ccf
:10a80400740064ac2000438c05006010000000005c
:10a814002400458c2000598c0800200302000424e5
:08a824000800e0030000000041
:020000040000fa
:020000041d03da
:10a82c000180053cc8cfa5243400a38c0b0060101c
:10a83c0000000000070064141c00628c1300001060
:10a84c0000000000070082501c00828c251840007c
:10a85c001c00628cfbff4014000000000800e003a9
:10a86c0025100000060040501c0062ac0c00868cc9
:10a87c000c00458c2128a6000c0045ac1c0062acd9
:10a88c00251000000800e0031c0080ac06004050be
:10a89c001c00638c0c00678c0c00468c2130c700ac
:10a8ac000c0046ac1c00638c010002243400a3ace9
:08a8bc000800e0031c0080ac61
:020000040000fa
:020000041d03da
:10a8c4000180023cf0ce46902000c014000000003d
:10a8d400e0ffbd270400a38c1000b0aff0ce5024dd
:10a8e4001400b1af01000624258880002520000251
:10a8f4001c00bfaf1800b2aff0ce46a0280003aed4
:10a904000c0000ae7418410f140000ae2800048e31
:10a91400010012240f0085300428b200e418410f0e
:10a92400022104001c00bf8f02000224080012aea2
:10a934000c0002ae1800b28f251020021000b08f58
:10a944001400b18f0800e0032000bd270800e003d5
:04a95400ffff0224db
:020000040000fa
:020000041d03da
:10a95800e0febd271c01bfaf1801b1af1a0080107f
:10a968001401b0af4800838c07008310ffff112447
:10a978001c01bf8f251020021401b08f1801b18f60
:10a988000800e0032001bd27000107241000a627c6
:10a998005970400f25808000070040101c01bf8fb0
:10a9a800500002ae251020021401b08f1801b18f9b
:10a9b8000800e0032001bd27bbad400f1000a4270d
:10a9c800ebff0010258840001c01bf8fffff1124fa
:10a9d800251020021401b08f1801b18f0800e00380
:04a9e8002001bd2766
:020000040000fa
:020000041d03da
:10a9ec00e0febd271c01bfaf1801b1af1a008010eb
:10a9fc001401b0af4800838c07008310ffff1124b3
:10aa0c001c01bf8f251020021401b08f1801b18fcb
:10aa1c000800e0032001bd27000107241000a62731
:10aa2c005970400f25808000070040101c01bf8f1b
:10aa3c00500002ae251020021401b08f1801b18f06
:10aa4c000800e0032001bd27a41b410f1000a42720
:10aa5c00ebff0010258840001c01bf8fffff112465
:10aa6c00251020021401b08f1801b18f0800e003eb
:04aa7c002001bd27d1
:020000040000fa
:020000041d03da
:10aa8000e0febd271c01bfaf1801b1af1a00801056
:10aa90001401b0af4800838c07008310ffff11241e
:10aaa0001c01bf8f251020021401b08f1801b18f37
:10aab0000800e0032001bd27000107241000a6279d
:10aac0005970400f25808000070040101c01bf8f87
:10aad000500002ae251020021401b08f1801b18f72
:10aae0000800e0032001bd27a81b410f1000a42788
:10aaf000ebff0010258840001c01bf8fffff1124d1
:10ab0000251020021401b08f1801b18f0800e00356
:04ab10002001bd273c
:020000040000fa
:020000041d03da
:10ab1400c0ffbd273400b1af3c00bfaf3800b2afb7
:10ab24003000b0af14008010258800001200a0107f
:10ab34002580c0000300839002008290010087906a
:10ab4400000086902590a000049d053c7870a52403
:10ab54001400a3af1800a4273d16410f1000a2afa4
:10ab6400fd12410f1800a427010046242b80060281
:10ab7400080000121800a5273c00bf8f25102002f2
:10ab84003800b28f3400b18f3000b08f0800e0037a
:10ab94004000bd277f14410f25204002f6ff00101e
:04aba4000100112477
:020000040000fa
:020000041d03da
:10aba800d880838fe8ffbd271400bfaf1200601064
:10abb8001000b0afc880878f0f00e010258000001c
:10abc800801010000a10627c253000000200052465
:10abd800252040000500401001001026c3da400f70
:10abe80000000000c880878fd880838f2b10070251
:10abf800f4ff401480101000cc80848f0c00828ced
:10ac080009f8400025286000c480848fd88080af70
:10ac180004008010c88080afb318410f0000000006
:10ac2800c48080af1400bf8f1000b08f0800e0030d
:04ac38001800bd271c
:020000040000fa
:020000041d03da
:10ac3c0011008004c880838fe8ffbd271400bfafcc
:10ac4c002b1883000900601025100000d880838f1a
:10ac5c00802004000a20647c04008010010003247e
:10ac6c00770085900600a3504c00838c1400bf8f96
:10ac7c000800e0031800bd270800e00325100000c1
:10ac8c00fbff60101400bf8f760083900300052437
:10ac9c000300651008000524f5ff65140000000092
:10acac000400828c0000838c23104300ffff42249d
:10acbc007e0c410fffff46302310c200ebff00104b
:04accc00ffff423014
:020000040000fa
:020000041d03da
:10acd0001c0080102e000524e0ffbd271c00bfaf24
:10ace0001800b2af1400b1af9311410f1000b0af14
:10acf0000d0040100080103c0080123c01005124e7
:10ad0000d02e1026e42e52260000058e252020028b
:10ad10008a14410f040010260c0040101c00bf8f45
:10ad2000faff12560000058e1c00bf8f2510000090
:10ad30001800b28f1400b18f1000b08f0800e0032c
:10ad40002000bd270800e0032510000001000224b8
:10ad50001800b28f1400b18f1000b08f0800e0030c
:04ad60002000bd27eb
:020000040000fa
:020000041d03da
:10ad6400000082902100401000000000e0ffbd2799
:10ad74001800b1af1400b0af1c00bfaf2580800035
:10ad84000c0000102588a000fd12410f00000000f7
:10ad94000100422421800202fd12410f25200002fd
:10ada4000100422421800202000002920b004010a4
:10adb4001c00bf8f252020028a14410f2528000281
:10adc400f1ff401425200002fd12410f252020022e
:10add40001004224211002021c00bf8f1800b18f11
:10ade4001400b08f0800e0032000bd270800e00332
:04adf4002510000026
:020000040000fa
:020000041d03da
:10adf800ffff82300b00422c2000401000000000b2
:10ae0800e0ffbd27ffff82301400b0af00a0103c68
:10ae18001800b1af101f102600890200211011027e
:10ae28000c00458c1c00bfaf0f00851425100000d6
:10ae380000a0023c7c0a428c0400821000a0033c63
:10ae48009eed400f0000000000a0033c3028632462
:10ae58000a10117e0400708c0800638c23105000c7
:10ae6800261043000100422c1c00bf8f1800b18f30
:10ae78001400b08f0800e0032000bd270800e0039d
:04ae88002510000091
:020000040000fa
:020000041d03da
:10ae8c000a0d232323232323232042414e4b20311d
:10ae9c002069732072756e6e696e672023232323dd
:10aeac002323230a0d00000c2323232323232320f5
:10aebc0042414e4b20312069732072756e6e696e63
:10aecc0067202323232323232300000c2323232362
:10aedc002323232042414e4b20322069732072756c
:10aeec006e6e696e67202323232323232300000c1b
:10aefc00232323232323232042414e4b203220693a
:10af0c00732072756e6e696e6720232323232323af
:04af1c00230a0d00f7
:020000040000fa
:020000041d03da
:10af200080ffbd277800b2af7400b1af7000b0af42
:10af30002588a000258080002590c00025280000dd
:10af4000600006247c00bfaf0116410f1000a4274b
:10af5000ffff0224252800001000a4271800b0af2e
:10af60004c00b0afa014410f5000a2af0100062466
:10af700025284002cc2a400f1000a42707002012e9
:10af80005000a38f4c00a28f231043006400a38fb6
:10af90002110430021800202000030ae7c00bf8ff0
:10afa0007800b28f7400b18f7000b08f0800e0039a
:04afb0008000bd2739
:020000040000fa
:020000041d03da
:10afb400e8ffbd271000b0af1400bfaf4800828087
:10afc400ffff432425104300480082a01800838c0f
:10afd4001400828c2b106200050040102580800034
:10afe4002c00828c2530000009f840002528000040
:10aff4000400028e280000ae180000ae02004330a8
:10b0040008006010140000ae10004234040002aec8
:10b01400ffff02241400bf8f1000b08f0800e0036c
:10b024001800bd270800038e0c00048ec000427c6b
:10b034002310020021186400400003aef5ff001045
:04b044003c0003ae1b
:020000040000fa
:020000041d03da
:10b048000000a28c0b0040540400a38c1e000010ca
:10b05800000000000800838c0000c2ac040082ac31
:10b068000000a28c0100632413004010080083ac88
:10b078000400a38c120062500400a0ac0000438cb2
:10b088000000a3ac0800a38c0400868cffff632497
:10b098000800a3acefffc014000040ac0800838c8c
:10b0a800000082ac040082ac0000a28c0100632482
:10b0b800efff4014080083ac0800e0030000000024
:10b0c800f0ff00100000a0ac0800e0030000000042
:020000040000fa
:020000041d03da
:10b0d800e0ffbd271800b1af1c00bfaf1400b0af30
:10b0e8001600a0102588c0002580a0005af0400f47
:10b0f8000100052412004050ffff02240200201224
:10b10800080050ac000020ae0e1d410f0400518c09
:10b11800252040000000229201004224101d410f0a
:10b12800000022a21c00bf8f251000021800b18f5a
:10b138001400b08f0800e0032000bd27fdff0224a3
:10b1480001002056000022ae1c00bf8f2510000011
:10b158001800b18f1400b08f0800e0032000bd274d
:020000040000fa
:020000041d03da
:10b16800ffff022420008210000000000180033c41
:10b17800f0ce63240800648c0300801425100000be
:10b188000800e0030000000001000724240067a075
:10b198000700072400a0023c040067ac0180053cbe
:10b1a80006000724e8ffbd2780284624802847a0fa
:10b1b80028cfa52401000224252060001400bfaf79
:10b1c800080060ac3c0066ac380060ac400062ac83
:10b1d8007cfc400f440060ac1400bf8f01000224c7
:10b1e8000800e0031800bd270800e0032510000050
:020000040000fa
:020000041d03da
:10b1f8000000a28c0b0040540400a38c1e00001019
:10b20800000000000800838c0000c2ac040082ac7f
:10b218000000a28c0100632413004010080083acd6
:10b228000400a38c120062500400a0ac0000438c00
:10b238000000a3ac0800a38c0400868cffff6324e5
:10b248000800a3acefffc014000040ac0800838cda
:10b25800000082ac040082ac0000a28c01006324d0
:10b26800efff4014080083ac0800e0030000000072
:10b27800f0ff00100000a0ac0800e0030000000090
:020000040000fa
:020000041d03da
:10b28800e8ffbd271400bfaf2217410f00000000e0
:10b29800b080868fb480898fffff423000c042346f
:10b2a80000400724ffff08340d00c0181400bf8faa
:10b2b80025182001252000000000658c0100842449
:10b2c8000400a010040063242a00a5940600a2101c
:10b2d80000000000f9ffc4540000658c1400bf8f03
:10b2e8000800e0031800bd270300485000c00234de
:10b2f80001004224ffff4230ffffe724eaffe01489
:10b308001400bf8f251000000800e0031800bd27b7
:020000040000fa
:020000041d03da
:10b3180021008004b080838fe8ffbd271400bfaff1
:10b328002a108300130040101000b0af801b410f9b
:10b33800000000000f004010258040003000428cc3
:10b348000400401000000000360002960b00401474
:10b358001400bf8f840d410f4c000426252840009f
:10b36800f4dc400f252000023000028e0600401455
:10b378001400bf8f251000001400bf8f1000b08f7d
:10b388000800e0031800bd27360002961000b08fb1
:10b398000800e0031800bd270800e003251000009e
:020000040000fa
:020000041d03da
:10b3a800e8ffbd271400bfaf2217410f00000000bf
:10b3b800c880868fd880898fffff423000c0423412
:10b3c80000400724ffff08340d00c0101400bf8f91
:10b3d80025182001252000000000658c0100842428
:10b3e8000400a010040063246200a5940600a210c3
:10b3f80000000000f9ffc4540000658c1400bf8fe2
:10b408000800e0031800bd270300485000c00234bc
:10b4180001004224ffff4230ffffe724eaffe01467
:10b428001400bf8f251000000800e0031800bd2796
:020000040000fa
:020000041d03da
:10b438007375636365737366756c00006661696c28
:10b44800656421007365740067657400446566610e
:10b45800756c7420696e74657266616365207365c6
:10b46800742025730d0a000044656661756c7420ac
:10b47800696e746572666163652069733a20257325
:10b488000d0a000055736167653a206465666e654c
:10b4980074207365742f676574203c696e746572d7
:10b4a800666163653e0d0a0045783a206465666efc
:10b4b80065742073657420657468300d0a00000097
:020000040000fa
:020000041d03da
:10b4c8000d0a2d2d2d2d2d2d2d20537570706f7279
:10b4d80074656420636f6d6d616e642067726f754b
:10b4e8007073202d2d2d2d2d2d0000000d0a202ae2
:10b4f8002a2a2000202a2a2a000000000d0a2d2dc1
:10b508002d2d2d2d2d2d2d2d204275696c74206922
:10b518006e20636f6d6d616e6473202d2d2d2d2d42
:10b528002d2d2d2d2d0000000d0a00000d0a556e41
:10b538006b6e6f776e20636f6d6d616e64206772de
:10b548006f75702e205472792068656c700d0a0032
:020000040000fa
:020000041d03da
:10b558001800868cc8ffbd272800b1af20009124b1
:10b568002330d1003400bfaf3000b3af2c00b2afee
:10b578000800c0142400b0af3400bf8f3000b38f70
:10b588002c00b28f2800b18f2400b08f0800e00390
:10b598003800bd270000938c049d053c0400928c64
:10b5a80025808000e073a5243d16410f1000a427d4
:10b5b8000000628e1000a52709f8400025204002ef
:10b5c8003400bf8f180011ae3000b38f2c00b28f3b
:10b5d8002800b18f2400b08f0800e0033800bd2791
:020000040000fa
:020000041d03da
:10b5e800e5818293e8ffbd27040040141400bfaf33
:10b5f80001000224e48182a3e58182a3190080541a
:10b608001400bf8f1600a0100180033c40d4648c46
:10b6180004008010ffff02241400bf8f0800e0031d
:10b628001800bd270400a68c0800a78c0000a58c74
:10b638000800c88c40d46224080047ac040046ac1b
:10b648002520e0000200022409f8000140d462ac81
:10b658001400bf8f251000000800e0031800bd2764
:10b668001400bf8fffff02240800e0031800bd2765
:020000040000fa
:020000041d03da
:10b67800ffff833000a0023c00190300101f422482
:10b68800e0ffbd27211043000400438c1400b0af35
:10b6980000a0103c700a1026020006964010030015
:10b6a8001800b1af21104300258880000400048ee3
:10b6b8000400c62480100200403006002310430016
:10b6c8002130c4004010020000a0053c16000724e9
:10b6d8002130c2003028a5241c00bfaf1698400fa7
:10b6e800003c247e010040540c0011ae1c00bf8faa
:10b6f8001800b18f1400b08f0800e0032000bd27a8
:020000040000fa
:020000041d03da
:10b708000400828ce0ffbd271c00bfaf000147305a
:10b718001800b1af1700e0101400b0af1000828c11
:10b728002518c0002b88c2000a1851000c006010b0
:10b7380025886000258080001400848c7f14410fc8
:10b74800253060001400028e1000038e2110510075
:10b7580023887100140002ae100011ae000040a052
:10b768001c00bf8f1800b18f1400b08f0800e003d1
:10b778002000bd2710004230faff40541c00bf8f44
:10b78800a011410f00000000f6ff00101c00bf8f41
:020000040000fa
:020000041d03da
:10b79800e8ffbd271400bfaf07da400f1000b0afb5
:10b7a800110040101400bf8f000043900180103c2e
:10b7b80000cb102640100300211043008010020027
:10b7c8002310430080100200231043008010020061
:10b7d8007c00422421800202251000021000b08f54
:10b7e8000800e0031800bd27001d410f2580400018
:10b7f8000300422cf8ff40541400bf8ffe1c410f79
:10b8080000000000049d053c3c42a52448f1400f7f
:0cb8180025204000f0ff00101400bf8f3e
:020000040000fa
:020000041d03da
:10b82400e8ffbd271400bfaf07da400f1000b0af28
:10b83400110040100180043c0000439040100300bc
:10b8440021104300801002002310430080100200e6
:10b85400231043008010020000cb832421104300f6
:10b864002000508c1400bf8f251000021000b08ff0
:10b874000800e0031800bd27001d410f25800000cb
:10b884000300422cf8ff40541400bf8ffe1c410fec
:10b8940000000000049d053ca442a52448f1400f8b
:0cb8a40025204000f0ff00101400bf8fb2
:020000040000fa
:020000041d03da
:10b8b000e8ffbd271400bfaf150080101000b0af27
:10b8c0000800838c0200022411006214258080008d
:10b8d00002008294010042300e004050258000009a
:10b8e0000e1d410f00000000000003920e006014c6
:10b8f000ffff6324101d410f252040001400bf8f5f
:10b90000251000021000b08f0800e0031800bd27ca
:10b91000258000001400bf8f251000021000b08f9a
:10b920000800e0031800bd27000003a2101d410f0e
:0cb9300025204000f8ff00101400bf8f1d
:020000040000fa
:020000041d03da
:10b93c009880828fe8ffbd27080040181400bfaf25
:10b94c001800838c04000524070065501400868cb5
:10b95c000200042412006450ffff42241400bf8f25
:10b96c000800e0031800bd270180023c78d1422476
:10b97c000c00458c1000448c010003240418c300f7
:10b98c001400bf8f271803002428a3002418830059
:10b99c000c0045ac100043ac0800e0031800bd27b8
:10b9ac00eeff4014988082af9ef0400f0000000024
:0cb9bc000180023ce9ff00108cd140ac7f
:020000040000fa
:020000041d03da
:10b9c8000180023c38cf42240c00438c06006018ea
:10b9d800040005241800868c0500c510ffff6324a9
:10b9e800150060100c0043ac0800e00300000000e4
:10b9f80010004390fcff6010000000001000848cd1
:10ba0800e8ffbd271000b0af1400bfafa819410f61
:10ba18000400508c001902002310620080100200fc
:10ba280021200202060080101400bf8f1000b08f82
:10ba3800be07410b1800bd2706be400b00000000e2
:0cba48001000b08f0800e0031800bd27bc
:020000040000fa
:020000041d03da
:10ba54001c008004c880838fe8ffbd272b18830057
:10ba6400140060101400bfafd880888f80100400c9
:10ba74000a40027d10000011251000007600039199
:10ba8400fdff62240300422c0b004014251000002b
:10ba94000800022408006250251000000b00e0108a
:10baa4002548c00014fb400f2530e0000700401477
:10bab40000000000251000001400bf8f0800e00300
:10bac4001800bd270800e00325100000faff20112c
:0cbad40001000224f8ff0010600009a52a
:020000040000fa
:020000041d03da
:10bae000190080100000000042008394400068307c
:10baf00003000015251000000800e003000000000e
:10bb000007006330fcff6014000000001000a0106c
:10bb1000000000000000a28c0d00e010040082acc8
:10bb20000400c010180082ac0000c28c080082ac77
:10bb30001c0082ac42008394010002240463037c55
:10bb40000800e003420083a40800e0032510000081
:10bb5000f9ffc050420083940000c28cf5ffe01052
:0cbb6000080082acf3ff00101c0082ac57
:020000040000fa
:020000041d03da
:10bb6c0020008010000000004200839440006330ed
:10bb7c0003006014251000000800e0030000000022
:10bb8c000300a8880700a7880b00a6880f00a388cd
:10bb9c000000a898e8ffbd272c0082241400bfaf3a
:10bbac000400a7980c00a3980800a698030048a8c6
:10bbbc00000048b8070047a8040047b80b0046a887
:10bbcc00080046b8252040000f0043a826e3400f8c
:10bbdc000c0043b81400bf8f010002240800e003de
:0cbbec001800bd270800e0032510000031
:020000040000fa
:020000041d03da
:10bbf80073756363657373006661696c65640000df
:10bc080055736167653a20736574646e7320312fcc
:10bc180032203c696e746572666163653e203c78cb
:10bc28002e782e782e783e200d0a000045783a208e
:10bc3800736574646e732031206574683020323502
:10bc4800352e3235352e3235352e30200d0a00008e
:10bc5800556e6b6e6f776e20444e5320696e646527
:10bc6800780d0a0053657420444e532025642061e2
:0cbc78006464726573732025730d0a006c
:020000040000fa
:020000041d03da
:10bc8400e8ffbd27010002241000b0af1400bfafcd
:10bc94000000a2a00100052486c7400f2580800073
:10bca40006004014100003241400bf8f2510600008
:10bcb4001000b08f0800e0031800bd278081878f33
:10bcc4000d00e0101400bf8f1800e28c0a00401031
:10bcd400252000025e00059209f84000253000008e
:10bce4001400bf8f25180000251060001000b08fcd
:10bcf4000800e0031800bd27251800002510600087
:0cbd04001000b08f0800e0031800bd27fd
:020000040000fa
:020000041d03da
:10bd100088bf033c0010628c0004063c04d6027c01
:10bd200025104600001062ac040006240010628c4e
:10bd30004015427cfdff4614001104000008a62cab
:10bd4000801064241100c014212082008214050098
:10bd5000401502000088a57c252845000800023c0b
:10bd60002528a200000085ac0010628c04d6027c5d
:10bd7000001062ac0010628c4015427cfdff401444
:10bd8000000000000800e00300000000402d050056
:0cbd9000000085acf4ff00100000000073
:020000040000fa
:020000041d03da
:10bd9c0088bf033c0000628c0004063c04d6027c85
:10bdac0025104600000062ac040006240000628ce2
:10bdbc004015427cfdff4614001104000008a62c1f
:10bdcc00800064241100c01421208200821405001c
:10bddc00401502000088a57c252845000800023c7f
:10bdec002528a200000085ac0000628c04d6027ce1
:10bdfc00000062ac0000628c4015427cfdff4014d8
:10be0c00000000000800e00300000000402d0500c9
:0cbe1c00000085acf4ff001000000000e6
:020000040000fa
:020000041d03da
:10be2800e0ffbd270080023c1800b2afa42e528c60
:10be38001400b1af1c00bfaf0000519208002012df
:10be48001000b0af2580a000050084248a14410f9b
:10be58000200452609004050010042922588000052
:10be68001c00bf8f251020021800b28f1400b18f5c
:10be78001000b08f0800e0032000bd271c00bf8f12
:10be8800000000ae4d0042380100422c4010020074
:10be9800040002ae1800b28f251020021000b08fe7
:0cbea8001400b18f0800e0032000bd274b
:020000040000fa
:020000041d03da
:10beb4000c00a7af0c00a38f0800a6af25108000cc
:10bec40002450300ff0705310e00a0140800a48feb
:10bed400049d033c00088644b06060d40008e74435
:10bee40000080524020820460000064400006744b8
:10bef4002520c0000055e67c0200c0102518e00093
:10bf0400c1ffc524c2370400401803002518c3002c
:10bf140040200400000044ac00a0637c2000043cea
:10bf240025188300ccfba52400080831040043ac89
:0cbf3400080045ac0800e0030c0048ac1d
:020000040000fa
:020000041d03da
:10bf40000004c2281300401402fcc328049d023cd4
:10bf5000906f40d401fcc224000443280600601402
:10bf6000026320460263204602f8c22400044428eb
:10bf7000ff0303240a10640025200000ff0342246d
:10bf800000008444002d02000000e5440800e003a6
:10bf900002602046f8ff60102510c000049d033c9d
:10bfa000986f60d4c903c22402fc4328f2ff6010da
:10bfb000026320469207c22402fc442802fc0324a8
:0cbfc00002632046ecff00100b10640030
:020000040000fa
:020000041d03da
:10bfcc00e0ffbd271400b0af0180103cd8d1028e29
:10bfdc001800b1af1c00bfaf0800401025888000ce
:10bfec0011002006d8d1028e0180033cdcd1638c79
:10bffc0023186200110000102b18710010ae400fb6
:10c00c0000000000d8d1028ef5ff401400000000a3
:10c01c00ffff02241c00bf8f1800b18f1400b08fdb
:10c02c000800e0032000bd270180033ce0d1638cb5
:10c03c0023201100231843002b186400f4ff601414
:0cc04c0021885100f3ff0010d8d111ae84
:020000040000fa
:020000041d03da
:10c058000800828ce8ffbd271000b0af1400438ca5
:10c068000a004694258080000000628c2528800004
:10c07800049d043c1400bfaf09f84000f0fd84247f
:10c088000900401401000324040002243c0000ae0f
:10c098001a0002a61c0002a61400bf8f1000b08f61
:10c0a8000800e0031800bd27fbff4310020003242b
:10c0b800180000ae1c0000a6020003a6f6ff41040b
:10c0c8001e0002a61400bf8f1000b08f252040006c
:08c0d800331a410b1800bd27cb
:020000040000fa
:020000041d03da
:10c0e000e8ffbd271000b0af1400bfaf5d00410fe7
:10c0f00025808000100040101400bf8f340002968d
:10c10000080042300f0040100200022400120624f2
:10c1100025280000bdf4400f252000020600401035
:10c120001400bf8f040002241a0002a60a00022491
:10c130001c0002a61400bf8f1000b08f0800e0039f
:10c140001800bd27020002a6faff023c1c0002ae46
:10c15000180000ae1400bf8f1000b08ffaff042447
:08c16000331a410b1800bd2742
:020000040000fa
:020000041d03da
:10c16800e8ffbd271400bfaf130080101000b0af68
:10c178000000829410004010258080000c00828c02
:10c18800020003240d004354258000001000a01471
:10c198000400848c09008050258000000800838cee
:10c1a800060062542580000002008294010042309b
:10c1b800030040141400bf8f258000001400bf8fb7
:10c1c800251000021000b08f0800e0031800bd27fa
:10c1d8002cee400f00000000f9ff40141400bf8f40
:08c1e800f7ff001025800000a4
:020000040000fa
:020000041d03da
:10c1f000ffff02241e008210000000001c00a0109f
:10c20000000000001a00c01000000000e8ffbd2779
:10c210001000b0af0180103cf0ce10260800038e55
:10c220001400bfaf0e006010251000002510a00004
:10c23000030004242528e000080000ae200006ae1c
:10c240001c0002ae180007ae81f9400f040000aeda
:10c25000040040141400bf8f02000324080003ae42
:10c260001400bf8f1000b08f0800e0031800bd2736
:08c270000800e00325100000a6
:020000040000fa
:020000041d03da
:10c27800e0ffbd271400b1af0180113c1000b0af42
:10c2880078d130262000048e1c00bfaf0400801037
:10c298001800b2afac17410f00000000200000ae3c
:10c2a8001800048e0500805078d12486b318410ff9
:10c2b80000000000180000ae78d12486ffff122489
:10c2c800050092101c00bf8f94da400f0000000098
:10c2d80078d132a61c00bf8f0c0000ae100000ae53
:10c2e800040000a61800b28f1400b18f1000b08fa0
:08c2f8000800e0032000bd274f
:020000040000fa
:020000041d03da
:10c3000016008004b080838fe8ffbd271400bfaf04
:10c310002a1083000c0040101000b0af801b410faa
:10c320000000000008004010258040003000428cd2
:10c330000e004010000000003c00039201000224a7
:10c34000080062501400028e251000001400bf8ff8
:10c350001000b08f0800e0031800bd270800e003bc
:10c3600025100000f9ff00102b100200840d410f72
:10c370004c00042625284000f4dc400f2520000254
:08c38000eeff00103c000392e7
:020000040000fa
:020000041d03da
:10c38800e0ffbd27401004001400b0af21104400a6
:10c39800258080000180043c80100200f4cc8424b5
:10c3a8001800b1af212082001c00bfaf750d410fee
:10c3b8002588c0000f0020121c00bf8f0180043c9c
:10c3c80000811000f0c1842421209000080082948c
:10c3d8000400838c0100423405006010080082a428
:10c3e800253800000100062409f860000329100020
:10c3f8001c00bf8f010002241800b18f1400b08ff9
:08c408000800e0032000bd273d
:020000040000fa
:020000041d03da
:10c410002000828c010042301d004014000000000a
:10c420006081868fe0ffbd271400b0af0c00d98c6f
:10c430001000908c1800b1af1c00bfaf25888000a1
:10c440000d00001225282002100003962528000266
:10c450002520c00001006230f9ff40140000108e5a
:10c4600009f82003000000006081868ff6ff0016a7
:10c470000c00d98c252820021c00bf8f1800b18f1a
:10c480001400b08f2520c000080020032000bd2725
:08c490000800e00300000000b9
:020000040000fa
:020000041d03da
:10c49800ffff82301e004014ffff8430401004006c
:10c4a800212044000180023c8020040040d4422422
:10c4b800211044000400438c1300601000000000a9
:10c4c8002800638c0800448ce8ffbd271400bfaf28
:10c4d80009f86000000000000300432c070060100a
:10c4e8001400bf8f80180200049d023c447142244e
:10c4f8000a10437c0800e0031800bd27ffff022450
:10c508000800e0031800bd270800e003251000001c
:08c518000800e003ffff02240c
:020000040000fa
:020000041d03da
:10c52000190080140180023c40d4438c1600601036
:10c5300000000000e0ffbd271000b0af40d4502441
:10c540001800b2af0400128e1c00bfaf10004012e2
:10c550001400b1af2588a000fd12410f2520a000d6
:10c560001800598e0800048e252820021c00bf8f59
:10c570001800b28f1400b18f1000b08f253040002a
:10c58000080020032000bd270800e0030000000091
:10c590001c00bf8f1800b28f1400b18f1000b08f35
:08c5a0000800e0032000bd27a4
:020000040000fa
:020000041d03da
:10c5a8001d00a010f88183270000a290d0ff42242c
:10c5b800ff004230401002008a11627c0200432cc6
:10c5c8001500601000a0033c700a65901200a214c8
:10c5d800700a63241000668cff0002241000c21445
:10c5e800f4818693003c0500251000000100c82452
:10c5f800ff000831002e0600ff0006392528a70095
:10c608000a400600100065acf48188a3000085ace0
:10c618000800e003080060ac0800e00313000224ef
:08c628000800e00307000224f2
:020000040000fa
:020000041d03da
:10c63000ffff02241d0082100900022400008290e6
:10c64000190040100001c72c1200e0102518c0008e
:10c650000e00c010ffff6730100083900b006010c9
:10c660000000a3a00100a3241100842405000010f1
:10c670002128a70001006324010084240300c010c6
:10c68000ffff66a0fbff6554000086900800e003f2
:10c6900000000000ff000324efffc014ffff67301d
:10c6a000faff00100000000009000224048282af9b
:08c6b0000800e0032510000062
:020000040000fa
:020000041d03da
:10c6b800bcc7029dc025049d6490029ddcf5029dc7
:10c6c800000000000c26049dd45f039d6ccc039de4
:10c6d800f8ad039da4e9039d887a029d000000003f
:10c6e8000000000000000000000000000000000042
:10c6f8000000000000000000000000000000000032
:10c708000000000000000000000000000000000021
:10c718000000000000000000000000000000000011
:10c7280000000000a8c5039d38fc019d383e049d0b
:08c738000000000000000000f9
:020000040000fa
:020000041d03da
:10c740000000aa801e004011000000000000898047
:10c750001700205125100000070049112510800006
:10c76000010089801200205125100000010084245e
:10c77000fbff4915251080000100a3800e0060100a
:10c780000000000001008980f6ff23150200a324a9
:10c7900004000010020087240000e880f3ff061563
:10c7a0000100e72400006680fbffc0140100632441
:10c7b0000800e003000000000800e00300000000a3
:08c7c0000800e00325108000d1
:020000040000fa
:020000041d03da
:10c7c8001a008010251080000000868c1700c050c9
:10c7d800251000000800838c0400848c2b2864003a
:10c7e8001400a010000000008a29c37c2100a52c99
:10c7f8000900a014010063241000001000000000cc
:10c80800010063242128c300ffffa5902100a52c67
:10c818000a00a01000000000f9ff6414080043acef
:10c82800ffff84240800e003080044ac0800e0038c
:10c8380000000000fbff6410ffff84240800e003f1
:04c8480000000000ec
:020000040000fa
:020000041d03da
:10c84c00e8ffbd271000b0af1400bfaf5d00410f73
:10c85c00258080000e0040101400bf8f340002961b
:10c86c00080042300d00401000120624252800005c
:10c87c00bdf4400f25200002050040101400bf8fae
:10c88c00020002241a0002a61c0000a61400bf8f8e
:10c89c001000b08f0800e0031800bd27020002242e
:10c8ac00020002a6faff023c1c0002ae180000ae09
:10c8bc001400bf8f1000b08ffaff0424331a410b01
:04c8cc001800bd276c
:020000040000fa
:020000041d03da
:10c8d000e8ffbd271000b0af1400bfaf5d00410fef
:10c8e000258080000e0040101400bf8f3400029697
:10c8f00000f042300d004010060005240900052418
:10c9000084f7400f25200002050040101400bf8f5f
:10c91000030002241a0002a61c0000a61400bf8f08
:10c920001000b08f0800e0031800bd2784f7400f07
:10c9300025200002faff40101400bf8f05000224da
:10c940001a0002a61c0000a61000b08f0800e00329
:04c950001800bd27e7
:020000040000fa
:020000041d03da
:10c95400e0ffbd271c00bfaf1800b1af1900a01045
:10c964001400b0af2588a0005af0400f0100052440
:10c9740016004010252820020400508c12ac400ff1
:10c984001000048e25884000020002960200423402
:10c994000e1d410f020002a6000003922520400054
:10c9a40001006324101d410f000003a21c00bf8f6f
:10c9b400251020021400b08f1800b18f0800e00386
:10c9c4002000bd27f9ff0010f9ff1124f7ff001024
:04c9d400ffff11242c
:020000040000fa
:020000041d03da
:10c9d8001e008004b080838fe8ffbd272a188300db
:10c9e800170060101400bfaf801b410f251880008e
:10c9f800140040101400bf8f2c00448c11008010cc
:10ca08002530a0001000878c1c00848c0c00e59455
:10ca1800040088941400bf8f08008424f8ffa5241c
:10ca2800340045a4380044ac300047ac360048a474
:10ca38002528000025206000b088400b1800bd277d
:10ca48001400bf8f0800e0031800bd270800e003aa
:04ca580000000000da
:020000040000fa
:020000041d03da
:10ca5c0013008004b080878fe8ffbd271400bfafa0
:10ca6c002a1087000a00401025180000801b410f77
:10ca7c0000000000070040101400bf8f0600c050db
:10ca8c00251060003c0044900800a4100100042410
:10ca9c001400bf8f251060000800e0031800bd27ac
:10caac00251800000800e00325106000f9ffa4140d
:10cabc001400bf8f400044900000c58c010003247b
:10cacc001f00843060008434180045acf0ff001067
:04cadc00400044a032
:020000040000fa
:020000041d03da
:10cae000f080848fe8ffbd27040080101400bfafe2
:10caf000fd14410f00000000f08080affc80858fa6
:10cb00000180043c4d15410f60d384240180043c16
:10cb100070d38424e88080af50e3400f0000000011
:10cb2000f880848f05008010f480858fb318410f42
:10cb300000000000f88080aff480858f0500a01011
:10cb4000fc80848f0c00828c09f8400000000000fb
:10cb5000f48080af1400bf8ffc8080af0800e0033a
:04cb60001800bd27d5
:020000040000fa
:020000041d03da
:10cb640006008010251000004000828c4040033ce9
:10cb74002410430003004014010002240800e003d1
:10cb840000000000e8ffbd271000b0af252880009a
:10cb9400258080000180043c03000724040006244f
:10cba4001400bfaf2bd2400fe4d184244c81828f78
:10cbb4000800401000000000060002524c8180afc3
:10cbc4001400bf8f010002241000b08f0800e0039e
:10cbd4001800bd272b00410f00000000f9ff0010d2
:04cbe4001400bf8feb
:020000040000fa
:020000041d03da
:10cbe800f0ffbd2700e0847c80bf023c0c00bfaf93
:10cbf800700644ac00606441c0000000004003249b
:10cc08000000a4af00e0a57c0f000424200645ac7a
:10cc1800040643ac040644ac03000424080644acf0
:10cc2800080643ac99aa033c55666324100640ac39
:10cc3800100643ac6655033caa996334100643ac0e
:10cc480000800334080643ac0000a28f00608240d5
:10cc5800c00000000c00bf8f010002240800e003a0
:04cc68001000bd27d4
:020000040000fa
:020000041d03da
:10cc6c00ffff82300b00422c1c0040100000000023
:10cc7c00e0ffbd271800b1af1400b0afffff91303b
:10cc8c0000a0103c101f1026008911002110110269
:10cc9c000c00458c1c00bfaf0b0085142510000048
:10ccac0000a0023c7c0a428c0400821000a0023cd2
:10ccbc009eed400f0000000000a0023c0a80117e97
:10cccc003428428c231002021c00bf8f1800b18f35
:10ccdc001400b08f0800e0032000bd270800e0031b
:04ccec00251000000f
:020000040000fa
:020000041d03da
:10ccf000e0ffbd271800b1af1c00bfaf1400b0affc
:10cd0000a3fa400f2588a00014004010040050240e
:10cd100002004694252000020116410f252800003c
:10cd20000180043c2528000210000624c5ea400fbb
:10cd30008cc984242528000225202002dd01410f12
:10cd4000010006241c00bf8f251000001800b18fc1
:10cd50001400b08f0800e0032000bd271c00bf8f27
:10cd6000030002241800b18f1400b08f0800e00304
:04cd70002000bd27bb
:020000040000fa
:020000041d03da
:10cd74000080033c902c63241b00831425100000c6
:10cd8400200083900400633017006010000000004e
:10cd94004400828ce8ffbd271000b0af1000428c25
:10cda400258080001400848c1400bfaf09f8400073
:10cdb400000000009000038e049d023ca4684224fd
:10cdc400801803000a10437c09f840002520000263
:10cdd400200002921400bf8f1000b08f0001427c2b
:10cde4000800e0031800bd270800e003000000006d
:020000040000fa
:020000041d03da
:10cdf4000080033c902c632419008314faff02245e
:10ce04001c00838c0200022417006214000000003e
:10ce14001300a010251000004c00848ce0ffbd27f7
:10ce24001800b0af1c00bfaf2580a0003410410f24
:10ce34001000a2af030003241c00bf8f080003ae40
:10ce4400010003240c0003aedc0503241000a28fb0
:10ce5400100003ae1800b08f0800e0032000bd27c7
:10ce64000800e003000000000800e003feff0224c5
:020000040000fa
:020000041d03da
:10ce740046524d54584f4b20000000007072049de0
:10ce840046524d52584f4b20000000006872049dda
:10ce94005258425546434e54000000002861049df8
:10cea40052584f56464c4f57000000006072049d84
:10ceb4004643534552524f52000000005872049d9d
:10cec400414c474e45525220000000005072049dd0
:10ced40053434f4c46524d20000000004872049dbd
:10cee4004d434f4c46524d20000000004072049dbb
:020000040000fa
:020000041d03da
:10cef4000800828ce8ffbd271000b0af1400438cfb
:10cf04001000468c258080000400628c2528800057
:10cf1400049d043c1400bfaf09f84000f0fd8424d4
:10cf24000a00400402000324040040140400022404
:10cf34001a0002a6050002241c0002a61400bf8fda
:10cf44001000b08f0800e0031800bd27180000aee1
:10cf54001c0000a6020003a61e0002a61400bf8f38
:10cf64001000b08f25204000331a410b1800bd2754
:020000040000fa
:020000041d03da
:10cf7400e8ffbd271000b0af1400bfaf5d00410f44
:10cf8400258080000d0040101400bf8f34000296ed
:10cf9400001042300c0040102528000084f7400f98
:10cfa40025200002050040101400bf8f0200022457
:10cfb4001a0002a61c0000a61400bf8f1000b08f38
:10cfc4000800e0031800bd2702000224020002a6a4
:10cfd400fbff023c1c0002ae180000ae1400bf8f21
:10cfe4001000b08ffbff0424331a410b1800bd2737
:020000040000fa
:020000041d03da
:10cff40007008010000000000500a0101200c62cdd
:10d004000500c010251000000800e0030000000027
:10d014000800e00325100000d8ffbd272400bfaf9f
:10d024002518a000030085900500899004008890cd
:10d034002510800002008490010047900000469073
:10d044001400a5af049d053c1000a4af1c00a9afbb
:10d054001800a8af105ea5243d16410f25206000de
:10d064002400bf8f010002240800e0032800bd272c
:020000040000fa
:020000041d03da
:10d074001d00801000000000e0ffbd271800b2afc3
:10d084001000b0af049d123c049d103c1400b1afdd
:10d094001c00bfaf25888000305e1026485e5226f3
:10d0a400080010260400028e2520200205004010ee
:10d0b400252840008a14410f00000000040040505d
:10d0c4000000028ef7ff121608001026251000003b
:10d0d4001c00bf8f1800b28f1400b18f1000b08fe6
:10d0e4000800e0032000bd270800e003251000002d
:020000040000fa
:020000041d03da
:10d0f4000000a294e0ffbd271800b1af4000433008
:10d104001400b0af1c00bfaf2580a0000b0060105e
:10d1140025888000040005267ae3400f0400842457
:10d12400252800020000248e1c00bf8f1800b18f38
:10d134001400b08f1b15410b2000bd2714002326bb
:10d144008000423024008424040005267ae3400f42
:10d154000b206200252800020000248e1c00bf8fd3
:10d164001800b18f1400b08f1b15410b2000bd2790
:020000040000fa
:020000041d03da
:10d174000400a38cd8ffbd272510a0002000b3af66
:10d184001c00b2af1800b1af1400b0af2400bfafa1
:10d19400259880002528e000252040002588e0000f
:10d1a40009f860002590c000090040102580400067
:10d1b4000400401225302002252840027f14410f2c
:10d1c40025204000252800027de1400f2520600233
:10d1d4002400bf8f251000022000b38f1c00b28fe3
:10d1e4001800b18f1400b08f0800e0032800bd2799
:020000040000fa
:020000041d03da
:10d1f4007c81828fe0ffbd271c00bfaf09f840008f
:10d20400c80104241700401028004324000043ac44
:10d2140020000324080043ac0d0003240c0043ac9d
:10d2240001000324100043ac049d033cc821632483
:10d23400140043ac049d033cf07063241c0043ac15
:10d24400049d033c10446324040040ac180040ac2b
:10d25400200043ac252040004912410f1000a2af2a
:10d264001000a28f1c00bf8f0800e0032000bd2720
:020000040000fa
:020000041d03da
:10d27400c081828f06004010000000001a00801058
:10d28400000000008081838f0300601025100000df
:10d294000800e0030000000000008b8c04008a8c6e
:10d2a4000800898c0c00888c1000878c1400868cf4
:10d2b4001800858c1c00848c0180033c04d26224f9
:10d2c40004d26bac04004aac080049ac0c0048ac76
:10d2d400100047ac140046ac180045ac1c0044ac2c
:10d2e4000800e003808182af0800e00325100000fd
:020000040000fa
:020000041d03da
:10d2f4000800828ce8ffbd27010103241000b0afb1
:10d304001400bfaf300083a402004294320085a40d
:10d31400340086a4360082a49cb8400f2580800087
:10d32400060040041400bf8f030042382b10020093
:10d334001000b08f0800e0031800bd27020002248b
:10d34400020002a6f7ff023c1c0002ae180000ae69
:10d35400331a410ff7ff04241400bf8f2510000077
:0cd364001000b08f0800e0031800bd2787
:020000040000fa
:020000041d03da
:10d37000e0ffbd271c00bfaf2cee400f00000000f7
:10d380000c0040101c00bf8f140043940f00601469
:10d39000140044242400439408006014240044240e
:10d3a000a8000624252800000116410f2520400072
:10d3b0001c00bf8f0800e0032000bd276d6e400fea
:10d3c0001000a2aff6ff00101000a28f6d6e400f8c
:10d3d0001000a2af1000a28f24004394f1ff601050
:0cd3e000a8000624f5ff001024004424df
:020000040000fa
:020000041d03da
:10d3ec00e0ffbd271800b1af1400b0af1c00bfaff9
:10d3fc0025808000091c410f2588a00007004010e3
:10d40c00251800001c00bf8f251060001800b18f7c
:10d41c001400b08f0800e0032000bd270600201286
:10d42c0000000000481b410f25200002881c410f02
:10d43c0025200002000022ae3c1b410f25200002db
:10d44c001c00bf8f01000324251060001800b18f51
:0cd45c001400b08f0800e0032000bd2782
:020000040000fa
:020000041d03da
:10d46800021204004700432c03006014ff008430bc
:10d47800e0ff4224ff0042304700832c0300601481
:10d488003a00432ce0ff8424ff00843011006054ec
:10d49800d0ff4224c9ff4224ff0042303a00832cc7
:10d4a80007006054d0ff8424c9ff8424ff0084301f
:10d4b80000110200251044000800e003ff0042307c
:10d4c800ff00843000110200251044000800e0032a
:0cd4d800ff004230f1ff0010ff00423066
:020000040000fa
:020000041d03da
:10d4e400e0ffbd271400b0af0d0090901c00bfaf4b
:10d4f400070000161800b1af1c00bf8f25100002f2
:10d504001800b18f1400b08f0800e0032000bd277d
:10d514000e1d410f258880000c0023920a00601420
:10d52400ffff6324101d410f252040001c00bf8f06
:10d5340025800000251000021800b18f1400b08f60
:10d544000800e0032000bd270c0023a2101d410f9a
:0cd5540025204000e9ff00101c00bf8fe4
:020000040000fa
:020000041d03da
:10d560000800828ce0ffbd271800b2af1000b0affa
:10d570001400928c25808000020044941c00bfaff0
:10d58000950a410f1400b1af25204000fd12410f54
:10d59000258840001000038e030050242b187000d3
:10d5a0000c0060142528200203000224000042a27f
:10d5b0001516410f01004426251000021c00bf8fe4
:10d5c0001800b28f1400b18f1000b08f0800e00374
:0cd5d0002000bd27f9ff0010ffff02241f
:020000040000fa
:020000041d03da
:10d5dc000500a010240085ac480082940004423061
:10d5ec00090040503f0082900e00c0100000000067
:10d5fc003c008590010003240c00a31025100000b2
:10d60c000800e0030000000002004230f6ff401466
:10d61c00000000004000828cc418027cf4ffc0148f
:10d62c00400082ac0800e00325100000400083900d
:10d63c000000c58c010002241f00633060006334bd
:0cd64c00180085ac0800e003400083a03b
:020000040000fa
:020000041d03da
:10d658001c00a010000000000000a88c1900001198
:10d66800000000000180023ce4d146941500c0107f
:10d678005081828f05000010251800000600825096
:10d68800420045940f0066106c004224fbff801492
:10d6980001006324420045944000a530f9ffa01022
:10d6a800000000000400458c0800478c262805016e
:10d6b8002428a700f3ffa014000000000800e003de
:0cd6c800000000000800e0032510000036
:020000040000fa
:020000041d03da
:10d6d400090080100180023c4c81828f060040507a
:10d6e4000180023c420043944000633012006054c5
:10d6f400620043900180023ce4d145940c00a010e8
:10d704005081828f25200000420043944000633002
:10d71400050060100100842462004390010063301e
:10d724000800601400000000f7ff85146c00422418
:10d734000800e0032510000001006330eeff605094
:0cd744000180023c0800e003000000002f
:020000040000fa
:020000041d03da
:10d7500055736167653a2073736920696e666f0d52
:10d760000a000000696e666f0000000053534920f4
:10d770007661726961626c6520736c6f7473202dc1
:10d78000206163746976653a2025642c20746f7477
:10d79000616c3a2025640d0a0000000053534920b3
:10d7a0007661726961626c65202564206e616d65c9
:10d7b0003a2025732c2076616c75653a2025732cf0
:0cd7c00020747970653a2025640d0a0081
:020000040000fa
:020000041d03da
:10d7cc005365742042494f53204e616d65204f4b79
:10d7dc000d0a00005365742042494f53204e616d71
:10d7ec0065206661696c65640d0a0000557361679c
:10d7fc00653a2073657462696f73203c696e746559
:10d80c0072666163653e203c782e782e782e783ec9
:10d81c00200d0a0045783a2073657462696f732095
:10d82c005049433332494e54204d434850424f41a6
:0cd83c0052445f3239200d0a0000000049
:020000040000fa
:020000041d03da
:10d84800e8ffbd271400bfaf1000b0af160080106e
:10d85800608180af0400828c3800052409f84000fc
:10d86800258080000a004010252000020c00038e4d
:10d8780009f86000252840001400bf8f608190af30
:10d88800010002241000b08f0800e0031800bd2733
:10d898006081828f1400bf8f1000b08f2b100200a0
:10d8a8000800e0031800bd271400bf8f25100000f2
:0cd8b8001000b08f0800e0031800bd272e
:020000040000fa
:020000041d03da
:10d8c400b481838f2a1883001800601000000000c0
:10d8d4001800a010000000004010040021104400b3
:10d8e4008010020023104400c081848f4011020084
:10d8f40021108200400048944e0047944200469410
:10d904003c00448c52004394540042940000a8a468
:10d914000a00a7a40800a2a40200a6a40400a4a4c8
:10d924000600a3a40800e003010002240800e003a9
:0cd93400251000000800e00301000224a0
:020000040000fa
:020000041d03da
:10d9400086bf033c00300724300167ac0038072451
:10d95000140167ac2df80734040167ac08000624f5
:10d960000c000724300366ac140367acf0000724f6
:10d97000040467acc0010724040667ac80bf023c06
:10d9800002000324681443ac05000324e01446acf1
:10d9900001000524e41443ac0f0004240600032412
:10d9a000a81445ac541645ac541544ac481544acc9
:0cd9b000a01643ac0800e00300000000db
:020000040000fa
:020000041d03da
:10d9bc00f0ffbd270c00bfaf00606541c000000048
:10d9cc0080bf023c00e0847c0000a5af0040032433
:10d9dc00200644ac0f000424040643ac040644acfb
:10d9ec0004000424080644ac080643ac99aa033c82
:10d9fc0055666324100640ac100643ac6655033cd8
:10da0c00aa996334100643ac00800334080643ac77
:10da1c000000a28f00608240c00000000c00bf8f8d
:0cda2c00010002240800e0031000bd27e8
:020000040000fa
:020000041d03da
:10da38000180053cc8cfa5243400a28c0a00401000
:10da48000000000008008010000000000c00438c5b
:10da58002b18640008006014000000000c00438cc0
:10da6800232064000c0044ac1400a28c1000a2ac6b
:10da78000800e003000000000c00438c0c0040ace0
:10da88001c00428cf8ff401023208300f6ff801012
:10da9800000000000c00438c2b186400f6ff601493
:0cdaa80000000000edff00100000000076
:020000040000fa
:020000041d03da
:10dab4000180033c8cc962248cc96f9001004e9094
:10dac40002004d9003004c9004004b9005004a90d6
:10dad40006004990070048900800479009004690c6
:10dae4000a0045900b004490220043900180023cc0
:10daf400a4a6422420034fa422034ea424034da42d
:10db040026034ca428034ba42a034aa42c0349a4a7
:10db14002e0348a4300347a4320346a4340345a487
:0cdb2400360344a40800e003380343a4c7
:020000040000fa
:020000041d03da
:10db30000800e003000000002518e003009d043cfd
:10db4000786f842416008010000000000000858c8f
:10db50001300a010040084240000868c0400842498
:10db600000008b8404008424049d0c3cfc6a8c25fa
:10db700080580b0021606c0100008c8d09f8800139
:10db8000000000002520400003008424fcff062440
:10db90002420c4000000858cecffa01400000000cd
:0cdba00025f860000800e0030000000011
:020000040000fa
:020000041d03da
:10dbac001c00c010ffffc8240000a3800100a724a4
:10dbbc00010082240e006010000083a02130a6001a
:10dbcc00060000102128a8000100e724ffffe480d4
:10dbdc0009008010ffff64a0251060002340a700ff
:10dbec00f9ffc714010043240800e0030000000003
:10dbfc002518400025108000fbff00112120680033
:10dc0c0001006324feff8314ffff60a00800e00303
:0cdc1c000a1082000800e00325108000c0
:020000040000fa
:020000041d03da
:10dc280020000524000082800d004510f7ff4324e2
:10dc38000500632c0a0060142b0003240a0043101b
:10dc48002d000324030043142528000001000524a7
:10dc58000100842425100000070000100a00072492
:10dc6800f0ff001001008424f9ff001025280000af
:10dc7800010084242310430000008380d0ff632424
:10dc88000a00662cfaffc054021047700100a05029
:0cdc9800231002000800e0030000000060
:020000040000fa
:020000041d03da
:10dca40020000524000082800d004510f7ff432466
:10dcb4000500632c0a0060142b0003240a0043109f
:10dcc4002d0003240300431425280000010005242b
:10dcd4000100842425100000070000100a00072416
:10dce400f0ff001001008424f9ff00102528000033
:10dcf400010084242310430000008380d0ff6324a8
:10dd04000a00662cfaffc054021047700100a050ac
:0cdd1400231002000800e00300000000e3
:020000040000fa
:020000041d03da
:10dd2000040089240300882425100000000083904b
:10dd3000d0ff4724d0ff6524bfff66240a00a52c2e
:10dd40000f00a0140600c62c9fff6524c9ff4724be
:10dd50000600a52c0a00c014a9ff42240c00a01044
:10dd6000000000000400041121106200010084245e
:10dd7000eeff2415001102000800e003000000007f
:10dd8000faff0415211067000800e00300000000fe
:08dd90000800e003251000006b
:020000040000fa
:020000041d03da
:10dd98000080023c902c422408004414000000003b
:10dda8000200e010200003240000e3ac0300a010f0
:10ddb8002000c62c0300c0502c004b8c0800e00348
:10ddc8002510000030004a8c3400498c3800488cfb
:10ddd8003c00478c4000468c4400448c4800438cef
:10dde800200002240000abac0400aaac0800a9acd7
:10ddf8000c00a8ac1000a7ac1400a6ac1800a4ac8a
:08de08000800e0031c00a3acbc
:020000040000fa
:020000041d03da
:10de10000800828ce8ffbd27010303241000b0af87
:10de20001400bfaf300083a402004294320085a4e6
:10de3000258080009cb8400f360082a40600400474
:10de40001400bf8f030042382b1002001000b08f67
:10de50000800e0031800bd2702000224020002a609
:10de6000f7ff023c1c0002ae180000ae331a410f4f
:10de7000f7ff04241400bf8f251000001000b08f9e
:08de80000800e0031800bd27b3
:020000040000fa
:020000041d03da
:10de8800e0ffbd271000b0af0800908c1800b2afbb
:10de98001400b1af2c0002260b80500025888000aa
:10dea8001400928c1c00bfaffd12410f2520000208
:10deb8001000238e030051242b1871000c006014ed
:10dec8002528000204000224000042a21516410f72
:10ded80001004426251020021c00bf8f1800b28fb5
:10dee8001400b18f1000b08f0800e0032000bd2798
:08def800f9ff0010ffff0224f6
:020000040000fa
:020000041d03da
:10df00000400848ce8ffbd271400bfaf2400858c7b
:10df10000900a0100180033c38cf63241400628cf8
:10df20000800a58c3400638c231045002b1043009f
:10df3000090040100000000005d5400f14008424a3
:10df40001400bf8ffcff43240a1802002510600054
:10df50000800e0031800bd2705d5400f24008424e5
:10df60001400bf8ffcff43240a1802002510600034
:08df70000800e0031800bd27c2
:020000040000fa
:020000041d03da
:10df7800740087940010e7300500e0104800838c97
:10df880003006010010002240800e0030000000004
:10df9800e8ffbd271000b0af44008624258080002c
:10dfa800400085242b3807001400bfaff2da400f79
:10dfb800252060000a004010480002ae7400039655
:10dfc80001000424010002240463837c740003a676
:10dfd8001400bf8f1000b08f0800e0031800bd27a1
:08dfe800fbff001025100000f2
:020000040000fa
:020000041d03da
:10dff000e8ffbd271000b0af2580800000008494aa
:10e000001400bfafb377400f000000000200049679
:10e01000b377400f000002a60400048eb077400fd3
:10e02000020002a60800048eb077400f040002ae82
:10e030000e000496b377400f080002ae100004965d
:10e04000b377400f0e0002a612000496b377400f7c
:10e05000100002a61400bf8f120002a61000b08f9d
:08e060000800e0031800bd27d1
:020000040000fa
:020000041d03da
:10e06800040002241600c210020002241200c2108a
:10e0780000000000030002240f00a21000000000ae
:10e08800420082942400888c2800878c1800868c93
:10e098001c00858c2000838cf8ff42300463027cce
:10e0a800100088ac140087ac040086ac080085ac6e
:10e0b8000c0083ac420082a40800e00300000000ca
:10e0c80001000224efffa214420082940400a27c03
:08e0d8000800e003420082a4ed
:020000040000fa
:020000041d03da
:10e0e0001000a88c2000a78ce0ffbd270c00039532
:10e0f0001400b0af0800e73425808000f2ff6324ed
:10e100000180043c1800b1af1c00bfaf2588c000df
:10e110002000a7ac00cd84240c0003a5750d410f91
:10e120002800b0ac050020161c00bf8f1800b18f6e
:10e130001400b08f0800e0032000bd272520000256
:10e140001800b18f1400b08f0100062410000524c0
:08e150004fb1400b2000bd2778
:020000040000fa
:020000041d03da
:10e1580099aa033c80bf023c55666324300040ac5a
:10e16800300043ac6655033caa996334300043ac95
:10e1780001100324400043ac03000324500043acc7
:10e18800ff01033cff016324600043acff0103244b
:10e19800700043ac1f00033c3e3d6324800043ac49
:10e1a8008300033c01006324900043ac5000033c0f
:10e1b800a00043ac3333033c33336324300043ac17
:08e1c8000800e0030000000064
:020000040000fa
:020000041d03da
:10e1d00080bf023c2006438cf0ffbd270c00bfaf80
:10e1e00000606541c000000000e0637c0000a5af56
:10e1f00000400424200643ac0f000324040644ac72
:10e20000040643ac99aa033c55666324080640ac57
:10e21000080644ac100640ac100643ac6655033cff
:10e22000aa996334100643ac00800334080643ac5b
:10e230000000a28f00608240c00000000c00bf8f71
:08e240000800e0031000bd27f7
:020000040000fa
:020000041d03da
:10e248001c00868c1800828c2330c2000300c01486
:10e25800049d053c0800e00300000000d0ffbd2736
:10e268002800b2af0000928c2400b1af2000b0affc
:10e278000400918c25808000d873a5242c00bfafa2
:10e288003d16410f1000a4270000428e1000a5275c
:10e2980009f84000252020021c00028e2c00bf8fa8
:10e2a8002800b28f180002ae2400b18f2000b08f72
:08e2b8000800e0033000bd275f
:020000040000fa
:020000041d03da
:10e2c0001b0080140180033ce0ffbd271400b0afa9
:10e2d0004cd470241800b1af08001192010007243b
:10e2e0001c00bfaf06002712ffff02241c00bf8fd7
:10e2f0001800b18f1400b08f0800e0032000bd2784
:10e300004cd4628c2520a0002528c0000000428c3f
:10e3100009f84000080000a21c00bf8f080011a2ed
:10e320001800b18f1400b08f0800e0032000bd2753
:08e330000800e003ffff0224d6
:020000040000fa
:020000041d03da
:10e338001b0080140180033ce0ffbd271400b0af30
:10e348004cd470241800b1af0800119201000724c2
:10e358001c00bfaf06002712ffff02241c00bf8f5e
:10e368001800b18f1400b08f0800e0032000bd270b
:10e378004cd4628c2520a0002528c0000c00428cbb
:10e3880009f84000080000a21c00bf8f080011a275
:10e398001800b18f1400b08f0800e0032000bd27db
:08e3a8000800e003ffff02245e
:020000040000fa
:020000041d03da
:10e3b000e0ffbd271800b1af0180113c1400b0afe1
:10e3c00058d4228e0180103c402004003cd31026fb
:10e3d0002180900000000486010045901c00bfaf22
:10e3e000bf16410f0000000058d4228e00000486a2
:10e3f000bf16410f0000459058d4228e00000486bd
:10e40000bf16410f0300459058d4228e00000486a9
:10e410001c00bf8f1800b18f1400b08f0200459010
:08e42000bf16410b2000bd27cf
:020000040000fa
:020000041d03da
:10e42800506f77657220737570706c793a25752c0a
:10e43800206465746563742121210000506f77653d
:10e448007220737570706c793a25752c2054696d3b
:10e45800656f757421212100506f7765722073757f
:10e4680070706c793a25752c2073656e642073651d
:10e478007420706f77657200506f776572207375be
:10e4880070706c793a25752c2073656e64207365fd
:08e49800742056202d204900dc
:020000040000fa
:020000041d03da
:10e4a00032322d31312d3230323400004856505343
:10e4b000432d3230302d34434800000032303034a8
:10e4c000303032383300000048565053436f6e747a
:10e4d000726f6c6c657200003139322e3136382e15
:10e4e000302e3130000000003235352e3235352ed9
:10e4f0003235352e300000003139322e3136382e8b
:10e50000302e310061646d696e0000004856505332
:08e510004374726c2d303100e0
:020000040000fa
:020000041d03da
:10e518007b22636f6e74726f6c56616c223a5b007b
:10e528007b227077724f6e223a25752c000000000e
:10e5380022707341766169223a25752c000000002b
:10e548002276736574223a25752c0000226973655a
:10e5580074223a25752c000022766d696e223a25c0
:10e56800752c000022766d6178223a25752c000002
:10e5780022696d696e223a25752c000022696d6149
:08e5880078223a25750000001d
:020000040000fa
:020000041d03da
:10e59000e8ffbd271000b0af1400bfaf5d00410f12
:10e5a00025808000130040100900052434000696e1
:10e5b00022000396fffdc230002064300002c63402
:10e5c0000b10c400fffe46300010633000014234df
:10e5d0000b304300bdf4400f252000020600401020
:10e5e0001400bf8f040002241a0002a608000224af
:10e5f0001c0002a61400bf8f1000b08f0800e003bb
:04e600001800bd271a
:020000040000fa
:020000041d03da
:10e6040000a0023c0234050080284324e8ffbd2713
:10e61400a028057c0b000724802844a0010066a0e4
:10e624001400bfaf020065a404008714040006248c
:10e63400ffff0224040062a0050006240180023cbe
:10e64400f0ce42240180053c28cfa524252040009b
:10e654003c0043ac400046ac380040ac7cfc400f6e
:10e66400440040ac1400bf8f010002240800e00302
:04e674001800bd27a6
:020000040000fa
:020000041d03da
:10e67800e8ffbd271000b0af1400bfaf3c00839087
:10e688000100022406006210258080001400bf8f5c
:10e698000c0000ae1000b08f0800e0031800bd2782
:10e6a8000c00848cfaff80101400bf8f2000828c2d
:10e6b80008004230f7ff40540c0000ae04f1400f50
:10e6c800000000003e0002920c0000aeffff422452
:10e6d8003e0002a21400bf8f1000b08f0800e003b4
:04e6e8001800bd2732
:020000040000fa
:020000041d03da
:10e6ec000400a28c0600422c18004014000000000c
:10e6fc000000a58c0100a2900400432c13006014b0
:10e70c000000000050008390040063300300601090
:10e71c000200a6240800e003020042240300c38880
:10e72c00300082240000c398330083a8000043b853
:10e73c0051008290010003244408627c510082a0a5
:10e74c000100a2900800e003020042240800e0034c
:04e75c00ffff022495
:020000040000fa
:020000041d03da
:10e760001a008010000000004200839440006330d3
:10e7700003006014251000000800e0030000000002
:10e78000e8ffbd271000b0af1c81908f0b00001276
:10e790001400bfafa819410f00000000801802004c
:10e7a00021186200801803002118620080180300fd
:10e7b0002118030250006290010042301400bf8f04
:10e7c0001000b08f0800e0031800bd270800e00328
:04e7d0002510000010
:020000040000fa
:020000041d03da
:10e7d4001a0080140180033ce0ffbd271400b0af91
:10e7e4004cd470241800b1af080011920100042425
:10e7f4001c00bfaf06002412ffff02241c00bf8fc1
:10e804001800b18f1400b08f0800e0032000bd276a
:10e814004cd4628c080000a20400428c09f8400029
:10e82400000000001c00bf8f080011a21800b18f67
:10e834001400b08f0800e0032000bd270800e003a7
:04e84400ffff0224ac
:020000040000fa
:020000041d03da
:10e848001a0080140180033ce0ffbd271400b0af1c
:10e858004cd470241800b1af0800119201000424b0
:10e868001c00bfaf06002412ffff02241c00bf8f4c
:10e878001800b18f1400b08f0800e0032000bd27f6
:10e888004cd4628c080000a20800428c09f84000b1
:10e89800000000001c00bf8f080011a21800b18ff3
:10e8a8001400b08f0800e0032000bd270800e00333
:04e8b800ffff022438
:020000040000fa
:020000041d03da
:10e8bc001a0080140180033ce0ffbd271400b0afa8
:10e8cc004cd470241800b1af08001192010004243c
:10e8dc001c00bfaf06002412ffff02241c00bf8fd8
:10e8ec001800b18f1400b08f0800e0032000bd2782
:10e8fc004cd4628c080000a21400428c09f8400031
:10e90c00000000001c00bf8f080011a21800b18f7e
:10e91c001400b08f0800e0032000bd270800e003be
:04e92c00ffff0224c3
:020000040000fa
:020000041d03da
:10e930001a0080140180033ce0ffbd271400b0af33
:10e940004cd470241800b1af0800119201000424c7
:10e950001c00bfaf06002412ffff02241c00bf8f63
:10e960001800b18f1400b08f0800e0032000bd270d
:10e970004cd4628c080000a21000428c09f84000c0
:10e98000000000001c00bf8f080011a21800b18f0a
:10e990001400b08f0800e0032000bd270800e0034a
:04e9a000ffff02244f
:020000040000fa
:020000041d03da
:10e9a400ffff82300b00422c18004010ffff85301f
:10e9b40000a0023c00290500101f4224211045003c
:10e9c4000c00458c0f0085142510000000a0023cab
:10e9d4007c0a428c0a00821000a0023ce8ffbd279a
:10e9e4001400bfaf9eed400f000000001400bf8f65
:10e9f40000a0023c3828428c0800e0031800bd2720
:10ea04003828428c0800e003000000000800e003fe
:04ea140025100000c9
:020000040000fa
:020000041d03da
:10ea18002f6d6e742f6d7957656200002f646576cf
:10ea28002f6d7464613100004554484d4143000026
:10ea38004d434850424f4152445f45003139322ed0
:10ea48003136382e302e3130000000003235352e68
:10ea58003235352e3235352e300000003139322e20
:10ea68003136382e302e3100302e302e302e3000f8
:10ea780066756c6c000000002f6d6e742f6d7957f1
:04ea880065622f0094
:020000040000fa
:020000041d03da
:10ea8c000080023ce42e43940d006010e42e4224de
:10ea9c00a40f4394090060500080023c481f43942b
:10eaac00100060500080023cec2e43940800601073
:10eabc00251000000800e00300000000883e4224fe
:10eacc0001000324000043a40800e0030000000040
:10eadc000080023cd05d4224010003240800e003c6
:10eaec00000043a42c4e4224010003240800e00340
:04eafc00000043a42f
:020000040000fa
:020000041d03da
:10eb00004400828ce8ffbd271000b0af4000428c6b
:10eb1000258080001800848c1400bfaf25380000c9
:10eb20008400062609f8400025280000060040045d
:10eb30001400bf8f01000224900002ae1000b08fbd
:10eb40000800e0031800bd27200002920429027c7f
:10eb5000e3fe400f200002a21400bf8f7c0002ae33
:10eb6000900000ae1000b08f0800e0031800bd2731
:020000040000fa
:020000041d03da
:10eb70000010a230080040140002a5300200022458
:10eb8000020082a4fbff023c180080ac1c0082ac97
:10eb9000331a410bfbff04240900a01402000224d5
:10eba0002000c630020082a40b00c014180080ac04
:10ebb000f8ff023c1c0082ac331a410bf8ff04241e
:10ebc000020082a4f9ff023c180080ac1c0082ac59
:10ebd000331a410bf9ff04240800e0031c0080ac49
:020000040000fa
:020000041d03da
:10ebe000e0ffbd271400b0af1c00bfaf1800b1afed
:10ebf0001100800425800000b080838f2a108300dc
:10ec00000e0040101c00bf8f801b410f0000000051
:10ec100009004010258840003000428c010040541b
:10ec200036003096840d410f4c00242625284000e4
:10ec3000f4dc400f252020021c00bf8f25100002ad
:10ec40001800b18f1400b08f0800e0032000bd272a
:020000040000fa
:020000041d03da
:10ec5000c880838f2b1883000900601025100000e6
:10ec6000d880838f802004000a20647c06008010f6
:10ec700000000000770083900500655076008790c3
:10ec80000800e003000000000800e00300000000ae
:10ec9000fdffe5240300a52cf9ffa01408000524be
:10eca000f7ffe51001000524f7ff651400000000e0
:10ecb0000000c38c010002240800e003400083ac84
:020000040000fa
:020000041d03da
:10ecc0000400a28c0600422c170040140000000033
:10ecd0000000a38c04000224010065901200a2141d
:10ece00000000000500085900400a5300300a01033
:10ecf000060002240800e003000000000200632474
:10ed0000030066883400852400006698370086a8d2
:10ed10000000a6b851008390010005248410a37c54
:10ed20000800e003510083a00800e003ffff022475
:020000040000fa
:020000041d03da
:10ed3000510082800400400403000224400082a4a9
:10ed40000800e003090002240c00828ce8ffbd27c4
:10ed50001000b0af1400bfaf000040a025808000bd
:10ed600021bf400f1800848c400004960a00032441
:10ed7000090083100c0002ae50000292500000a265
:10ed80000100422c070042241400bf8f1000b08ff6
:10ed90000800e0031800bd27fbff00100900022453
:020000040000fa
:020000041d03da
:10eda000e0ffbd271400b0af2580a0002538c000cb
:10edb0003d0005241800b1af1c00bfaf8b8a400f87
:10edc0002530000204000012258840000000029255
:10edd00007004014000000001c00bf8f2510200217
:10ede0001400b08f1800b18f0800e0032000bd2789
:10edf00021bf400f252000021c00bf8f25102002dc
:10ee00001400b08f1800b18f0800e0032000bd2768
:020000040000fa
:020000041d03da
:10ee1000e0ffbd271400b0af0180103c1c00bfaf65
:10ee20001800b1af0e1d410fc8cf10262588400035
:10ee30000400028e1800428c09f840000000000017
:10ee40001000038e2800068e2c00078e2318430026
:10ee500025202002218866002b182302101d410f57
:10ee6000218067001c00bf8f25102002251800029a
:10ee70001800b18f1400b08f0800e0032000bd27f8
:020000040000fa
:020000041d03da
:10ee8000e8ffbd271400bfaf0e0080102518a000ba
:10ee900002000224090082141400bf8f049d053c67
:10eea0000a0006248071a524f00f410f2520600080
:10eeb00001004050408280a31400bf8f0800e0038f
:10eec0001800bd27049d053c0a0006248071a52476
:10eed000f00f410f25206000f8ff40141400bf8f91
:10eee00001000224408282a30800e0031800bd272d
:020000040000fa
:020000041d03da
:10eef00060828293e8ffbd271000b0af1400bfaf5f
:10ef00000b0040142580a000049d053c2520000234
:10ef100025300000dd01410f9874a5241400bf8f37
:10ef2000251000001000b08f0800e0031800bd2776
:10ef3000049d053c253000009c74a524dd01410f93
:10ef40002520000260828293efff40101400bf8fe3
:10ef5000251000001000b08f0800e0031800bd2746
:020000040000fa
:020000041d03da
:10ef6000e0ffbd271000b0af258080002520a00065
:10ef70001800b2af1400b1af1c00bfafd0e0400f1b
:10ef80002590a0000b0040102588400009000012c9
:10ef900025280002fcff028e252020022b30420291
:10efa0000a9046007f14410f25304002f4fb400fc9
:10efb000252000021c00bf8f251020021800b28ff0
:10efc0001400b18f1000b08f0800e0032000bd27af
:020000040000fa
:020000041d03da
:10efd000170080100180073c78d4e28cf0ff862473
:10efe000150040102540e000f0ff838c0000458ca8
:10eff00021488300070049141000a5241000428c0a
:10f0000021186500f0ff83ac000082ac0800e0032b
:10f0100078d4e6ac213845000300c71421186500f8
:10f020000800e003000043ac000082ac78d406add9
:10f030000800e00300000000fcff0010000080acae
:020000040000fa
:020000041d03da
:10f04000e0ffbd271800b1af258880001400b0afe5
:10f050002520a0002580a0001c00bfaf4110410f5b
:10f06000252820020a0040506400198e2800058ed1
:10f07000240004866c00038e241045000a20447c82
:10f080001000828c09f86000000040ac6400198e0a
:10f090005c00048e252820021c00bf8f1800b18f51
:0cf0a0001400b08f080020032000bd27e2
:020000040000fa
:020000041d03da
:10f0ac00180080100180033c0800858c84ce6324fa
:10f0bc001000a314f5ff0224020083840200022432
:10f0cc000e006214000000000a00c050f7ff02247a
:10f0dc0001000224020082a404000224180082ac65
:10f0ec000100023c1c0082ac280086ac0800e00346
:10f0fc00010002240800e003000000000800e00307
:0cf10c00f6ff02240800e003f5ff0224d7
:020000040000fa
:020000041d03da
:10f11800180080100180033c0800858c84ce63248d
:10f128001000a314f5ff02240200828402000324c5
:10f138000e004314000000000900c0100100032461
:10f14800180082ac0100023c1c0082ac280086ac8e
:10f15800200087a4020083a40800e0030100022421
:10f16800f7ff02240800e003000000000800e003a5
:0cf17800f6ff02240800e003f5ff02246b
:020000040000fa
:020000041d03da
:10f18400e0ffbd271400b0af2580a00001000524d6
:10f194001c00bfaf5af0400f1800b1af0d00405033
:10f1a400ffff10240800438c03007014fdff10249b
:10f1b400080040ac258000000e1d410f0400518c56
:10f1c400252040000000229201004224101d410f1e
:10f1d400000022a21c00bf8f251000021800b18f6e
:0cf1e4001400b08f0800e0032000bd27dd
:020000040000fa
:020000041d03da
:10f1f000e0ffbd271800b1af258880002800848c6f
:10f200001400b0af2580a0000f008230010005245b
:10f21000042845001c00bfafeb18410f0221040079
:10f220003400228e0c00078e0000068e0800058e2a
:10f230000400048e0000428c080020ae09f8400053
:10f24000000000001c00bf8f010002241800b18fd5
:0cf250001400b08f0800e0032000bd2770
:020000040000fa
:020000041d03da
:10f25c00e8ffbd271000b0af1400bfaf9ef9400f00
:10f26c00258080004000028e25200002448c027c08
:10f27c00350b410f400002ae2c00048e03008010b1
:10f28c00090006247d01410fefff052412000286c0
:10f29c00ac80848f2528000280180200b480828ff5
:10f2ac000c00998c1400bf8f1000b08f21104300fc
:0cf2bc00000040ac080020031800bd2733
:020000040000fa
:020000041d03da
:10f2c8001600c0100000000014008004b080888f71
:10f2d800e8ffbd271400bfaf2a1888000c00601093
:10f2e80025100000801b410f00000000090040109d
:10f2f8001400bf8f5800438c0a006054251000008a
:10f30800580046ac5c0047ac600045a42510c0001e
:10f318001400bf8f0800e0031800bd270800e003b1
:0cf32800251000000800e0031800bd27bd
:020000040000fa
:020000041d03da
:10f334001800a010000000000180023c40cf428c65
:10f344001200401025408000d8ffbd270180043cf6
:10f354002548c0002518a0001000a6271000072487
:10f364002528400058cf84242400bfaf1000a0af4c
:10f374001400a3af1800a9af5df4400f1c00a8afa0
:10f384002400bf8f0800e0032800bd270800e00325
:0cf39400000000000800e003251000004d
:020000040000fa
:020000041d03da
:10f3a00040008394420087946000869462008594b4
:10f3b000211867002118660026186500b880858f1f
:10f3c000e8ffbd27720083a482280500500085aca9
:10f3d000780080a0010006241400bfafa725400fcd
:10f3e00002000524040040101400bf8f04004018e0
:10f3f000010002241400bf8f0800e0031800bd279d
:0cf40000ffff02240800e0031800bd27f5
:020000040000fa
:020000041d03da
:10f40c000d00800400000000c880828f2b10820049
:10f41c000900401080200400d880828f0a20447c90
:10f42c00050080100000000077008390010002248a
:10f43c00030062504c00828c0800e0032510000091
:10f44c00fdff4010000000000800838c1000828c2f
:10f45c00f9ff62100000000064008294f6ff401077
:0cf46c0000000000ad16410b0000000085
:020000040000fa
:020000041d03da
:10f478001600800425100000c880838f2b18830095
:10f4880012006010d880838f802004000a20647cda
:10f498000e008010000000001c00838c2000858c6a
:10f4a8002b1065000b004050231065001800828c5b
:10f4b8001400848c23104500231864002110430095
:10f4c800010042240800e003ffff42300800e00387
:0cf4d800000000000800e003ffff4230cd
:020000040000fa
:020000041d03da
:10f4e4001800838c03000224140062100000000042
:10f4f400e080828fe8ffbd27070040101400bfaff3
:10f5040001004224e08082af010002241400bf8f76
:10f514000800e0031800bd27039d053c25300000ca
:10f5240080a5a524c9fe400f060004240500401050
:10f53400dc8082aff2ff0010e080828f0800e003dd
:0cf5440001000224f1ff0010251000005f
:020000040000fa
:020000041d03da
:10f5500018008010000000002400838ce8ffbd2705
:10f560001000b0af1400bfaf0e0060102580800007
:10f570003000838c0b006014240006240116410f18
:10f58000252800004400028e09f840004000048e47
:10f59000251000001400bf8f1000b08f0800e0039a
:10f5a0001800bd27f9ff0324380003aef9ff00104f
:0cf5b000f9ff02240800e003f7ff02242a
:020000040000fa
:020000041d03da
:10f5bc0002000000e065019dc8b9039d0300000036
:10f5cc00fc1c029ddca6029d06000000e4f4039dd9
:10f5dc003820049d090000005c68029d0012009d0b
:10f5ec000a0000000c1b029d78cb029d0c00000051
:10f5fc0064dc019dbcfa039d0e000000ec3f029df3
:10f60c003cb9039d1800000074f1009d1407049d83
:0cf61c00200000009c63039d5c55049dd1
:020000040000fa
:020000041d03da
:10f62800e0ffbd271400b0af280003244004f07c9d
:10f63800140002241800b1af0b1070002588a00038
:10f648002128a600212845002530e000ffffa5302d
:10f658001c00bfaf42cb400f258040000700401080
:10f668001c00bf8f060020121800b18f1800438cb1
:10f67800218070001c0050ac1c00bf8f1800b18f97
:0cf688001400b08f0800e0032000bd2734
:020000040000fa
:020000041d03da
:10f694005c008294e0ffbd271800b1af2588a0006c
:10f6a400c22802000200a5301400b0af1c00bfaf96
:10f6b40086c7400f258080008081878f0800e01076
:10f6c4001c00bf8f1800e28c05004010253000009c
:10f6d4005e00059209f84000252000021c00bf8f3f
:10f6e40001000224000022a21400b08f25100000a3
:0cf6f4001800b18f0800e0032000bd27c3
:020000040000fa
:020000041d03da
:10f70000e0ffbd271800b1af2588a0001400858c4c
:10f71000253800005f0086241400b0af1c00bfaf86
:10f72000b881400f258080000200032408004310a8
:10f730001c00bf8fffff0224140002ae1800b18f1f
:10f740000d0002241400b08f0800e0032000bd2744
:10f7500001000224000022a21400b08f0c00022439
:0cf760001800b18f0800e0032000bd2756
:020000040000fa
:020000041d03da
:10f76c00c081828fe0ffbd271800b1af1c00bfaf76
:10f77c001400b0af0f004010258800000d00801061
:10f78c0001001124b481828f258080000400842420
:10f79c00bfe9400f000002ae080002ae7081828ffc
:10f7ac000c0002ae6c81828f100002ae6881828fd9
:10f7bc00140002ae1c00bf8f251020021400b08f65
:0cf7cc001800b18f0800e0032000bd27ea
:020000040000fa
:020000041d03da
:10f7d80082bf023c81bf033c008005340100063c27
:10f7e80000400824040168ac0180043c040165acb5
:10f7f800040166ac001240ac20124a8c05000724b4
:10f80800840068ac04d18424840065ac2001c92438
:10f81800840066ac40000324301247ac141243ac99
:10f82800081249ac081247ac1c0080a0200080ac2c
:0cf83800081245ac0800e00300000000ce
:020000040000fa
:020000041d03da
:10f84400d8ffbd270300832c2400bfaf1000a4af52
:10f854001c00a6a31200601025100000401805002b
:10f86400211865000021030021186400801803009a
:10f8740023206500802004000080033c746d632411
:10f88400c00c8424212064002803858c32000324c6
:10f894000400a3102400bf8fb4e8400f1000a52774
:0cf8a4002400bf8f0800e0032800bd27ef
:020000040000fa
:020000041d03da
:10f8b000200003240b20a5000b180500022c0400d7
:10f8c0000400a014021205001000633425288000f3
:10f8d00002120500040040140221020008006334f3
:10f8e0002510a000022102000400805482100400b0
:10f8f00004006334252040008210040004004054ba
:10f900004210020002006334251080004210020001
:0cf91000010042380800e003251043000d
:020000040000fa
:020000041d03da
:10f91c00e0ffbd271800b1af258880001400b0af00
:10f92c002520a0002580a0001c00bfaf4110410f76
:10f93c002528200208004010401006242800058ebf
:10f94c00240004867000038e241045000a20447c99
:10f95c0009f86000feff05246400198e5c00048e1b
:10f96c00252820021c00bf8f1800b18f1400b08f07
:08f97c00080020032000bd2754
:020000040000fa
:020000041d03da
:10f9840017008010000000004800858c03008510db
:10f99400faff02240800e00300000000e0ffbd2796
:10f9a4001800b1af4c00918c1400b0af5c02062477
:10f9b400258080001c00bfaf0116410f25280000e0
:10f9c40009f82002252000021c00bf8f251000002a
:10f9d4001800b18f1400b08f0800e0032000bd2789
:08f9e4000800e003faff022411
:020000040000fa
:020000041d03da
:10f9ec003c008284e8ffbd271000b0af0c0003245c
:10f9fc0025808000cc80848f1400bfaf760003a2da
:10fa0c0080180200d880828f1400058e0c00868c22
:10fa1c002110430009f8c000000040accc80848f5a
:10fa2c000c00828c09f840000000058ecc80848f7d
:10fa3c00252800021400bf8f1000b08f0c00998c89
:08fa4c00080020031800bd278b
:020000040000fa
:020000041d03da
:10fa5400e0ffbd271800b2af259080001c00bfafa7
:10fa64001400b1af2502410f1000b0af440051960d
:10fa74002580400040801000ffff31262217410fef
:10fa8400028822721b005000f40100021080000062
:10fa940021801102e3fe400f000050ae1c00bf8f16
:10faa400040042ae1400b18f1800b28f1000b08f62
:08fab4000800e0032000bd275b
:020000040000fa
:020000041d03da
:10fabc001481828fe8ffbd271400bfaf0500401ce6
:10facc001000b0af1400bf8f1000b08f0800e0031f
:10fadc001800bd27258080001000848c01000624ae
:10faec00c7c1400f010005241800038e0200022438
:10fafc00f5ff62141400bf8f1481828fffff422424
:10fb0c00f0ff4014148182af87d8400f0000000032
:08fb1c00ecff0010048180af32
:020000040000fa
:020000041d03da
:10fb24000e00a01000000000feff82242600422cdc
:10fb34000a004010000000000180023c0021040083
:10fb4400f0c14224211044000000438c05006010e1
:10fb54000000000003006510000000000800e0033e
:10fb6400251000000500c010000045ac3881838fcb
:10fb74002b20c300201e037c0b3064000c0046a421
:08fb84000800e0030a0046a49a
:020000040000fa
:020000041d03da
:10fb8c001c82828fe8ffbd270b0040101400bfaf12
:10fb9c0084fb400f000000001c82868f253800007b
:10fbac0025204000685a400f252860001400bf8fa4
:10fbbc000800e0031800bd277911410f010004244f
:10fbcc0084fb400f1c8282af1c82868f253800007c
:10fbdc0025204000685a400f252860001400bf8f74
:08fbec000800e0031800bd272a
:020000040000fa
:020000041d03da
:10fbf400424f4f542d434f4e4649473a2053617666
:10fc040065200a0d00000000424f4f542d434f4e13
:10fc14004649473a204c6f6164200a0d00000000f9
:10fc2400424f4f542d434f4e4649473a2056616c3c
:10fc34006964617465200a0d00000000424f4f544e
:10fc44002d434f4e4649473a20436f6d706c65749f
:08fc540065200a0d000000000c
:020000040000fa
:020000041d03da
:10fc5c0025108000257000002a20c6010300805466
:10fc6c00000044900800e0030000000009008050f0
:10fc7c00252000000000a4a0010042240100ce2594
:10fc8c00f5ff00100100a5240000a0a001008424b1
:10fc9c000100a524010047902a388700faffe014e0
:10fcac0021788e0002004224ebff00102570e00149
:08fcbc00f8ff001025200000f4
:020000040000fa
:020000041d03da
:10fcc4002b1085001500401000000000e0ffbd2748
:10fcd4001800b1af1400b0af1c00bfaf2580800086
:10fce4002588a0006ff6400f25200002a01b410fbd
:10fcf40000000000fdff401400000000004010263a
:10fd04002b101102f7ff40141c00bf8f1800b18f95
:10fd14001400b08f0800e0032000bd270800e003b2
:04fd240000000000db
:020000040000fa
:020000041d03da
:10fd2800160080100180033c0800848c84ce632474
:10fd380010008314f5ff0224c1bf033cc0ff628c8e
:10fd4800c0ff638c200006240006427c4006637cca
:10fd580010000424010042240500a0100b20c30059
:10fd6800251044000000a2ac0800e00325100000a4
:10fd7800251000000800e003000000000800e00370
:04fd8800f5ff02245d
:020000040000fa
:020000041d03da
:10fd8c000800838ce8ffbd271000b0af1000628c18
:10fd9c001400bfaf010005240600473004004634b0
:10fdac000a10c70038004730200046340a10c7003c
:10fdbc00100062ac84f7400f2580800006004010d4
:10fdcc001400bf8f040002241a0002a601000224b2
:10fddc001c0002a61400bf8f1000b08f0800e003b7
:04fdec001800bd2717
:020000040000fa
:020000041d03da
:10fdf000f889039da041049d9459049d6061049d70
:10fe0000f82f049d48ac029d140a049da84c049d43
:10fe1000d44c049d280b049d6c34049dc4ff029daa
:10fe20009011049d28fd039d700a049dacf0039d74
:10fe300018f1039dcc0a049d3034049de446049dd2
:10fe4000a859039d8831039db05d049d7059049da0
:04fe5000004d049dc0
:020000040000fa
:020000041d03da
:10fe5400e8ffbd271400bfaf2548a00007da400f14
:10fe64002540c00006004010000000000c0049ac12
:10fe7400140048ac1400bf8f0800e0031800bd272d
:10fe8400001d410f000000000300422cfaff401443
:10fe94001400bf8ffe1c410f000000001400bf8f30
:10fea400049d053c2035a5242520400048f1400b45
:04feb4001800bd274e
:020000040000fa
:020000041d03da
:10feb8000180023c00a0033cf0ce4224e8ffbd27ad
:10fec80000a0063c70286324050008240180053c36
:10fed8001400bfaf8028c724010060a08028c8a0f4
:10fee800380043ac010006240200032428cfa524cf
:10fef800252040003c0047ac400046ac7cfc400f4d
:10ff0800440043ac1400bf8f010002240800e00342
:04ff18001800bd27e9
:020000040000fa
:020000041d03da
:10ff1c000180023cf0ce4224e8ffbd271400bfafa5
:10ff2c0000a0033c06000624180045ac0180053ceb
:10ff3c0080286724240044a0802866a028cfa5240c
:10ff4c000100032425204000080040ac040046ac0e
:10ff5c003c0047ac380040ac400043ac7cfc400f4c
:10ff6c00440040ac1400bf8f010002240800e003e1
:04ff7c001800bd2785
:020000040000fa
:020000041d03da
:10ff8000e0ffbd271400b0af0d0090901c00bfaf84
:10ff9000070000161800b1af1c00bf8f251000022b
:10ffa0001800b18f1400b08f0800e0032000bd27b7
:10ffb0000e1d410f258880000c0023922520400053
:10ffc00001006324101d410f0c0023a21c00bf8ff1
:10ffd000251000021800b18f1400b08f0800e00354
:04ffe0002000bd2719
:020000040000fa
:020000041d03da
:10ffe400e8ffbd271400bfaf801b410f00000000d5
:10fff40004004010251800003c00449005008510c2
:020000041d04d9
:10000400010005241400bf8f251060000800e003e0
:100014001800bd27fbff8514251800004000458cff
:100024000300a730f8ffe0141400bf8f0000c38c56
:100034000442857c400045ac140043acf1ff001041
:040044000100032490
:020000040000fa
:020000041d04d9
:100048000400a28c0900422c140040143d00032433
:100058000000a58c3c0082240000a3a00700032414
:100068000100a3a0010003240200a3a00b20440068
:10007800030086880300a324090002240000869850
:100088000600a6a8000066b804008590040065a0d4
:10009800050084900800e003050064a00800e00360
:0400a800ffff022430
:020000040000fa
:020000041d04d9
:1000ac000180023ce4d145940e00a0105081838f56
:1000bc0042006294400042300c0040144c81828f0c
:1000cc0005000010252000004200629440004230e0
:1000dc00060040144c81828f01008424faff8514a1
:1000ec006c006324251800004c81828f03004010a3
:1000fc00000000000800e003000000000800e0031e
:04010c004c8183aff0
:020000040000fa
:020000041d04d9
:100110000000a58c0001023c7f0042241300a210c5
:10012000000000000180023ce4d146940c00c010a5
:100130005081828f0400438c0a00a310000000004d
:1001400004000010251800000400448c0500a410d1
:100150000000000001006324fbff66146c004224d1
:10016000251000000800e003000000000800e00384
:0401700025108000d6
:020000040000fa
:020000041d04d9
:10017400e8ffbd271000b0af1400bfaf33d3400f6a
:1001840025808000060040041400bf8f020042381e
:100194002b1002001000b08f0800e0031800bd27e8
:1001a40002000224020002a6f7ff023c1c0002ae79
:1001b400180000ae331a410ff7ff04241400bf8f58
:1001c400251000001000b08f0800e0031800bd27c0
:020000040000fa
:020000041d04d9
:1001d400e8ffbd271000b0af1400bfaf5d00410fb2
:1001e40025808000090040101400bf8f2800038e72
:1001f400090060543400049602000224020002a69e
:10020400180000ae1c0000ae1400bf8f1000b08fa9
:100214000800e0031800bd278000827c04004534f8
:10022400100084300b10a400f3ff0010000062ac37
:020000040000fa
:020000041d04d9
:10023400e8ffbd271000b0af1400bfaf07da400fce
:1002440001001024050040101400bf8f2510000287
:100254001000b08f0800e0031800bd27001d410ff7
:10026400258000000300422cf8ff40541400bf8f87
:10027400fe1c410f00000000049d053c7042a524b3
:1002840048f1400f25204000f0ff00101400bf8ffc
:020000040000fa
:020000041d04d9
:100294000200022414008210010004242510e0004e
:1002a400e8ffbd272538c0002530a0001400bfafeb
:1002b400fc70400f25284000ffff03240700431073
:1002c400b480848f80180200010005240a18837cfe
:1002d4004000648c448ca47c400064ac1400bf8f48
:1002e4000800e0031800bd270800e003ffff022414
:020000040000fa
:020000041d04d9
:1002f40011008004b080868fe8ffbd271400bfafd3
:100304002a1086000800401025180000801b410fa9
:1003140000000000050040101400bf8f5800448cfa
:1003240008008550580040ac1400bf8f25106000b1
:100334000800e0031800bd27251800000800e003aa
:1003440025106000600040a4f7ff001001000324a2
:020000040000fa
:020000041d04d9
:100354000e008004c880838fe8ffbd271400bfaf60
:100364002b1883000600601025100000d880838fae
:10037400802004000a20647c060080140000000031
:100384001400bf8f0800e0031800bd270800e00335
:1003940025100000e7b8400f010005241400bf8faa
:1003a40027100200c21702000800e0031800bd274e
:020000040000fa
:020000041d04d9
:1003b40090ffbd276800b0af25808000108184873e
:1003c4001000a5276c00bfafb4af400f3400a0af3e
:1003d400500002923400a38f4000048e4d0042303e
:1003e40032004234280003ae090003244e0003a661
:1003f40003008010500002a267d3400f252800009c
:100404006c00bf8f6800b08f0800e0037000bd2748
:020000040000fa
:020000041d04d9
:100414001500a010000000000481828fd8ffbd27c2
:100424000e0040102400bfaf254080000180043c32
:100434002548c0002518a000100007241000a62796
:100444002528400080d384241000a0af1400a3af5b
:100454001800a9af5df4400f1c00a8af2400bf8fa3
:100464000800e0032800bd270800e0032510000071
:020000040000fa
:020000041d04d9
:100474000180033ce4d163241300641425100000bc
:100484001000a0100180033cb8d26224b8d2688c5a
:100494000400478c0800468c0c00448c1000438cec
:1004a4001400428c0000a8ac0400a7ac1400a2ac59
:1004b4000800a6ac0c00a4ac1000a3ac0800e00338
:1004c40001000224010002240800e00300000000ef
:020000040000fa
:020000041d04d9
:1004d40012008010000000000000878c0f00e01064
:1004e400000000000180023ce4d146940b00c010df
:1004f4005081828f252000004200439440006330e5
:1005040004006010010084240400438c0600e310fe
:1005140000000000f8ff86146c0042240200a010c2
:10052400251000004c81828f0800e00300000000c9
:020000040000fa
:020000041d04d9
:100534005000838c14006010000000004400828c82
:10054400e0ffbd271c00bfaf3000428c09f840001b
:10055400252060000a0041041c00bf8f049d053c57
:10056400049d043cac110624f869a524e83c8424c9
:100574004ce4400f1000a2af1000a28f1c00bf8fec
:100584000800e0032000bd270800e003f2ff022476
:020000040000fa
:020000041d04d9
:100594002510800004000324422704000300831074
:1005a400251840000800e003000000000418037c44
:1005b400233043000f00a5242128c500022905008b
:1005c4000700a01000000000002905002128a30056
:1005d400000075bc10006324fdff651400000000da
:1005e4000f0000000020033c0800e0032510430036
:020000040000fa
:020000041d04d9
:1005f4000100a0542e0085a00800998c030020134c
:100604002f0080a0080020030c00858ce8ffbd2784
:100614001400bfaf001d410f000000000200422c77
:10062400030040101400bf8f0800e0031800bd272a
:10063400fe1c410f000000001400bf8f049d053c08
:10064400305fa52425204000bbde400b1800bd27e9
:020000040000fa
:020000041d04d9
:100654008081828fe8ffbd271400bfaf09004010de
:100664001000b0af0000438c060060102580a0008d
:1006740009f8600025284000020003240600431006
:100684001400bf8f1400bf8f080002241000b08f25
:100694000800e0031800bd2701000224000002a2a4
:1006a400070002241000b08f0800e0031800bd27e3
:020000040000fa
:020000041d04d9
:1006b400e0ffbd271000a627020005241800b0aff4
:1006c4001c00bfaffe04410f2580800006004014cb
:1006d400251800001c00bf8f251060001800b08f83
:1006e4000800e0032000bd278ede400f2520000215
:1006f4001000a3971c00bf8f1800b08f231862004e
:10070400ffff6330251060000800e0032000bd27d0
:020000040000fa
:020000041d04d9
:10071400b081828fe8ffbd271400bfaf0500401ce5
:100724001000b0af1400bf8f1000b08f0800e003ba
:100734001800bd27258080007cb3400f1000848cf6
:100744001800038e02000224f7ff62141400bf8f06
:10075400b081828fffff4224f2ff4014b08182af48
:100764001400bf8f1000b08f5ab0400b1800bd2783
:020000040000fa
:020000041d04d9
:100774001500a01000000000e0ffbd271800b2af74
:100784001400b1af1000b0af2590c00025888000e0
:100794002580a0001c00bfaffd12410f2520a00042
:1007a4002538400225280002252020021c00bf8f86
:1007b4001800b28f1400b18f1000b08fffff4630c5
:1007c40032b9400b2000bd270800e00325100000cb
:020000040000fa
:020000041d04d9
:1007d400f8ffbd270400bfaf006802400008033cd7
:1007e4002510430000688240c000000081bf033c24
:1007f40001000424c40064ac2510000000488240b9
:10080400c0000000ffff022400588240c000000026
:1008140000680240c4de027c00688240c000000020
:100824000400bf8fc80064ac0800e0030800bd27c3
:020000040000fa
:020000041d04d9
:100834001800828c1c00838c2b1043001200401083
:10084400000000000000828ce8ffbd271000b0af5c
:100854000000428c258080000000a58c0400848c5c
:100864001400bfaf09f84000000000001800028e19
:100874001400bf8f01004224180002ae1000b08f94
:100884000800e0031800bd270800e0030000000092
:020000040000fa
:020000041d04d9
:100894001c82828fe8ffbd270a0040101400bfaffe
:1008a400541c410f000000001c82838f1400bf8f72
:1008b4001800bd271b004300f40160000800e0039a
:1008c400121000007911410f01000424541c410f3f
:1008d4001c8282af1c82838f1400bf8f1800bd2737
:1008e4001b004300f40160000800e0031210000044
:020000040000fa
:020000041d04d9
:1008f400e8ffbd271000b0af0180103c1400bfaf6b
:10090400462d400f24d21026081d410f0000000080
:10091400c082400f0400048ee24a400f0000000031
:10092400049d023c9427428c09f840001000048e78
:100934003c28400f0c00048eb9ae400f1c00048efe
:100944001400bf8f1000b08fb969400b1800bd2789
:020000040000fa
:020000041d04d9
:10095800ffffffffffffef7f000000000000100017
:100968000000000065cdcd41000000000000f03f10
:10097800000000000000d03f000000000000e83f39
:10098800000000000000e03f0000000000004043bd
:10099800000000000000f0fffffffffffffff77ff0
:1009a800000000000000f07f000000000000b03fe1
:020000040000fa
:020000041d04d9
:1009b8000fbd023c00f842340400448c1f9d053ce6
:1009c800e8ffbd2700f8a5341400bfaffe08410fab
:1009d8000100842499aa033c80bf023c5566632425
:1009e800300040ac300043ac6655033caa996334f0
:1009f8001400bf8f300043ac01000324581243aced
:0c0a08005012428c0800e0031800bd27cb
:020000040000fa
:020000041d04d9
:100a1400140080100180023c0800838c84ce4224a0
:100a240010006214000000000c00828ce8ffbd2757
:100a34001000b0af1c00428c258080001000848c14
:100a44001400bfaf09f8400000000000000000a23d
:100a54001400bf8f020000a61000b08f0800e0034e
:0c0a64001800bd270800e003000000009f
:020000040000fa
:020000041d04d9
:100a7000140080100180033c0800858c84ce632420
:100a80000e00a314f5ff0224020083840200022456
:100a90000a006254f6ff022401000224020082a42c
:100aa00003000224180082ac0100023c1c0082ac4e
:100ab000280086ac0800e003010002240800e003df
:0c0ac000000000000800e003f5ff022425
:020000040000fa
:020000041d04d9
:100acc00140080100180033c0800868c84ce6324c3
:100adc000e00c314f5ff02240200838402000224da
:100aec000a006254f6ff022401000224020082a4d0
:100afc0006000224180082ac0100023c1c0082acef
:100b0c00280085ac0800e003010002240800e00383
:0c0b1c00000000000800e003f5ff0224c8
:020000040000fa
:020000041d04d9
:100b2800140080100180033c0800858c84ce632467
:100b38000e00a314f5ff0224e8ffbd2702000224db
:100b48001400bfaf020082a4f4ff023c1c0082ac78
:100b5800180080ac331a410ff4ff04241400bf8f2f
:100b6800251000000800e0031800bd270800e00376
:0c0b7800000000000800e003f5ff02246c
:020000040000fa
:020000041d04d9
:100b8400e8ffbd271000b0af1400bfaf5d00410ff8
:100b94002580800005004054340002961400bf8f65
:100ba4001000b08f0800e0031800bd2704000524de
:100bb4002520000284f7400f220002a6f8ff40100f
:100bc4001400bf8f070002241a0002a61c0000a60e
:0c0bd4001000b08f0800e0031800bd27df
:020000040000fa
:020000041d04d9
:100be000e8ffbd271000b0af1400bfaf5d00410f9c
:100bf0002580800005004054340002961400bf8f09
:100c00001000b08f0800e0031800bd270500052480
:100c10002520000284f7400f200002a6f8ff4010b4
:100c20001400bf8f060002241a0002a61c0000a6b2
:0c0c30001000b08f0800e0031800bd2782
:020000040000fa
:020000041d04d9
:100c3c00e8ffbd271000b0af1400bfaf5d00410f3f
:100c4c002580800005004054340002961400bf8fac
:100c5c001000b08f0800e0031800bd270600052423
:100c6c002520000284f7400f260002a6f8ff401052
:100c7c001400bf8f050002241a0002a61c0000a657
:0c0c8c001000b08f0800e0031800bd2726
:020000040000fa
:020000041d04d9
:100c9800e8ffbd271000b0af1400bfaf5d00410fe3
:100ca8002580800005004054340002961400bf8f50
:100cb8001000b08f0800e0031800bd270a000524c3
:100cc8002520000284f7400f240002a6f8ff4010f8
:100cd8001400bf8f040002241a0002a61c0000a6fc
:0c0ce8001000b08f0800e0031800bd27ca
:020000040000fa
:020000041d04d9
:100cf400e8ffbd27010005241400bfaf5af0400fe0
:100d04001000b0af0d004010258040006d6e400f04
:100d1400252040000e1d410f0400108e25204000a8
:100d24000000029201004224000002a21400bf8fbe
:100d34001000b08f101d410b1800bd271400bf8f89
:0c0d44001000b08f0800e0031800bd276d
:020000040000fa
:020000041d04d9
:100d5000000082948439027c251045000800c010f0
:100d6000000082a40300c2880000c298100082ac78
:100d70000400c290140082a00500c290150082a059
:100d80000180023c4ccf428c01000324160083a456
:100d90000400e0100c0082ac040085247de1400bcf
:0c0da0002520e0000800e0030000000037
:020000040000fa
:020000041d04d9
:100dac001200801000000000420083944000633069
:100dbc0003006014251000000800e0030000000090
:100dcc000000a58cffff02240a00a2100000000006
:100ddc000800838c0400848c271003002510440029
:100dec00261045000800e0030100422c0800e00337
:0c0dfc00251000000800e00301000224a4
:020000040000fa
:020000041d04d9
:100e08001300a010212885001c81023cc59d423496
:100e18000031020040180200211866002118620003
:100e2800c031020001008424003a02002118660043
:100e3800ffff86900016020021186700211043006a
:100e4800f3ff85142610c2000800e003000000002c
:0c0e58001c81023c0800e003c59d4234f0
:020000040000fa
:020000041d04d9
:100e64000d0a3430343a2046696c65206e6f742064
:100e7400666f756e643c62723e557365203c6120fa
:100e8400687265663d222f6d70667375706c6f6154
:100e940064223e4d5046532055706c6f61643c2f64
:100ea400613e20746f2070726f6772616d20776588
:0c0eb400622070616765730d0a00000089
:020000040000fa
:020000041d04d9
:100ec0000f00801488bf023c800004240008a32c7b
:100ed000c41044ac0c006054402d0500821c050079
:100ee000401d03000088a57c252865000800033c00
:100ef0002528a30080000324401145acc81043ac52
:100f00000800e0030000000080000324401145ac0d
:0c0f1000c81043acfaff00100000000005
:020000040000fa
:020000041d04d9
:100f1c000f00801488bf023c800004240008a32c1e
:100f2c00c40044ac0c006054402d0500821c05002c
:100f3c00401d03000088a57c252865000800033ca3
:100f4c002528a30080000324400145acc80043ac15
:100f5c000800e0030000000080000324400145acc1
:0c0f6c00c80043acfaff001000000000b9
:020000040000fa
:020000041d04d9
:100f780081bf023c04000524000406240010042458
:100f88000400073c5476033c080044ac1032632448
:100f9800480145ac080345ac080346ac080347ac18
:100fa8000004073c780347ac25206000880345ac63
:100fb800a80346ac100043ac1000438cfeff641439
:0c0fc800000000000800e0030000000032
:020000040000fa
:020000041d04d9
:100fd4003a20526573657420686f737400000000d2
:100fe400710000003a207175697420636f6d6d6142
:100ff4006e642070726f636573736f72000000001b
:1010040068656c70000000003a2068656c70000030
:101014001b5b42001b5b43001b5b44001b5b317e7c
:0c102400000000001b5b347e0000000098
:020000040000fa
:020000041d04d9
:10103000049d023c40190400382f42240a10437cce
:10104000e0ffbd271800b0af1c00bfaf25808000b7
:101050001000a0af2520a0002528c0002530e0000a
:1010600009f84000253800001c00bf8f70808427dd
:1010700021209000010003241800b08f000083a0fd
:081080000800e0032000bd2779
:020000040000fa
:020000041d04d9
:10108800401001003070049d4c18019db446049d29
:101098002872049d0453049d4493029db82f049d17
:1010a8007c4c049d74cd039d3cca029d3072049d06
:1010b8002493039da4d7019d382b039d609a029d1c
:1010c800f4cd039d6877039d98dd039db094029d40
:0810d800fc4b039d0c61049d1b
:020000040000fa
:020000041d04d9
:1010e0001300a010000000000c01828c0800468c48
:1010f0000e00c010253800000000c38c04006014ee
:10110000000000000a0000100000a7ac25188000b5
:101110000400c28c0000648c25306000c001427c59
:101120000100422cf9ff80142138e2000000a7ac36
:081130000800e0032510000097
:020000040000fa
:020000041d04d9
:101138001300a010000000000401828c0800468cf7
:101148000e00c010253800000000c38c0400601495
:10115800000000000a0000100000a7ac251880005d
:101168000400c28c0000648c25306000c001427c01
:101178000100422cf9ff80142138e2000000a7acde
:081188000800e003251000003f
:020000040000fa
:020000041d04d9
:10119000130080100180033c0800858c84ce6324fa
:1011a0000d00a314f5ff0224020083840200022430
:1011b00009006254f6ff022401000224020082a406
:1011c00005000224180082ac0100023c1c0082ac25
:1011d0000800e003010002240800e0030000000012
:0811e0000800e003f5ff022402
:020000040000fa
:020000041d04d9
:1011e8001000828c0900422c110040141400868cd7
:1011f800020002240000c2a00800838c0100c4245d
:10120800090002243c0065240b18a300030065882c
:10121800000065980400c5a8000085b80400659022
:10122800040085a0050063900800e003050083a082
:081238000800e003ffff02249f
:020000040000fa
:020000041d04d9
:10124000e8ffbd272000073c1000b0af0600e724f0
:101250002580800004000624140005241400bfaf7c
:101260008afd400f7800042407004010039d033cd2
:10127000010004247cf26324080043ac0c0050ac51
:10128000700044a4580044a41400bf8f1000b08f15
:081290000800e0031800bd276f
:020000040000fa
:020000041d04d9
:101298001100800400000000c880828f2b1082009b
:1012a8000d00401080200400d880828f0a20447ce2
:1012b80009008010000000004c00828c06004010dd
:1012c80003000324760082900500431008000324dd
:1012d80003004310000000000800e0032510000090
:0812e8007e0c410b0000000028
:020000040000fa
:020000041d04d9
:1012f000e0ffbd271400b0af258080002520a000ae
:10130000252800021800b1af1c00bfaf7ae3400fe0
:101310002588c00006004010251800000c00228e11
:101320002528000209f8400025202002010003249e
:101330001c00bf8f251060001800b18f1400b08f03
:081340000800e0032000bd27b6
:020000040000fa
:020000041d04d9
:10134800d0ffbd272530a000049d053c2400b0af88
:101358007873a524258080002800b1af2c00bfaf8a
:101368003d16410f1000a42705000012ffff513061
:10137800253040001000a5277f14410f23200202ca
:101388002c00bf8f251020022400b08f2800b18fb9
:081398000800e0033000bd274e
:020000040000fa
:020000041d04d9
:1013a000ffff8424ffff84300a00822c10004010cd
:1013b0000180033cc010040021104400a4c6632433
:1013c00080100200211043000000439008006010cc
:1013d000000000000800438c1000798c03002013eb
:1013e000ffff03240800200306004484030043a0f9
:0813f0000800e00325100000d5
:020000040000fa
:020000041d04d9
:1013f800ffff8424ffff84300a00822c1000401075
:101408000180033cc010040021104400a4c66324da
:101418008010020021104300000043900800601073
:10142800000000000800438c0c00798c0300201396
:10143800ffff03240800200306004484030043a0a0
:081448000800e003251000007c
:020000040000fa
:020000041d04d9
:10145000ffff8424ffff84300a00822c100040101c
:101460000180033cc010040021104400a4c6632482
:10147000801002002110430000004390080060101b
:10148000000000000800438c1400798c0300201336
:10149000ffff03240800200306004484030043a048
:0814a0000800e0032510000024
:020000040000fa
:020000041d04d9
:1014a800ffff8424ffff84300a00822c10004010c4
:1014b8000180033cc010040021104400a4c663242a
:1014c80080100200211043000000439008006010c3
:1014d800000000000800438c1800798c03002013da
:1014e800ffff03240800200306004484030043a0f0
:0814f8000800e00325100000cc
:020000040000fa
:020000041d04d9
:10150000ffff8424ffff84300a00822c100040106b
:101510000180033cc010040021104400a4c66324d1
:10152000801002002110430000004390080060106a
:10153000000000000800438c1c00798c030020137d
:10154000ffff03240800200306004484030043a097
:081550000800e0032510000073
:020000040000fa
:020000041d04d9
:10155800ffff8424ffff84300a00822c1000401013
:101568000180033cc010040021104400a4c6632479
:101578008010020021104300000043900800601012
:10158800000000000800438c2c00798c0300201315
:10159800ffff03240800200306004484030043a03f
:0815a8000800e003251000001b
:020000040000fa
:020000041d04d9
:1015b000ffff8424ffff84300a00822c10004010bb
:1015c0000180033cc010040021104400a4c6632421
:1015d00080100200211043000000439008006010ba
:1015e000000000000800438c3800798c03002013b1
:1015f000ffff03240800200306004484030043a0e7
:081600000800e00325100000c2
:020000040000fa
:020000041d04d9
:10160800f872049d180f029d8cea029d80f3019ddb
:10161800f849019d00c3039d000000000000000080
:101628006c5a049d00000000506a039dd0be029dc4
:101638002c8c019d00000000e0eb039dc8f2039d87
:10164800f402049dc022029d283b049d18b3039d0b
:081658005c61039d7831049de3
:020000040000fa
:020000041d04d9
:10166000f072049d180f029d8cea029d80f3019d8b
:10167000f849019d00c3039d000000000000000028
:101680006c5a049d00000000506a039dd0be029d6c
:101690002c8c019d00000000e0eb039dc8f2039d2f
:1016a000f402049dc022029d283b049d18b3039db3
:0816b0005c61039d7831049d8b
:020000040000fa
:020000041d04d9
:1016b800d85a049d6c5b029d54ba039d1c96029dea
:1016c800105d029de81f049d981f049d4c36049de3
:1016d8005403049d64a6039d709b039df0b2029d74
:1016e8000cf4039d80d6029d6c94039dc019049d43
:1016f8005c28049d1447029d78ac019d78f4039df5
:081708009812049d3831049d84
:020000040000fa
:020000041d04d9
:101710004cd5029d6c5b029d54ba039d1c96029da4
:10172000105d029de81f049d981f049d4c36049d8a
:101730005403049d64a6039d709b039df0b2029d1b
:101740000cf4039d80d6029d6c94039dc019049dea
:101750005c28049d1447029d78ac019d78f4039d9c
:081760009812049d3831049d2c
:020000040000fa
:020000041d04d9
:1017680003000000f06e049d060000000000000069
:10177800020000001457049d090000006874049dcd
:101788000a0000006074049d0c000000006f049db6
:101798000e00000070d40080180000009c50049dca
:1017a800200000000000000001000000b82e0080aa
:0817b800401000003060049da8
:020000040000fa
:020000041d04d9
:1017c000696e636c75646500736574006563686f4a
:1017d000000000006d7953747256617200000000c1
:1017e000257325640000000053534920736574205d
:1017f0006d79537472566172206661696c656421fb
:1018000021210d0a000000005061676520566973b0
:081810006974733a2000000026
:020000040000fa
:020000041d04d9
:10181800049d063c251000000868c62440180200f4
:1018280021186600000067800300e0540000858ce2
:101838000800e00301006290010042240000a88033
:1018480004000715ff004230010062900100a52442
:10185800000085ac0b00432cf1ff60144018020017
:081868000800e003000000008d
:020000040000fa
:020000041d04d9
:101870001200a010000000000c01828c0800468cb1
:101880000d00c010253800000000c38c0400601457
:1018900000000000090000100000a7ac251880001f
:1018a0000400c28c0000648c25306000c001427cc2
:1018b000faff80142138e2000000a7ac0800e00322
:0418c00025100000ef
:020000040000fa
:020000041d04d9
:1018c400e0ffbd271800b2af1000b0af2590c000f4
:1018d40025808000ff00a5301c00bfaf1400b1af0d
:1018e400341b410f2588e000ff004532381b410faf
:1018f4002520000225282002252000021c00bf8f7d
:101904001800b28f1400b18f1000b08fcf09410bb3
:041914002000bd27cb
:020000040000fa
:020000041d04d9
:10191800e0ffbd271800b1af1400b0af2588c000a4
:10192800258080001c00bfaf341b410fff00a5308d
:10193800ff002532381b410f252000023c1b410fb8
:1019480025200002401b410f252000021c00bf8fec
:10195800040002241800b18f1400b08f0800e003bf
:041968002000bd2777
:020000040000fa
:020000041d04d9
:10196c000180023c78d142241400438c06006010a4
:10197c00080003240600a310f5ffa524fd00a530e4
:10198c000300a010000000000800e00300000000ad
:10199c000600801001000324580085940c00448c30
:1019ac000418a300251864000c0043ac7c1b410bed
:0419bc000000000027
:020000040000fa
:020000041d04d9
:1019c0001200c0102510000010008004c880838f12
:1019d0002b1883000d00601080200400d880828fb7
:1019e0000a10447c09004010000000007c00438c79
:1019f00006006054251000007c0046ac7a0045a427
:101a0000800047ac0800e0032510c0000800e00398
:041a100000000000d2
:020000040000fa
:020000041d04d9
:101a14000400a28c0600422c1000401400000000b8
:101a24000000a38c04000224010064900b008214c3
:101a34000000000002006490060002241300a4a029
:101a4400030064901200a4a0040064901100a4a0f8
:101a5400050063900800e0031000a3a00800e00361
:041a6400ffff02245a
:020000040000fa
:020000041d04d9
:101a68000400a28c0600422c100040140000000064
:101a78000000a38c04000224010064900b0082146f
:101a88000000000002006490060002241700a4a0d1
:101a9800030064901600a4a0040064901500a4a09c
:101aa800050063900800e0031400a3a00800e00309
:041ab800ffff022406
:020000040000fa
:020000041d04d9
:101abc000400a28c0600422c100040140000000010
:101acc000000a38c04000224010064900b0082141b
:101adc000000000002006490060002241b00a4a079
:101aec00030064901a00a4a0040064901900a4a040
:101afc00050063900800e0031800a3a00800e003b1
:041b0c00ffff0224b1
:020000040000fa
:020000041d04d9
:101b100012008010000000004200839440006330f7
:101b200003006014251000000800e003000000001e
:101b30000300a6883c008324010002240000a6982c
:101b40003f0086a8000066b80400a490040064a0ca
:101b50000500a4900800e003050064a00800e0036d
:041b6000251000004c
:020000040000fa
:020000041d04d9
:101b640012008010000000004200839440006330a3
:101b740003006014251000000800e00300000000ca
:101b84004400828c5000848ce8ffbd273c00428cca
:101b94001400bfaf09f84000000000001400bf8f1c
:101ba4000100422c0800e0031800bd270800e003f0
:041bb40025100000f8
:020000040000fa
:020000041d04d9
:101bb800120080100000000042008394400063304f
:101bc80003006014251000000800e0030000000076
:101bd8004400828c5000848ce8ffbd274400428c6e
:101be8001400bfaf09f84000000000001400bf8fc8
:101bf8000100422c0800e0031800bd270800e0039c
:041c080025100000a3
:020000040000fa
:020000041d04d9
:101c0c00e0ffbd272c00a2272c00a7af25384000f1
:101c1c001800b0af1c00bfaf2580a000d7d9400f73
:101c2c001000a2af050041041c00bf8f251000005e
:101c3c001800b08f0800e0032000bd272b185000bf
:101c4c00ffff10260a1003021800b08f0800e003f3
:041c5c002000bd2780
:020000040000fa
:020000041d04d9
:101c60002520a0000180053ce8ffbd27afc9a524c1
:101c70001000b0af1400bfaf8a14410f2580c00020
:101c800007004014251800000180053cc7c9a524a1
:101c90008a14410f252000020100432cc0190300c3
:101ca0001400bf8f251060001000b08f0800e00303
:041cb0001800bd2734
:020000040000fa
:020000041d04d9
:101cb4000180023ceec94290e8ffbd271400bfaf8b
:101cc4002520a0000800401025300000049d053c9c
:101cd400dd01410fe86aa5241400bf8f2510000020
:101ce4000800e0031800bd27049d053cdd01410ff9
:101cf400f06aa5241400bf8f251000000800e0033b
:041d04001800bd27df
:020000040000fa
:020000041d04d9
:101d080061828293e8ffbd271400bfaf0900401429
:101d18002520a000049d053c486fa524dd01410f46
:101d2800253000001400bf8f251000000800e003d4
:101d38001800bd27049d053c406fa524dd01410f17
:101d4800253000001400bf8f251000000800e003b4
:041d58001800bd278b
:020000040000fa
:020000041d04d9
:101d5c0085808293e8ffbd271400bfaf09004014b3
:101d6c002520a000049d053c486fa524dd01410ff2
:101d7c00253000001400bf8f251000000800e00380
:101d8c001800bd27049d053c406fa524dd01410fc3
:101d9c00253000001400bf8f251000000800e00360
:041dac001800bd2737
:020000040000fa
:020000041d04d9
:101db0000000043ce8ffbd270000842403008010dd
:101dc0001400bfaf09f8800000000000000084305c
:101dd0000000a530039d083ce481082509f80001b6
:101de000000000000000023c0000422403004010fc
:101df0000000000009f8400000000000f9ff00109a
:041e000000000000de
:020000040000fa
:020000041d04d9
:101e0400e0ffbd271800b0af1c00bfafedeb400fe3
:101e140025808000060040504400028effff02240b
:101e24001c00bf8f1800b08f0800e0032000bd27fe
:101e3400010006241000a52709f84000252000020f
:101e440001000324f5ff43141000a293f5ff0010d2
:041e54001c00bf8f20
:020000040000fa
:020000041d04d9
:101e580000290400c21904000040a5304211040002
:101e6800040063302518650008004230802904000a
:101e7800251043004020a530c01804002528a200e2
:101e8800800363308010040025186500200042306c
:101e9800251043004008847c0800e00325108200d8
:020000040000fa
:020000041d04d9
:101ea800e0ffbd271c00bfaf1800b1af1400b0aff2
:101eb800040080ac000080ac080080ac2580800065
:101ec8000e1d410f0100112425204000101d410f57
:101ed8000c0011a21c00bf8f0d0011a201000224ea
:101ee8001800b18f1400b08f0800e0032000bd2750
:020000040000fa
:020000041d04d9
:101ef8000000828c1000401000000000e8ffbd27a1
:101f08001000b0af258080001400bfaf3709410f23
:101f18002520400036da400f2400042636da400f28
:101f280014000426040004261400bf8f1000b08f8c
:101f380036da400b1800bd270800e0030000000057
:020000040000fa
:020000041d04d9
:101f4800544350204e554c4c2064796e616d696342
:101f580020616c6c6f636174696f6e2068616e6478
:101f68006c652f696e6974206461746100000000fb
:101f7800205443502044796e616d696320616c6c14
:101f88006f636174696f6e206661696c65640000d7
:020000040000fa
:020000041d04d9
:101f98001100800401000224c880838f2b1883005d
:101fa8000d006010d880838f802004000a20647c94
:101fb80009008010000000003e0083940002653094
:101fc8000500a01025100000444a037c3e0083a4ad
:101fd8000800e003010002240800e00300000000fc
:020000040000fa
:020000041d04d9
:101fe8000e00800425100000c880838f2b18830002
:101ff8000a006010d880838f802004000a20647c47
:10200800060080100000000076008490fdff832405
:102018000300632c03006010010002240800e003a1
:1020280000000000080082380800e0030100422c8c
:020000040000fa
:020000041d04d9
:10203800e080828fe8ffbd27050040181400bfaf7d
:102048001800848c0200032404008350ffff4224fc
:102058001400bf8f0800e0031800bd27fcff4014e0
:10206800e08082afdc80848ffaff80101400bf8f7d
:10207800b318410f00000000f5ff0010dc8080afae
:020000040000fa
:020000041d04d9
:10208800495076343a204661696c656420746f2043
:10209800726567697374657220415250206e6f745f
:1020a800696669636174696f6e21200d0a0000001a
:1020b800495076343a2041525020656e74726965f1
:1020c8007320706f6f6c20656d707479210d0a0034
:020000040000fa
:020000041d04d9
:1020d8000400a28c0500422c0f004014049d043c0f
:1020e8000000a28cb0748324b074859001006490c1
:1020f8000200639037000624000046a0030006246f
:10210800010046a0020045a0030044a0040043a02b
:102118000800e003050002240800e003ffff022492
:020000040000fa
:020000041d04d9
:1021280011008010000000000300a0100000000053
:102138000000a28c040082ac0300c0100000000064
:102148000000c28c080082ac0400e0504200829477
:102158000000e28c0c0082ac420082941000a39331
:102168000463627c420082a40800e00300000000cf
:020000040000fa
:020000041d04d9
:10217800e0ffbd271800b1af1400b0af1c00bfaf1f
:1021880025888000040000102580a0000c00028e25
:1021980009f840000000000005d5400f2520200266
:1021a80025284000f9ff4014252000021c00bf8f9d
:1021b8001800b18f1400b08f0800e0032000bd277d
:020000040000fa
:020000041d04d9
:1021c800e0ffbd271800b1af258880002520a000ba
:1021d8001c00bfaf1400b0affd12410f2580a00056
:1021e800252840008203410f252000020c00238e81
:1021f8001c00bf8f1800b18f1b004300f401600062
:102208001400b08f2000bd270800e0031010000064
:020000040000fa
:020000041d04d9
:10221800e0ffbd271800b1af1400b0af1c00bfaf7e
:1022280025808000d618410f2588a00002000324cd
:10223800050043141c00bf8f1800b18f1400b08f25
:102248000800e0032000bd272528200225200002e1
:102258001800b18f1400b08f9c1b410b2000bd27c4
:020000040000fa
:020000041d04d9
:10226800e0ffbd271800b1af1400b0af1c00bfaf2e
:1022780025808000d618410f2588a000020003247d
:10228800050043141c00bf8f1800b18f1400b08fd5
:102298000800e0032000bd27252820022520000291
:1022a8001800b18f1400b08f981b410b2000bd2778
:020000040000fa
:020000041d04d9
:1022b8001100801001000224040082140080023cf6
:1022c800ffff02242400c2ac0080023ca02e42245e
:1022d8000c00598c060020130000000016004290e4
:1022e8000300401400000000080020030300c6900b
:1022f8000800e00300000000f3ff00102400c0ac59
:020000040000fa
:020000041d04d9
:102308000080023ca02e428c000043900300601025
:10231800ffff03240800e003ffff0224140043ac7e
:10232800010003240c0043ac6100033c010063245a
:10233800080046ac100044ac060045a4180047aca1
:10234800000043ac040040a00800e003200040acbb
:020000040000fa
:020000041d04d9
:10235800d8ffbd272000b1af258880002400bfaf7b
:102368001c00b0af00607041c0000000f417410fbe
:1023780000000000252020028915410f1000a2af9f
:102388009d15410f010004322400bf8f1000a28f59
:102398002000b18f1c00b08f0800e0032800bd2783
:020000040000fa
:020000041d04d9
:1023a8000080033c746d63240400662425206000cb
:1023b80025106000ffff052401008424000060aca4
:1023c8002c034224040040ac080045ac0c0040ac8f
:1023d800b40c40acb80c45acbc0c40ac0400632455
:1023e800f5ff86146f1980a00800e00300000000c4
:020000040000fa
:020000041d04d9
:1023f800adde033c00a0063cefbe63345028c22487
:10240800e8ffbd275028c3acefbe033c1400bfafa4
:10241800adde6334040044ac2520400066e8400f7c
:10242800080043aca01b410f00000000fdff401452
:0c2438001400bf8f0800e0031800bd274f
:020000040000fa
:020000041d04d9
:1024440001000224980282ac000000000000000099
:102454000000000000000000000000000000000078
:102464000000000000000000000000000000000068
:102474000000000000000000000000000000000058
:0c248400000000000800e0030000000061
:020000040000fa
:020000041d04d9
:10249000e8ffbd272800a28c1000b0af2580a00067
:1024a0002400a584242082007000038e0a20857ced
:1024b0001400bfaf4010062409f860000100052495
:1024c0003001028e1400bf8f01004224300102aea1
:0c24d0001000b08f0800e0031800bd27ca
:020000040000fa
:020000041d04d9
:1024dc000c00878c0f00e0100000838c0800888ca7
:1024ec0025280000000062940100a524253040003e
:1024fc0001004230050040100400067c000066a478
:10250c002400828cffff4224240082acf5ffa71428
:0c251c00211868000800e0030000000027
:020000040000fa
:020000041d04d9
:102528000400a28c0300422c0e0040140100032476
:102538000000a28c010046900a00c3140200032484
:1025480002004290050043140800a2ac500082909b
:102558000400423003004014000000000800e003bb
:0c256800030002240800e003ffff02242f
:020000040000fa
:020000041d04d9
:10257400401004002110440080190200211043007f
:102584008010020021104400801002002120440029
:10259400f8ffbd27402104000400bfaf00480340fa
:1025a40000480240231043002b104400fcff401459
:0c25b4000400bf8f0800e0030800bd27f2
:020000040000fa
:020000041d04d9
:1025c0000200832c080060100100022400a0053cda
:1025d00040200400f8818327700aa6908a21647c39
:1025e0000300c450700aa2240800e00300000000a9
:1025f000ff000324020040a40c0043acffff0224b0
:0c260000700aa2a00800e00325100000f2
:020000040000fa
:020000041d04d9
:10260c00ffff82300b00422c0e004010ffff833086
:10261c0000a0023c00190300101f422421104300ab
:10262c000c00438c07006414ffff0324000043ac30
:10263c00ff000324080040ac0c0043ac0800e0038e
:0c264c00251000000800e0031300022429
:020000040000fa
:020000041d04d9
:102658000180023c8cc94224570044885d004388ad
:1026680053004890540044985a00439858004790a3
:10267800590046905e0045900180023ca4a6422481
:10268800e80348a4ea0344a4ec0347a4ee0346a4e1
:0c269800f00343a40800e003f20345a493
:020000040000fa
:020000041d04d9
:1026a4000300a004000000000800e0030000000094
:1026b4000600c0102538c0002530a000049d053c4c
:1026c400245ca524bbde400b25200000049d063cb1
:1026d4001c5cc6242538c0002530a000049d053ca0
:0c26e400245ca524bbde400b2520000078
:020000040000fa
:020000041d04d9
:1026f000e0ffbd271800b1af028885701400b0afad
:102700001c00bfafd0e0400f252020020500401084
:102710002580400025302002252800000116410fa9
:10272000252040001c00bf8f251000021800b18f2b
:0c2730001400b08f0800e0032000bd275b
:020000040000fa
:020000041d04d9
:10273c00b00285a4000000000000000000000000b2
:10274c00000000000000000000000000000000007d
:10275c00000000000000000000000000000000006d
:10276c00000000000000000000000000000000005d
:08277c000800e003000000006a
:020000040000fa
:020000041d04d9
:10278400f47e029d9872049d70d3039d4447049d7a
:102794009c85019d9071029d54c9039df40c049d78
:1027a4005453049dd8b0039d84f1039d7447049d44
:1027b400a447049dd447049d5cf1029da08a039d17
:0827c4003448049d0448049d03
:020000040000fa
:020000041d04d9
:1027cc004885039d9c84039d80aa039d58a9039d65
:1027dc00eca9039de072049dc072049dd872049d07
:1027ec00c06d049dd072049dc872049db06d049d93
:1027fc00a06d049d245a049dc49f039d289f039d96
:08280c0084f9039df448049dca
:020000040000fa
:020000041d04d9
:10281400e8ffbd271000b0af25808000000084943d
:102824001400bfafb377400f00000000020004960d
:10283400b377400f000002a606000496b377400f5a
:10284400020002a61400bf8f060002a61000b08f7b
:082854000800e0031800bd2795
:020000040000fa
:020000041d04d9
:10285c000c00800425100000c880838f2b18830087
:10286c0008006010d880838f802004000a20647ccc
:10287c0004008010000000007c00838c0300655075
:10288c007c0080ac0800e003000000007a0080a40b
:08289c000800e0030100022422
:020000040000fa
:020000041d04d9
:1028a400e8ffbd271000b0af1400bfafb10d410f5a
:1028b4002580a000090040101400bf8f42004394fb
:1028c40000106330060060501000b08f2000038eab
:1028d400c005637c0a1003001400bf8f1000b08f82
:0828e4000800e0031800bd2705
:020000040000fa
:020000041d04d9
:1028ec000400a28c0300422c0d00401400000000d8
:1028fc000000a48c35000224000082a001000224f8
:10290c00010082a00c00a38c030005240300022408
:10291c00090066380a18a6000800e003020083a02c
:08292c000800e003ffff022494
:020000040000fa
:020000041d04d9
:102934000400a28c0600422c0d004014000000008c
:102944000000a38c04000224010064900800821497
:1029540002006324030066880c00a42406000224f9
:10296400000066980f00a6a80800e003000086b8df
:082974000800e003ffff02244c
:020000040000fa
:020000041d04d9
:10297c00350000002825049d01000000c0ec039ddb
:10298c0003000000ece6039d060000003832049db5
:10299c00360000003429049d33000000141a049df5
:1029ac003a000000681a049d3b000000bc1a049d0c
:0829bc00ff0000002873049dd8
:020000040000fa
:020000041d04d9
:1029c400e8ffbd271000b0af0280a6701400bfafaf
:1029d400c994400f25280002060040102518400025
:1029e40025300002252800000116410f2520400053
:1029f400251840001400bf8f251060001000b08f10
:082a04000800e0031800bd27e3
:020000040000fa
:020000041d04d9
:102a0c000180023cf0c142244481848f080043942d
:102a1c001400598c0100842402006334448184af77
:102a2c0007002013080043a40180043c2538000053
:102a3c0002000624010005240800200300c284249f
:082a4c000800e0030000000097
:020000040000fa
:020000041d04d9
:102a54000180023ce4d147940b00e0105081828f46
:102a6400251800004400458c010063240400a010d4
:102a74006c0042240000a6940500c410000000006d
:102a8400f9ff67544400458c0800e003251000005a
:082a94000800e0030400a28c1d
:020000040000fa
:020000041d04d9
:102a9c004c696d697465640044697265637465643e
:102aac000000000c55736167653a20616e6e6f759e
:102abc006e636520302f310d0a00000c25732062e7
:102acc0063617374207375626d69747465643a2004
:082adc0025640d0a0000000c46
:020000040000fa
:020000041d04d9
:102ae4001cda029d044b049d030000001410049d95
:102af4001850049d030000001810049d3408049d20
:102b0400030000001c10049dc83d049d0300000048
:102b14002010049d58b5039d040000002810049d56
:082b240048e2039d04000000db
:020000040000fa
:020000041d04d9
:102b2c00e8ffbd271000b0af0180103cc8cf1026c5
:102b3c00310005920800048e1400bfafde19410f5e
:102b4c000000000030000292040040141400bf8ffb
:102b5c0001000224380002a21400bf8f1000b08fb5
:082b6c000800e0031800bd277a
:020000040000fa
:020000041d04d9
:102b74007b226e6574436667223a00007b22646898
:102b84006370223a25752c002269704164647222b4
:102b94003a222573222c0000227375626e6574221a
:102ba4003a222573222c00002267617465776179cb
:082bb400223a222573220000e1
:020000040000fa
:020000041d04d9
:102bbc000f00c01025100000ffffc62425180000d0
:102bcc0021108300000042902138a3000700401020
:102bdc000000e7900600e050231047000400c350ab
:102bec0023104700f6ff4710010063242310470011
:082bfc000800e00300000000e6
:020000040000fa
:020000041d04d9
:102c04008000a3280e006014251000008200a32871
:102c140003006014830003240900a31400000000cf
:102c24000000c28c070042240410027c08004324e4
:102c34000000c3ac000040d401000224000080f472
:082c44000800e003000000009d
:020000040000fa
:020000041d04d9
:102c4c00e0ffbd271800b1af1400b0af2588c0005d
:102c5c00258080001c00bfaf341b410fff00a53046
:102c6c0025200002381b410fff00253225200002d1
:102c7c001c00bf8f1800b18f1400b08f1109410bcd
:042c8c002000bd2740
:020000040000fa
:020000041d04d9
:102c90001000828c0700422c0c0040141400838c1e
:102ca00005000224f8ffbd27000062a00800848c04
:102cb000070002240400848c040064a80000a4af70
:102cc000010064b80800e0030800bd270800e00325
:042cd000ffff0224dc
:020000040000fa
:020000041d04d9
:102cd400e8ffbd271000b0af1400bfaf0300001021
:102ce4004c0090247d01410f00000000840d410f31
:102cf400252000022520400009000624f9ff401485
:102d0400efff05241400bf8f1000b08f0800e0030c
:042d14001800bd27bf
:020000040000fa
:020000041d04d9
:102d1800554450204e554c4c2064796e616d696362
:102d280020616c6c6f636174696f6e2068616e649a
:102d38006c6500005544502044796e616d696320cc
:102d4800616c6c6f636174696f6e206661696c6534
:042d58006400000013
:020000040000fa
:020000041d04d9
:102d5c000600000000000000000000000000000061
:102d6c00000000000a00000000000000000000004d
:102d7c000000000000000000000000000000000047
:102d8c000000000000000000000000000000000037
:042d9c00090000002a
:020000040000fa
:020000041d04d9
:102da0000e00801000000000420083944000653057
:102db0000300a014251000000800e003000000003c
:102dc0006200849001008430fbff8010000000004e
:102dd000001062380800e0030003427c0800e003b2
:042de00025100000ba
:020000040000fa
:020000041d04d9
:102de400f835039d8498019d0c79029d6c9b019d8f
:102df4004c14039d5c08019d30ed039d5406049d15
:102e0400d402019d3c13019d28af019dfc6d039ddf
:102e140000f7039d184b009dd891039d94f6039de4
:042e240084bc039dca
:020000040000fa
:020000041d04d9
:102e2800d6818497e8ffbd271400bfaf26f1400f75
:102e38001c00a5a302000324030043101400bf8f45
:102e48000800e0031800bd27d68184971c00a52739
:102e5800380e410f010006241400bf8f0800e0035c
:042e68001800bd276a
:020000040000fa
:020000041d04d9
:102e6c00f8ffbd270400bfaf00606241c000000046
:102e7c0099aa033c80bf023c55666324300040ace9
:102e8c00300043ac6655033caa996334300043ac24
:102e9c0001000324581243ac5012428cffff001067
:042eac000000000022
:020000040000fa
:020000041d04d9
:102eb00000606041c000000099aa033c80bf023c52
:102ec00055666324300040ac300043ac6655033c8b
:102ed000aa996334300043ac80bf023c0100032454
:102ee000581243ac80bf023c5012428cae0b410bd7
:042ef00000000000de
:020000040000fa
:020000041d04d9
:102ef4000180023cd8d1438ce8ffbd271000b0af5d
:102f04001400bfaf030060142580400010ae400fd2
:102f1400000000000180023cdcd1438c1400bf8f10
:102f2400d8d1028e1000b08f1800bd270800e0032e
:042f34002310620004
:020000040000fa
:020000041d04d9
:102f38009826039d400d039d1c0f049d9cbd039d79
:102f48005c6a049d3c4f049df86c029d043c039d03
:102f5800a825039d3c0c039dc00e049d10bd039d38
:102f6800346a049d104f049d706b029d283b039d9d
:020000040000fa
:020000041d04d9
:102f7800e8ffbd27251080001400bfaf09f8400006
:102f880020000424060040102518400020000624d4
:102f9800252800000116410f252040002518400073
:102fa8001400bf8f251060000800e0031800bd273b
:020000040000fa
:020000041d04d9
:102fb800401002240c008214000000000080023c33
:102fc800902c4224200043900100643006008010b9
:102fd8000200643004008014010004244408837c47
:102fe8000800e003200043a00800e003ffff0224dc
:020000040000fa
:020000041d04d9
:102ff8000180023c84ce42240b00821400000000b1
:103008002400829008004010049d193c3c008294e2
:10301800b4613927801002000ac8227f0180043c6d
:1030280008002003a8ce84240800e0030000000064
:020000040000fa
:020000041d04d9
:10303800e8ffbd2700800634252800001000b0af47
:103048001400bfafbdf4400f25808000050040107c
:103058001400bf8f010002241a0002a61c0000a65b
:103068001400bf8f1000b08f0800e0031800bd27c0
:020000040000fa
:020000041d04d9
:10307800e8ffbd271000b0af1400bfaf5d00410fdf
:1030880025808000040040141400bf8f1000b08f0a
:103098000800e0031800bd273400069622000596b4
:1030a800252000021000b08fdcfa400b1800bd2765
:020000040000fa
:020000041d04d9
:1030b800e8ffbd27010005241000b0af1400bfaf22
:1030c80084f7400f25808000060040101400bf8f51
:1030d800040002241a0002a6090002241c0002a609
:1030e8001400bf8f1000b08f0800e0031800bd2740
:020000040000fa
:020000041d04d9
:1030f800e8ffbd27090005241000b0af1400bfafda
:1031080084f7400f25808000060040101400bf8f10
:10311800040002241a0002a6070002241c0002a6ca
:103128001400bf8f1000b08f0800e0031800bd27ff
:020000040000fa
:020000041d04d9
:103138000080023c0080053c782e4224a02ea52465
:1031480000004394040060500400422406008350a9
:103158000200429004004224faff455400004394c0
:103168000800e003251000000800e00301004230d9
:020000040000fa
:020000041d04d9
:103178000080023c0080053c782e4224a02ea52425
:103188000000439404006050040042240600835069
:103198000200429404004224faff4554000043947c
:1031a8000800e003251000000800e0034000427c0e
:020000040000fa
:020000041d04d9
:1031b800e8ffbd272510a0001000b0af04000524cb
:1031c800258080001400bfaf8203410f25204000f6
:1031d8000c00038e1400bf8f1000b08f1b0043003b
:1031e800f40160001800bd270800e003101000007b
:020000040000fa
:020000041d04d9
:1031f8000800838c0c00828c2b2862000500a050ec
:103208000400858c23104300ffff42240800e003dc
:10321800ffff42300000848c231062002328a400a2
:10322800ffffa324231062000800e003ffff4230e1
:020000040000fa
:020000041d04d9
:103238000400a28c0600422c0b0040140000000081
:103248000000a28c01004390030062300600401485
:10325800ffff04240400622c020063240a20620099
:103268000800e003251080000800e003ffff0224a7
:020000040000fa
:020000041d04d9
:103278003a20737461636b20636f6d6d616e647364
:103288000000000074637069700000004661696c9a
:10329800656420746f2063726561746520544350bf
:1032a800495020436f6d6d616e64730d0a00000014
:020000040000fa
:020000041d04d9
:1032b8006481828f07004010000000000300801026
:1032c800000000000c00438c000083ac0800e00301
:1032d8002400428c0400801000000000000080ac34
:1032e8000800e003251000000800e0032510000096
:020000040000fa
:020000041d04d9
:1032f8000000000000000000a44a049da44a049da8
:10330800206a049da44a049da44a049da44a049ddd
:10331800e866049da44a049d2063049d0000000003
:103328000000000000000000a44a049d203d049d08
:020000040000fa
:020000041d04d9
:1033380000000000000000000c62019d4062019d39
:10334800000000006862019da062019ddc62019d91
:10335800000000001463019d000000000000000050
:1033680000000000000000004063019d0000000014
:020000040000fa
:020000041d04d9
:10337800b063019db063019dbc63019dd063019d55
:103388001064019d3c64019d5864019d7464019d15
:103398008c64019da464019db464019d000000003b
:1033a8000000000000000000b464019dd864019d85
:020000040000fa
:020000041d04d9
:1033b8000000828c09004010000000000400838c8b
:1033c80008006250040080ac0000438c000083ac0d
:1033d8000800838cffff6324080083ac0800e00327
:0c33e80000000000faff0010000080aca4
:020000040000fa
:020000041d04d9
:1033f4000400828c070040100000a0ac000045ac23
:103404000800828c040085ac010042240800e0031b
:10341400080082ac0800828c040085ac000085acf6
:0c342400010042240800e003080082ac14
:020000040000fa
:020000041d04d9
:103430000c0080100180033c0800868c84ce63243d
:103440000600c314f5ff02240400a010251000009c
:103450003c00838c0800e0030000a3ac0800e003fc
:0c346000000000000800e003f5ff02245b
:020000040000fa
:020000041d04d9
:10346c000c0080100180033c0800848c84ce632403
:10347c0006008314f5ff02240400c0102510000080
:10348c00020083940800e0030000c3ac0800e003d2
:0c349c00000000000800e003f5ff02241f
:020000040000fa
:020000041d04d9
:1034a800e8ffbd27252800001000b0af1400bfaf0b
:1034b80084f7400f25808000050040101400bf8f5e
:1034c800010002241a0002a61c0000a61400bf8fe7
:0c34d8001000b08f0800e0031800bd27b2
:020000040000fa
:020000041d04d9
:1034e400e8ffbd27010005241000b0af1400bfaff2
:1034f40084f7400f25808000050040101400bf8f22
:10350400010002241a0002a61c0000a61400bf8faa
:0c3514001000b08f0800e0031800bd2775
:020000040000fa
:020000041d04d9
:103520004452565f4d454d4f52595f5472616e7310
:1035300066657248616e646c657253657428293ad9
:1035400020496e76616c69642064726976657220c8
:0c35500068616e646c652e0a00000000cb
:020000040000fa
:020000041d04d9
:10355c000400828c070040100000a0ac000045acb9
:10356c000800828c040085ac010042240800e003b2
:10357c00080082ac0800828c040085ac000085ac8d
:0c358c00010042240800e003080082acab
:020000040000fa
:020000041d04d9
:103598000000828c09004010000000000400838ca9
:1035a80008006250040080ac0000438c000083ac2b
:1035b8000800838cffff6324080083ac0800e00345
:0c35c80000000000faff0010000080acc2
:020000040000fa
:020000041d04d9
:1035d4000400828c070040100000a0ac000045ac41
:1035e4000800828c040085ac010042240800e0033a
:1035f400080082ac0800828c040085ac000085ac15
:0c360400010042240800e003080082ac32
:020000040000fa
:020000041d04d9
:103610000000828c09004010000000000400838c30
:1036200008006250040080ac0000438c000083acb2
:103630000800838cffff6324080083ac0800e003cc
:0c36400000000000faff0010000080ac49
:020000040000fa
:020000041d04d9
:10364c000c00800425100000c880838f2b18830089
:10365c0008006010d880838f802004000a20647cce
:10366c0004008010000000003e0082940800e0037b
:0c367c008002427c0800e0030000000017
:020000040000fa
:020000041d04d9
:103688000c0080100000000042008394400063306a
:1036980003006014251000000800e003000000008b
:1036a8000800828c0400838c271002000800e003c5
:0c36b800251043000800e003251000006e
:020000040000fa
:020000041d04d9
:1036c4000c0080100000000042008394400063302e
:1036d40003006014251000000800e003000000004f
:1036e40062008290010042300a2002000800e003d8
:0c36f400251080000800e00325100000f5
:020000040000fa
:020000041d04d9
:10370000001104000180043cf0c1842421208200c7
:1037100008008294271805000001a53024184300f2
:103720000400a010080083a43081838fffff63246e
:0c373000308183af0800e00300000000bf
:020000040000fa
:020000041d04d9
:10373c0055736167653a202573203c696e74657218
:10374c00666163653e203c6f6e2f6f66663e200d92
:10375c000a000000556e6b6e6f776e207365727683
:0c376c006963652025730d0a0000000051
:020000040000fa
:020000041d04d9
:103778000a008010000000001000838c090060100f
:10378800251000000c0064940000638cfdff601499
:10379800211044000800e003ffff42300800e00366
:0c37a800251000000800e00300000000f5
:020000040000fa
:020000041d04d9
:1037b4000c00a28ce8ffbd270200032400004794fc
:1037c4001400bfaf1000a58c0200e31425300000e4
:1037d4000400468c60d2400f000000001400bf8f2c
:0c37e400251000000800e0031800bd27bd
:020000040000fa
:020000041d04d9
:1037f000696e636c75646500300d0a0d0a00000087
:103800000d0a300d0a0d0a00200000003d200000c6
:1038100022000000202c00003c2f636f64653e00f6
:0c3820003c636f64653e0000696e63004d
:020000040000fa
:020000041d04d9
:10382c001400f98c0b0020130180043ca4c68424e2
:10383c002320e400e338023c83200400398e423418
:10384c00022082701800e78c0100842408002003f9
:0c385c002026047c0800e00300000000af
:020000040000fa
:020000041d04d9
:103868000c008014000000000180023c40d4438c0e
:10387800080060100000000040d442240400438c7b
:1038880004006010000000000c00798c0800200380
:0c3898000800448c0800e003ffff02243d
:020000040000fa
:020000041d04d9
:1038a4000c008014000000000180023c40d4438cd2
:1038b400080060100000000040d442240400438c3f
:1038c40004006010000000001000798c0800200340
:0c38d4000800448c0800e003ffff022401
:020000040000fa
:020000041d04d9
:1038e0000c008014000000000180023c40d4438c96
:1038f000080060100000000040d442240400438c03
:1039000004006010000000001800798c08002003fb
:0c3910000800448c0800e003ffff0224c4
:020000040000fa
:020000041d04d9
:10391c00e8ffbd27049d043c1000b0af0100022459
:10392c003c8290272528000080ee84241400bfaf31
:10393c000a1d410f000002ae1400bf8f040000a24c
:0c394c001000b08f0800e0031800bd2739
:020000040000fa
:020000041d04d9
:103958000000848c03008104251000000800e003a7
:1039680000000000e8ffbd271400bfaff3ef400fd1
:1039780000000000ffff0324010043502510000051
:0c3988001400bf8f0800e0031800bd27ea
:020000040000fa
:020000041d04d9
:10399400e0ffbd271800b0af1000a6af258080005f
:1039a4001c00bfafe43d400f1000a6270400038ea7
:1039b4001c00bf8fffff0424100063300b10830032
:0c39c4001800b08f0800e0032000bd27b1
:020000040000fa
:020000041d04d9
:1039d0000800c01025108000200003242318660072
:1039e0000600601c0620c500252000000610c5004a
:1039f000252880000800e0032518a0000610c2005a
:103a000004286500faff0010251045000800c010ca
:103a10002510800020000424232086000600805cfe
:103a20000418c200251800000428c20025106000f8
:103a30000800e0032518a0000428c5000610820035
:083a4000faff00102528a20086
:020000040000fa
:020000041d04d9
:103a480088bf023c0000448c0180053c50d3a3246d
:103a5800c47b047c000044ac0010448c50d3a0ac60
:103a6800080060a0c47b047c001044ac040060ac77
:083a78000800e0030c0060a04f
:020000040000fa
:020000041d04d9
:103a8000d8ffbd27020002241c00a2af03000224bd
:103a90001800a2af010002241400a2af3800a28fc8
:103aa0002400bfaf746c400f1000a2af2400bf8f82
:083ab0000800e0032800bd2717
:020000040000fa
:020000041d04d9
:103ab8004452565f4d454d4f52595f436f6d6d618e
:103ac8006e6453746174757347657428293a204984
:103ad8006e76616c696420647269766572206861cb
:083ae8006e646c652e0a0000fb
:020000040000fa
:020000041d04d9
:103af0000000838c0400828c0000a3ac0500401001
:103b0000000085ac0800828c010042240800e0031c
:103b1000080082ac0800828c040085ac01004224bd
:083b20000800e003080082ac7c
:020000040000fa
:020000041d04d9
:103b28000b00a010000000000900c01000000000f9
:103b38000700800400000000b080828f2a188200ed
:103b480003006010000000004ce0400b0000000083
:083b58000800e0032510000045
:020000040000fa
:020000041d04d9
:103b60000b0080100000000042008394400064308d
:103b700003008014251000000800e003000000008e
:103b80001c81848f010063300800e0030b10640087
:083b90000800e003251000000d
:020000040000fa
:020000041d04d9
:103b9800544350495020537461636b2041737365db
:103ba80072743a20696e2066696c653a2025732c18
:103bb8002066756e633a2025732c206c696e653a11
:083bc8002025642c200d0a00e9
:020000040000fa
:020000041d04d9
:103bd0000180023ce4d143942b188300080060105c
:103be00025100000c01004002310440080100200c3
:103bf000231044005081848f801002002110820025
:083c00000800e00300000000d1
:020000040000fa
:020000041d04d9
:103c08000b008010000000004200839440006330e5
:103c180003006014251000000800e0030000000005
:103c28000000a38c010002240800e0030c0083ac10
:083c38000800e0032510000064
:020000040000fa
:020000041d04d9
:103c40000b008010000000004200839440006330ad
:103c500003006014251000000800e00300000000cd
:103c60000000a38c010002240800e003100083acd4
:083c70000800e003251000002c
:020000040000fa
:020000041d04d9
:103c78000b00801000000000420083944000633075
:103c880003006014251000000800e0030000000095
:103c98000000a38c010002240800e003140083ac98
:083ca8000800e00325100000f4
:020000040000fa
:020000041d04d9
:103cb0005443502f495020537461636b3a204e6532
:103cc00074776f726b20636f6e666967757261746b
:103cd000696f6e206c6f6164206661696c65643a1f
:083ce0002025640d0a0000001c
:020000040000fa
:020000041d04d9
:103ce8002e2e2f7372632f636f6e6669672f64655c
:103cf8006661756c742f6c6962726172792f746376
:103d08007069702f7372632f74637069705f6d616f
:083d18006e616765722e630005
:020000040000fa
:020000041d04d9
:103d20005c008294253880002520a00020004230cd
:103d3000050040142528c000039d063c841fc624ae
:103d40000307410b5f00e724039d063c0c1fc624bc
:083d50000307410b5f00e724ab
:020000040000fa
:020000041d04d9
:103d58000180033c80cf63243000648c2800658c8c
:103d68002c00628c2b30a2000400c0502310a2004b
:103d78003000638c2128a3002310a200ffff8424b5
:083d88000800e0032310820093
:020000040000fa
:020000041d04d9
:103d90000180033c80cf63241800648c0c00628c8b
:103da0000800658c2b30a2000400c0502310a20034
:103db0001800638c2128a3002310a200ffff842495
:083dc0000800e003231082005b
:020000040000fa
:020000041d04d9
:103dc8001800868c200083242b18660008006010d9
:103dd800251080000000838c0000a58c0400848cd2
:103de8000000798cffffc62408002003180046aca9
:083df8000800e00300000000d8
:020000040000fa
:020000041d04d9
:103e00000b0080100000000003008388dc8180af7d
:103e1000e08180af00008398d08180af0100022450
:103e2000d48183af020083940800e003d68183a786
:083e30000800e003251000006a
:020000040000fa
:020000041d04d9
:103e3800ff0003240a0083100000000000a0023cd9
:103e4800700a42241000458c0500a41400000000ec
:103e5800100043ac080040ac0800e0032510000047
:083e68000800e003130002242e
:020000040000fa
:020000041d04d9
:103e70000b0080140080023ca02e428c0000439076
:103e800007006010000000000800438c2c00798cb3
:103e90000300201300000000080020031000448ce1
:083ea0000800e003000000002f
:020000040000fa
:020000041d04d9
:103ea800e8ffbd271000b0af0180103cc8cf102636
:103eb8000800048e1400bfafd608410f380000a2d6
:103ec8001400bf8f310002a2010002241000b08f3d
:083ed8000800e0031800bd27fb
:020000040000fa
:020000041d04d9
:103ee00030ea039d38ea039d0000000044ea039d88
:103ef00054ea039d64ea039d64ea039d70ea039d0e
:103f000078ea039d090000008810049d000000006d
:083f10000000000000000000a9
:020000040000fa
:020000041d04d9
:103f18000180023c8cc94224600043905f004690b7
:103f28006100459062004490001a03000180023c41
:103f3800a4a6422425186600b00443a4b20445a4ec
:083f48000800e003b40444a4e6
:020000040000fa
:020000041d04d9
:103f5000666f726d732e68746d0000006c6564325c
:103f6000000000006c65643100000000636f6f6b3f
:103f70006965732e68746d006c6564732e63676980
:083f8000000000006c65640004
:020000040000fa
:020000041d04d9
:103f88007b22646576696365537461747573223a3c
:103f98005b0000007b22766f7574223a25752c0031
:103fa80022696f7574223a25752c0000227374619a
:083fb800747573223a257500af
:020000040000fa
:020000041d04d9
:103fc000251800000a00c310000000002110830023
:103fd000010063242138a30000004290ffffe79016
:103fe000f8ff4710231047000800e003000000001e
:083ff0000800e00325100000a9
:020000040000fa
:020000041d04d9
:103ff800e8ffbd271400bfaf1000b0af1c00a5af8d
:10400800fd12410f258080001c00a58f1516410f59
:10401800212002021400bf8f251000021000b08f6b
:084028000800e0031800bd27a9
:020000040000fa
:020000041d04d9
:10403000e8ffbd271400bfaf1000b0af1c00a5af54
:10404000fd12410f258080001c00a58f2520000255
:104050002916410f010046241400bf8f1000b08fb5
:084060000800e0031800bd2771
:020000040000fa
:020000041d04d9
:10406800031905000900601000190300f007022475
:10407800140082acf00763302510a0000418027cfd
:10408800180083ac0800e003000000000800e0030b
:04409800ffff022400
:020000040000fa
:020000041d04d9
:10409c000000a290200382a00100a290210382a024
:1040ac000200a290100382a00300a290110382a030
:1040bc000400a290000382a00500a2900800e00377
:0440cc00010382a0ca
:020000040000fa
:020000041d04d9
:1040d000200382900000a2a0210382900100a2a0f0
:1040e000100382900200a2a0110382900300a2a0fc
:1040f000000382900400a2a0010382900800e00364
:044100000500a2a074
:020000040000fa
:020000041d04d9
:104104000800a28c09004010000000000400a38ce9
:104114008002637c0400601000a0033c0080033c28
:104124000800e00325104300251043000800e003c5
:044134000000000087
:020000040000fa
:020000041d04d9
:104138002538a000049d053ce8ffbd2725308000f8
:10414800705da5241400bfafbbde400f2520000022
:104158008c80828ffeff40141400bf8f0800e0039c
:044168001800bd2757
:020000040000fa
:020000041d04d9
:10416c002538a000049d053ce8ffbd2725308000c4
:10417c00905da5241400bfafbbde400f25200000ce
:10418c009080828ffeff40141400bf8f0800e00364
:04419c001800bd2723
:020000040000fa
:020000041d04d9
:1041a0000180023c84ce42240800821400000000fa
:1041b0000400a38c1000a28c02000524040085a436
:1041c0000c0083ac140082ac240080a00800e00343
:0441d00000000000eb
:020000040000fa
:020000041d04d9
:1041d400d8ffbd27010002241c00a2af3800a28f23
:1041e4001800a0af1400a0af1000a2af2400bfaf0e
:1041f400746c400f000000002400bf8f0800e0032f
:044204002800bd27aa
:020000040000fa
:020000041d04d9
:10420800d8ffbd27020002241000a7af1c00a2aff0
:104218002538c0001800a2af1400a2af2400bfaf19
:10422800746c400f253000002400bf8f0800e003a5
:044238002800bd2776
:020000040000fa
:020000041d04d9
:10423c004452565f4d454d4f52595f47656f6d6502
:10424c0074727947657428293a20496e76616c69d5
:10425c0064206472697665722068616e646c652e88
:04426c000a00000044
:020000040000fa
:020000041d04d9
:104270004452565f4d454d4f52595f4973417474d6
:10428000616368656428293a20496e76616c6964c7
:10429000206472697665722068616e646c652e0aae
:0442a000000000001a
:020000040000fa
:020000041d04d9
:1042a4004452565f4d454d4f52595f4164647265a7
:1042b400737347657428293a20496e76616c696482
:1042c400206472697665722068616e646c652e0a7a
:0442d40000000000e6
:020000040000fa
:020000041d04d9
:1042d8002538a000049d053ce8ffbd272530800057
:1042e800dc59a5241400bfafbbde400f2520000019
:1042f8009480828ffeff40141400bf8f0800e003f3
:044308001800bd27b5
:020000040000fa
:020000041d04d9
:10430c000a008010000000004200839440006330db
:10431c0003006014251000000800e00300000000fa
:10432c005e0082940800e003ecff42240800e003e6
:04433c002510000048
:020000040000fa
:020000041d04d9
:104340000a008010000000004200839440006330a7
:1043500003006014251000000800e00300000000c6
:104360004c8184af0800e003010002240800e00350
:044370002510000014
:020000040000fa
:020000041d04d9
:104374000a00801000000000420083944000633073
:1043840003006014251000000800e0030000000092
:104394006000828c0800e0030004427c0800e00313
:0443a40025100000e0
:020000040000fa
:020000041d04d9
:1043a8000a0080100000000042008394400063303f
:1043b80003006014251000000800e003000000005e
:1043c8006000828c0800e0030004427c0800e003df
:0443d80025100000ac
:020000040000fa
:020000041d04d9
:1043dc005443502f495020537461636b3a20486505
:1043ec0061702044656c657465206661696c212080
:1043fc004e6f207472616365206578697374730df8
:04440c000a000000a2
:020000040000fa
:020000041d04d9
:10441000e8ffbd271000b0af2580a00009000426ea
:104420002528c0001400bfaf1f16410f0a00062444
:10443000130000a21400bf8f1000b08f0800e0032b
:044440001800bd277c
:020000040000fa
:020000041d04d9
:10444400b481838f2a1883000800601025100000af
:104454004010040021104400801002002310440086
:10446400c081848f40110200211082000800e00303
:044474000000000044
:020000040000fa
:020000041d04d9
:1044780046008484e0ffbd271000a6271c00bfafbc
:10448800fe04410f02000524020040102518000018
:104498001000a3971c00bf8f251060000800e003e0
:0444a8002000bd270c
:020000040000fa
:020000041d04d9
:1044ac002465019d3065019d3065019d3065019d40
:1044bc003c65019d4865019d5465019d6065019dac
:1044cc006c65019d7865019d9465019d9465019dc8
:0444dc00a865019d31
:020000040000fa
:020000041d04d9
:1044e000306e049d1065019d1465019d1c65019d44
:1044f0002065019db865019dbc65019dc065019d5c
:10450000c465019dc865019dcc65019dd465019d73
:04451000dc65019dc8
:020000040000fa
:020000041d04d9
:10451400f8ffbd270400bfaf006802400008033c59
:104524002510430000688240c00000000400bf8fd3
:1045340081bf023c01000324c40043ac0800e00333
:044544000800bd2787
:020000040000fa
:020000041d04d9
:1045480081bf023c010003244000448c440043ac7a
:10455800c481828f0500401001008430c881858f96
:10456800c481998f08002003000000000800e003c0
:04457800000000003f
:020000040000fa
:020000041d04d9
:10457c000d0a202a2a2a205175697474696e6720e5
:10458c0074686520436f6d6d616e642050726f634b
:10459c006573736f722e20427965202a2a2a0d0ac0
:0445ac00000000000b
:020000040000fa
:020000041d04d9
:1045b0000a008014ffff03240080023ca02e428cde
:1045c0001400448c05008310000000000800428c99
:1045d0001400598c08002003000000000800e003cc
:0445e000ffff0224b3
:020000040000fa
:020000041d04d9
:1045e4000180023cd4cf428ce8ffbd27e8030624b7
:1045f40019008200253800001400bfaf122000000b
:10460400685a400f102800001400bf8f0800e00310
:044614001800bd27a6
:020000040000fa
:020000041d04d9
:104618007b22636f6e736f6c654c6f6773223a5bb6
:10462800000000007b22636f6e74656e74223a226c
:104638002573222c000000002274797065223a222a
:0446480025732200b4
:020000040000fa
:020000041d04d9
:10464c00e8ffbd271000b0af1400bfafa7d9400fd3
:10465c002580a000000043901400bf8fff00103293
:10466c00261870000b1003001000b08f0800e00338
:04467c001800bd273e
:020000040000fa
:020000041d04d9
:104680002c00838ce8ffbd27060060101400bfaf2c
:1046900009f86000000000001400bf8f0800e0036c
:1046a0001800bd27f21c410f0000848cfbff001096
:0446b0001400bf8fa4
:020000040000fa
:020000041d04d9
:1046b4000080023c902c422405008214000000007b
:1046c40020008290010042300300401400000000ea
:1046d4000800e0030000000085c1400b000000005a
:020000040000fa
:020000041d04d9
:1046e400080080100180033c0800868c84ce63247b
:1046f4000500c314f5ff02243c0085ac0800e00368
:1047040025100000f5ff02240800e003000000006b
:020000040000fa
:020000041d04d9
:104714003402049d98b7039dd441049d803a049dbe
:1047240054fe039dd822039dd441049d24b8039dc7
:104734000842049d4482019df4ae029d000b029d3b
:020000040000fa
:020000041d04d9
:1047440009008010020003240800828c0600431430
:104754000000000002008394ffff04240100633082
:104764000800e0030a1083000800e003ffff0224ae
:020000040000fa
:020000041d04d9
:10477400d8ffbd27010002241800a2af3800a28f81
:104784001000a7af1400a2af2400bfaf7296400f71
:10479400253800002400bf8f0800e0032800bd274f
:020000040000fa
:020000041d04d9
:1047a400d8ffbd27020002241800a2af3c00a28f4c
:1047b4002400bfaf1400a2af3800a28f7296400f3e
:1047c4001000a2af2400bf8f0800e0032800bd271b
:020000040000fa
:020000041d04d9
:1047d400d8ffbd27030002241800a2af3800a28f1f
:1047e4001000a7af1400a2af2400bfaf7296400f11
:1047f400253800002400bf8f0800e0032800bd27ef
:020000040000fa
:020000041d04d9
:10480400d8ffbd27040002241800a2af3800a28fed
:104814001000a7af1400a2af2400bfaf7296400fe0
:10482400253800002400bf8f0800e0032800bd27be
:020000040000fa
:020000041d04d9
:10483400d8ffbd27050002241800a2af3c00a28fb8
:104844002400bfaf1400a2af3800a28f7296400fad
:104854001000a2af2400bf8f0800e0032800bd278a
:020000040000fa
:020000041d04d9
:10486400ffff022406008210000000000180023cc9
:10487400f0ce42240800428c0300401400000000e3
:104884000800e00325100000c7ff400b20000424ab
:020000040000fa
:020000041d04d9
:10489400ffff022408008210000000000180023c97
:1048a400f0ce42241400438c03006010000000008a
:1048b400ffff6324140043ac0800e0030000000081
:020000040000fa
:020000041d04d9
:1048c4000100000000002000410000000000200062
:1048d4000200000000004000420000000000400010
:1048e40043000000000080001800000000000001e8
:020000040000fa
:020000041d04d9
:1048f40009008010000000004800838c030083102e
:10490400faff02240800e003000000005000828c3b
:104914000800e003500080ac0800e003faff022422
:020000040000fa
:020000041d04d9
:104924000c00858c240080ac0700a0100000828c51
:104934000800848c2518000001006324000040a4b2
:10494400fdff6514211044000800e003000000008e
:020000040000fa
:020000041d04d9
:10495400090080100000000042008394400063308e
:1049640003006014251000000800e00300000000ac
:104974000800e0030400828c0800e0032510000016
:020000040000fa
:020000041d04d9
:10498400090080100000000042008394400063305e
:1049940003006014251000000800e003000000007c
:1049a4000800e0030c00828c0800e00325100000de
:020000040000fa
:020000041d04d9
:1049b400090080100000000042008394400063302e
:1049c40003006014251000000800e003000000004c
:1049d4000800e0031000828c0800e00325100000aa
:020000040000fa
:020000041d04d9
:1049e40009008010000000004200839440006330fe
:1049f40003006014251000000800e003000000001c
:104a04000800e0031400828c0800e0032510000075
:020000040000fa
:020000041d04d9
:104a140009008010000000004200839440006330cd
:104a240003006014251000000800e00300000000eb
:104a34000800e0030800828c0800e0032510000051
:020000040000fa
:020000041d04d9
:104a4400090080100000000042008394400063309d
:104a540003006014251000000800e00300000000bb
:104a64000800e0030400828c0800e0032510000025
:020000040000fa
:020000041d04d9
:104a7400090080100000000042008394400063306d
:104a840003006014251000000800e003000000008b
:104a94000800e0030800828c0800e00325100000f1
:020000040000fa
:020000041d04d9
:104aa40040008394049d023c383342248018030060
:104ab4000a10437c2520a000030040102528c000d4
:104ac4000307410b253040000800e00325100000d7
:020000040000fa
:020000041d04d9
:104ad4000180033c82bf023c04d163241012448c45
:104ae4001c006290ff0042300300401400000000ec
:104af40080008238c001427c0800e003000000000e
:020000040000fa
:020000041d04d9
:104b0400d400828c06004010cc00838c0000458cbd
:104b14000500a310000000007db9400b0000000058
:104b24007db9400b252860000800e0030000000068
:020000040000fa
:020000041d04d9
:104b340000000000030000007050049dc0e2039dcb
:104b4400d4e7039d48e8039d38e3039d30e9039dc2
:104b5400bce8039df073049d0064049de873049d08
:020000040000fa
:020000041d04d9
:104b6400fa8182930100032407004310c03002003d
:104b7400fc8183272118660001004224000064acf4
:104b8400040065acfa8182a30800e0030000000081
:020000040000fa
:020000041d04d9
:104b94007b2263616e436f6e666967223a5b000035
:104ba4007b226d736754797065223a25752c000059
:104bb400226261756452617465223a2575000000b1
:020000040000fa
:020000041d04d9
:104bc4004150503a204661696c656420746f2072cc
:104bd400656769737465722074686520485454501d
:104be4002063616c6c6261636b21200d0a0000001c
:020000040000fa
:020000041d04d9
:104bf40000008280080040100000000025108000a2
:104c04000100422400004380feff6054010042245e
:104c14000800e003231044000800e003251000000e
:020000040000fa
:020000041d04d9
:104c240043414e3a20496e697400000043414e3ab4
:104c34002043482575204f70656e000043414e3a6d
:0c4c4400204348257520436c6f73650009
:020000040000fa
:020000041d04d9
:104c50000180023c5cd14484e8ffbd271400bfaf53
:104c6000c0f0400f000000001400bf8f2b100200a6
:0c4c7000010042240800e0031800bd27ea
:020000040000fa
:020000041d04d9
:104c7c000080023c902c42240600821400000000ac
:104c8c002000829001004330020060104408027c36
:0c4c9c00200082a00800e00300000000df
:020000040000fa
:020000041d04d9
:104ca800070080100180033c0800858c84ce6324b3
:104cb8000400a314ffff02240800e003020082841a
:0c4cc800ffff02240800e00300000000d1
:020000040000fa
:020000041d04d9
:104cd400070080100180033c0800858c84ce632487
:104ce4000400a314f5ff02240800e0031e008284dc
:0c4cf400f5ff02240800e00300000000af
:020000040000fa
:020000041d04d9
:104d0000e8ffbd271400bfaf33d3400f0000000001
:104d100003004204f7ff0224020042380100422c43
:0c4d20001400bf8f0800e0031800bd273e
:020000040000fa
:020000041d04d9
:104d2c001a0099940300222f0600401080101900dd
:104d3c00049d193c487039270ac8227f08002003bb
:0c4d4c00000000005f18410b0000000098
:020000040000fa
:020000041d04d9
:104d58001a0099940300222f0600401080101900b1
:104d6800049d193c547039270ac8227f0800200383
:0c4d7800000000005f18410b000000006c
:020000040000fa
:020000041d04d9
:104d84001a0099940800222f060040108010190080
:104d9400049d193cf05d39270ac8227f08002003ce
:0c4da400000000005f18410b0000000040
:020000040000fa
:020000041d04d9
:104db0001a0099940600222f060040108010190056
:104dc000049d193cc86539270ac8227f08002003c2
:0c4dd000000000005f18410b0000000014
:020000040000fa
:020000041d04d9
:104ddc001a0099940300222f06004010801019002d
:104dec00049d193c607039270ac8227f08002003f3
:0c4dfc00000000005f18410b00000000e8
:020000040000fa
:020000041d04d9
:104e08001a0099940500222f0600401080101900fe
:104e1800049d193ce06839270ac8227f080020034e
:0c4e2800000000005f18410b00000000bb
:020000040000fa
:020000041d04d9
:104e34001c0099940b00222f0600401080101900ca
:104e4400049d193c604e39270ac8227f08002003bc
:0c4e5400000000005f18410b000000008f
:020000040000fa
:020000041d04d9
:104e60008cfd039d1473029d207f039d58c0039dfc
:104e7000f4ce039da4d1029df830049d90e5039dde
:0c4e8000b830049de0c0039d309a039df3
:020000040000fa
:020000041d04d9
:104e8c000800c0100000000006008004b080838f72
:104e9c002a1083000300401000000000f9ff400bb3
:0c4eac00000000000800e00325100000da
:020000040000fa
:020000041d04d9
:104eb800444843503a204661696c656420746f2009
:104ec8007265676973746572204950763420666923
:0c4ed8006c74657221200d0a00000000bf
:020000040000fa
:020000041d04d9
:104ee4000180023ce4d14224060044140000000086
:104ef4005081828f030040100000000011c6400b57
:0c4f0400000000000800e00300000000b6
:020000040000fa
:020000041d04d9
:104f10000200832c070060102510000088bf023caf
:104f200080210400601342240a10447c24104500b0
:0c4f30002b1002000800e003000000004d
:020000040000fa
:020000041d04d9
:104f3c000200832c070060102510000088bf023c83
:104f4c0080210400600342240a10447c2410450094
:0c4f5c002b1002000800e0030000000021
:020000040000fa
:020000041d04d9
:104f6800f8ffbd270400bfaf006802400008033cfb
:104f78002510430000688240c00000000400bf8f75
:0c4f8800c48180af0800e0030800bd27d2
:020000040000fa
:020000041d04d9
:104f94000180033c80cf63242800648c2c00628c45
:104fa4002b2882000300a010000000003000638c56
:0c4fb400212064000800e00323108200ac
:020000040000fa
:020000041d04d9
:104fc0000180033c80cf63240c00628c0800648c59
:104fd0002b2882000300a010000000001800638c42
:0c4fe000212083000800e0032310820061
:020000040000fa
:020000041d04d9
:104fec00e0ffbd272520a0001c00bfaffd12410f24
:104ffc001000a5af1000a58f1c00bf8fd681849721
:0c500c0025304000380e410b2000bd276d
:020000040000fa
:020000041d04d9
:10501800d400838c07006010000000000400658c39
:10502800d000828c03004510000000007db9400bc1
:0c503800000000000800e0030000000081
:020000040000fa
:020000041d04d9
:105044000000828c0400848ce8ffbd270000428ca1
:10505400049d053c1400bfaf09f84000e463a52497
:0c5064001400bf8f9b0b410b1800bd27f0
:020000040000fa
:020000041d04d9
:10507000080080140180033c0000a48c4cd46224fe
:10508000010005244cd464ac01000324080045a0b1
:0c509000040043ac0800e0030000000036
:020000040000fa
:020000041d04d9
:10509c0004006400dc05000450000a000a00030050
:1050ac000000040000020a000a000a0000000000d0
:0c50bc004083039dd0ef039d80ea039d1c
:020000040000fa
:020000041d04d9
:1050c8002520a0000180053ce8ffbd272530000011
:1050d8001400bfafdd01410f22cea5241400bf8ffd
:0c50e800251000000800e0031800bd27a0
:020000040000fa
:020000041d04d9
:1050f4002520a0000180053ce8ffbd2725300000e5
:105104001400bfafdd01410f2ccea5241400bf8fc6
:0c511400251000000800e0031800bd2773
:020000040000fa
:020000041d04d9
:105120002520a0000180053ce8ffbd2725300000b8
:105130001400bfafdd01410f04cea5241400bf8fc2
:0c514000251000000800e0031800bd2747
:020000040000fa
:020000041d04d9
:10514c002520a0000180053ce8ffbd27253000008c
:10515c001400bfafdd01410f4acea5241400bf8f50
:0c516c00251000000800e0031800bd271b
:020000040000fa
:020000041d04d9
:105178002520a0000180053ce8ffbd272530000060
:105188001400bfafdd01410f5acea5241400bf8f14
:0c519800251000000800e0031800bd27ef
:020000040000fa
:020000041d04d9
:1051a4002520a0000180053ce8ffbd272530000034
:1051b4001400bfafdd01410f6ecea5241400bf8fd4
:0c51c400251000000800e0031800bd27c3
:020000040000fa
:020000041d04d9
:1051d0002520a000049d053ce8ffbd2725300000e8
:1051e0001400bfafdd01410fc874a5241400bf8fa8
:0c51f000251000000800e0031800bd2797
:020000040000fa
:020000041d04d9
:1051fc000800c01025108000213086002518800082
:10520c000100a524ffffa79001006324fcff661496
:0c521c00ffff67a00800e0030000000096
:020000040000fa
:020000041d04d9
:10522800000082800000a38003004314ff00633065
:105238000400405401008424ff0042300800e003c9
:0c52480023104300f6ff00100100a52415
:020000040000fa
:020000041d04d9
:105254006bffcefbcefb0000183535000a000000c2
:1052640064000000e803000010270000a08601008d
:0c52740040420f008096980000e1f50514
:020000040000fa
:020000041d04d9
:105280004000838c3c00868c500085ac2310660067
:105290000400a010540082ac2a10a2000100405467
:0c52a0002118c5000800e0034c0083ac9e
:020000040000fa
:020000041d04d9
:1052ac000060024400706944006063442530400093
:1052bc002520200100f0657c04f0047c000086446d
:0c52cc002518a4000800e0030000e344e3
:020000040000fa
:020000041d04d9
:1052d8000180043cc0d1822401000324080043acaf
:1052e8000180033c88d46324c0d183ac0200033c12
:0c52f80060ea63240800e003040043acfb
:020000040000fa
:020000041d04d9
:105304000080033c902c632405008314ffff0224d7
:105314002000839001006330010060541c00828ce3
:085324000800e0030000000096
:020000040000fa
:020000041d04d9
:10532c004452565f4d454d4f52595f436c6f7365f8
:10533c0028293a20496e76616c69642068616e6434
:08534c006c652e0a0000000050
:020000040000fa
:020000041d04d9
:10535400e8ffbd271400bfaf5af0400f2528000016
:1053640002004050ffff02240c00428c1400bf8f47
:085374000800e0031800bd274a
:020000040000fa
:020000041d04d9
:10537c00e8ffbd271000b0af1400bfaf481b410fb2
:10538c0025808000252000021400bf8f1000b08ff4
:08539c00881c410b1800bd271d
:020000040000fa
:020000041d04d9
:1053a400ffff022406008210000000000180023c7e
:1053b400f0ce42240800428c0800e0030000000004
:0853c4000800e00302000224ce
:020000040000fa
:020000041d04d9
:1053cc001000828c0300422c050040141400838cc6
:1053dc0001000224000062a00800e0030300022484
:0853ec000800e003ffff0224aa
:020000040000fa
:020000041d04d9
:1053f40007008010000000000180023c40cf468c72
:105404000300c0100180053cbc04410b58cfa52407
:085414000800e0032510000070
:020000040000fa
:020000041d04d9
:10541c004950763420496e69743a204661696c654e
:10542c006420746f20696e6974616c697a653a20c6
:08543c00256421200d0a000087
:020000040000fa
:020000041d04d9
:1054440007008010fc80868f0500c010049d073c77
:105454000180053c705ee7249bd3400b60d3a524f8
:085464000800e0032510000020
:020000040000fa
:020000041d04d9
:10546c000000a29401004330050060100400027c8f
:10547c000000a2a42400828cffff4224240082acf2
:08548c000800e003000000002d
:020000040000fa
:020000041d04d9
:105494000c00838c2b18a30005006010251000005d
:1054a4000800828c0000838c0220a27021108300eb
:0854b4000800e0030000000005
:020000040000fa
:020000041d04d9
:1054bc000700801000000000420083943c0084240c
:1054cc00400062300a2002000800e0032510800032
:0854dc000800e00325100000a8
:020000040000fa
:020000041d04d9
:1054e4000700801000000000420083943c008424e4
:1054f400400062300a2002000800e003251080000a
:085504000800e003251000007f
:020000040000fa
:020000041d04d9
:10550c005443502f495020537461636b3a20496eb9
:10551c00697469616c697a6174696f6e2053746126
:08552c0072746564200d0a0091
:020000040000fa
:020000041d04d9
:10553400e8ffbd271000b0af1400bfaf5e08410ff5
:1055440025808000252000021400bf8f1000b08f3a
:0855540050e3400b1800bd27d5
:020000040000fa
:020000041d04d9
:10555c005481828f04004018020003241800848cac
:10556c0003008310ffff42240800e003000000004a
:08557c000800e003548182af36
:020000040000fa
:020000041d04d9
:1055840005008010000000000000838c010002244c
:1055940003006210000000000800e0032510000072
:0855a40091a1400b0000000082
:020000040000fa
:020000041d04d9
:1055ac000d0a0d0a000000004d5046530201000088
:1055bc002f6d6e742f6d7957656200002f646576c0
:0855cc002f6d746461310000d1
:020000040000fa
:020000041d04d9
:1055d400436f6f6b69653a00417574686f72697add
:1055e4006174696f6e3a0000436f6e74656e742d5a
:0855f4004c656e6774683a0013
:020000040000fa
:020000041d04d9
:1055fc00421104000029020081bf023cc000422479
:10560c00010003242110450004188300080043ac5a
:08561c000800e003000000009b
:020000040000fa
:020000041d04d9
:10562400421104000029020081bf023cc000422450
:10563400010003242110450004188300040043ac36
:085644000800e0030000000073
:020000040000fa
:020000041d04d9
:10564c00421104000029020081bf023c40004224a8
:10565c00010003242110450004188300040043ac0e
:08566c000800e003000000004b
:020000040000fa
:020000041d04d9
:105674000700801000000000f8ffbd270400bfaf42
:10568400206062410400bf8f0800e0030800bd27ca
:085694000800e0030000000023
:020000040000fa
:020000041d04d9
:10569c00d6818497e0ffbd271000a5271c00bfaf63
:1056ac001a0e410f010006241c00bf8f1000a283ac
:0856bc000800e0032000bd27f7
:020000040000fa
:020000041d04d9
:1056c40007008014000000000080023ca02e428ce1
:1056d4000800438c1c00798c080020031400448cbf
:0856e4000800e003251000009e
:020000040000fa
:020000041d04d9
:1056ec00ffff022405008250090002241700022447
:1056fc000c0082ac0800e003ffff0224048282af9e
:08570c000800e003ffff022486
:020000040000fa
:020000041d04d9
:105714000500000001000000b00400003c0000008f
:1057240002000000320000004b00000001000000f5
:08573400030000000100000069
:020000040000fa
:020000041d04d9
:10573c0000000000002088bf0000000040000000b6
:10574c00b065049d000000008427049d7874049dbe
:08575c0000000000900a00802b
:020000040000fa
:020000041d04d9
:1057640000000000f85b049d010000000000000040
:1057740001040000000b00a0e8d200809cd100804e
:0857840001000000010000001b
:020000040000fa
:020000041d04d9
:10578c00696e666f00000000737563636573730068
:10579c007761726e696e67006572726f72000000dd
:0857ac00756e6b6e6f776e00e5
:020000040000fa
:020000041d04d9
:1057b400436f756c646e2774206f70656e2073651b
:1057c4007276657220736f636b65742028696e64ea
:0857d40065783a2025752900d3
:020000040000fa
:020000041d04d9
:1057dc007b226d6f64627573436667223a0000002a
:1057ec007b22706f7274223a25752c0022756964c5
:0857fc00223a257500000000af
:020000040000fa
:020000041d04d9
:105804000700c01025108000202c057c2130860064
:105814002518800001006324feff6614ffff65a0c5
:085824000800e0030000000091
:020000040000fa
:020000041d04d9
:10582c0002000010251080002510c0000100a524e6
:10583c00ffffa38001004624fbff6014ffffc3a001
:08584c000800e0030000000069
:020000040000fa
:020000041d04d9
:10585400e8ffbd271000b0af1400bfaf0b16410f17
:10586400258080001400bf8f251000021000b08f27
:085874000800e0031800bd2745
:020000040000fa
:020000041d04d9
:10587c00e8ffbd271000b0af1400bfafebf6400f30
:10588c00258080001400bf8f251000021000b08fff
:08589c000800e0031800bd271d
:020000040000fa
:020000041d04d9
:1058a400ff00a53021308600050086102510000079
:1058b400ffffc390ffffc224fbff651425304000a7
:0858c4000800e00300000000f1
:020000040000fa
:020000041d04d9
:1058cc000180033c78d4668c0500c01425100000c0
:1058dc0078d464ac100080ac000085ac01000224cc
:0858ec000800e00300000000c9
:020000040000fa
:020000041d04d9
:1058f400e0ffbd272800a6af2800a6271c00bfafe5
:105904002c00a7af4716410f1000a6af1c00bf8f95
:085914000800e0032000bd279c
:020000040000fa
:020000041d04d9
:10591c002538c0002530a000ff7f053ce8ffbd27df
:10592c001400bfafd7d9400fffffa5341400bf8fb1
:08593c000800e0031800bd277c
:020000040000fa
:020000041d04d9
:10594800000000000000f03f000000000000e03f01
:105958000000000000005043000000000000b03fbd
:085968000000000000002040d7
:020000040000fa
:020000041d04d9
:10597000e0ffbd27010002241000a2af1c00bfaf52
:105980006adc400f000000001c00bf8f0800e0032d
:045990002000bd270f
:020000040000fa
:020000041d04d9
:105994000180023c84ce43240400831400000000f0
:1059a400040080a484ce40a0140080ac0800e0036e
:0459b40000000000ef
:020000040000fa
:020000041d04d9
:1059b8005f4452565f5048595f534d495472616e67
:1059c8007366657257616974436f6d706c65746551
:0459d80000000000cb
:020000040000fa
:020000041d04d9
:1059dc00644d49494d204173736572743a202573a7
:1059ec002c20696e206c696e653a2025642c200d84
:0459fc000a0000009d
:020000040000fa
:020000041d04d9
:105a0000ffff022405008210000000000180023c1c
:105a1000f0ce42242c0045ac300046ac0800e00338
:045a20000000000082
:020000040000fa
:020000041d04d9
:105a240004008010000000004800838c03008310f1
:105a3400000000000800e003faff02245d94400b1c
:045a4400000000005e
:020000040000fa
:020000041d04d9
:105a48000c00828c05004010000000002000428cf1
:105a5800080042380800e003c000427c0800e00368
:045a68002510000005
:020000040000fa
:020000041d04d9
:105a6c0006008004b080838f2a108300030040104e
:105a7c0000000000adb0400b000000000800e00387
:045a8c0025100000e1
:020000040000fa
:020000041d04d9
:105a90000180023c7ccf428c030044502000438ca8
:105aa00004f1400b00000000c418037c0800e00370
:045ab000200043ace3
:020000040000fa
:020000041d04d9
:105ab400e8ffbd27010006241400bfafa725400f4f
:105ac400100005241400bf8f0100422c0800e003dd
:045ad4001800bd27d2
:020000040000fa
:020000041d04d9
:105ad80002000224050082102538c00001000424b9
:105ae8002530a0006250400b010005240800e003a7
:045af800ffff022486
:020000040000fa
:020000041d04d9
:105afc00e8ffbd271c00a5a3010006241400bfafbe
:105b0c001e6b400f1c00a5271400bf8f0800e0037c
:045b1c001800bd2789
:020000040000fa
:020000041d04d9
:105b20000400a38c03006014ffff02240800e003bc
:105b3000000000000000a38c000062a00800e00349
:045b4000010002243a
:020000040000fa
:020000041d04d9
:105b440006008010000000002c00828c3000838c42
:105b5400231043000800e003001102000800e003e2
:045b64002510000008
:020000040000fa
:020000041d04d9
:105b680050f5039d2453029dc429049dc804029d39
:105b78004062049ddc62039d445b049d5c62049d5d
:045b88007862049d9e
:020000040000fa
:020000041d04d9
:105b8c0006008010251000004400828c0300401099
:105b9c00000000000800e0030400428c0800e00351
:045bac0000000000f5
:020000040000fa
:020000041d04d9
:105bb00020da029d4450049dd40f049de40f049dff
:105bc000109c039de80f049d0410049d74b4019d76
:045bd0000c10049d14
:020000040000fa
:020000041d04d9
:105bd4000800a3940400a48cec818227040043a44d
:105be40002000324000043ace88184af0800e00312
:045bf4002510000078
:020000040000fa
:020000041d04d9
:105bf8009cb1029d9448049d6448049d6c70049d6a
:105c0800f0c1039df083039d005a049dfcc3029dcf
:045c1800a453049df0
:020000040000fa
:020000041d04d9
:105c1c006e6f6e6500000000485454502065766528
:105c2c006e743a2025642c20696e666f3a202573b9
:045c3c000d0a00004d
:020000040000fa
:020000041d04d9
:105c4000200083349fff63241a00632c0300601438
:105c500001000224d0ff84240a00822c0800e00303
:045c60000000000040
:020000040000fa
:020000041d04d9
:105c6400d0ff83240a00632c040060140100022482
:105c7400200084349fff82240600422c0800e003a5
:045c8400000000001c
:020000040000fa
:020000041d04d9
:105c88000180043c7cd4828c954c033c2d7f63249a
:105c980002104370010042247cd482ac0800e00367
:045ca80042140200a0
:020000040000fa
:020000041d04d9
:105cac00e0ffbd272c00a7af2c00a7271c00bfaf1f
:105cbc00d7d9400f1000a7af1c00bf8f0800e0031e
:045ccc002000bd27d0
:020000040000fa
:020000041d04d9
:105cd000e8ffbd271400bfaf06b8400f2530000015
:105ce0001400bf8f2b1002000800e0031800bd272e
:020000040000fa
:020000041d04d9
:105cf0000180023c54d14224010003240c0045ac35
:105d0000100046ac040043ac0800e003251000007e
:020000040000fa
:020000041d04d9
:105d10000180023c54d1422402000324140045ac0b
:105d2000180046ac040043ac0800e0032510000056
:020000040000fa
:020000041d04d9
:105d300000002110422063308440a550c660e77007
:105d4000088129914aa16bb18cc1add1cee1eff1af
:020000040000fa
:020000041d04d9
:105d50000100000002000000080000000400000034
:105d60001000000020000000400000008000000043
:020000040000fa
:020000041d04d9
:105d700050485920436f6e643a2025732c20696e79
:105d8000206c696e653a2025642c200d0a00000005
:020000040000fa
:020000041d04d9
:105d9000504859204173736572743a2025732c2042
:105da000696e206c696e653a2025642c200d0a000e
:020000040000fa
:020000041d04d9
:105db000e0ffbd271000a0af1c00bfaf6adc400fa2
:105dc000000000001c00bf8f0800e0032000bd277a
:020000040000fa
:020000041d04d9
:105dd0004452565f504859206f7065726174696f04
:105de0006e206572726f723a2025640d0a00000001
:020000040000fa
:020000041d04d9
:105df0008872049d7428039dd0c8039d980c049d4f
:105e00003c0c049de00b049d840b049d7c7d029d55
:020000040000fa
:020000041d04d9
:105e1000252e32783a252e32783a252e32783a25b8
:105e20002e32783a252e32783a252e32780000002c
:020000040000fa
:020000041d04d9
:105e3000000000000000000001000000d069049d87
:105e400002000000d869049d03000000dc69049d85
:020000040000fa
:020000041d04d9
:105e5000000102240300c210010006240800e00330
:105e6000000000000100052425ce400b0e00042494
:020000040000fa
:020000041d04d9
:105e7000080082900400401000000000e880828f3b
:105e8000ffff4224e88082af0800e003000000002a
:020000040000fa
:020000041d04d9
:105e9000000102240300c210010006240800e003f0
:105ea000000000000100052425ce400b0c00042456
:020000040000fa
:020000041d04d9
:105eb000050080100481868f0300c0100180053c1e
:105ec000bc04410b80d3a5240800e003251000008a
:020000040000fa
:020000041d04d9
:105ed0000180023ce4d1422403004414000000008d
:105ee0000800e0032c81828f0800e003ffff0224fa
:020000040000fa
:020000041d04d9
:105ef0000180033ce4d163240c00658c0200a414ef
:105f0000251000000800628c0800e003000000007b
:020000040000fa
:020000041d04d9
:105f10000608020000000100000803000000000065
:105f2000ffff040000000000ffff0500000000006c
:020000040000fa
:020000041d04d9
:105f30005061636b65742041636b3a206f727068c7
:105f4000616e207061636b657421200d0a00000092
:020000040000fa
:020000041d04d9
:105f50008481828f04004010252880000400598c21
:105f600008002003252040000800e0032510000061
:020000040000fa
:020000041d04d9
:105f70008481828f04004010252880000c00598cf9
:105f800008002003252040000800e0030000000076
:020000040000fa
:020000041d04d9
:105f9000000202240300c250010006240800e003ae
:105fa000000000000100052425ce400b1800042449
:020000040000fa
:020000041d04d9
:105fb0005472616e736665722d456e636f64696eaf
:105fc000673a206368756e6b65640d0a0d0a000000
:020000040000fa
:020000041d04d9
:105fd0004219040081bf023c00190300c0004224a2
:105fe0000a10437c061082000800e00301004230e2
:020000040000fa
:020000041d04d9
:105ff000f8ffbd270400bfaf00606241c000000091
:106000000400bf8f010042300800e0030800bd27f4
:020000040000fa
:020000041d04d9
:106010001017049db816049d6016049d0816049d73
:106020000000000000000000000000000000000070
:020000040000fa
:020000041d04d9
:106030000800000608000400000001000200f4014e
:1060400037420000002088bff0fd039d3c57049daf
:020000040000fa
:020000041d04d9
:10605000257320495020416464726573733a20258a
:10606000642e25642e25642e2564200d0a00000070
:020000040000fa
:020000041d04d9
:106070007b2275736572436667223a007b227573d3
:1060800065726e616d65223a222573220000000060
:020000040000fa
:020000041d04d9
:10609000000000000000f03f00000000000024406d
:1060a0000000000000005043000000000000144009
:1060b000000000000000e043000000000000e0c31a
:1060c000000000f0ffff1f34000000000000f00798
:020000040000fa
:020000041d04d9
:1060d00000008c90ffffc624010084240000aca0c7
:1060e000fbffc0140100a5240800e0032510800078
:020000040000fa
:020000041d04d9
:1060f000002a0500007fa530007f0224340282ac14
:0c610000380285ac0800e003000000003d
:020000040000fa
:020000041d04d9
:10610c000080033c902c63240200831425100000b3
:0c611c009c00828c0800e00300000000e2
:020000040000fa
:020000041d04d9
:10612800e8ffbd271400bfaf6e1c410f0000000040
:0c6138001400bf8f0800e0031800bd2712
:020000040000fa
:020000041d04d9
:106144004452562050485920696e6974206661692a
:0c6154006c65643a2025640d0a00000010
:020000040000fa
:020000041d04d9
:106160000180033c84ce632402008314ffff0224d9
:0c617000040082840800e003000000002e
:020000040000fa
:020000041d04d9
:10617c0002000224020082a4f7ff023c180080ac4b
:0c618c001c0082ac331a410bf7ff042406
:020000040000fa
:020000041d04d9
:106198005f4452565f5048595f534d495472616e7f
:0c61a8007366657253746172740000002d
:020000040000fa
:020000041d04d9
:1061b4008072049d084e049ddc4d049db04d049de9
:0c61c400844d049d584d049d2c4d049dfd
:020000040000fa
:020000041d04d9
:1061d0000000a28c252880001400598c340082ac69
:0c61e000049d043c08002003bc698424da
:020000040000fa
:020000041d04d9
:1061ec00535049464c6173682049443a2025782c19
:0c61fc002025782c202578200a0d0000ba
:020000040000fa
:020000041d04d9
:10620800e872049dcc53049de811049d60d5039d5c
:0c62180088de039d902c049de06d049d29
:020000040000fa
:020000041d04d9
:10622400ec28049d4c5e039dd820049de054039dfe
:0c62340000c9019d4800049d205b049df2
:020000040000fa
:020000041d04d9
:1062400004008010000000002c00828c0800e00395
:0c625000001102000800e003251000000f
:020000040000fa
:020000041d04d9
:10625c0004008010000000003400828c0800e00371
:0c626c00001102000800e00325100000f3
:020000040000fa
:020000041d04d9
:1062780004008010000000003800828c0800e00351
:0c628800380080ac0800e003f7ff02249f
:020000040000fa
:020000041d04d9
:106294000400801000000000420082940800e00323
:0c62a4008001427c0800e003251000008f
:020000040000fa
:020000041d04d9
:1062b0000400801025100000420082940700423044
:0c62c0000100422c0800e0030000000078
:020000040000fa
:020000041d04d9
:1062cc000400801000000000100006240116410b91
:0c62dc00252800000800e003000000007e
:020000040000fa
:020000041d04d9
:1062e80040100400211044000180043c801002008a
:0c62f800f4cc8424840d410b2120820092
:020000040000fa
:020000041d04d9
:10630400756e6b0065746800776c616e0000000048
:0c6314007070700067336164700000005e
:020000040000fa
:020000041d04d9
:106320002510a0002528c000039d063c5f0087249f
:0c6330004c3ac6240307410b2520400016
:020000040000fa
:020000041d04d9
:10633c00535349204563686f202d204e6f742046bf
:0c634c006f756e643a202573000000009d
:020000040000fa
:020000041d04d9
:10635800f8ffbd270400bfaf008002400400bf8fd4
:0c636800030042300800e0030800bd27dd
:020000040000fa
:020000041d04d9
:10637400f8ffbd270400bfaf00588440c0000000f0
:0c6384000400bf8f0800e0030800bd27e4
:020000040000fa
:020000041d04d9
:1063900086bf023c00220400380142242110440040
:0c63a000000045ac0800e0030000000015
:020000040000fa
:020000041d04d9
:1063ac0086bf023c00220400340142242110440028
:0c63bc00000045ac0800e00300000000f9
:020000040000fa
:020000041d04d9
:1063c80080bf023c0008438c01000424c47b837c0a
:0c63d800000843ac0800e00300000000d7
:020000040000fa
:020000041d04d9
:1063e4000d0a202a2a2a2053797374656d20526578
:0c63f400626f6f74202a2a2a0d0a000034
:020000040000fa
:020000041d04d9
:1064000004008014000000000180023c0800e0034a
:0c64100050d4428c0800e003030002247a
:020000040000fa
:020000041d04d9
:10641c00846a049dd407049d1445049d2071049d39
:0c642c00000000007463049d1867049dcc
:020000040000fa
:020000041d04d9
:106438000180023ce8864224ffff0324f00a40acb6
:0c644800f40a43ac0800e003f80a40ac82
:020000040000fa
:020000041d04d9
:1064540001000c0065007000c900d4002d01380152
:0c64640090019d01f401fa0158025c0255
:020000040000fa
:020000041d04d9
:106470007b2263616e537461747573223a5b000012
:0c6480007b2263616e223a25750000004b
:020000040000fa
:020000041d04d9
:10648c00bfff83241a00632c0200601025108000cb
:0c649c00200082340800e0030000000033
:020000040000fa
:020000041d04d9
:1064a8009fff83241a00632c0200601025108000cf
:0c64b8005f0082300800e00300000000dc
:020000040000fa
:020000041d04d9
:1064c400e8ffbd271400bfafc8eb400f010006244e
:0c64d4001400bf8f0800e0031800bd2773
:020000040000fa
:020000041d04d9
:1064e000e8ffbd271400bfafab14410f0000000050
:0c64f0001400bf8f0800e0031800bd2757
:020000040000fa
:020000041d04d9
:1064fc00e8ffbd271400bfaf0e1a410f00000000cb
:0c650c001400bf8f0800e0031800bd273a
:020000040000fa
:020000041d04d9
:10651800e8ffbd271400bfafb56f400f00000000b3
:0c6528001400bf8f0800e0031800bd271e
:020000040000fa
:020000041d04d9
:10653400e8ffbd271400bfafd0ef400f00000000fc
:0c6544001400bf8f0800e0031800bd2702
:020000040000fa
:020000041d04d9
:106550000000200201020006000000000b080000fd
:08656000010000000000000032
:020000040000fa
:020000041d04d9
:106568007f00a5307f000224240282ac280285ac7b
:086578000800e0030000000030
:020000040000fa
:020000041d04d9
:106580007f00a5307f000224340282ac380285ac43
:086590000800e0030000000018
:020000040000fa
:020000041d04d9
:106598002510c0006000d98c2530a0002528800077
:0865a800080020035c00448c94
:020000040000fa
:020000041d04d9
:1065b0002458029dd848029d3c70049d00000000b4
:0865c0000000000000000000d3
:020000040000fa
:020000041d04d9
:1065c800a834049d74cf039de821039d7830049d71
:0865d8001cef029dd09a039d07
:020000040000fa
:020000041d04d9
:1065e0004d49494d5f50726f636573735f526561ca
:0865f00064457874000000000e
:020000040000fa
:020000041d04d9
:1065f8004d49494d5f50726f636573735f57726998
:08660800746545787400000080
:020000040000fa
:020000041d04d9
:106610005f4452565f4d49494d5f52656c656173e9
:08662000654f704463707400c3
:020000040000fa
:020000041d04d9
:106628005f4452565f4d49494d5f4f704c697374d2
:0866380052656d6f76650000ec
:020000040000fa
:020000041d04d9
:10664000022104000a00832c300082245700842495
:086650000800e0030a108300ba
:020000040000fa
:020000041d04d9
:106658000f0084300a00832c3000822457008424e1
:086668000800e0030a108300a2
:020000040000fa
:020000041d04d9
:106670000300c3880800a28c0000c39826104300c2
:086680000800e0032b100200ea
:020000040000fa
:020000041d04d9
:1066880003008010000000000800e0035800829416
:086698000800e003ffff0224eb
:020000040000fa
:020000041d04d9
:1066a00003008010000000000800e00358008294fe
:0866b0000800e003ffff0224d3
:020000040000fa
:020000041d04d9
:1066b80003008010000000000000a28c0c0082acd7
:0866c8000800e00300000000df
:020000040000fa
:020000041d04d9
:1066d0000d0a3330342052656469726563743a2060
:0866e00025730d0a0000000003
:020000040000fa
:020000041d04d9
:1066e8001800878c2520a0002528c000049d063ca2
:0866f8000307410bd066c62424
:020000040000fa
:020000041d04d9
:10670000f037049d1058039d0062019d5c8f019d30
:086710000462019db4a9019d82
:020000040000fa
:020000041d04d9
:10671800f8ffbd270400bfaf004802400400bf8f48
:086728000800e0030800bd2792
:020000040000fa
:020000041d04d9
:106730000180023c04d14224200044ac240045ac3a
:086740000800e0030000000066
:020000040000fa
:020000041d04d9
:1067480080bf023c0008422443570324020043a4ac
:086758000800e003000000004e
:020000040000fa
:020000041d04d9
:106760006e766d00736400006d6d63626c6b00008b
:0867700072616d006d7464009c
:020000040000fa
:020000041d04d9
:106778000300a014000000000800e003000000006f
:086788007f15410b0000000029
:020000040000fa
:020000041d04d9
:10679000208286af25308000049d043c0100072440
:0867a00077d9400b5c718424e1
:020000040000fa
:020000041d04d9
:1067a800f8ffbd270400bfaf006802400070024038
:0867b800ffff001000000000cb
:020000040000fa
:020000041d04d9
:1067c0004075039d944f049d583d049d989e029de5
:0867d000c04f049d903d049da3
:020000040000fa
:020000041d04d9
:1067d8007cc6019d2c71049d986a049dd44a049d31
:0867e800000000003067049d71
:020000040000fa
:020000041d04d9
:1067f00000601a40bfff1b3cffff7b3724d05b03c8
:0868000000609a4018000042fc
:020000040000fa
:020000041d04d9
:1068080068076c094c836a9074a07ac00080688815
:0868180000846c820081000085
:020000040000fa
:020000041d04d9
:10682000000000000000f0bf000000000000304346
:08683000000000000000f03f31
:020000040000fa
:020000041d04d9
:1068380000600444006065440000844400f0a37cc8
:086848000800e0030000e34436
:020000040000fa
:020000041d04d9
:10685000ffffc6240000a0a0fdffc0140100a52476
:086860000800e0032510800090
:020000040000fa
:020000041d04d9
:106868000180023c54d14224200045ac0800e003da
:046878001c0046ac0e
:020000040000fa
:020000041d04d9
:10687c002000828c8228050084f8a27c0800e003aa
:04688c00200082acba
:020000040000fa
:020000041d04d9
:106890003000828c8228050084f8a27c0800e00386
:0468a000300082ac96
:020000040000fa
:020000041d04d9
:1068a40000eb039d7c52039da430039d8092039dc5
:0468b4008827039d91
:020000040000fa
:020000041d04d9
:1068b80002000224020082a4180080ac0800e00351
:0468c8001c0080ac84
:020000040000fa
:020000041d04d9
:1068cc00049d053c25308000d05da524bbde400b2b
:0468dc002520000073
:020000040000fa
:020000041d04d9
:1068e000a024029dc89b029d4c12039dd084029d52
:0468f000344e049d81
:020000040000fa
:020000041d04d9
:1068f400049d063c2538a0001447c624c208410b59
:0469040025288000c2
:020000040000fa
:020000041d04d9
:106908005f4452565f4d49494d5f4765744f704427
:046918006370740034
:020000040000fa
:020000041d04d9
:10691c005f4452565f4d49494d5f4f7052657375d8
:04692c006c74000087
:020000040000fa
:020000041d04d9
:106930005f4452565f4d49494d5f5265706f7274a6
:046940004f70000094
:020000040000fa
:020000041d04d9
:106944004d49494d5f50726f636573735f52656162
:0469540064000000db
:020000040000fa
:020000041d04d9
:106958004d49494d5f50726f636573735f57726934
:046968007465000052
:020000040000fa
:020000041d04d9
:10696c004d49494d5f50726f636573735f5363613b
:04697c006e000000a9
:020000040000fa
:020000041d04d9
:106980005f4452565f4d49494d5f50726f63657366
:04699000734f7000d1
:020000040000fa
:020000041d04d9
:10699400b837039d3046039d4853039d44e8029d48
:0469a4003cf0029d24
:020000040000fa
:020000041d04d9
:1069a8000400060008000a000e0014001c0028005d
:0469b8003000320079
:020000040000fa
:020000041d04d9
:1069bc00440080ac400080ac380080ac1974400bb3
:0469cc003c0080ac5f
:020000040000fa
:020000041d04d9
:1069d00066756c6c000000006c6f7700646f776efa
:0469e00000000000b3
:020000040000fa
:020000041d04d9
:1069e4002510a00025300000252880004fb1400b61
:0469f400252040001a
:020000040000fa
:020000041d04d9
:1069f8005f5443504950537461636b5061636b65d6
:046a0800745478004a
:020000040000fa
:020000041d04d9
:106a0c000463049d0863049d0c63049d1463049d3e
:046a1c001863049d5a
:020000040000fa
:020000041d04d9
:106a20002520a0002528c000049d063c0307410b3b
:046a3000640ec62406
:020000040000fa
:020000041d04d9
:106a340088bf023c4010438c3f00023c0800e00346
:046a440024106200b8
:020000040000fa
:020000041d04d9
:106a4800000048420000c8420000004f00007a449d
:046a58000024744959
:020000040000fa
:020000041d04d9
:106a5c0088bf023c4000438c3f00023c0800e0032e
:046a6c002410620090
:020000040000fa
:020000041d04d9
:106a7000000048420000c8420000004f00007a4475
:046a80000024744931
:020000040000fa
:020000041d04d9
:106a8400c4818227000044ac040045ac0800e00344
:046a940000000000fe
:020000040000fa
:020000041d04d9
:106a98002538a00025308000252800009f71400b74
:046aa80025200000a5
:020000040000fa
:020000041d04d9
:106aac00ec4f049d5c64039d282e049dd073049dc3
:046abc009c56049d43
:020000040000fa
:020000041d04d9
:106ac0006067049d6467049d6867049d7067049d0a
:046ad0007467049d46
:020000040000fa
:020000041d04d9
:106ad4001400170078007b00dc00df004001430154
:046ae4000802090299
:020000040000fa
:020000041d04d9
:106ae800636865636b656400756e636865636b6591
:046af8006400000036
:020000040000fa
:020000041d04d9
:106afc005068049dd060049d30db039d30db039d0a
:046b0c005cfc039d8d
:020000040000fa
:020000041d04d9
:106b1000747275650000000025640000256c660035
:020000040000fa
:020000041d04d9
:106b20006e756c6c0000000066616c73650000009f
:020000040000fa
:020000041d04d9
:106b30000000c0ffffffdf41000000000000e0c1d7
:020000040000fa
:020000041d04d9
:106b400001000224080082ac0800e00300000000fd
:020000040000fa
:020000041d04d9
:106b500000800234080282ac0800e003000000005c
:020000040000fa
:020000041d04d9
:106b600000800234040282ac0800e0030000000050
:020000040000fa
:020000041d04d9
:106b700000800234040082ac0800e0030000000042
:020000040000fa
:020000041d04d9
:106b800000800234080082ac0800e003000000002e
:020000040000fa
:020000041d04d9
:106b900000020224040082ac0800e00300000000b0
:020000040000fa
:020000041d04d9
:106ba00000020224080082ac0800e003000000009c
:020000040000fa
:020000041d04d9
:106bb00000010224040082ac0800e0030000000091
:020000040000fa
:020000041d04d9
:106bc00000010224080082ac0800e003000000007d
:020000040000fa
:020000041d04d9
:106bd00040028294046aa27c0800e003400282a47e
:020000040000fa
:020000041d04d9
:106be000400282940418a27c0800e003400282a4c0
:020000040000fa
:020000041d04d9
:106bf00000080224680282ac0800e00300000000e4
:020000040000fa
:020000041d04d9
:106c000060028294c45a027c0800e003600282a4fd
:020000040000fa
:020000041d04d9
:106c1000600282940442a27c0800e003600282a425
:020000040000fa
:020000041d04d9
:106c2000ffc0a530a40085ac0800e0030000000010
:020000040000fa
:020000041d04d9
:106c3000ffc0a530a80085ac0800e00300000000fc
:020000040000fa
:020000041d04d9
:106c4000002c0500080085ac0800e00300000000ef
:020000040000fa
:020000041d04d9
:106c500008000224080282ac0800e00300000000e3
:020000040000fa
:020000041d04d9
:106c600004000224080282ac0800e00300000000d7
:020000040000fa
:020000041d04d9
:106c700080000224080082ac0800e003000000004d
:020000040000fa
:020000041d04d9
:106c8000480086ac580087ac0800e0030000000014
:020000040000fa
:020000041d04d9
:106c900002000224880282ac0800e0030000000029
:020000040000fa
:020000041d04d9
:106ca00002000224840282ac0800e003000000001d
:020000040000fa
:020000041d04d9
:106cb00001000224880282ac0800e003000000000a
:020000040000fa
:020000041d04d9
:106cc00001000224840282ac0800e00300000000fe
:020000040000fa
:020000041d04d9
:106cd000a00282940462a27c0800e003a00282a4c5
:020000040000fa
:020000041d04d9
:106ce000a00282940420a27c0800e003a00282a4f7
:020000040000fa
:020000041d04d9
:106cf00004000224d80282ac0800e0030000000077
:020000040000fa
:020000041d04d9
:106d000002000224980282ac0800e00300000000a8
:020000040000fa
:020000041d04d9
:106d100002000224940282ac0800e003000000009c
:020000040000fa
:020000041d04d9
:106d200001000224940282ac0800e003000000008d
:020000040000fa
:020000041d04d9
:106d300000800234880282ac0800e00300000000fa
:020000040000fa
:020000041d04d9
:106d400000800234840282ac0800e00300000000ee
:020000040000fa
:020000041d04d9
:106d5000800282948428a27c0800e003800282a43e
:020000040000fa
:020000041d04d9
:106d60004452565f4554485048595f4f70656e0015
:020000040000fa
:020000041d04d9
:106d7000010002245100a2a00800e003000000006e
:020000040000fa
:020000041d04d9
:106d80001873039dfcf6029d340a039d7c26029d28
:020000040000fa
:020000041d04d9
:106d90004452565f4d49494d5f5461736b73000017
:020000040000fa
:020000041d04d9
:106da0002520a0002528c000bb15410b2530e000a0
:020000040000fa
:020000041d04d9
:106db0002520a0002528c000cad2400b2530e000c5
:020000040000fa
:020000041d04d9
:106dc0002520a0002528c0000eaa400b2530e00099
:020000040000fa
:020000041d04d9
:106dd000040080ac000080ac0800e003080080ac38
:020000040000fa
:020000041d04d9
:106de0001800828c2b1002000800e0034010020003
:020000040000fa
:020000041d04d9
:106df000253000000001052425ce400b0e000424a0
:020000040000fa
:020000041d04d9
:106e0000b480828f802004000800e0030a10447cd4
:020000040000fa
:020000041d04d9
:106e10000300c2880000c2980800e0030800a2ac8a
:020000040000fa
:020000041d04d9
:106e20000000000050fa029d2011029d2811029dd1
:020000040000fa
:020000041d04d9
:106e300074787400696e6465782e68746d00000063
:020000040000fa
:020000041d04d9
:106e40005365742d436f6f6b69653a200000000035
:020000040000fa
:020000041d04d9
:106e50007669727475616c0066696c65000000008b
:020000040000fa
:020000041d04d9
:106e6000019d193c70d23927080020030000000062
:020000040000fa
:020000041d04d9
:106e7000019d193cc8d239270800200300000000fa
:020000040000fa
:020000041d04d9
:106e800080bf023c0006428c0800e003c003427c45
:020000040000fa
:020000041d04d9
:106e900017000224048282af0800e003ffff0224ef
:020000040000fa
:020000041d04d9
:106ea00017000224048282af0800e003ffff0224df
:020000040000fa
:020000041d04d9
:106eb000e8ffbd271400bfafea19410f0000000032
:020000040000fa
:020000041d04d9
:106ec000e8ffbd271400bfafea19410f0000000022
:020000040000fa
:020000041d04d9
:106ed000e8ffbd271400bfafea19410f0000000012
:020000040000fa
:020000041d04d9
:106ee00018ea039d24ea039d04000000020000004c
:020000040000fa
:020000041d04d9
:106ef0000a00000000000000000000000000000088
:020000040000fa
:020000041d04d9
:106f0000000000000a0000004400000043000000f0
:020000040000fa
:020000041d04d9
:106f1000020002242c8282af0800e003288280afa6
:020000040000fa
:020000041d04d9
:106f200001000c0065007000c900d4002d0138017b
:020000040000fa
:020000041d04d9
:106f300034828227212044000800e003ffff80a064
:020000040000fa
:020000041d04d9
:106f400076697369626c650068696464656e0000e7
:020000040000fa
:020000041d04d9
:106f5000049d1a3cb06e5a27080040030000000050
:020000040000fa
:020000041d04d9
:106f6000696e66696e697479000000006e616e007a
:106f7000494e4600696e66004e414e006e616e00dd
:020000040000fa
:020000041d04d9
:106f8000494e4600696e66004e414e006e616e00cd
:020000040000fa
:020000041d04d9
:106f9000000000000000e07f00000000000060032f
:020000040000fa
:020000041d04d9
:0c6fa000000088420000aa4200007a4471
:020000040000fa
:020000041d04d9
:0c6fac0025300000f87d400b2528000077
:020000040000fa
:020000041d04d9
:0c6fb800e000828c0800e003c001427c75
:020000040000fa
:020000041d04d9
:0c6fc400e000828c0800e0038001427ca9
:020000040000fa
:020000041d04d9
:0c6fd000e000828c0800e0034001427cdd
:020000040000fa
:020000041d04d9
:0c6fdc00d40085ac0800e00300000000b9
:020000040000fa
:020000041d04d9
:0c6fe800c80085ac0800e00300000000b9
:020000040000fa
:020000041d04d9
:0c6ff400c40085ac0800e00300000000b1
:020000040000fa
:020000041d04d9
:0c700000d40085ac0800e0030000000094
:020000040000fa
:020000041d04d9
:0c700c000000828c0800e003c003427cfe
:020000040000fa
:020000041d04d9
:0c701800d00282900800e003010042302a
:020000040000fa
:020000041d04d9
:0c702400d00282900800e0038000427c53
:020000040000fa
:020000041d04d9
:0c7030005049433332494e540000000028
:020000040000fa
:020000041d04d9
:0c703c002600023c0800e003a0254224ce
:020000040000fa
:020000041d04d9
:0c7048003830049d6072039d341b039dd2
:020000040000fa
:020000041d04d9
:0c7054009072049d4cc8039db868049d18
:020000040000fa
:020000041d04d9
:0c706000e434049d04a4039dd401049dad
:020000040000fa
:020000041d04d9
:0c706c000180023c0800e003fcce428cd6
:020000040000fa
:020000041d04d9
:0c70780025642e25642e25642e2564005e
:020000040000fa
:020000041d04d9
:0c708400010006243962400b2528800022
:020000040000fa
:020000041d04d9
:0c7090000180023c0800e003e4d14294bf
:020000040000fa
:020000041d04d9
:0c709c002c0082240800e0030a1004000d
:020000040000fa
:020000041d04d9
:0c70a800420082940800e0030700423020
:020000040000fa
:020000041d04d9
:0c70b4000000998c080020030000000080
:020000040000fa
:020000041d04d9
:0c70c0000400998c080020030000000070
:020000040000fa
:020000041d04d9
:0c70cc000800998c080020030000000060
:020000040000fa
:020000041d04d9
:0c70d8000c00998c080020030000000050
:020000040000fa
:020000041d04d9
:0c70e4003c212d2d230000002d2d00006c
:020000040000fa
:020000041d04d9
:0c70f0000900a4248a14410b2528c000cc
:020000040000fa
:020000041d04d9
:0c70fc007661720076616c756500000022
:020000040000fa
:020000041d04d9
:0c7108006d70667375706c6f6164000040
:020000040000fa
:020000041d04d9
:0c7114002838049d00200000b437049dc2
:020000040000fa
:020000041d04d9
:0c712000f505023c0800e00300e14234e9
:020000040000fa
:020000041d04d9
:0c712c00253800009f71400b253000004a
:020000040000fa
:020000041d04d9
:0c71380008200800080000000d0a3e00be
:020000040000fa
:020000041d04d9
:0c7144000000000002000000010000003c
:020000040000fa
:020000041d04d9
:0c7150000180023c0800e003d4cf428c18
:020000040000fa
:020000041d04d9
:0c715c002082998f0800200325280000e5
:020000040000fa
:020000041d04d9
:0c71680000000000040000000000000017
:020000040000fa
:020000041d04d9
:0c717400c074049d344b049d000000001a
:020000040000fa
:020000041d04d9
:0c7180002f6d6e742f6d79576562000052
:020000040000fa
:020000041d04d9
:0c718c00286e696c29000000250000003e
:020000040000fa
:020000041d04d9
:0871980006b8400b2530000091
:020000040000fa
:020000041d04d9
:0871a000363233340000000018
:020000040000fa
:020000041d04d9
:0871a8000800e00307030224c4
:020000040000fa
:020000041d04d9
:0871b0000800e003500285a471
:020000040000fa
:020000041d04d9
:0871b8000800e003e2008290f0
:020000040000fa
:020000041d04d9
:0871c0000800e0032000828cae
:020000040000fa
:020000041d04d9
:0871c8000800e0033000828c96
:020000040000fa
:020000041d04d9
:0871d0000800e003b20085a0f5
:020000040000fa
:020000041d04d9
:0871d8000800e003b00085a0ef
:020000040000fa
:020000041d04d9
:0871e0000800e0031001829495
:020000040000fa
:020000041d04d9
:0871e8000800e003400182945d
:020000040000fa
:020000041d04d9
:0871f0000800e0030001829495
:020000040000fa
:020000041d04d9
:0871f8000800e003500182943d
:020000040000fa
:020000041d04d9
:087200000800e0036001829424
:020000040000fa
:020000041d04d9
:087208000800e003200182945c
:020000040000fa
:020000041d04d9
:087210000800e0033001829444
:020000040000fa
:020000041d04d9
:087218000800e003d000828ca5
:020000040000fa
:020000041d04d9
:087220000800e003c0028294a3
:020000040000fa
:020000041d04d9
:087228000800e0030000000073
:020000040000fa
:020000041d04d9
:087230000800e0030100022444
:020000040000fa
:020000041d04d9
:087238000004a30000000000a7
:020000040000fa
:020000041d04d9
:08724000841c410b000000005a
:020000040000fa
:020000041d04d9
:08724800821c410b0000000054
:020000040000fa
:020000041d04d9
:08725000801c410b000000004e
:020000040000fa
:020000041d04d9
:087258007e1c410b0000000048
:020000040000fa
:020000041d04d9
:087260007c1c410b0000000042
:020000040000fa
:020000041d04d9
:087268007a1c410b000000003c
:020000040000fa
:020000041d04d9
:08727000781c410b0000000036
:020000040000fa
:020000041d04d9
:08727800bcaa400b2520000018
:020000040000fa
:020000041d04d9
:087280000800e003000000001b
:020000040000fa
:020000041d04d9
:08728800390d410b000000006c
:020000040000fa
:020000041d04d9
:08729000390d410b0000000064
:020000040000fa
:020000041d04d9
:087298000800e0030000000003
:020000040000fa
:020000041d04d9
:0872a0000800e00300000000fb
:020000040000fa
:020000041d04d9
:0872a8000800e00300000000f3
:020000040000fa
:020000041d04d9
:0872b000061c410b0000000068
:020000040000fa
:020000041d04d9
:0872b800441b410b0000000023
:020000040000fa
:020000041d04d9
:0872c00037d4400b2520a0008b
:020000040000fa
:020000041d04d9
:0872c800dddb400b2520a000d6
:020000040000fa
:020000041d04d9
:0872d000e8de400b2520a000c0
:020000040000fa
:020000041d04d9
:0872d80015df400b2520a0008a
:020000040000fa
:020000041d04d9
:0872e00003d4400b2520a0009f
:020000040000fa
:020000041d04d9
:0872e8000800e003251000007e
:020000040000fa
:020000041d04d9
:0872f000bab7400b01000724ae
:020000040000fa
:020000041d04d9
:0872f800a500410b0200072470
:020000040000fa
:020000041d04d9
:08730000b088400b01000624d7
:020000040000fa
:020000041d04d9
:087308004000800000000000bd
:020000040000fa
:020000041d04d9
:0873100040008000c0000000f5
:020000040000fa
:020000041d04d9
:087318000800e003251000004d
:020000040000fa
:020000041d04d9
:087320000800e0032510000045
:020000040000fa
:020000041d04d9
:087328000800e003251000003d
:020000040000fa
:020000041d04d9
:08733000ffffffffffff00005b
:020000040000fa
:020000041d04d9
:087338000800e0034c81828f84
:020000040000fa
:020000041d04d9
:087340000800e0032b1004001b
:020000040000fa
:020000041d04d9
:087348000800e0032481828f9c
:020000040000fa
:020000041d04d9
:087350000800e0032081828f98
:020000040000fa
:020000041d04d9
:08735800aa07410b0000000030
:020000040000fa
:020000041d04d9
:087360000800e003608180af2a
:020000040000fa
:020000041d04d9
:087368000800e003f8ff022415
:020000040000fa
:020000041d04d9
:087370000800e00308000224fc
:020000040000fa
:020000041d04d9
:0873780025780d0a0000000059
:020000040000fa
:020000041d04d9
:087380000800e0031400828cf8
:020000040000fa
:020000041d04d9
:087388000800e0031800828cec
:020000040000fa
:020000041d04d9
:087390000800e003ba818297b6
:020000040000fa
:020000041d04d9
:087398000800e003400085a499
:020000040000fa
:020000041d04d9
:0873a0000800e003500085a085
:020000040000fa
:020000041d04d9
:0873a8000800e0030000828ce4
:020000040000fa
:020000041d04d9
:0873b0000800e003460082849e
:020000040000fa
:020000041d04d9
:0873b8008ede400b46008484c8
:020000040000fa
:020000041d04d9
:0873c0000800e00325100000a5
:020000040000fa
:020000041d04d9
:0873c8000800e003ffff0224ae
:020000040000fa
:020000041d04d9
:0873d000290e410bd6818497c0
:020000040000fa
:020000041d04d9
:0873d8001b5b2564430000006b
:020000040000fa
:020000041d04d9
:0873e0001b5b25644400000062
:020000040000fa
:020000041d04d9
:0873e8000800e003010002248b
:020000040000fa
:020000041d04d9
:0873f0000800e00300000000aa
:020000040000fa
:020000041d04d9
:0873f8000800e003f081829718
:020000040000fa
:020000041d04d9
:087400000800e003e881828f1f
:020000040000fa
:020000041d04d9
:087408002f6465762f000000df
:020000040000fa
:020000041d04d9
:087410004d504653000000003e
:020000040000fa
:020000041d04d9
:087418002f6d6e742f00000cb3
:020000040000fa
:020000041d04d9
:08742000374e400b0000000094
:020000040000fa
:020000041d04d9
:08742800d912410b0000000025
:020000040000fa
:020000041d04d9
:087430000800e0030482828fd2
:020000040000fa
:020000041d04d9
:08743800fc17410b00000000ed
:020000040000fa
:020000041d04d9
:087440009d15410b0000000046
:020000040000fa
:020000041d04d9
:087448001c64049d000000001b
:020000040000fa
:020000041d04d9
:0874500002000000b8c6039d14
:020000040000fa
:020000041d04d9
:08745800010000001060049d1a
:020000040000fa
:020000041d04d9
:0874600014000000000200020c
:020000040000fa
:020000041d04d9
:087468000a0000020000000010
:020000040000fa
:020000041d04d9
:08747000d867049d0b00000029
:020000040000fa
:020000041d04d9
:0874780000000000002088bfa5
:020000040000fa
:020000041d04d9
:0874800000006400c8002c01ab
:020000040000fa
:020000041d04d9
:087488000800e003fcffa0a4d2
:020000040000fa
:020000041d04d9
:087490000800e00325100000d4
:020000040000fa
:020000041d04d9
:0874980031000000300000008b
:020000040000fa
:020000041d04d9
:0874a0000800e00300000000f9
:020000040000fa
:020000041d04d9
:0874a8000800e00300000000f1
:020000040000fa
:020000041d04d9
:04095400efbbbf0036
:020000040000fa
:020000041d04d9
:045944002e2e2f00d4
:020000040000fa
:020000041d04d9
:0474b00001030600ce
:020000040000fa
:020000041d04d9
:0474b4006382536339
:020000040000fa
:020000041d04d9
:0474b8002564000047
:020000040000fa
:020000041d04d9
:0474bc0020092c0077
:020000040000fa
:020000041d04d9
:0474c000c067049d00
:020000040000fa
:020000041d04d9
:0474c40000007a4406
:020000040000fa
:020000041d04d9
:0474c80000000000c0
:00000001FF
