:020000040000fa
:020000041fc01b
:100000000300001000000000f0f3060000000000f4
:100010000600f00f0000000000601a40c0045a7f84
:100020000500401300000000049d1a3ce8bf5a2759
:10003000080040030000000008801d3cf0ffbd27c1
:1000400000801c3cf07f9c27026009402058200162
:1000500007000a248449497d02608940c0000000ed
:1000600000e0dc41ffff4a25faff401500000000d8
:1000700002608b40c0000000049d083c64ca082553
:1000800009f8000100000000039d083c2cba082577
:1000900009f80001000000000080083c3800082535
:1000a0000080093c3c0229250300001000000000ec
:1000b000000000ad040008252b080901fcff2014f6
:1000c00000000000c0bf083c7005082509f80001c9
:1000d00000000000039d083c2c28082509f80001b9
:1000e0000000000081bf093c00000a3c78024a255c
:1000f000e0072aad0000093c00002925010020117d
:100100000000000000488040ffff0a2400588a4099
:100110004000083c00600a4025500a0100608a4007
:10012000009d093c00002925c0000000017889409d
:100130000000093c0100292500000a2444492a7dc9
:1001400001608a408000093c0068894000800840c6
:100150008005097d404c0900006008405800013cc2
:100160002440010100010a3c2540480100240a3cca
:1001700025404801254028010060884000010a3cd4
:1001800000f8ca44c0000000049d083c6cca082561
:1001900009f800010000000000600840bfff013cba
:1001a000ffff2134244001010060884000008430ba
:1001b0000000a530039d083c4c64082508000001a0
:0401c000000000003b
:020000040000fa
:020000041fc01b
:10038000049d1a3c10bc5a270800400300000000de
:020000040000fa
:020000041fc01b
:1004b0000080094000000a2400000b2400000d24e5
:1004c00000000e240080013c244021012500001181
:1004d00001800940000000003800013c2440210157
:1004e000c24408000f0000110000000001000825b0
:1004f0000700013c2460210102640c0001008c25ee
:100500002550800101000b2404580b0104500a01fe
:10051000c001013c24402101824508000600082555
:1005200004500a01001c2831824208000d0000110d
:10053000000000000100082580032f31c2790f0060
:100540000100ef252568e00101000e2404700e0172
:1005500004680d0100e02831424308000600082528
:1005600004680d010800e003000000000000000026
:100570000080084007000924244828010200293986
:1005800004002011000000000800e003000000004b
:10059000000000002518e003c5ff11040000000062
:1005a00000600840feff0924244828010400293582
:1005b00000608940c000000000d0804000e0804022
:1005c000c0000000009d043c000084240100801451
:1005d000009d043c0400401121288a0021208b004a
:1005e000feff8514fcff88bc0080043c00008424ce
:1005f000010080140080043c0400a01121288d001b
:1006000021208e00feff8514fcff89bc0f00000036
:100610000080013c14002aac0080013c20002dac7d
:100620000080013c18002bac0080013c24002eac63
:100630000080013c1c002cac0080013c28002fac49
:1006400000608840c0000000008009400700293594
:10065000070029390300293500808940c0000000c7
:1006600025f860000800e003000000000000000022
:020000040000fa
:020000041d00dd
:10000000039d1a3c408b5a27080040030000000063
:020000040000fa
:020000041d00dd
:10010000039d1a3c688a5a2708004003000000003b
:020000040000fa
:020000041d00dd
:10018000039d1a3cb4885a27080040030000000071
:020000040000fa
:020000041d00dd
:100200006e61400b00000000e261400b0000000046
:100210005662400b00000000ca62400b0000000064
:100220003e63400b00000000b263400b0000000082
:100230002664400b000000009a64400b00000000a0
:100240000e65400b000000008265400b00000000be
:10025000f665400b000000006a66400b00000000dd
:10026000de66400b000000005267400b00000000fb
:10027000c667400b000000000000023c0000422462
:10028000070040100000023c0000422405004050de
:10029000049d023c3f0000700800e00300000000e5
:1002a000049d023c408442240300401000000000f2
:1002b00009f84000000000000800e0030000000012
:020000040000fa
:020000041fc01b
:10067000000000d01f00c0001f00c400000000d216
:100680001f00c8001f00cc00000000f01700c000d1
:100690001700c400000000f21700c8001700cc00cb
:1006a000000000c01f0080001f008400000000c286
:1006b0001f0088001f008c00000000e01700800071
:1006c00017008400000000e21700880017008c006b
:020000040000fa
:020000041fc01b
:1004800000f89b40c0000000049d1b3c40847b277b
:10049000020060130000000000c09b4000f81b40f9
:0c04a000c00000001f000042000000002f
:020000040000fa
:020000041fc01b
:04ffc000fffffffe42
:020000040000fa
:020000041fc01b
:04ffc4001ab1f9ff76
:020000040000fa
:020000041fc01b
:04ffc80039fe745f2b
:020000040000fa
:020000041fc01b
:04ffcc00dbf7ffff61
:020000040000fa
:020000041fc01b
:04ffdc00ffffffff25
:020000040000fa
:020000041fc01b
:04fff000ffff00000f
:020000040000fa
:020000041d00dd
:1002c00098ffbd276400bfaf6000beaf5c00b7af52
:1002d0005800b6af5400b5af5000b4af4c00b3af48
:1002e0004800b2af4400b1af4000b0af0f000524ea
:1002f00042e2400f0a0004243400a2af0100423061
:10030000060040103400a28f58e8400f0a00042471
:100310004f00401425a040003400a28f020042305c
:100320003f004010f080828f3d004010259000007b
:1003300025800000009d143c6210133cd34d7326b1
:10034000808010000081828f0a80507c2e00001275
:100350000b000224700003922c0062500100522610
:100360008400028ec0004330258800000300601026
:1003700025b00000c001567c10001124040042305a
:10038000090040508400028e54de400f000000003f
:100390002800038e2310430000004228100003248d
:1003a0000a8862008400028e080042300700405034
:1003b0007000039254de400f000000002c00038efa
:1003c00023104300eb044104700003920500022453
:1003d000ee0362140000000054de400f0000000035
:1003e0003000038e23104300e8034004010006247c
:1003f000140005248e12400f25200002252800003d
:10040000f46d400f25200002010052262096127c38
:10041000f080828f2b104202c9ff401425804002d9
:100420006400bf8f6000be8f5c00b78f5800b68f2e
:100430005400b58f5000b48f4c00b38f4800b28f7a
:100440004400b18f4000b08f0800e0036800bd2772
:100450002c0092961400422ebf004014f2ff052497
:100460001c00958e0c00a28e0019427c0500432cc6
:10047000b9006014801002002a104202b600401435
:100480000200063c2000968e24b0c602b200c016c0
:10049000f1ff052403f2400f25208002259840003b
:1004a00000f2400f25208002251840002800a2af4e
:1004b0002000828e000242301b0040140000000029
:1004c0000000628e1800a2af0000628c1c00a2af78
:1004d0002000a0a3060002242100a2a30e53400f77
:1004e000252040022200a2a7253000000c00052490
:1004f0001653400f1800a42727100200ffff4630b4
:100500002000828e040042304b0040102538c0008d
:10051000253040022528a002a695400f2520800204
:100520008d004014f6ff052426cc400f2520a002a4
:100530001c00978e0200e49687008010f1ff0524ce
:10054000f080868f8400c0100b0008240c00a28e5f
:100550000019427c2c00a2af2800838e0200629614
:1005600000006596211045000000e5962110450029
:1005700026104400ffff5e300081898f2588c0026d
:100580002510000025800000808811000a88317d38
:100590001200205201004224700027920f00e85000
:1005a00001004224710025920200a52c0b00a050ee
:1005b000010042244400258e0300a010000000002a
:1005c00006006554010042242000e0146e002596c8
:1005d0000100a4500a803002010042242016027c4f
:1005e0002b284600e8ffa014258840005a0000127e
:1005f000f1ff05240000628e3c0002ae01000224df
:10060000710002a2440003ae2800a68f0100052459
:100610007cdd400f252000026e001ea60000e29641
:100620005c0002a60200e2965e0002a60000028eb6
:1006300017000010100002ae252840021653400f8c
:100640002520a002b6ff001000000000e3ffbe540a
:10065000010042240000e78e5c00258edfffe55498
:10066000010042243c00278e0000658edaffe5146d
:100670000100052401000224710022a2440023aedf
:100680002800a68f7cdd400f252020022580200237
:100690002c00a28f809802001000838e0c006294c0
:1006a000231053000c0062a40d00b1920800b78e15
:1006b0000400a28e3000a2af8400028e00404330be
:1006c0000f006010020042300d004014730000a2c1
:1006d00054de400f000000006c000396e080848f21
:1006e000021864706210043cd34d84241900640025
:1006f000101800008219030021106200240002aecd
:100700008400028e84b5027c840002ae70000392e5
:100710003800601404002232140040102528000024
:10072000f46d400f25200002760006962430d60096
:100730000900c010020005247800028e0700405016
:100740000a0006247c00078e2800858e09f84000e8
:1007500074000486020005240a000624ffd2400f1c
:1007600025208002e8fe0010000000001000223268
:100770000a00401025300000500017ae0400052488
:100780008e12400f2520000225280000f46d400f36
:1007900025200002e5ff00107600069602003132a7
:1007a0000f0020123000a28f01004224540002ae3c
:1007b000b396400f2520a002660002a6f1d9400f93
:1007c0002520000201000624120005248e12400f8d
:1007d0002520000202000224d3ff0010700002a2b4
:1007e00025280000f46d400f25200002cfff0010e7
:1007f00076000696010002240e00621404002232e4
:10080000c9ff401410002232c503405002003132ab
:100810005000128e9a03f21201000624500017ae07
:10082000040005248e12400f25200002beff001098
:10083000500012ae1400522623985302ffff62327a
:10084000ecff5324ffff7332010024323800a4afc1
:10085000040080102800b3afedff4224ffff4230b8
:100860002800a2af02002232040040102800a28f0c
:1008700001004224ffff42302800a2af1c00048e7a
:100880002000028e2b2882001600a0542310440062
:100890001800058e1400068e2328a600231082005f
:1008a0002310a200ffff42302c00a2af5400128e92
:1008b0003000a28f239052002800a28f2800401001
:1008c0002c00a28f2b00405004003132090040065a
:1008d0002b104202130040142800a28f0b000010be
:1008e0002c00a48fffff4224ffff4230efff0010d7
:1008f0002c00a2af2800a48f2510800021204402e4
:100900001c008058040031322c00a48f2310820078
:100910002a204402030080142a105200150040547b
:100920000400313206002232190040101000223239
:100930000400313205002012010003248400028edd
:10094000444a627c840002ae000816242528000078
:10095000f46d400f2520000274ff0010760006960b
:10096000f0ff40122b104202efff4014060022322b
:10097000040031326cff201601000624100005240b
:100980008e12400f2520000268ff001076000696a8
:1009900065ff401008000224070062100900622c65
:1009a00011004010feff6224ff0042300500422c7f
:1009b0001100405020003132020002248e006254a7
:1009c0001000038e50001e8e8700fe1201000624c8
:1009d000500017ae040005248e12400f252000029f
:1009e00051ff001050001eae09000224a001625009
:1009f0005000028e200031324cff205676000696c1
:100a000070000392f8ff6224ff0042300200422c83
:100a100045ff40140600022444ff6250760006960b
:100a2000440060122800a28fb501401e21107202fe
:100a30000c00a28e0019427c80100200231052008c
:100a400021a8a2022400b5af21907202ffff52320a
:100a50002c00a28f2b9842020b10530225984000c5
:100a60001c00128e18001e8e211042022b10c20391
:100a7000870140100100de272388d203ffff3132b7
:100a8000010015241000b5af253820022400a62748
:100a9000252840027d89400f252080022c00a2af2e
:100aa000233871021400058e1000b5afffffe73048
:100ab0002400a6277d89400f252080022c00a38fcb
:100ac00021106200ffff423023905e0221f05302aa
:100ad0001400128e21905e02150053140002c436d9
:100ae0005400038e21186302540003ae1c0012aea2
:100af00070000292fdff4224ff0042300300422cae
:100b00000bb082005800028effff042409004450fd
:100b10002800a28f23985300580013ae64001e963d
:100b200021f0d3036401c107ffff0224580002ae85
:100b30002800a28f110040103800a28f700002928e
:100b4000fdff4224ff0042300300422c04004054c9
:100b50008400028e1c00028e200002ae8400028ef1
:100b600010004230c5014010010006241000052489
:100b70008e12400f252000023800a28feafe40109e
:100b80002800a38f5400028e010042243000a48f5d
:100b900021186400e4fe431401000324540002ae53
:100ba0008400028e8452627c840002ae7000029245
:100bb00003000324df0143100004d6360400432c55
:100bc000c701601002000324d3014310090002246e
:100bd00001000624100005248e12400f252000027b
:100be000d2fe00107600069603000224700002a2d6
:100bf000000116241000038e0800028e231043000b
:100c0000060043045000048e0000048e23104400ac
:100c10000400048e211082005000048e2328e40278
:100c20002310a200130040188400063c8400058ea7
:100c30002428a6000400063c0400a6142530000069
:100c400001000524060045500100842410000524fd
:100c50008e12400f25200002b4fe0010760006968a
:100c6000500004ae8400028e01000424c4bd827cc6
:100c7000840002ae0c00048e50001e8e2b286400ef
:100c80001600a01021109e0004001e8e21f0c30348
:100c900021f0d7030000038e23f0c30323f0c20327
:100ca000bf02c05f0400028e830002920100422452
:100cb000ff004230830002a20300422cae004054e9
:100cc0003800028e0c00038e5000028e211062004c
:100cd0001000048ec90000102310440021f077009a
:100ce00023f0c2039a00c01b000000000400028e23
:100cf0000000058e231045002b105e009400401468
:100d0000dc05022454de400f340002ae3400038eb2
:100d1000e080848f021864706210043cd34d8424f8
:100d200019006400101800008219030021106200ed
:100d3000380002ae830000a28400028e4429027ca7
:100d4000840002ae0c00038e21f07e000c001eae6b
:100d50001000028e2b184300600060142b185e00f8
:100d60006b0060500400028e5000038e231062005e
:100d70002110c203500002ae10001eae0400028e0d
:100d80002b18c203660060500000038e70000292b0
:100d9000030003240300431008000324030043540a
:100da0000c00038e0400d6360c00038e0800028e61
:100db000180062540e00a3968400028e0001433096
:100dc000990060545000038e004042300e004050a5
:100dd0008400028e54de400f000000006c00039679
:100de000e080848f021864706210043cd34d842428
:100df000190064001018000082190300211062001d
:100e0000240002ae8400028e4408027c840002aefc
:100e10000e00a3966a0002962b1043000100405476
:100e20006a0003a65000038e0e00a2962110e20273
:100e3000231043006000049606008014ffff423038
:100e400004004010010005248400048e8431a47c39
:100e5000840004ae600002a6700002920400042424
:100e60007a004454060004241800e31620003132ae
:100e70008400028e8004427c1400401000000000b8
:100e800054de400f00000000e080848f80180400d2
:100e900021186400c018030023186400001903001f
:100ea00021186400c01803006210043cd34d842450
:100eb000190064001018000082190300211062005c
:100ec000300002ae05000224700002a217fe205678
:100ed00076000696d2fe0010000000000400038e8b
:100ee0000000048e23186400211043002b185e00bc
:100ef000070060500400028e5000038e2310620031
:100f00002110c203500002ae10001eae0400028e7b
:100f10002b18c203060060541000038e0000038edd
:100f20002318430023f0c3030c001eae1000038ef1
:100f30002b20620096ff8054700002920000048e05
:100f4000231044002310620090ff0010100002ae36
:100f500096ff64500c00038e83000292010042242d
:100f6000ff004230830002a20300422c1c004050cc
:100f70000c00038e3800028e8cff40500c00038e54
:100f800054de400f000000003800038e23104300a1
:100f900085ff400400fa04343400028e4018020039
:100fa00001fa02342b1062000b20620054de400f65
:100fb000340004ae3400038ee080848f0218647025
:100fc0006210043cd34d8424190064001018000002
:100fd0008219030021106200380002ae0c00038e5b
:100fe0001000048e5000028e211062002310440075
:100ff0002b20830006008010500002ae0000048efb
:101000000400058e2320850021108200500002aece
:10101000100003ae8400028e01000324c439627cf8
:1010200061ff0010840002ae79ffe3168004427c69
:1010300078ff40500e00a3968400028e4408027c84
:101040000442027c72ff0010840002ae6afe445427
:1010500020003132b5fde3567600069625280000c3
:10106000f46d400f25200002b0fd001076000696ba
:1010700001004224adfde2567600069625280000c8
:10108000f46d400f25200002a8fd001076000696a2
:10109000010002241000a2af253860022400a62718
:1010a000252840027d89400f252080021c00128ed9
:1010b00089fe0010219053029efe601e2800a28f20
:1010c00021187e00540003ae21905e021c0012ae77
:1010d0001800028e2b18520007006050ffff0224f8
:1010e0001400038e231043002710020021904202b7
:1010f0001c0012aeffff02248dfe0010580002ae4d
:101100002c00a38f2a106200030040100c00a28e56
:1011100023987200ffff73320019427c8010020096
:1011200021a8a2022400b5af1c00058e21887202fe
:101130001800028e2118b1002b1843002d006010fa
:1011400001005e2423f0c50323f0d2031c00c00776
:10115000ffffde33010015241000b5af2538c003b2
:101160002400a6272128b2007d89400f2520800277
:101170002c00a2af23387e021400058e1000b5affc
:10118000ffffe7302400a6277d89400f252080023d
:101190002c00a38f21106200ffff423065fe621613
:1011a0002800a28f5800028effff03241a00435428
:1011b0002b184202580012ae5dfe0010640013a608
:1011c0001400038e2310430023104202ffff422429
:1011d000010003241000a3af253860022400a627d5
:1011e0002128a2007d89400f25208002ebff0010fe
:1011f00000000000010002241000a2af25386002a8
:101200002400a6272128b2007d89400f25208002d6
:10121000e2ff0010000000000d0060106400039663
:10122000212062002b209100060080142b882202ce
:1012300005002056640013a62198620023987202cc
:10124000ffff7332640013a639fe0010580012ae7f
:10125000211862002b88710036fe20522800a28fd0
:101260002b18720033fe60542800a28f2390420294
:10127000219872022efe0010640013a68400028ed4
:10128000010003240421627c840002ae0800423085
:101290003afe40143800a28f8400028ec418627c8b
:1012a00054de400f840002aee080848f40180400ba
:1012b00021186400c018030021186400801803007e
:1012c0006210043cd34d84241900640010180000ff
:1012d000821903002110620027fe00102c0002aecc
:1012e000040003241b0043100500032439fe43546b
:1012f0000100062425300000100005248e12400f46
:101300002520000225280000f46d400f2520000252
:1013100006fd001076000696700002a20100062469
:10132000110005248e12400f25200002fffc001042
:101330007600069608000224700002a28400028e45
:101340008005427cf8fc40140100062422fe0010b7
:10135000100005245000028e0a00e2160600022446
:1013600025300000100005248e12400f25200002b9
:1013700025280000f46d400f25200002ebfc001032
:101380007600069612fe0010700002a2060020529f
:101390008400028e0100c63a252820028e12400fda
:1013a000252000028400028e0200433033006014c6
:1013b0000040423014fc40100300022470000392ed
:1013c00012fc62540100522654de400f000000005f
:1013d0002400038e231043000cfc4204010052261b
:1013e000730003928000029215006214010005242c
:1013f0008400118e010031322886400f2520000222
:101400008400028e010003240400627c840002ae8a
:10141000001006242528000088a1400f2520000286
:10142000fafb2056010052268400028e0400027c42
:10143000840002ae0a000224f3fb0010700002a236
:1014400002000624100005248e12400f2520000201
:1014500054de400f010052266c000396e080848f1a
:10146000021864701900730010180000821903003c
:1014700021106200e5fb0010240002ae54de400f94
:10148000000000002400038e23104300dffb420411
:1014900001005226700002920a00432c6f00601077
:1014a00080180200b41484260a18837c08006000a7
:1014b000000000005c16009ddc14009d2815009db6
:1014c000e415009d0816009d5c16009d2416009de5
:1014d0005c16009d5c16009d4016009d72000292f5
:1014e0000400422c0e0040140200112404000224c7
:1014f000720002a2e080838f40110300231043009a
:101500008010020021104300c01002001900530097
:101510001010000082110200001102004c0002ae07
:101520000e00001025a80000720003920300632c37
:10153000fbff6014120011248400158e0100b532e7
:10154000140011240a885500010002240a10150015
:1015500025a840004500c012010006247200029236
:1015600001004224720002a24c00028e40100200d0
:101570004c0002ae1000038e0c00048e2310640099
:101580002b18640006006010ffff42300400038e39
:101590000000058e2318650021104300ffff423034
:1015a0005000038e23186200500003ae60000396c3
:1015b00021104300600002a6100004ae2530000098
:1015c000252820028e12400f252000028efba0123b
:1015d00025280000f46d400f252000028bfb001031
:1015e00001005226720002920500422cccff4054aa
:1015f0001000112404000224700002a21100112422
:10160000d4ff001025a80000720002920500422cb1
:1016100014001124cfff401001001524c0ff00105a
:1016200011001124720002920500422c14001124b2
:10163000c8ff401001001524b9ff0010100011244c
:10164000720002920500422c14001124c1ff4010c8
:1016500001001524b2ff0010110011246afb2012b2
:1016600025a80000bbff0010000000002528200274
:101670008e12400f25200002d4ff00100000000051
:101680000200313228fc20123000a28f01004224d7
:10169000540002ae0e00a2966a0002a6600002a6e6
:1016a000b396400f2520a002660002a6f1d9400f94
:1016b0002520000201000624100005248e12400f90
:1016c0002520000203000224700002a28400028e82
:1016d000004042300e0040508400028e54de400f25
:1016e000000000006c000396e080848f0218647094
:1016f0006210043cd34d84241900640010180000cb
:101700008219030021106200240002ae8400028ec0
:101710004408027c840002ae03fc00100001162481
:1017200001fc20123000a28f01004224540002aebe
:101730000e00a2966a0002a6600002a6b396400fb1
:101740002520a002660002a6f1d9400f2520000244
:1017500001000624120005248e12400f25200002ed
:1017600002000224f0fb0010700002a26cff0010c7
:10177000100011240500022406ff62141000112439
:1017800054de400f000000003000038e23104300a1
:1017900000ff40040100062416fb0010140005247d
:1017a0000000038e231043002b105e0055fd4050b7
:0c17b000dc050224e9fd00108300029219
:020000040000fa
:020000041d00dd
:1017bc0030ffbd27cc00bfafc800beafc400b7af71
:1017cc00c000b6afbc00b5afb800b4afb400b3af97
:1017dc00b000b2afac00b1afa800b0af34009e8c7b
:1017ec00f800c01325888000a000a5af4800a4af66
:1017fc000800c49718008230ff00401431120724ef
:10180c00049d063c54b6c624049d053cc896a524ec
:10181c00d5c1400f0003847c0a00c29343004014de
:10182c00010003240800c29700404230020040141b
:10183c000c00d08f080020ae0800c2970020423068
:10184c00380040149880868f1000c28c2528000226
:10185c0009f840004800a48f010003242100431420
:10186c00feff43240800c397002063340800c3a77d
:10187c000800c39700206330090060104800a38f54
:10188c001000c38f050060109880868f0800628c52
:10189c002528000209f840004800a48f4800a38fb7
:1018ac000800638c8b036014feff44240800c3976c
:1018bc00ffbf63300200842c060080100800c3a711
:1018cc00004063340800c3a70300032483004310c3
:1018dc0001000224010002240a00c2a31800001017
:1018ec000b00c0a30200632ce2ff60500800c397fa
:1018fc002400c39701006324ffff63302400c3a7b7
:10190c00a88084972b188300d9ff601003800534be
:10191c000000068e98e5400f4800a48fd4ff0010fd
:10192c0025100000d6ff00102510000016004314ef
:10193c004800a48f0b00c29346004014049d143c35
:10194c001400c28f08004050030002242538000008
:10195c00080043940000428cfdff40142138e30042
:10196c001000e014030002240b00c2a30800c2976d
:10197c00004042308f0040540a00c0a303000224f0
:10198c000a00c2a34800a48f3400828c8a00c2577c
:10199c004800a28fa37c400f2528c00386000010ae
:1019ac004800a28f0400c38f0800629404004234e4
:1019bc00080062a4049d063cccc8c6240b00052478
:1019cc00b8c3400f1000a427ffff5030e10d0724cf
:1019dc00049d063ca0bcc624049d053cc896a524c9
:1019ec00d5c1400f0b00042ea68082931500401425
:1019fc0025300000252800024800b18fa750400f69
:101a0c00460024862b105000330040142530000271
:101a1c001000a527c683400f460024862588400069
:101a2c0026200202ee0d0724049d063ca0bcc62411
:101a3c00049d053cc896a524d5c1400f0100842cfb
:101a4c002580200224000012049d143c0100022475
:101a5c000b00c2a3049d133c0080123c4c000010f0
:101a6c007c5652261400d08f20000016020002244f
:101a7c000b00c2a3a68082934b00401425300000bb
:101a8c00020005244800b08fa750400f4600048682
:101a9c000200422c1000401402000624049d053c58
:101aac0094aea524c683400f4600048625804000d2
:101abc0002004438160e0724049d063c98c0c62428
:101acc00049d053cc896a524d5c1400f0100842c6b
:101adc00360000560300022401000224a000a38f4c
:101aec00000062a0380000100d00022408001196be
:101afc000a00029623882202ffff3132d1120724fa
:101b0c00b8bc8626c896652622e2400f2b20110011
:101b1c000a0002960400058e253020022128a2001e
:101b2c004800b58fc683400f4600a4860a00039672
:101b3c0021184300ffff6330e7ff22160a0003a6bb
:101b4c0008000296130043540b00c29373e3400f3a
:101b5c001400c4270c005090010010320400518c6a
:101b6c0025284000f8e7400f25204002080000120d
:101b7c009880868f0700c0500b00c2931400c28c53
:101b8c00030040102528200209f840002520a0025f
:101b9c000b00c29301000324b2ff43100200032484
:101bac00b5ff4310a6808293030002246fff001040
:101bbc000b00c2a34800a28f3400438c02006014b7
:101bcc000d0002240e000224cc00bf8fc800be8f73
:101bdc00c400b78fc000b68fbc00b58fb800b48fef
:101bec00b400b38fb000b28fac00b18fa800b08f2f
:101bfc000800e003d000bd27100003243800431474
:101c0c005f1407241400c48f049d063c88bcc624b2
:101c1c00049d053cc896a524d5c1400f2b2004007b
:101c2c001800c29706004014068005340c00c68fbd
:101c3c0098e5400f4800a48fdfff00104800a28fea
:101c4c003000c797ffffe7301800c2972b18e2004f
:101c5c00120060101c00c627c01807002130c300fa
:101c6c001a00c39721104300233847001400c28f79
:101c7c00ffffe7302528c00309f840004800a48f77
:101c8c000200032495ff435001000224caff4010b8
:101c9c004800a28feaff0010000000001a00c39752
:101cac00211862002a18e300050060102330e200be
:101cbc00c01806002c00c68fe9ff00102130c300ad
:101ccc004800a48f3400828cbbffc2574800a28fff
:101cdc00a37c400f2528c003b7ff00104800a28f3b
:101cec001c00c28f6800a2af080043246c00a3af95
:101cfc00040042947400a2af049d023c6400a2afa5
:101d0c00049d023c5000a2af049d023c5800a2afbf
:101d1c00039d023c5c00a2af049d023c7000a2af8c
:101d2c00049d023c7c00a2af049d023c8000a2af4b
:101d3c00049d023c8400a2af049d023c8800a2af2b
:101d4c00049d023c6000a2af049d023c8c00a2af3b
:101d5c00049d023c9000a2af049d023c9400a2aff3
:101d6c00049d023c9800a2af049d023c9c00a2afd3
:101d7c002200c5972400c6972330c500ffffc6304c
:101d8c000f00c0106c00a28f212845004800a28fc4
:101d9c00c683400f460044840800c3970400633494
:101dac000800c3a72200c39721104300ffff423055
:101dbc002200c2a72400c39748ff6214010002242a
:101dcc000a00c39302000224350262500800c59732
:101ddc001800d68f1600c0166800a28f120053246c
:101dec001000d08f1400c28f2380020288010012d1
:101dfc00259000027400a38f2b1070000b806200e2
:101e0c008c80848f2c00828c253800022530600257
:101e1c0009f840000c00c58fa90102122590400062
:101e2c000800c29700014234790100100800c2a7d3
:101e3c004400a0af3400c2274c00a2af4800a28fd0
:101e4c003c00428cbc80838f2b1043000900401453
:101e5c00f9ff02244400a2aff9ff0524ffff11246f
:101e6c004c00a68f98e5400f4800a48f5d01001030
:101e7c00020002240800d197100031329d02201676
:101e8c004400a7272530000025280000a76c400f30
:101e9c004800a48f08004014258040004400a28f05
:101eac004d0140044400a58f0bffa010020011242b
:101ebc00ecff00104c00a68f0400c28f040002ae91
:101ecc0034001426190006244c00a58f62eb400f39
:101edc00252080024d0000a24800a28f200002aef7
:101eec009880828f05004050080002961000428caa
:101efc00050040544000a0af080002960020423478
:101f0c00080002a64000a0af1c00d38f0800752665
:101f1c00040064963300842c681107246000b68f8b
:101f2c0070bcc6265000b78fc896e526d5c1400fa9
:101f3c0001008438080002960473027c080002a693
:101f4c001000d28f1400c28f231042023300522c87
:101f5c00320003240b185200259060008c80848f73
:101f6c002c00828c253860002530a00209f8400036
:101f7c000c00c58f540042125400a2af7a110724f2
:101f8c0070bcc626c896e52622e2400f252000002c
:101f9c002110b2024000a2af5400b2affbff1234ca
:101fac00d7000010258800004000a2af4c00a28f83
:101fbc005400a2affbff12242102001025a0000048
:101fcc007000a38fbcae65248ab7400f252040005b
:101fdc005400a2af1000b427258800007c00a28f0b
:101fec00c0ae56242528c0028ab7400f2520000019
:101ffc001300401025a840008000a28fc4ae4524d9
:10200c008ab7400f252000000600401025904000a4
:10201c007000a28fbcae452406a3400f25204002c1
:10202c000a9002000400222eeeff4010010031261f
:10203c00000095ae040092aeeaff00100800942652
:10204c009880868f1300c0108400a28f1c00c38c54
:10205c000f0060104c00a28f3000a2af5400a28f72
:10206c003400a2af0500222e040004240b2022020f
:10207c003800a4af1000a2273c00a2af3000a52767
:10208c0009f860004800a48ff101401425a000005d
:10209c008400a28fd0bc56248800a28fe8bc5424a4
:1020ac000000c58effe9400f5400a48fcb014010f7
:1020bc00000000000800d626f9ffd416f0ff122409
:1020cc00df01001025a000005400a28f2110a202f5
:1020dc00000040a0080064827e008438831107242d
:1020ec006000b28f70bc46265000b38fc896652630
:1020fc00d5c1400f0100842c253000004000a527dd
:10210c0075a0400f2520a0020900401425a0400016
:10211c008a11072470bc4626c896652622e2400f19
:10212c002520000025a0a0029dff0010f8ff12340e
:10213c003a0005241ee7400f2520400008004010ff
:10214c0028000324000043a00ce9400f2520800246
:10215c002110820229000324000043a0010040a0aa
:10216c00280005241ee7400f252080022590200220
:10217c003700401025b0000001005724000040a09b
:10218c00290005241ee7400f2520e00201801234af
:10219c000400401002001624000040a025902002ec
:1021ac0025b000001000a0af1400a0af1800a0af25
:1021bc001c00a0af2000a0af2400a0af2800a0af4f
:1021cc002c00a0af1000b3279400a28fc8ae4224fd
:1021dc007800a2af2520e0028ab7400f7800a58fc7
:1021ec001400401025b840000400222e0a004010b4
:1021fc003000a5273000a0afecd1400f2520e00225
:10220c00070040100200032407004314000062a6dc
:10221c00040077ae0800732601003126ffff31322f
:10222c00edff0010252000003000a28ff9ff0010f8
:10223c00040062ae0500222e06004014c0b8110046
:10224c000400d636ffff52320280523604001124ad
:10225c00c0b811009480828f09f840001400e42665
:10226c005801401025984000000054ac4c00a28f3f
:10227c00040062ae0a0076a2100070aeea110724c8
:10228c006000a28f70bc46245000a28fc8964524d3
:10229c00d5c1400f0001242eff0031324a0020121c
:1022ac000b0071a2140064260c0064ae2530e00211
:1022bc00f4e9400f1000a5270c0013ae0000658e4a
:1022cc008c00a28fffe9400fccae442406004014d2
:1022dc00251800000800029600204234080002a6cf
:1022ec009000a28ff8c64324100003ae080002969b
:1022fc0000104234080002a605004012010011240f
:10230c00253080022528400298e5400f4800a48f14
:10231c004000a68f2330d5005400a38f0600661012
:10232c00010007248c80848f2000828c2330c30012
:10233c0009f840000c00c58f4000a48f23209500a5
:10234c0027200400141207246000a28f70bc4624be
:10235c005000a28fc8964524d5c1400fc227040057
:10236c004000a28f23a85500272015004001072408
:10237c005800a28f08c346245c00a28f94664524a3
:10238c00d5c1400fc2270400ffffb5321400c28f25
:10239c0021a855000e0020121400d5af2000c297c2
:1023ac00010043242000c3a70c00038e080062a484
:1023bc00258800004400a58faafea0144c00a68f0f
:1023cc000b0000101800c0afbbff00100c0060ae7b
:1023dc0043010010fdff1124a1fea014fbff1124ea
:1023ec0002000224bdfd2212010002241800c0af1d
:1023fc00f0fd2012259000000800c2970003423423
:10240c000800c2a76800a28f120053242580000088
:10241c000800c29700015130b20020124000433036
:10242c00b0006010259000022590000025a000004f
:10243c00010016242580000001001124bb00c012ed
:10244c00010015242518c00225a8c0020100112482
:10245c00200044308a0080100400423004004054b4
:10246c000200312686008012000000000200312696
:10247c00ffff3132252800022580800225a860004c
:10248c008400a016400107245800a28f08c34624dc
:10249c005c00a28f94664524d5c1400f0100042432
:1024ac000a0002242200c2a70a000426ffff84307f
:1024bc002400c4a725a00002af0000102580200234
:1024cc000800c29740004230d1ff401025804002e6
:1024dc001400d08f1000d18f21107202000040a088
:1024ec000a0005248ae5400f2520600205004014ef
:1024fc0025a04000218050023b001116ffff5426fe
:10250c0021a07402258860020800d0978000023256
:10251c00090040109c00a28fd0ae452462c4400f2d
:10252c00252020022d004010c439107c0800d0a7b3
:10253c00f5ff001007005124010006243000a527e8
:10254c007684400f2520200225b840001000a0af53
:10255c00010006241000a52775a0400f252020029d
:10256c001900e01225804000030040102b10e202fd
:10257c00450140500800c2970800c2971000423431
:10258c000800c2a73000b58f2580e0029800a28f0a
:10259c00d8ae452462c4400f2520200217004010fd
:1025ac002b180202030060102ba855001400a05237
:1025bc0025b000020800c397800063340800c3a74d
:1025cc00d1ff0010060051240800c2970421027ca0
:1025dc000800c2a7edff00161000b58f0100902671
:1025ec0008000056238013020800c29700034234ef
:1025fc000800c2a786ff00102580400225b000020b
:10260c002380130227201000400107245800a28fba
:10261c0008c346245c00a28f94664524d5c1400fa4
:10262c00c2270400ffff103279ff00101800d6af4c
:10263c0081ff001625a0000280ff20560100112406
:10264c000400641025180000258020023c000010b6
:10265c0025a800007eff001025a80000010015240d
:10266c0020004230010011240300032484ff0010d9
:10267c000b88620025280000f9ff001025a8000037
:10268c002b00601425280002258020022c0000104d
:10269c002588000025a00002240000102580a00041
:1026ac000001a230060040100002a5300100a52c4c
:1026bc003400c627faffa52498e5400f4800a48fe4
:1026cc002528c003a37c400f4800a48f3afd0010be
:1026dc004800a28f0800c297004042347dfc0010d5
:1026ec000800c2a71400c38f211803021400c3af43
:1026fc001000c48f26b0640040004630ccffc014dc
:10270c000100d62e0a00c593bb00a01401000724bb
:10271c001000c58fd1ff64100a00c7a325a00002ca
:10272c002588c0002580a00025a8000025280002cf
:10273c00ddbc400f2520600225802002258840004a
:10274c00400107245800a28f08c346245c00a28fc6
:10275c0094664524d5c1400f010004240a000224cc
:10276c00238851002200d1a70a008426ffff843061
:10277c000800a0122400c4a7252800026c00a28f18
:10278c0077bf400f212044002400c3972110430041
:10279c002400c2a70200c012020002240a00c2a335
:1027ac0073fd92128c80848f2000828c0100072490
:1027bc002330920209f840000c00c58f6dfd00100b
:1027cc002200c597f6fd0010f3ff1234fafd00103d
:1027dc00efff1224f8fd0010eeff1224fbff201275
:1027ec00259040000500222e910040100300342e4d
:1027fc00020002240b103402238822028f002016c0
:10280c0025a04000c03002001000a527f4e9400fbd
:10281c001c0004265400a28f0c0002ae4c00a28fa8
:10282c00100002ae0400c28e140002ae180014a6f2
:10283c001a0011a62c0015ae05004012010014243c
:10284c005400a68f2528400298e5400f4800a48f1d
:10285c004000a68f2330d3000600e61201000724a7
:10286c008c80848f2000828c2330d70009f84000a4
:10287c000c00c58f4000a48f232093002720040058
:10288c00531407246400a28f84c046245000a28fe6
:10289c00c8964524d5c1400fc22704004000a28f22
:1028ac002398530027201300400107245800a28fbf
:1028bc0008c346245c00a28f94664524d5c1400f02
:1028cc00c2270400ffff73321400c28f21985300fb
:1028dc001400d3afb7fe801625880000fcff11242e
:1028ec0025280002a37c400f4800a48fb2fe0010e4
:1028fc004400a58f2530000010000524a76c400f64
:10290c004800a48f65fd4010258040000400c28f54
:10291c00040002ae190006244c00a58f62eb400f98
:10292c00340004264d0000a21c00d18f0800332671
:10293c00040024966500842cb01307246400a28f35
:10294c0084c046245000a28fc8964524d5c1400fa0
:10295c00010084384000a0af1000c28f1400c38f58
:10296c00231043006500442c640003240b1844001e
:10297c0025b860008c80848f2c00828c25386000f8
:10298c002530600209f840000c00c58f86fd5714f5
:10299c0021107702000040a0080024823c008438fb
:1029ac00c71307246400b18f84c026265000b28f51
:1029bc00c8964526d5c1400f0100842c2530000057
:1029cc004000a5277684400f252060027cfd401432
:1029dc00ce13072484c02626c896452622e2400f33
:1029ec00252000005400b3af73fd0010f1ff12243a
:1029fc0091fe001025a000021eff64104001072468
:102a0c005800a28f08c346245c00a28f946645240c
:102a1c00d5c1400f010004240a0002242200c2a7e1
:102a2c000a0002262400c2a75dff001025a00002a8
:102a3c000480123402001124020014249480828f2a
:102a4c0009f84000c020110062ff401025a840008a
:102a5c00c01014007800a2af253040001000a5274c
:102a6c00f4e9400f1c000426c03011001000a3270d
:102a7c007800a28f21286200f4e9400f2520a002e3
:102a8c0065ff00105400a28f0421027c0800c2a72d
:082a9c00befe00101000b58f12
:020000040000fa
:020000041d00dd
:102aa40098530080380000000000000038000080c7
:102ab4001800000000000000d05300803400000023
:102ac400000000001c560080100000000000000000
:102ad4007c2200800c00000001000000f4010000d2
:102ae400d007000001000000382200801800000018
:102af40001000000010000000100000000000000cf
:102b040008cb029dc43a039d529900004c550080a5
:102b14000400000000000000ec54008020000000cd
:102b24000000000080540080240000000000000029
:102b3400ac5500801800000000000000600200a0f6
:102b4400001000000000000050000080130000008e
:102b540000000000000000800400000001000000ec
:102b64000c5500800c55008020000000000000007f
:102b74006400008028000000000000002c55008044
:102b840020000000000000008c0000800b0000000a
:102b94000000000098000080020000000000000017
:102ba4009c00008004000000000000007c560080af
:102bb4000c00000000000000a000008008000000dd
:102bc40000000000885600800c0000000000000097
:102bd400a80000800400000000000000945600805b
:102be4000c00000000000000ac0000800a0000009f
:102bf40000000000b8000080140000000000000085
:102c0400682200801400000001000000ccae039d87
:102c140064ef009d68ef009d70ef009d74ef009dd0
:102c2400d44e0080ac00000000000000cc00008006
:102c34000400000000000000c020008050010000db
:102c440001000000d45b039d0000000000000000b0
:102c54000000000000000000000000000000000070
:102c64000000000000000000000000000000000060
:102c74000000000000000000000000000000000050
:102c84000000000000000000000000000000000040
:102c94000000000000000000000000000000000030
:102ca4000000000000000000000000000000000020
:102cb4000000000000000000000000000000000010
:102cc4000000000000000000000000000000000000
:102cd40000000000000000000000000000000000f0
:102ce40000000000000000000000000000000000e0
:102cf40000000000000000000000000000000000d0
:102d040000000000000000000000000000000000bf
:102d140000000000000000000000000000000000af
:102d2400000000000000000000000000000000009f
:102d3400000000000000000000000000000000008f
:102d4400000000000000000000000000000000007f
:102d5400000000000000000000000000000000006f
:102d6400000000000000000000000000000000005f
:102d7400000000000000000000000000000000004f
:102d8400000000000000000000000000000000003f
:102d94000000000030540080280000000000000003
:102da400d00000800500000000000000d600008074
:102db4000400000000000000dc0000801800000097
:102dc4000000000004000080060000000100000074
:102dd400ffffffffffff0000845200804800000057
:102de400000000000a000080020000000100000052
:102df40001000000204e0080b4000000000000002c
:102e0400585300804000000000000000f4000080df
:102e14000800000000000000b8500080000100001d
:102e24000000000014530080440000000000000073
:102e3400a056008018000000000000002c560080fe
:102e44001000000000000000fc00008018000000da
:102e5400000000003c56008010000000000000004c
:102e6400140100800c00000000000000b85600802f
:102e74000c000000000000004c5600801000000010
:102e840000000000200100800a0000000000000093
:102e9400c45600800c000000000000005c56008056
:102ea40010000000000000002c0100800e00000053
:102eb400000000003c01008014000000000000003d
:102ec40058540080280000000000000010220080f8
:102ed4002800000001000000bb010300d101010033
:102ee4004b020100330203007c020300dd030300f4
:102ef400de030300e0030300e1030100b322010049
:102f04005001008002000000000000005401008015
:102f14000800000000000000f455008014000000c8
:102f2400000000005c0100800800000000000000b8
:102f3400285000809000000000000000bc44008085
:102f44007002000000000000640100801000000016
:102f5400000000000c0000800400000001000000dc
:102f6400ffffffffc4550080300000000000000098
:102f7400740100802900000000000000a00100800e
:102f84000400000000000000504c00800801000014
:102f940000000000a40100800c00000000000000fc
:102fa400505500802000000000000000b0010080a7
:102fb40004000000000000006c56008010000000b7
:102fc40000000000b40100800100000000000000c7
:102fd400b80100801c000000000000007055008053
:102fe4001f00000000000000d40100800800000061
:102ff400000000001000008002000000010000003a
:10300400ffff0000dc0100800c0000000000000055
:10301400a45400802400000000000000e8010080a7
:103024000100000000000000ec0100800600000028
:1030340000000000f4010080100000000000000007
:10304400040200800400000000000000804f0080a3
:10305400a800000000000000b85100806c000000cf
:1030640000000000080200800800000000000000ca
:10307400cc5200804800000000000000901800a01e
:103084003000000000000000100200800c0000006e
:1030940000000000245200806000000000000000d6
:1030a400e84a008068010000000000002c4700800e
:1030b4003c020000000000001c020080050000002b
:1030c400000000006849008080010000000000004a
:1030d4008822008080190000000000002402008083
:1030e40008000000000000000856008014000000e2
:1030f400000000002c0200800a0000000000000014
:1031040050220080180000000100000004540080d8
:10311400905500801c56008000000000701200a032
:1031240000000000701200a0000200000000000077
:10313400c01800a0000800000000000090550080a6
:103144001c00000000000000045400802c0000005b
:1031540000000000360200800200000000000000b1
:10316400584d0080c800000000000000d0560080c8
:103174000c00000000000000f01500a00001000099
:1031840000000000301800a0400000000000000013
:10319400f01600a04001000000000000380200808a
:1031a4000100000000000000400200a01400000024
:1031b40001000000ff00000000000000000000000b
:1031c400ff000000ff000000701800a020000000b5
:1031d40000000000701400a0800100000000000046
:1031e400601200a01000000000000000083c0080f5
:1031f400b408000000000000400581bf7801000011
:1032040001000000000200007802000078020000c3
:1032140078020000780200007802000078020000c2
:1032240078020000780200007802000078020000b2
:103234007802000078020000780200000802000012
:103244007802000078020000780200007802000092
:1032540078020000780200001002000078020000ea
:103264007802000078020000780200007802000072
:1032740078020000780200007802000018020000c2
:103284007802000078020000780200007802000052
:103294007802000078020000780200007802000042
:1032a4007802000078020000780200007802000032
:1032b4007802000078020000780200007802000022
:1032c4007802000078020000780200007802000012
:1032d4007802000078020000780200007802000002
:1032e40078020000780200007802000078020000f2
:1032f40078020000780200007802000078020000e2
:1033040078020000780200007802000078020000d1
:1033140078020000780200007802000078020000c1
:1033240078020000780200007802000078020000b1
:1033340078020000780200007802000078020000a1
:103344007802000078020000780200007802000091
:103354007802000078020000780200007802000081
:103364007802000078020000780200007802000071
:10337400780200007802000078020000d80681bfbd
:10338400180000000100000078020000780200002c
:103394007802000078020000780200007802000041
:1033a400f40681bf40000000010000007802000024
:1033b4007802000078020000780200007802000021
:1033c4007802000078020000780200007802000011
:1033d4007802000078020000780200007802000001
:1033e400780200007802000078020000400781bfe4
:1033f400fc000000010000007802000078020000d8
:1034040078020000780200007802000078020000d0
:1034140078020000780200007802000078020000c0
:1034240078020000780200007802000078020000b0
:1034340078020000780200007802000020020000f8
:103444002802000030020000380200007802000068
:1034540040020000780200007802000048020000e8
:103464007802000078020000780200007802000070
:103474007802000078020000780200007802000060
:103484007802000078020000780200007802000050
:103494007802000078020000780200007802000040
:1034a4005002000058020000600200007802000090
:1034b4007802000078020000780200006802000030
:1034c4007002000078020000780200007802000018
:1034d4007802000078020000780200007802000000
:1034e40078020000780200007802000078020000f0
:1034f40078020000400881bf0c00000001000000b9
:10350400780200007802000078020000500881bfb1
:10351400040000000100000078020000580881bf88
:10352400140000000100000078020000780200008e
:10353400780200007802000078020000740881bf5d
:10354400180000000100000078020000780200006a
:10355400780200007802000078020000780200007f
:10356400940881bf040000000100000078020000fc
:10357400dc560080040000000000000014000080fd
:103584002400000001000000ffffffffffffffff1a
:1035940001000000ffffffffffffffff010000002d
:1035a400ffffffffffffffff01000000e056008068
:1035b40008000000000000003c020080040000003d
:1035c4000100000001000000e85600800400000033
:1035d40000000000c8540080240000000000000027
:1035e400000000006666666666666666666666660f
:1035f4006666666666666666666666666666666667
:103604006666666666666666666666666666666656
:103614006666666666666666666666666666666646
:020000040000fa
:020000041d00dd
:10362400d0ffbd272c00beaf2800b7af2400b6af33
:103634002000b5af1c00b4af1800b3af1400b2af94
:103644001000b1af0c00b0af5000888c5400978cc0
:103654000000b68c5800828c2668e2022468a80117
:103664002668a2016ad7023c78a442344c00838cb9
:1036740021106200211056002168a201426e2d0023
:1036840021680d010400b98c267017012470cd0146
:103694002670d701c7e8023c56b742345800838ce1
:1036a40021106200211059002170c20102752e0000
:1036b4002170ae010800aa8c26480d0124482e0171
:1036c400264828012024023cdb7042242110e20217
:1036d40021104a0021482201c24b29002148c90176
:1036e4000c00b18c2630ae012430c9002630cd0048
:1036f400bdc1023ceece4234211002012110510022
:103704002130c20082322600213026011000ac8c08
:103714002618c9012418660026186e007cf5023ca0
:10372400af0f42242110820121684d0021186d0041
:10373400421e23002118c3001400b38c265826010e
:1037440024586301265869018747023c2ac642343b
:103754002110620221704e0021586e01025d2b007f
:1037640021586b001800ae8c2610c30024104b00a7
:103774002610460030a8073c1346e7242138c70129
:103784002148e90021104900c213220021106201de
:103794001c00b58c26386b002438e2002638e30080
:1037a40046fd093c019529352148a902213026010d
:1037b4002138e600823a2700213847002000b88cdf
:1037c400266862012468a7012668ab018069063c6b
:1037d400d898c634213006032118c3002168a301f8
:1037e400426e2d002168ed002400a98c26a047001c
:1037f40024a08d0226a08202448b033caff76334dd
:103804002118230121586b0021a08b0202a534004a
:1038140021a0b4012800b08c2678ed002478f401ae
:103824002678e701ffff033cb15b63242118030200
:10383400211062002178e201c27b2f0021788f02df
:103844002c00ab8c2630b4012430cf002630cd00c0
:103854005c89023cbed74234211062012138470002
:103864002130c700823226002130e6013000b28cbc
:1038740026188f022418660026187400906b023ce8
:10388400221142242110420221684d0021186d00aa
:10389400421e23002118c3003400ad8c26f0e6013b
:1038a40024f0c30326f0cf0398fd023c9371422415
:1038b4002110a20121a0540021f0d40302f53e00fe
:1038c40021f07e003800b48c2610c30024105e0062
:1038d4002610460079a6073c8e43e7242138870248
:1038e4002178ef0021104f00c21322002110c203df
:1038f4003c00af8c26387e002438e2002638e300f2
:10390400b449053c2108a5242128e5012130a6005d
:103914002138e600823a2700213847002630470044
:103924002430de002630c2001ef6053c6225a524a4
:10393400212825032118a3002130c300c236260004
:103944002130e6002628e6002428a2002628a70025
:1039540040c0033c40b363342118c30121f07e000e
:103964002128be00c22d25002128c5002618c50027
:1039740024186700261866005e261e3c515ade276e
:1039840021f07e012110c20321186200821c230051
:103994002118a3002610a300241046002610450079
:1039a400b6e91e3caac7de3721f0de022138c70380
:1039b4002110470002132200211062002638620001
:1039c4002438e5002638e3002fd61e3c5d10de27a0
:1039d40021f07e022130c6032138e600c23e2700d2
:1039e40021384700263047002430c3002630c20067
:1039f40044021e3c5314de2721f01e022128c50375
:103a04002130c500c23526002130e6002628e60014
:103a14002428a2002628a700a1d81e3c81e6de3770
:103a240021f0fe012118c3032128a300822c2500c4
:103a34002128c5002618c50024186700261866002a
:103a4400d3e71e3cc8fbde3721f09e012110c203e0
:103a540021186200021b23002118a3002610a300d2
:103a64002410460026104500e1211e3ce6cdde3739
:103a740021f03e012138c70321104700c21622005d
:103a840021106200263862002438e5002638e3005d
:103a940037c31e3cd607de2721f09e022130c60321
:103aa4002138e600c23d2700213847002630470070
:103ab4002430c3002630c200d5f41e3c870dde2717
:103ac40021f03e022128c5032130c500823426009e
:103ad4002130e6002628e6002428a2002628a70094
:103ae4005a451e3ced14de2721f01e032118c303a2
:103af4002128a300022b25002128c5002618c50073
:103b04002418670026186600e3a91e3c05e9de3781
:103b140021f0be012110c20321186200c21e23003d
:103b24002118a3002610a3002410460026104500e7
:103b3400effc1e3cf8a3de3721f05e012138c703f9
:103b440021384700c23d270021386700261067004e
:103b540024104500261043006f671e3cd902de275f
:103b640021f0be022130c6032130460082342600f3
:103b74002130e6002610e60024f0430026f0c703b7
:103b84000000beaf2a8d1e3c8a4cde2721f05e0267
:103b94002128c5030000be8f21f0c50302f33e00b7
:103ba40021f0de00faff053c4239a52421286502f4
:103bb4002118a30026105e002110620002172200c3
:103bc4002110c2032618de00261862007187053c06
:103bd40081f6a534212805032138a7002138670080
:103be400423d2700213847002618c20326186700e3
:103bf4009d6d053c2261a524212865012130a60084
:103c040021186600021c23002118e300262847001f
:103c14002628a300e5fd063c0c38c6242130860284
:103c240021f0de002128be00422a2500212865005b
:103c34002630e3002630c500bea41e3c44eade372d
:103c440021f03e032110c2032110c20002172200fa
:103c54002110a200263065002630c200de4b1e3c37
:103c6400a9cfde3721f09e012138c7032138c700d0
:103c7400423d27002138470026f0a20026f0c70362
:103c8400bbf6063c604bc6242130a6022118c300b3
:103c940021f0c30302f43e0021f0fe002630470069
:103ca4002630de00bfbe033c70bc6334211803021f
:103cb400212865002130c500423226002130c60388
:103cc4002618fe00261866009b28053cc67ea524ff
:103cd4002128a5012110a200211062000217220050
:103ce4002110c2002618c60326186200a1ea053c6a
:103cf400fa27a5242128c5022138a7002138670006
:103d0400423d2700213847002618c20026186700c4
:103d1400efd4053c8530a5242128250221f0be00de
:103d240021187e00021c23002118e30026f047001e
:103d340026f0c3038804053c051da5242128c501dc
:103d44002130a60021f0c60342f23e0021f07e009d
:103d54002630e3002630de00d4d9053c39d0a53422
:103d6400212825012110a2002130c200023726009b
:103d74002130c60326287e002628a600dbe6023c66
:103d8400e599423421104202213847002128a70036
:103d9400422d25002128c5002638c6032638e50013
:103da400a21f023cf87c42242110e20121184300a6
:103db4002138e300023c27002138a7002618c5005b
:103dc40026186700acc4023c655642242110420107
:103dd40021f05e0021187e00421a23002118e3001e
:103de40027100500251043002610470029f41e3c27
:103df4004422de2721b0de0221b0c6022110560083
:103e0400821622002110620027b0070025b0c202ea
:103e140026b0c3022a43063c97ffc63421a8a60253
:103e24002128a50221b0c50282b5360021b0560072
:103e3400272803002528b6002628a20094ab063cb8
:103e4400a723c62421a08602213887022138a7008f
:103e5400423c27002138c702272802002528a70052
:103e64002628b60093fc063c39a0c6342198660285
:103e7400211863022118a300c21a23002118e300a9
:103e8400272816002528a3002628a7005b65063ce2
:103e9400c359c62421904602211042022110a200d7
:103ea4008216220021106200272807002528a2007c
:103eb4002628a3000c8f063c92ccc6342188260207
:103ec40021b036022128b600822d25002128450084
:103ed400273003002530c5002630c200efff113c17
:103ee4007df4313621801102218007022180d00027
:103ef400428430002180b000273002002530d000f9
:103f04002630c5008485073cd15de72421c82703fa
:103f140021c8230321c8d900c2ca390021c8190203
:103f2400273005002530d9002630d000a86f033c87
:103f34004f7e632421c00303211002032130c200f9
:103f44008236260021302603271010002510460053
:103f5400261059002cfe033ce0e663342178e3018b
:103f64002178e50121784f00827d2f002178cf0050
:103f7400273819002538ef002638e60001a3023c53
:103f8400144342242170c2012180d0012138f00061
:103f9400423c27002138e70127180600251867004e
:103fa40026186f00084e023ca11142242168a20188
:103fb40021c8b90121187900c21a23002118e3008d
:103fc40027100f00251043002610470053f7053c27
:103fd400827ea524216085012130860121104600be
:103fe4008216220021106200273007002530c2000b
:103ff4002630c3003abd053c35f2a534215865018d
:1040040021586f012158cb00825d2b0021584b00b1
:10401400272803002528ab002628a200d72a063c1f
:10402400bbd2c63421504601213847012128a700bc
:10403400422c2500212865014c00868c2130c200c9
:104044004c0086ac271002002510450026104b00ba
:1040540086eb063c91d3c63421482601214823012e
:1040640021484900c24a2900214005012140280174
:10407400500088ac21b8e502540097ac5800828cfb
:1040840021584b0058008bac251000002c00be8f2b
:104094002800b78f2400b68f2000b58f1c00b48f82
:1040a4001800b38f1400b28f1000b18f0c00b08fc2
:0840b4000800e0033000bd2705
:020000040000fa
:020000041d00dd
:1040bc000080023cdc5542245a02441400000000eb
:1040cc00a0ffbd275c00bfaf5800beaf5400b7af18
:1040dc005000b6af4c00b5af4800b4af4400b3af1e
:1040ec004000b2af3c00b1af3800b0af7081838fed
:1040fc00ffff62240200422c0d0040109881828f39
:10410c00190040146c81828f09f840001000a4271c
:10411c000800401c5c00bf8f110040141000a48fdd
:10412c0003008050708180af401f400f00000000e2
:10413c005c00bf8f5800be8f5400b78f5000b68ff5
:10414c004c00b58f4800b48f4400b38f4000b28f41
:10415c003c00b18f3800b08f0800e0036000bd2731
:10416c00f3ff0010708180af01000224380062144c
:10417c001c80838fffff022435006214039d063cd4
:10418c00c078c6242528000091e9400f05000424be
:10419c00ffff03247f0043101c8082af77e0400fa9
:1041ac00000000008018020021186200e70363245d
:1041bc006210043cd34d84241900640010180000d4
:1041cc0082210300401904002318640080180300a6
:1041dc0021186400c01803001b006200f4014000a9
:1041ec0012100000ff7f432c6a0060107c8182afac
:1041fc004c0143241b006200f40140001218000023
:10420c0002106270788182af020012240080103c90
:10421c00dc4410260080113c2c4731260000028e15
:10422c0009004050100010260a0006860500c01038
:10423c002528000264dc400f252040025500401068
:10424c000000000010001026f4ff11160100522689
:10425c000080023cdc554294630140109881908fa1
:10426c00258800000080123cdc5553264c00048e3f
:10427c0018008050010031264400028e1800428c38
:10428c0009f8400000000000420002960040423055
:10429c0010004050010031264400028e1400428c64
:1042ac0009f840004c00048e55004104030007241b
:1042bc00040006242528000217a5400f25206002c3
:1042cc004200029601000324c47b627c420002a6d9
:1042dc0001003126dc5545962b102502e3ff4014d6
:1042ec00700010267081838f010002244801621433
:1042fc00000000004001a0109881918f2510200231
:10430c002580000025180000000407240100062465
:10431c0042004494000c8830680007152046047c49
:10432c0083ff0105400084300200801004206600e9
:10433c002580040201006324f5ffa31470004224bd
:10434c00010002240410a200ffff42242a01501095
:10435c000080023cdc5542945b004014ffff0224b9
:10436c0087f2400f708182af72ff40505c00bf8fac
:10437c0085f2400f0000000025300002029d053c34
:10438c000c7ea52461b7400f2520400069ff00106a
:10439c005c00bf8f87f2400f000000000800401047
:1043ac000000000085f2400f00000000050006240c
:1043bc00029d053c6c7da52461b7400f2520400073
:1043cc00ba99400f00000000ffff022487f2400f53
:1043dc00708182af57ff40505c00bf8f85f2400f59
:1043ec0000000000ffff0624029d053c9c7da524d7
:1043fc0061b7400f252040004eff00105c00bf8fbe
:10440c0002000324b2ff4314dc0502241000a0af09
:10441c001400a0af1800a0af1c00a0af2400a0afe8
:10442c002800a0af2c00a0af2000a2af01000224f6
:10443c002c00a2a32d00a2a34400028e4000428cab
:10444c001000a52709f840005000048e1000a28f20
:10445c003f0002aa3c0002ba1400a293400002a240
:10446c001500a293410002a21800a38f2b18030081
:10447c0042000296446b627c420002a62000a38f8d
:10448c005e0003a62800a38f600003a22400a38f64
:10449c00610003a22c00a393620003a22d00a3933e
:1044ac00630003a2010003248431627c8473027cc8
:1044bc00c47b627c86ff0010420002a604206600ca
:1044cc009cff001025800402259000000080133c06
:1044dc00dc5574264000228e4040033c24104300df
:1044ec0005004010030007240400062425282002a0
:1044fc0017a5400f2520800201005226dc5562963c
:10450c002b104202f3ff40147000312694ff001070
:10451c00ffff02244d014224788182af0080023ccf
:10452c00dc554294ab0040109881908f2588000098
:10453c000080123c42000296400042300f00405076
:10454c00010031264400028e2400428c09f8400000
:10455c005000048e64000392010063300600431087
:10456c0001000424640003924408837c8410437c7f
:10457c000400437c640003a201003126dc55429602
:10458c002b102202ebff401470001026c800001004
:10459c000100112425284000f8e7400f3450c426b0
:1045ac00d4ff628e3400428c253000002528000098
:1045bc0009f84000e0ff648ef6ff4054280057ac29
:1045cc008481828f01004224848182afe300001039
:1045dc004200e29625a800003000b28f2000028e27
:1045ec0004ac027c200002ae0400438e2510620055
:1045fc00200002ae0200449640100400211044003a
:10460c00801002002850c42725280002f8e7400f2c
:10461c00212082000610b40201004230e400401454
:10462c000100022404a8a20225a0950202004496cf
:10463c0000110400bc44e42621208200080082946e
:10464c0001004234080082a42530000012e2400f21
:10465c0001000524d600001000000000ccb8400f6b
:10466c00010004240080023cdc55429421004010df
:10467c009881908f70001026259000000080133ccc
:10468c0090ff0426420082944000423015004050b6
:10469c0001005226ecff029686064330040060109f
:1046ac0025a000028881838f01006324888183af59
:1046bc0064008390020065300800a0100400633091
:1046cc0000104534000842340b28430064008290eb
:1046dc004408027c8b9d400f640082a0ecff80a6f6
:1046ec0001005226dc5562962b104202e4ff401466
:1046fc0070001026180020120080103c0080103c26
:10470c00dc4410260080113c2c4731260000028e20
:10471c000c004050100010260a00038608006010a0
:10472c007c81848f0c00029623104400ffff4230e2
:10473c002026027c1d008018211043000c0004a6ca
:10474c0010001026f2ff11560000028eccb8400f5c
:10475c00020004240080103cdc4410260080113c34
:10476c002c4731260000028e060040501000102607
:10477c0008000396030060101000102609f8400092
:10478c0000000000f7ff11167481828f68fe401044
:10479c0025300000000105240080043c12e2400f8b
:1047ac00cc44842463fe00105c00bf8f0c0002a676
:1047bc000800029602004234080002a625300000d0
:1047cc000200052412e2400f25200002ddff00103c
:1047dc00100010269081828fc8ff40100100112418
:1047ec0036000010000000007081838f010002244d
:1047fc00070062140000000002000224708182afe6
:10480c00029d053cdc7da52498d0400f252000009e
:10481c0074cb400f252000009081828f8c81838f78
:10482c00251043007481838f2510430041fe4010f6
:10483c005c00bf8f8c81828f1d004010258800008a
:10484c008c8180af84ca400f00000000259040008e
:10485c00259860008081908f25300002253800005b
:10486c00252040000e3c400f25286000688182af57
:10487c006210063cd34dc62419000602103000000d
:10488c008231060025380000252040020e3c400fe6
:10489c0025286002648182af7881828f7c81838f2e
:1048ac00231043001bff401801001124788182afb4
:1048bc009081828f6cff40100080023c908180af11
:1048cc000080023cdc5542943000401025a00000d2
:1048dc009881908f700010260080163c0080153c4b
:1048ec0090ff17264200e2964000423023004050d1
:1048fc000100942625980002eaff1296d4ff028e3e
:10490c005400428c09f84000e0ff048e6eee400f1c
:10491c002590520027181200eaff04962418640010
:10492c00eaff03a675ee400f25204000ecff02962f
:10493c0025104202ecff02a6d4ff028e5000428cde
:10494c002528400209f84000e0ff048e1600523280
:10495c0014ff4056d4ff628e4200e2960020423093
:10496c000600405001009426d4ff628e3800428c21
:10497c0009f84000e0ff648e01009426dc55a296f5
:10498c002b108202d6ff40147000102625a00000c8
:10499c000080133c3450732600801e3c0080173c72
:1049ac00049d023cf8c542243000a2af049d163c85
:1049bc0073e3400f2520600228ff40102580400043
:1049cc001000428c0800428c0e53400f0c00449493
:1049dc001000038e0800648c140004ae0c00649468
:1049ec00f2ff84240c0064a41400038e0e006324d4
:1049fc00180003ae06080324f6fe43100008032437
:104a0c0001001524f5fe431000c6d2260100062431
:104a1c00f3ff0524ffd2400f25200002e4ff001015
:0c4a2c00000000000800e0030000000093
:020000040000fa
:020000041d00dd
:104a3800b8ffbd274400bfaf4000b6af3c00b5afdc
:104a48003800b4af3400b3af3000b2af2c00b1af10
:104a58002800b0af258080007100849001000324f5
:104a68002f018314feff022425a0a0004800038e16
:104a78000a00601025b0c0002000628c0800443095
:104a8800070080142000073c08004234200062ac74
:104a98004800118e2c012056560020a62000073c05
:104aa8000600e72404000624140005242cd0400f37
:104ab800780004242588400019012012fdff0224f3
:104ac800029d023c80024224080022ae0c0030ae57
:104ad80001000224700022a6580022a62000228e7f
:104ae80008004234200022ae4800028e01004050e7
:104af800480011ae01008232050040100100032475
:104b08008400028e0442627c840002aefe0094326d
:104b18008400028e23ff0324241043004429027cce
:104b2800840002ae710003920100022402006214a4
:104b3800259800001c00338e0c0062920439027c18
:104b48000c0062a206008232090140100200823283
:104b580097014010020002241000a2a304000224be
:104b68001100a2a371000392010002240c00621438
:104b7800251000004400028e0500401400000000cb
:104b880072c6400f25200002de004010fcff022400
:104b98005ae9400f4400048eecff4224ffff4230e4
:104ba800a018027c1200a3a7680002a60c00628e5f
:104bb8000019427c010042240c0063920439437cb2
:104bc8000c0063a271000392010002240400621425
:104bd800140062261000a38f170063aa000043b8d0
:104be8005000028e0400401425a80000867b400f68
:104bf80025200002500002ae030082326e014010f0
:104c0800259000000100d6320e00c01200000000fe
:104c1800720000a2e080838f40110300231043003c
:104c28008010020021104300c01002006210033cf3
:104c3800d34d6324190043001010000082110200b4
:104c48004c0002ae54de400f000000004c00038e02
:104c580021106200240002ae8400028e01000324a9
:104c68004408627c840002ae5e000296000062a6e0
:104c78005c000296020062a65000028e040062ae3a
:104c88005400028e080062ae0c0062920418027c86
:104c98000c0062a20d0074a2120060a6100060a6ab
:104ca8005000028e21905200500012ae0200823253
:104cb8000c00401025900000100082320100405086
:104cc800080060ae8400028ec004427c5701405048
:104cd8005000028e0400628effff4224040062ae80
:104ce8000400122401008232040040100100032451
:104cf8008400028e8494627c840002ae10008232aa
:104d080004004010010003248400028e84b5627cf4
:104d1800840002ae1c00028e2000038e2b2043006c
:104d28004a018054231062001800048e1400058e76
:104d3800232085002310430023108200ffff423008
:104d48000e0062a6620002a626cc400f2520600253
:104d58000c00628e0019427c050042240c0063920c
:104d68000439437c0c0063a2710003920100022401
:104d78004d016214000000003c00028e4d004010fe
:104d88002598000072c6400f2520000249004010f7
:104d980025984000140052264000028e380022aeaa
:104da8003c00028e3c0022ae4400028e400022ae3f
:104db8001000238e0c006294211042020c0062a4a1
:104dc8001c00338e100060a64400028e60004290e2
:104dd8000100423023004014212055023800228e61
:104de8001400a2af3c00228e1800a2af1c00a0a3a2
:104df800060002241d00a2a30e53400fffff8430bb
:104e08001e00a2a7253000000c0005241653400ff1
:104e18001400a42727100200ffff4630252840026f
:104e28001653400f25206002271002000a01a01225
:104e3800ffff47301000238e1000629408004234b0
:104e4800100062a42530a0025000258ea695400fc0
:104e58002520200227100200ffff473027380700cf
:104e6800100067a6810002922100a2a3820002928c
:104e78002000a2a32200a0a3219055022000a7276a
:104e8800ffff4632060005246e4f400f2520200202
:104e9800000020aeb1ec400f252020020500401490
:104ea800259840000a000624ecff0524ffd2400f95
:104eb800252020021000a012000000003800028ef9
:104ec8000d004014dc05022454de400f340002ae0d
:104ed8003400038ee080848f021864706210043cf2
:104ee800d34d8424190064001018000082190300af
:104ef80021106200380002aedc0060160400943213
:104f0800ffff0224710004920100032405008314aa
:104f18004400bf8f2000238ec418037c200023aeda
:104f28004400bf8f4000b68f3c00b58f3800b48f67
:104f38003400b38f3000b28f2c00b18f2800b08faf
:104f48000800e0034800bd27540020a6480020ae12
:104f58006e0020a66c0020a6600020ae1000228ef5
:104f6800000040ac1000228ee2fe00100c0040a4ad
:104f78000800038e1000028ecf006210660015969e
:104f880060000296380040102590000071000392de
:104f980001000224060062546800029663f2400f82
:104fa80000000000080040540800128e68000296b5
:104fb800ffff43302b18a302010060542510a00204
:104fc800ffff55300800128e1000038e2b10720060
:104fd8002f0040500400028e239043026000029686
:104fe8002b2042020a9044002b10b2020500401008
:104ff800010004248400028ec439827c840002ae3d
:105008002590a00271000492010002240b00825432
:105018001000028e1b006010480020aeffff4232d5
:10502800560022a6540022a6500023ae1000228e5d
:1050380048002326000043ac1000028e21105200c5
:10504800100002ae8400028e0001423006004010bb
:1050580000000000600002960300521000000000eb
:105068000100b25601009436e3fe4012ffff5532ac
:105078006000029623105500600002a6e1fe0010b1
:10508800080094361000228eebff0010000040aca0
:10509800232043000000058e231085002190420242
:1050a800600002962b3042020a9046002b10b20292
:1050b80005004010010006248400028ec439c27c19
:1050c800840002ae2590a0022b1092000a20420212
:1050d80025108000232044022400801001000624ab
:1050e800710007921100e6541000028e1a00a010f9
:1050f800ffff84306e0024a66c0024a6680025ae4d
:1051080060002426480024ae15006010ffff4230de
:10511800560022a6540022a6500023ae1000228e6c
:1051280048002326000043ac1000028e21105200d4
:10513800100002ae0400038e2b204300c2ff8054ef
:105148008400028e0000048e23186400231043009c
:10515800bcff0010100002aeebff0010480020aeac
:105168001000228ef0ff0010000040ac7100059284
:1051780001000424edffa4541000028e0900601001
:10518800480020aeffff4230560022a6540022a657
:10519800500023ae1000228e48002326e2ff0010a4
:1051a800000043ac1000228edfff0010000040ac6e
:1051b80091fe001025a800000200c232080040102d
:1051c800010012247300029201004224730002a21b
:1051d8005000028effff4224a3fe0010500002aed2
:1051e8008400128e020052329ffe40120100d63215
:1051f8000800c0160000000072000292050040106e
:10520800ffff4224720002a24c00028e42100200ec
:105218004c0002ae54de400f259000004c00038e77
:105228002110620090fe0010240002ae010042240a
:10523800500002ae8400028e01000324c49c627cec
:10524800840002aea7fe001004001224ffff4224cf
:10525800bbfe0010ffff42301000238e1000629446
:10526800c418027cfdfe0010100062a42cff8012fe
:10527800251000007800088e2aff00114400bf8f17
:10528800760003960800633025ff601008000624a6
:105298007c00078e4400058e09f80001740004861e
:1052a8001fff00102510000015ffa0122598000010
:1052b80003ff00103800028e8400028e0001423085
:1052c80064ff4014259000004bfe001025a8000044
:020000040000fa
:020000041d00dd
:1052d800f8fdbd270402bfaf0002b6affc01b5afb1
:1052e800f801b4aff401b3aff001b2afec01b1af64
:1052f800e801b0af48819187d1d5400f2520200221
:10530800530040104801a5276c01a0af7c01a0af55
:105318009001a0afbf93400f252020029001b28fcb
:105328005481938f71f0400f2520400240180200ed
:10533800211862008018030021186200c0180300b9
:10534800219863026c01a28f280062ae4881908781
:105358009c01a0a32c0006249c01a5272069400fce
:10536800252000029c01a393020002242900621454
:10537800c0000624252800002069400f25200002cf
:10538800c000032423004314380106241000a52775
:105398002069400f25200002258040000400422893
:1053a8001c00401404000624049d053c78caa5246a
:1053b8007ce5400f1000a427160040141400a22713
:1053c800d001a0afd401a0afd801a0afdc01a0af3d
:1053d800e001a0afc801a2affcff1026cc01b0af1e
:1053e8000300102a0b0000161500a39301000224e5
:1053f800080062141600a593020002240d00a210f2
:10540800050002246000a210060002240a00a2502f
:105418002800678e79080724049d063c38bec624f8
:10542800049d053c209fa524d5c1400f25200000e0
:105438000b0005242800678e7c01a68f195e400f9b
:105448002520400225280000cbc9400f2520200236
:1054580009f2400f000000005e00401025a0400047
:1054680025900000049d133c38c17326049d163c0a
:10547800009d153c1ce8400f2520400252004010ba
:105488002588400042004294400042304e004010bf
:105498005481908f71f0400f25202002401802009f
:1054a800211862008018030021186200c018030048
:1054b80021800302600003920100623043004050e3
:1054c800010052265e000296feff4224ffff423092
:1054d8000700422c14004010200063301300605075
:1054e8005e0002962000028e100040505e00029678
:1054f8006ff2400f000000002000038e23104300cd
:10550800580003962b10430007004014010006249e
:105518000100052492c7400f252020026000029256
:105528004429027c600002a25e0002960e00422c12
:105538005a014010b90507245e000296801802003f
:105548005855a2260a10437c0800400000000000bd
:10555800d055009d9855009d2856009d8c56009d5d
:105568001457009d7457009dd457009d3058009dd6
:105578006058009d7458009d9c58009d2859009db6
:105588009059009d1c5a009daaff00100400052494
:10559800feea400f252020020b00401002000324e1
:1055a8005c0002961700431403000324040002243d
:1055b8005e0002a65000048e0400805001005226ae
:1055c800fead400f0100052401005226a9ff9216e6
:1055d8000000000062e2400f488184870402bf8f08
:1055e8000002b68ffc01b58ff801b48ff401b38fb8
:1055f800f001b28fec01b18fe801b08f0800e00331
:105608000802bd27030043140a000224e9ff001022
:105618005e0002a602000224e6ff00105e0002a659
:10562800252800009394400f25200002640000a262
:10563800600002924408027c8410027c600002a28e
:10564800300000ae030007240100062425282002ac
:105658002c4c400f25200002dbff401025380000ad
:105668002530000001000524195e400f2520200286
:1056780050d1400f2520000203000224d2ff001061
:105688005e0002a625282002688c400f2520000213
:105698000a000324130043140000000054de400fe6
:1056a800000000000400038e231043000000038e56
:1056b8002b104300c4ff40140100062402000524f7
:1056c80088bb400f25200002253800002530000047
:1056d80007000524195e400f25202002bbff00109b
:1056e80001005226b8ff4010010004246000039214
:1056f800c418837c600003a202000324b2ff431491
:1057080004000224b0ff00105e0002a65c000296ae
:105718000200423801000724030003240b3862000a
:1057280003000624252820022c4c400f25200002c7
:10573800a6ff4010010052266ff2400f0000000043
:10574800080002ae253800002530000003000524bb
:10575800195e400f2520200250d1400f252000025d
:105768000500022499ff00105e0002a625282002e9
:10577800688c400f252000020a00032493ff43543d
:105788000100522654de400f000000000400038e82
:10579800231043000000038e2b1043008aff40149f
:1057a800010006240200052488bb400f25200002c2
:1057b800253800002530000007000524195e400f39
:1057c8002520200281ff0010010052263400028e9d
:1057d8001000a2af253000001000a5276295400fe9
:1057e80025202002b30040141000a52771f2400fb5
:1057f800000000000400038e231043005a000396a3
:105808002b10430070ff401425282002fb80400f16
:10581800252000021000a52781ac400f252020027a
:105828006aff0010010052266ff2400f00000000ce
:105838000400038e231043000a00422c62ff401428
:10584800253000000200052488bb400f25200002f7
:105858005eff00100100522625282002fb80400f21
:105868002520000259ff0010010052266ff2400f58
:10587800000000000800038e231043001000038e70
:105888002b10430050ff40140a0002244eff001062
:105898005e0002a6253800000900062425282002fb
:1058a8002c4c400f2520000248ff401001005226d2
:1058b8006ff2400f000000000c0002ae2538000017
:1058c8002530000009000524195e400f252020021c
:1058d800600002928410027c600002a21400028e12
:1058e8000800038e211043001000038e231043008c
:1058f8000c00038e23104300421002003c00432c8e
:105908003c0004240b1083006ff2400f1c0002ae11
:10591800040002ae0b0002242cff00105e0002a659
:1059280025282002688c400f252000020a00032445
:1059380026ff4354010052266ff2400f000000007a
:105948000800038e231043001400038e2b1043001d
:10595800030040140c0002241bff00105e0002a686
:105968006ff2400f000000000400038e2310430074
:105978001c00038e2b10430013ff40140a0002245e
:1059880011ff00105e0002a601000724090006248a
:10599800252820022c4c400f252000020bff401028
:1059a800010052266ff2400f000000000c0002ae0a
:1059b80025380000253000000a000524195e400f34
:1059c80025202002600002928410027c600002a25e
:1059d8001800028e0800038e211043001400038e65
:1059e800231043000c00038e2310430042100200d2
:1059f8003c00432c3c0004240b1083006ff2400f42
:105a08001c0002ae040002ae0d000224effe0010de
:105a18005e0002a625282002688c400f252000027f
:105a28000a000324e9fe4354010052266ff2400f96
:105a3800000000000800038e231043001800038ea6
:105a48002b1043000b0040142530000002000524f1
:105a580088bb400f252000022538000025300000b3
:105a680007000524195e400f25202002d7fe0010ec
:105a7800010052266ff2400f000000000400038e60
:105a8800231043001c00038e2b104300cefe40144d
:105a98000c000224ccfe00105e0002a62530600235
:105aa800209fc526d5c1400f25200000c7fe001045
:105ab8000100522681ac400f252020020300072454
:105ac80004000624252820022c4c400f2520000223
:105ad800070002246ff2400f5e0002a6040002ae27
:105ae800253800002530000005000524195e400f08
:0c5af80025202002b5fe001001005226ff
:020000040000fa
:020000041d00dd
:105b0400b8ffbd275c00a28f2800b2af4400bfaf2e
:105b14001000a2af2500a22c4000beaf3c00b7afde
:105b24003800b6af3400b5af3000b4af2c00b3af1b
:105b34002400b1af2000b0af060040105800b28f6f
:105b440001000224258080002588a0000500a214fd
:105b54002598c0000080023c160003245a0000105f
:105b6400dc5643ac3c00028e4c00038e2b184300e1
:105b74002b006010010043243c0003ae0000499058
:105b840020000224f7ff2211f7ff22250500422cf2
:105b9400f4ff4014d5ff22254408027c0b00401476
:105ba40025a000003c00028e4c00038e2d003439e9
:105bb4000100942e2b1843001d00601023a0140034
:105bc400010043243c0003ae000049901c00201255
:105bd4004c00038e1000022485012212300002249e
:105be400029d023cb557422421102201000042903c
:105bf4002b105100550040140a00022404006010c8
:105c0400252800003c00028effff42243c0002ae27
:105c140020ea400f25200002cfff00100080023c44
:105c2400dcb0400f25200002d5ff001025484000bd
:105c3400dcb0400f25200002e4ff0010254840009e
:105c440030000224e6ff22550a0011243c00028e93
:105c54002b1843002c006010010043243c0003aec9
:105c640000004990200022357800032435004314b5
:105c7400000000003c00028e4c00038e2b184300f1
:105c840025006010010043243c0003ae000049904d
:105c9400029d023cb557422421102201000042908b
:105ca4001000422c2b004054100011244c00028e92
:105cb4004b014010253800001b0060123c00028e8e
:105cc400feff42243c0002ae2538000025f000000f
:105cd4004400bf8f2518c0032510e0004000be8f8c
:105ce4003c00b78f3800b68f3400b58f3000b48fc6
:105cf4002c00b38f2800b28f2400b18f2000b08f06
:105d04000800e0034800bd27dcb0400f2520000256
:105d1400d4ff001025484000dcb0400f25200002cd
:105d2400dbff001025484000ffff42243c0002ae88
:105d34002528000020ea400f25200002e3ff001080
:105d440025380000830020120a0002247a0022125f
:105d54009919153cffff2726029d133c24a8f10046
:105d6400f500a016b55773261700022402102272fc
:105d7400029d033ca85763244011427c2110430038
:105d84000000568021106902000057902b10f10288
:105d9400040040100008023c2b10a2026f00405483
:105da4003c00028e2530c002ffff0424ffff0524bf
:105db4001c00a9af54e4400f1800b5af1800a78f1a
:105dc4001c00a98f25f000001400a2af25a86000d4
:105dd40021106902000057902b10f1029e00401020
:105de4002b10be029d004054029d133c0400d517a5
:105df4001400a28f2b10470098004054029d133cbe
:105e04003c00028e4c00038e2b184300600060108f
:105e1400010043243c0003ae000049902520e0002b
:105e24002528c0032530c00263e4400f1800a9af41
:105e34002538e20225f06000e5ff00101800a98f64
:105e44004c00038e2b1843003600601001004324dd
:105e54003c0003ae000042900a0007240218677257
:105e640021386900d0fff32425484000d0ff2225c3
:105e74000a00422c030040102b107502f0ff40541e
:105e84003c00028e9919153c2538600225f000006b
:105e94009a99b536d0ff33250a00622e8700401048
:105ea4002b10d5036c004010ffffa2260600c2177a
:105eb4000a0002249999023c9a9942342b10e20078
:105ec400650040100a0002241900470010b80000c1
:105ed40012b0000002185e7021b87700ffff03249f
:105ee4000400e316271013002b1056005b004054e7
:105ef400029d133c3c00028e4c00038e2b18430081
:105f04001000601000000000010043243c0003aeb8
:105f140000004990213876022b40f600ddff001086
:105f240021f0170125200002dcb0400f1400a9afb6
:105f3400c9ff00101400a98f25980000cbff0010a2
:105f44009999b536dcb0400f25200002f1ff00100e
:105f5400254840007fff0010080011244c00038ee8
:105f64002b18430006006010010043243c0003aedc
:105f7400000049900438d50282ff001025a8f700dc
:105f8400dcb0400f25200002faff00102548400035
:105f940025200002dcb0400f1800a7af25484000c0
:105fa4009eff00101800a78f4c00038e2b1843008f
:105fb4005d006010010043243c0003ae00004990e2
:105fc4000210357221a85600211069020000569073
:105fd4002b10d102050040101c07023cc77142245b
:105fe4002b10a202f0ff40543c00028e2538a00280
:105ff40025f0000021106902000055902b10b10219
:10600400150040101900f100122000000900c0130f
:106014001028000019003e02126000002110ac009c
:106024002b104c001068000021104d000b00405450
:10603400029d133c0210d173ffff032425b080009e
:1060440021b845003e00e316271015002b1044002c
:106054003c0040503c00028e029d133cb557732611
:1060640021483301000022912b10510014004050ac
:106074004c00028e3c00028e4c00038e2b18430011
:106084003e006010010043243c0003ae0000429037
:1060940021106202000042902b105100f5ff4014c1
:1060a4000080023c220003241000be8fdc5643ac67
:1060b40001004232253840020ba002004c00028e3f
:1060c400050040101000a28f3c00028effff422406
:1060d4003c0002ae1000a28f2b10c2033900401402
:1060e4001000a28f03005e142b10f200360040143f
:1060f400ffff022401004232250040141000a28f49
:10610400220080160080023c22000324dc5643acab
:106114001000a28fffff47262b90f200ffff5124af
:10612400ebfe001021f05102dcb0400f25200002ec
:10613400a3ff001025484000a3ff001025a800007d
:106144003c00028e4c00038e2b18430007006010a5
:10615400010043243c0003ae000049902138b602fc
:106164002b40f600a3ff001021f01701dcb0400f14
:1061740025200002f9ff001025484000dcb0400f44
:1061840025200002c3ff0010211062021000a28f1c
:106194002b105e00050040141000a28f0900c217e6
:1061a4002b10470208004010ffff02240080023c2d
:1061b40022000324dc5643ac25384002c4fe001000
:1061c4001000be8fffff0224c1fe821623401e0072
:1061d400233807002b100700bdfe001023f0020136
:1061e400bbfe601625f00000d2fe0010252800003a
:1061f40096fe2211029d023c7bfe0010b5574224fc
:020000040000fa
:020000041d00dd
:1062040020fdbd27dc02bfafd802beafd402b7afba
:10621400d002b6afcc02b5afc802b4afc402b3afbc
:10622400c002b2afbc02b1afb802b0af25a88000c3
:10623400000206242800a5272069400f2400848436
:10624400258040002800a2272000a2af1c00a2af96
:10625400211050002400a2af1000a0af1400a0af82
:106264001800a0af0c0006241000a52712b2400f9e
:106274001c00a4279f00401025a040000e53400f8f
:106284001000a4971000a2a70e53400f1200a49769
:106294001200a2a70e53400f1a00a4971a00a2a737
:1062a4000e53400f1600a4971600a2a70e53400fda
:1062b4001800a4971800a2a70e53400f1400a49727
:1062c4001400a2a71000a2272802a2af2800a22728
:1062d4002c02a2af1c00a2273002a2af3402b0a746
:1062e4003802a0af1200a293030042307f00401492
:1062f40025980000049d023cac02a2af049d1e3c04
:10630400049d023cb8c54224b402a2af0100022499
:10631400850062122802a38f0200622a390040100d
:106324000200022441006052040064907b070724a9
:10633400b402a68f509fc527d5c1400f2520000069
:106344006b0060520100943a3c02a0af0100732636
:1063540004000224edff62163802a28f640040504c
:106364000100943a2400438c0478037c600060505c
:106374000100943a000043940442037c8000633497
:10638400000043a42a0040a02600439002006010ad
:10639400010003242a0043a0270043900500605015
:1063a4001800438c2a004390020063342a0043a05f
:1063b4001800438c02006014b0040324180043ac9a
:1063c4001c00a38e080043ac0c0043ac2600a4962a
:1063d400ffff84242026047c2600a4a62720040092
:1063e4004b010724049d063c50bec624049d053c75
:1063f400509fa524d5c1400fc22704003b000010c4
:1064040025a000004d0062122802a38f030002247d
:10641400c7ff62167b0707240a0064900b00629092
:1064240000120200040000102510440005006290d0
:106434000012020025104400c1ff4010ffff422457
:10644400ffff423001004224b002a2af25b8000091
:106454004002a0a33002a28fa002a2afa402a2af66
:106464004002b12725b000009e02a0a3010006242b
:106474009e02a527a402b28f12b2400f252040022b
:106484001a0040109e02b093f9000012c0000232bc
:10649400c000032430004314010006249402a0a386
:1064a4009402a52712b2400f252040020f0040108d
:1064b40000821000003f10329402a6932c02a28f97
:1064c4003402a3978802a2af8402a2af2110430032
:1064d4008c02a2af213006022528000012b2400f20
:1064e4008402a4271a0040148402a2270100943acb
:1064f400ff00943225108002dc02bf8fd802be8fc9
:10650400d402b78fd002b68fcc02b58fc802b48f35
:10651400c402b38fc002b28fbc02b18fb802b08f75
:106524000800e003e002bd270600649007006290c3
:1065340000120200c0ff00102510440008006490ff
:106544000900629000120200bbff001025104400f5
:10655400c5ff0010a402a2af330020122590000250
:106564008002a227231051002a185000180060103e
:1065740023800202170040142590400012000052ac
:1065840021801202a802b2af259000022720120037
:10659400de080724ac02a28fa8c54624509fc52755
:1065a400d5c1400fc2270400253040022528000031
:1065b40012b2400fa402a48fccff401025804002e9
:1065c400a802b28f21801202a7ff001021b0d002ce
:1065d4002580000027201200cf080724ac02a28fd8
:1065e400a8c54624509fc527d5c1400fc227040023
:1065f400253040022528200212b2400fa402a48fa5
:10660400baff4010218832028002a2272b102202f6
:10661400daff40102e000224000022a20100d62638
:10662400d6ff001001003126d8ff0010a802a0af49
:10663400980000104002b127adff50540100943a75
:106644007e000010000000009402a0af9802a0afea
:106654009c02a0a70a0006249402a52712b2400fa8
:10666400a002a48fa2ff40500100943a0e53400fa1
:106674009602a4979602a2a70e53400f9c02a497d9
:106684009c02a2a70b53400f9802a48f9802a2afba
:106694000e53400f9402a4973c0000169402a2a744
:1066a4009c02a6972528000012b2400fa002a48fd6
:1066b4008eff40100100f72669000010b002a28f7f
:1066c4001c000324f6ff43149c02a3971000022429
:1066d400f4ff62149c02a6972a0002920200423040
:1066e400f1ff401025280000270002922200a39603
:1066f4002b104300eaff4010100006248402a0afd0
:106704008802a0af8c02a0af9002a0af8402a5279c
:1067140012b2400fa002a48f74ff40108402a68f0f
:10672400270003921400028e001903002110430075
:106734008802a58f8c02a48f9002a38f030046a821
:10674400000046b8070045a8040045b80b0044a85b
:10675400080044b80f0043a80c0043b89802a28f65
:106764001800038e2b20430004008054180002ae4e
:106774000300605427000292180002ae2700029220
:106784000100422434000010270002a29602a497bc
:1067940001000324c3ff83149c02a697c8ff43147b
:1067a4009c02a39704000224bfff62142528000062
:1067b400260002922000a3962b104300b8ff40103d
:1067c400040006248402a0af8402a52712b2400f5d
:1067d400a002a48f46ff40500100943a2600039281
:1067e4001000028e80180300211043008402a38f3e
:1067f400000043ac9802a28f1800038e2b204300a4
:1068040004008054180002ae030060542600029273
:10681400180002ae26000292010042240e0000106d
:10682400260002a28000423030ff40143802a28fba
:1068340081ff4014000000003802b0af82ff6016f0
:10684400040006242528000012b2400fa002a48fe1
:1068540027ff40500100943a0100f726b002a28fae
:10686400fcfee2564002a0a3b8fe00103c02a0af1a
:10687400090020124002a2276dff22122e000224da
:10688400ffff238204006254000020a2ffff312690
:10689400ffffd626000020a214ffc01a2802a28ff0
:1068a4000000439001005190008a110025882302c2
:1068b4004002a527f6a1400f0000a48e040040105a
:1068c4002580400024004294d6ff515000000296d7
:1068d4003802b08fd9ff00120000000000000296b9
:1068e4008000423002ff40540100943ad3ff00106c
:0468f40000000000a0
:020000040000fa
:020000041d00dd
:1068f80068ffbd27a400a7af0000c0d41000a28c79
:106908007800beaf1800a0f7000080441800a1d797
:106918000000e0446400b3af3c0820466000b2af1a
:106928005c00b1af5800b0af7c00bfaf7400b7af28
:106938007000b6af6c00b5af6800b4af8800b6f7aa
:106948008000b4f79800a4af2588a0000000b28c9e
:106958000400be8c0800b38c4000a2af08000145bb
:106968000c00b08c04004232390040140800543244
:106978000f00801225b060020a00001020000224d7
:106988001800a28f1c00a38f2000a2af0080023c39
:10699800261043002400a2af2000a1d72d00022416
:1069a8001800a1f7000002a2ffff762601001424b8
:1069b8001c00a28f1800a48f2118140200f0427c3a
:1069c800270080142800a3aff07f033c2500431460
:1069d800f07f053ca400a28fbfff51241a00312e7e
:1069e8001d002012049d053c049d053c78c6a52485
:1069f80058eb400f2800a48f0ce9400f2520000217
:106a08009800a48f1000b2af253860022528000234
:106a18003b99400f253040007c00bf8f7800be8f27
:106a28007400b78f7000b68f6c00b58f6800b48f94
:106a38006400b38f6000b28f5c00b18f5800b08fd4
:106a48008800b6d78000b4d70800e0039800bd27b7
:106a5800d4ff00102b000224e5ff00107cc6a524fb
:106a6800f07f053c0100a3242b184300050060506b
:106a7800a400a28f0c0045141800a1d70a008010aa
:106a8800a400a28fbfff51241a00312e0400205207
:106a9800049d053c049d053cd5ff001080c6a52437
:106aa800d3ff001084c6a524049d053c049d023c28
:106ab800320920462c00a2af68b5b4d41f000445a3
:106ac80025a80000a400a48fdeee400f2000a5af8b
:106ad8002014027c2000a58f3401c007670004241d
:106ae8002900441425b840000100c05301001e24a9
:106af800fcffa42a030080142a20be02250180146a
:106b0800000000002a000010650017240605204632
:106b18000100b52602a022461800a1d73c0a20464b
:106b2800faff08452c00a38f049d043c25100000a3
:106b380078b580d40f00001070b562d4f5ff00104e
:106b480070b542d4d4fea42a0800805003a522467a
:106b5800050040141800a1d702a520460100022410
:106b6800420820461800a1f703a52246ffffb526d4
:106b78001800a1d73c0b3446f2ff0d45a400a48fa2
:106b8800d1ff001000000000660004240800e4168d
:106b98000100de270300a1066700042468b5b4d409
:106ba80025a80000020044106600172421f0d50330
:106bb8001800a0d786a52046252800002000a0f7a9
:106bc8002000a0d74c00a5af4800a2af09b1400fe4
:106bd800030336462000a28f0080073c4d00204664
:106be8003000a2af2400a28f4400a1e786b320465c
:106bf8002610e2003400a2af3000a1d706032046d9
:106c0800a01d400f1000a1f700006d440080073c54
:106c18002610ed002400a2af2c00a28f4c00a58ff7
:106c280000000c4470b540d40100a5242000acaf8e
:106c380083b52046e2ffc5174800a28f049d043c97
:106c480080b58ed42000a0d782b32e463c042e46b1
:106c58005e00114532052e46050014454400a38ff9
:106c6800000080440000e0440100643092032446a0
:106c78002c00a38f1800a0d770b576d400002e463c
:106c880082a53646000004443eb620465200184508
:106c980000006544660007245000e7160100b52689
:106ca8000100de272548a00223183e011800a3afe3
:106cb80025f0800225600000257800001800a38fc9
:106cc800060069102568c00310002a8efbff4a25bc
:106cd8002b50ca0346004055000084440600e015c6
:106ce800100042320400401021680d022e000224d8
:106cf8000100de270000a2a121201e026500022457
:106d08002200e216000080a00300a106252800004a
:106d180023a81500010005244000a28ffeffcc2601
:106d28000a000b24ffff422421480202000020a190
:106d3800020009248600a016213089018400201d44
:106d48002b0003242d0009240b1825012528600099
:106d580021180202ffff65a0a400a38ffeff4224b2
:106d680021280202bfff71241a00312e4500032496
:106d78000bb871002a38c2030000b7a00300e01066
:106d8800feffd62458eb400f0000000003004232fb
:106d98000200032418ff43140000000016ffc01a65
:106da800000000000ce9400f252000022a185400ba
:106db800710060102530c0022800a48f4eeb400ff0
:106dc800300005240cff0010259800000070804456
:106dd800a7ff00100070e04486a520466500e93a48
:106de8002518a0020a180900afff00102548600006
:106df8005000a2af0000e5444c00acaf0303364698
:106e08004800afaf4400a9af3000adaf2000a4af39
:106e180009b1400f2400a5af4d00204600080a44e0
:106e280009000e240a0058290a50d80110004e32d1
:106e38002570ca012000a48f2400a58f3000ad8fd3
:106e48004400a98f4800af8f4c00ac8f0b00c015d1
:106e58005000a28f67000e2408004e1400000000a6
:106e68001d00200501008e252568c00321c01e02d3
:106e7800257080010f00001030001924fbffe05539
:106e88002568c003f9ff23052568c00321680d02a2
:106e98002e000e240100de27ffffd6260000aea13b
:106ea800f1ff001001000f24000019a3ffffce25f9
:106eb80001001827fcffc015ffffc62621680d0238
:106ec8000100c7272168ac0130004a2523b0cc0057
:106ed80021f0ec000000aaa100800a3c4c00a2afff
:106ee800261045013800a4af3c00a2af3800a1d756
:106ef80086b32046060320461000a1f74800aeaf2f
:106f08004400afaf3000a9af2000a4afa01d400fd0
:106f18002400a5af2c00a28f00000c4400006d4493
:106f28003000a98f70b540d44800ae8f00800a3c6d
:106f38002520800126284d0183b52046ffff2925fd
:106f48002560c0014c00a28f5cff00104400af8f89
:106f58001a00ab02f4016001ffff42242130020253
:106f6800ffff29251050000030004a250000caa064
:106f780070ff001012a800002118020200006480af
:106f88002118c20221180302000064a087ff001024
:106f9800ffff422403ffa10667000424fafe001045
:106fa80066001724d2fe001006001e24d0fe4410ee
:0c6fb80006001e24f4fe001025b8400066
:020000040000fa
:020000041d00dd
:106fc400e8ffbd270000bfaf0400b0af0800b1afb9
:106fd4000c00b2af1000b3af1400b4af861d400f65
:106fe40025a08000000000006c1d400f258040009b
:106ff400000000003b1d400f2588400000000000f9
:107004002a1d400f259040000000000025984000f4
:107014000060084025480001feff012424400101ce
:107024000400083500608840c000000000d08040a3
:1070340000e08040c00000000000043c0000842404
:1070440001008014009d043c0400001221289000db
:1070540021209200feff8514fcff88bc0000043c44
:1070640000008424010080140080043c04002012e9
:107074002128910021209300feff8514fcff89bc88
:107084000f00000000800840070008350700083999
:10709400254014010080884000608940c000000041
:1070a4000000bf8f0400b08f0800b18f0c00b28fb6
:1070b4001000b38f1400b48f0800e0031800bd273c
:1070c40000000000f8ffbd270000bfaf3d1c400fcb
:1070d40000000000691c400f0000000000000000d8
:1070e4000000bf8f0800e0030800bd270000000077
:1070f400f8ffbd270000bfaf2a1d400f00000000ad
:1071040000000000255840000b0060110000000042
:107114000900a01821488500ffff6a252750400177
:1071240024408a00ffff292524482a01000015bdb8
:10713400feff091521400b010000bf8f0800e0038a
:107144000800bd2700000000f8ffbd270000bfaf06
:107154002a1d400f000000000000000025584000d8
:107164000b006011000000000900a01821488500f0
:10717400ffff6a252750400124408a00ffff29258c
:1071840024482a01000011bdfeff091521400b010e
:107194000000bf8f0800e0030800bd2700000000c6
:1071a400f8ffbd270000bfaf3b1d400f00000000eb
:1071b40000000000255840000b0060110000000092
:1071c4000900a01821488500ffff6a2527504001c7
:1071d40024408a00ffff292524482a01000010bd0d
:1071e400feff091521400b010000bf8f0800e003da
:1071f4000800bd2700000000f8ffbd270000bfaf56
:107204008a1c400f00000000af1c400f000000006b
:10721400000000000000bf8f0800e0030800bd2745
:1072240000000000f0ffbd270000b0af0400b1afc4
:107234000800bfaf6c1d400f0000000000000000fc
:107244002580400016000012000000002a1d400f97
:1072540000000000000000002588400010002012fb
:10726400000000000000043c00008424020080149c
:10727400000000000080043c0900001a214890002e
:10728400ffff2a262750400124408a00ffff2925ba
:1072940024482a01000001bdfeff09152140110107
:1072a4000000b08f0400b18f0800bf8f0800e00316
:1072b4001000bd2700000000f0ffbd270000b0afa4
:1072c4000400b1af0800bfaf861d400f00000000ee
:1072d400000000002580400016000012000000009d
:1072e4003b1d400f00000000000000002588400006
:1072f40010002012000000000000043c0000842460
:107304000200801400000000009d043c0900001ae3
:1073140021489000ffff2a262750400124408a007c
:10732400ffff292524482a01000000bdfeff09159e
:10733400214011010000b08f0400b18f0800bf8ffd
:107344000800e0031000bd2700000000f8ffbd277f
:107354000000bfaf2a1d400f000000000000000025
:10736400255840000b006011000000000900a0181f
:1073740021488500ffff6a252750400124408a00e8
:10738400ffff292524482a0100001dbdfeff091521
:1073940021400b010000bf8f0800e0030800bd2757
:1073a40000000000f8ffbd270000bfaf3b1d400fe9
:1073b4000000000000000000255840000b00601190
:1073c400000000000900a01821488500ffff6a257d
:1073d4002750400124408a00ffff292524482a0120
:1073e40000001cbdfeff091521400b010000bf8fea
:1073f4000800e0030800bd27000000000c00a018ee
:10740400214885003b08067c0900c010ffff2925a0
:10741400ffffca242750400124408a0024482a013f
:1074240000001f05feff0915214006010f000000a2
:107434000804e00300000000008009400080013cd3
:1074440024402101060000110000000001800940d1
:1074540080032f31c2790f000100ef252510e001d0
:107464000800e00300000000000000000080094064
:107474000080013c244021010700001100000000ad
:10748400018009400700013c2460210102640c00d2
:1074940001008c25251080010800e0030000000095
:1074a40000000000008009400080013c24402101cc
:1074b4000a0000110000000001800940001c28316e
:1074c40006000011000000008242080001000825a7
:1074d40001000e2404700e012510c0010800e00311
:1074e4000000000000000000008009400080013c12
:1074f400244021010b00001100000000018009401c
:107504003800013c24402101060000110000000065
:10751400c24408000100082501000b2404580b0193
:10752400251060010800e0030000000000000000d6
:10753400008009400080013c244021010800001122
:10754400000000000180094000e0283142430800a7
:107554000600082501000f2404780f012510e0011e
:107564000800e00300000000000000000080094063
:107574000080013c244021010900001100000000aa
:1075840001800940c001013c2440210182450800da
:107594000600082501000c2404600c01251080015c
:1075a4000800e0030000000000000000f0ffbd2719
:1075b4000000b0af0400b1af0800b2af0c00bfaf21
:1075c4002a1d400f00000000000000000f1d400fa6
:1075d40025804000000000004d1d400f258840001c
:1075e4000000000025904000190011021240000024
:1075f40019004802121000000000b08f0400b18f7f
:107604000800b28f0c00bf8f0800e0031000bd27f4
:1076140000000000f0ffbd270000b0af0400b1afd0
:107624000800b2af0c00bfaf3b1d400f00000000cc
:10763400000000001c1d400f2580400000000000d9
:107644005c1d400f2588400000000000259040008c
:107654001900110212400000190048021210000023
:107664000000b08f0400b18f0800b28f0c00bf8ff0
:0c7674000800e0031000bd27000000002b
:020000040000fa
:020000041d00dd
:1076800068ffbd2700600644006067443000a427ff
:107690009800acf78400bfaf6000b0af8800b4f7cb
:1076a000a000aef7a800b4d78000beaf7c00b7af93
:1076b0007800b6af7400b5af7000b4af6c00b3af74
:1076c0006800b2af61c2400f6400b1afa000aed796
:1076d0002000a4270070064461c2400f0070674478
:1076e00000a0064400a0674461c2400f1000a42718
:1076f0003800b08fa000aed7cb03022a050040109f
:107700009800acd72800a68fcb03c22803004014f2
:107710001800a28f0600001021658e4ecb0343286f
:1077200011006014cb0303240100435421658e4ee5
:107730008400bf8f06a020468000be8f7c00b78fdc
:107740007800b68f7400b58f7000b48f6c00b38f63
:107750006800b28f6400b18f6000b08f8800b4d72a
:107760000800e0039800bd273000a88f2000aa8ff2
:107770002400a48f3400ac8f19000a012180060276
:1077800023905000127000004000aeaf4000b78f51
:10779000107800004400afaf4400a38f190004012b
:1077a000124000001048000019008a011250000029
:1077b00021b00a012b28c8021058000021502b01cb
:1077c0002128aa00190084012158c3022b2063013b
:1077d00012600000212885012120a400106800000b
:1077e0002b50ac0021504d012b18850025888000be
:1077f000a500401a21506a004000432a1000a98fba
:107800006d0060101400a88f25202001252800019c
:10781000253040025400aaaf5000abafa000aef735
:107820009800acf74c00a9af63e4400f4800a8af44
:107830004c00a98f4800a88f400006242520200175
:10784000252800012330d2002598400054e4400f41
:107850004000a3af4000a78f9800acd7a000aed7e0
:107860005000ab8f5400aa8f25484000254060008f
:107870002c00a28f3c00b28f269042021c00a28fe7
:10788000ac00521421f077022b18d30321b0eb0087
:1078900021b076002b10c702070040140100052418
:1078a0000500f654252800002b98d303030060162a
:1078b00021a031012528000021a031012b108902cf
:1078c00021180a0121a0b400211843002b288502a9
:1078d00021a8a30025208002b3d0400f2528a002b4
:1078e000ffff5124400006242330d1002520c0038f
:1078f00054e4400f2528c0022530200225208002b4
:107900002528a00225b8400063e4400f25986000b8
:10791000253020022520c0032528c00225b8e20218
:1079200063e4400f25986302251043002b100200ea
:10793000400010262510e2022520400006004012db
:1079400025286002233002002b180600233813007c
:107950002520c0002328e3000000844423301102c6
:107960000000e544c4fbc328ce0060102103a046fc
:10797000c3fb0324cf00c354802d1300ac0040127e
:10798000049d033c90b562d432102c46ab000045f8
:10799000401d0200049d023c98b540d4049d023c69
:1079a000a0b554d4026320462063204621630046dc
:1079b0005fff001002653446c0ff5226c0ff50240e
:1079c00025980000aaff4012253800004000422af6
:1079d000500040105800aaaf4000a48f400015246a
:1079e00023a8b202252860012530a0025400a7afc9
:1079f0005000a8af4c00a9afa000aef79800acf7bc
:107a000063e4400f4800abaf4800ab8f4000a48f49
:107a1000253040022528600154e4400f25b843007a
:107a20005800aa8f252020022530a00225284001d9
:107a30002bb8170025b0600025b8e20263e4400fc0
:107a40004800aaaf4800aa8f2558c302252020026b
:107a500025284001253040024000abaf54e4400fe0
:107a600025b8e20225884000255060004000ab8f19
:107a70009800acd7a000aed74c00a98f5000a88fbb
:107a80007bff00105400a78f2390020205004016d0
:107a90001000b38f1400a78f2548000074ff00105a
:107aa000254000004000422a1f0040101000b48f03
:107ab0001400b58f400006242330d2002520800218
:107ac0002528a0024800aaaf4000abafa000aef747
:107ad00063e4400f9800acf72510430025304002c6
:107ae000252080022528a00254e4400f2b98020094
:107af00025986202253860002548000025400000d6
:107b00009800acd7a000aed74000ab8f58ff001054
:107b10004800aa8f0100172425580000258800007e
:107b200053ff00102550000001001324daff00105d
:107b30002538000023f0f3022b18fe0223b0670162
:107b400023b0c3022b107601010005240600401467
:107b5000253000000400cb562528000003006014e7
:107b60002360290225280000236029022ba82c026b
:107b7000231848012318750023a085012b60940168
:107b80002318660023a86c001200a10623203101ef
:107b900023f077022b987e0223b0eb0023b0d302b0
:107ba0002b10240123180a0125a0d60321a8850043
:107bb000231862002ba014002b20a40221186600b9
:107bc00023a0b402211883002ba8b40223a87500b7
:107bd0000100522e251095023eff40142510d603b9
:107be000d3fe405021658e4e2520c003b3d0400ff8
:107bf0002528c002ffff512407002106c01f1600e0
:107c000042101e00251062000100de3325105e00c8
:107c100049ff001042981600253020022520c0039d
:107c200063e4400f2528c00243ff00102598600040
:107c3000049d033c54ff001088b562d41900601005
:107c4000c01f1300422002002520640001004230c2
:107c500042981300254082000040023c060040127a
:107c600025485300231008002b1802002320090088
:107c7000254040002348830000008844049d023cc6
:107c80000000e944a0b54cd42100a04600002046e5
:107c90000100224602032c468100204602632c4646
:107ca0002163024c84c2400f00000000a0fe0010bf
:107cb0000605204680250200821202002b200400c7
:107cc0002510a20025108200823d02000448137c8a
:107cd0002528f30006004012802202002310040031
:107ce0002b18020023380500252040002328e3003c
:107cf000000084440000e544eaff00102103a04690
:020000040000fa
:020000041d00dd
:107d000098ffbd276400bfaf6000beaf5c00b7af97
:107d10005800b6af5400b5af5000b4af4c00b3af8d
:107d20004800b2af4400b1af4000b0af0800908c43
:107d30005c010012259800000400978c5a01e012a3
:107d4000251060022800e28e5701401025106002c5
:107d50000c00958c5501a0126400bf8f1000968c0a
:107d60005101c012258880000080023c0000888cf0
:107d70001400238ec45548acc4554224040057acab
:107d8000080050ac0c0055ac100056ace2f1400fae
:107d9000140043ac808182af0000a38e0100022456
:107da00067016210ffffc3262510a002ffff052414
:107db00001000424ffff63242500651425900000c2
:107dc0002528000044e0400f2520400225a0400067
:107dd0000080023c24008016e45554ac87f2400f2a
:107de000010011240b0040100000000085f2400f3c
:107df0000000000002004012253000000000468e06
:107e0000019d053ce057a52461b7400f25204000a7
:107e10000100112487f2400f00000000080040100c
:107e20000000000085f2400f000000002530200215
:107e3000019d053cf859a52461b7400f252040005d
:107e4000ba99400f25980000170100102510600214
:107e5000080042240000468cd7ffc414ffff6324af
:107e6000d7ff00100400528c0000438e0080023cbb
:107e7000e85543ac0800828e7000062425280002d5
:107e800009f840002520800210004014988182af3c
:107e900087f2400f02001124deff401000000000b6
:107ea00085f2400f00000000c03010002330d000e9
:107eb00000310600019d053c1058a52461b7400f14
:107ec00025204000d3ff00100000000025300002f4
:107ed0002528e002d4d8400f252080020e0040144f
:107ee0000080023c87f2400f03001124c9ff4010bc
:107ef0000000000085f2400f0000000025308002e5
:107f0000019d053c5058a52461b7400f2520400035
:107f1000c0ff001000000000dc5550a4dc554224d6
:107f2000040056a498819e8f2598000025300000fb
:107f30002528c003075b400f2520e00219004054ac
:107f40007000de2787f2400f00000000080040109c
:107f50000000000085f2400f0000000025306002a4
:107f6000019d053c8458a52461b7400f25204000a1
:107f700087f2400f04001124a6ff4010000000000b
:107f800085f2400f0400112425300002019d053cbc
:107f9000c858a52461b7400f252040009dff001060
:107fa0000000000001007326e0ff13164000f726d2
:107fb0009881938f0080033cde55639425286002ee
:107fc0002540000025200000010084242b30900073
:107fd000c300c010253080004400a98c7000a52487
:107fe0002538a0004400ea8c040049150100c6248d
:107ff00001006324ffff633025404000f9ff0616af
:108000007000e724f1ff00100100842487f2400f84
:10801000050011247fff40100000000085f2400f92
:10802000000000000080033cde556694019d053c85
:108030000859a52461b7400f2520400075ff0010a6
:10804000000000001800978cb700d7140100a52489
:1080500087f2400f060011246eff40100000000060
:1080600085f2400f060011242530e002019d053cf9
:108070004c59a52461b7400f2520400065ff001032
:10808000000000002b205000ab00801401004224af
:10809000948180af1800a0af1c00a0af2000a0af5b
:1080a0002400a0af2800a0af0080023cdc55429421
:1080b000220040106700732625b80000049d023c92
:1080c000ecc142243400a2af019d023c90594224ed
:1080d0003c00a2af0080023c3800a2aff1ff77a6bf
:1080e000feff6792803807001800a2272110470082
:1080f0003000a2af00005e8c1000beaf3400a38f32
:108100000a38677c3c00a68f07000524b8c3400fdf
:1081100025206002060060a20100de273000a28f49
:1081200000005eac0100f7263800a28fdc554294b7
:108130002b10e202e9ff401470007326700206243f
:10814000252800000080043c4eeb400fbc448424f2
:10815000748180af0080023c0000478e0400468e90
:108160000800458e0c00448e1000438ef45547ac39
:10817000f4554224040046ac080045ac0c0044ac65
:10818000100043ac0080123c285052269000532629
:108190007af1400f252040020c005226fcff5316b6
:1081a0000000000075f2400f25b800000cf2400fef
:1081b000608182a70080023cf25540a09881928f96
:1081c0000400318e00801e3c8cc5400f2000248ea0
:1081d00025984000251840004408037c0100022433
:1081e0000e006210dc55c42787f2400f08001124ee
:1081f00008ff40100000000085f2400f0000000062
:1082000025306002019d053c9859a52461b7400fb7
:1082100025204000fffe001000000000170093a082
:10822000100092ac58004296140082a42538c00277
:108230002530a002ab40400f252820022600401028
:1082400025984000700052260100f7262b10f002fe
:10825000ddff4014400031261800828e09f84000ee
:1082600025208002258040000008422c0e0040108e
:108270002510600287f2400f000000000200422c2f
:10828000090040142510600285f2400f0000000034
:1082900025300002019d053ccc59a52461b7400f53
:1082a00025204000251060026400bf8f6000be8f53
:1082b0005c00b78f5800b68f5400b58f5000b48f54
:1082c0004c00b38f4800b28f4400b18f4000b08f94
:1082d0000800e0036800bd27cefe0010090011244d
:1082e000020000110080023cde5543a40080023ce5
:1082f000de55429445ff40147000632601000224bd
:10830000a8ff668c5fffc010252060002b2850005e
:1083100060ffa050948180af1800778c4cffd7107d
:10832000252840000100a5242b38b00045ffe0546b
:108330007000842401004224f1ff001070006324c7
:08834000c7fe00102510a00289
:020000040000fa
:020000041d00dd
:108348002518e0000400c78c0000c68c70ffbd270c
:108358008000baf70000864400d080440000e7445b
:1083680000d0e0441000a28c3c003a464c00b3af69
:108378004800b2af4400b1af4000b0af6400bfaf37
:108388006000beaf5c00b7af5800b6af5400b5afe1
:108398005000b4af7800b8f77000b6f76800b4f7cb
:1083a8009000a4af0000b28c0400b18c0800b38c1c
:1083b8002000a2af080001450c00b08c0400423236
:1083c80037004014080057320d00e01225f0600213
:1083d80008000010200002240080023c26104700fc
:1083e8001c00a2af1800a6af1800a68f1c00a78f0c
:1083f8002d000224000002a2ffff7e2601001724a0
:10840800bfff65242548c00000f0e27c2800c014a6
:108418001a00a52cf07f033c26004314f07f0a3c89
:10842800212017022000a010049d113c049d053c4a
:1084380068c6a52458eb400f000000006cc624262f
:108448000ce9400f000000009000a48f1000b2afac
:1084580025386002252800023b99400f253040004e
:108468006400bf8f6000be8f5c00b78f5800b68f66
:108478005400b58f5000b48f4c00b38f4800b28fb2
:108488004400b18f4000b08f8000bad77800b8d7c9
:108498007000b6d76800b4d70800e0039000bd2785
:1084a800d4ff00102b000224e2ff00106cc6252622
:1084b800f07f0a3c010043252b184300050060109b
:1084c800212017020d004a54000086440b00205159
:1084d800000086440700a010049d113c049d053c43
:1084e80070c6a52458eb400f00000000d4ff001010
:1084f80074c62426fbff001074c62526300002240b
:108508000000e744000082a032013a4658000324e4
:1085180078000224049d093c0b10650025a8000082
:10852800a900044528ae34d500c086440000342a8a
:10853800180009240a48340286a5204600c0e744ea
:10854800010082a0010034252510000003c336462f
:108558003000a5af2400a2af1800a6af1c00a7af3b
:1085680009b1400f049d163c820036462400a28fb4
:108578002800b6af1800a68f010042241c00a78f60
:108588003000a58f01c6224640aec2d6040021069f
:1085980082b5224632c53a4603001545049d043c7f
:1085a800eaff8216049d043c48ae82d482b022467b
:1085b8003cc62246a000194532c7224608001e457f
:1085c800000086440d00204600000444000080445a
:1085d800010084300000e0449200244600008644f4
:1085e8000200f7260000e744000022461800a0f722
:1085f8001c00a38f1800a48f0400801400f0667c70
:10860800f07f043c87ffc4102120170223100200ca
:10861800feffc6272400a2af25f0e00225100000c7
:1086280025a0000025b000002000a38ffbff6424d4
:108638002b20c4031c0080102538c0031800a0d7c5
:108648003c00a5af3800a6af030334462c00a2af08
:1086580009b1400f3000a7af4d0020460008044480
:108668003000a78f2c00a28f3800a68f75008014c9
:108678003c00a58f7c00c0522ba0140001004224ae
:10868800020034461800a1d72800a38fffffd62682
:10869800010820461800a0f740ae60d42400a38f3c
:1086a800e1ff761402a520461400801621201e0240
:1086b800a600405010004232a300201a01004732a1
:1086c800a100e0142e000724000087a021385e00d6
:1086d8002138070230000924010089a00100842400
:1086e800feff8754010089a021f05e0027100200d8
:1086f8000100de272130460021201e02000080a054
:108708000300a1062510000023a81500010002247b
:108718002000a38fffffc62401000b24ffff712454
:10872800213811020000e0a00a000a2401000724f1
:108738007400a01621a0c7007200eb102b000324c0
:108748002d0006240b18c200251060002118110204
:10875800ffff62a0feff31265000072470000224ac
:108768000a384500212811022a88d1030300201263
:108778000000a7a058eb400f0000000003004232a1
:10878800020003240c004314feff91262cff201a3c
:10879800252000020ce9400f252000022a18570066
:1087a8006200601025302002300005244eeb400f97
:1087b800212017022598000021ff00102520000223
:1087c800060520460100b52600a034460008864468
:1087d8000008e7443c0a2046f9ff0845049d093c87
:1087e80030ae20d5049d093c38ae22d5060120467e
:1087f800000886440008e7443c0c34464bff124509
:1088080000c0864482a1204632333a4608000e450d
:1088180002a524460008864402a522460008e7442b
:1088280042082246000806440008674402a5244678
:10883800efff0010ffffb5260010804467ff00100f
:108848000010e044090080162558c0030700c01234
:108858002e000924213807020100de27ffffc62465
:108868000000e9a0010014242558c00321601e025d
:10887800253840000300001030000d24ffffe724d6
:1088880001008c25fdffe05400008da121584b000c
:10889800ffffc6240100de270a0087282330c20014
:1088a80021f0c20321580b020200e0105700822475
:1088b800300082241100a050000062a1200047343b
:1088c8009fffe7241a00e72c0c00e050000062a18b
:1088d800252040003c00a5af3800abaf2c00a6af68
:1088e800e5ee400f3000a0f73c00a58f3800ab8fb5
:1088f8002c00a68f3000a0d7000062a160ff0010f6
:10890800251000001a00aa02f4014001ffff3126d9
:1089180021601102ffffe7241048000030002925dc
:10892800000089a182ff001012a80000211802028d
:10893800000064802118820221180302feff64a04f
:1089480096ff0010ffff4224100042326bff405098
:1089580021201e022e0002240100de2766ff0010df
:04896800000082a0e9
:020000040000fa
:020000041d00dd
:10896c0016008690030003247101c3100100022439
:10897c00b0ffbd274c00bfaf4800beaf4400b7af3f
:10898c004000b6af3c00b5af3800b4af3400b3af65
:10899c003000b2af2c00b1af2800b0af2580a000e2
:1089ac00c880828f54014014259880008500a05007
:1089bc004c00bf8f0000b294820040524c00bf8f1d
:1089cc001200a3947f0060504c00bf8f2000a38c3a
:1089dc00948083af2400a28c03006010908082af3f
:1089ec000800405410000296049d023cb8a4422496
:1089fc00948082af049d023ce4a44224908082af18
:108a0c0010000296c48082a701004230a68082a387
:108a1c001c000296201e027c75006204ff7f02245b
:108a2c00a48082a725b040020080023c2c5540acab
:108a3c002c554224040040ac080040ac0c0040ac67
:108a4c00100040ac140040ac180040ac1c0040ac12
:108a5c00988080af808080af848080af888080af2a
:108a6c000e000296bc8082af0c000296c08082afd2
:108a7c0016000296b68082a718000296b48082a7d0
:108a8c000080043c7af1400f885684240800648ee0
:108a9c009c8084af0800828c6401062409f8400095
:108aac0025284002d88082af9c80848f02000596d6
:108abc000400828c09f840000228b270d48082af86
:108acc009c80848f0800828c5000062409f840009a
:108adc00c080858fb88082af1a000296a88082a7ca
:108aec000a000596b08085af9c80848f0800828c2c
:108afc0009f8400010000624ac8082af12000296e8
:108b0c001600401025a0000014001196100031260c
:108b1c00ffff3132080037260080153c9c80848f83
:108b2c000400828c09f840002528e0020b0040105c
:108b3c002528400014000396040043a4060051a409
:108b4c00f8e7400f8856a4260100942612000296de
:108b5c002b108202f2ff40549c80848fd880828f2d
:108b6c000a004010d480828f08004010ac80828fa5
:108b7c0006004010b880828f0400401000000000f6
:108b8c00120002961c0054102100062487f2400f9c
:108b9c0000000000070040100000000085f2400fac
:108bac0000000000009d053c1000a52461b7400f9b
:108bbc0025204000327f400f252060022510000048
:108bcc004c00bf8f4800be8f4400b78f4000b68f5b
:108bdc003c00b58f3800b48f3400b38f3000b28fa7
:108bec002c00b18f2800b08f0800e0035000bd2787
:108bfc008cff0010a48082a7029d053cc8d0a52440
:108c0c00adc5400f16000424eaff4010a08082afcf
:108c1c0002000296d28082a7d880918f2510200264
:108c2c0025180000ffff0524ffff0424460045a47f
:108c3c00140044ac010063242b307600fbffc014fd
:108c4c0064014224cc8092afc480829710004330e0
:108c5c000500601426001424200042301600142451
:108c6c00060003240aa06200d480958f2590000092
:108c7c00009d1e3c009d173c049d023c2000a2afb1
:108c8c00420020a6080007964e0027a61400a0afad
:108c9c001000a0af25300000252880029241400f23
:108cac0025200000ffff03240d004314460022a6dc
:108cbc0087f2400f00000000beff401000000000d3
:108ccc0085f2400f00000000009d053c3400a524f7
:108cdc0061b7400f25204000b6ff001000000000d7
:108cec00c4808397020063300400601001000624e6
:108cfc000600052497aa400f252040000400069684
:108d0c001000c0100300052497aa400f46002486cb
:108d1c000d0040540600069687f2400f000000003c
:108d2c000200422c080040540600069685f2400fc3
:108d3c0000000000253040025400c52761b7400fe9
:108d4c0025204000060006961000c01002000524e5
:108d5c0097aa400f460024860d0040545c002296d2
:108d6c0087f2400f000000000200422c0800405423
:108d7c005c00229685f2400f000000002530400276
:108d8c007c00e52661b7400f252040005c00229650
:108d9c00010003248431627c5c0022a6253800008b
:108dac002000a28f94964624000205241e84400fb6
:108dbc00460024860d004014200022ae87f2400f9e
:108dcc00000000007bff40100000000085f2400f07
:108ddc0000000000009d053ca400a52461b7400fd5
:108dec002520400073ff001000000000180035ae75
:108dfc00480032a60200029621a8a20201005226c7
:108e0c002b1056029eff4014640131262800108e50
:108e1c001800a2271000a2af253800002530000052
:108e2c00252800007f70400f252000021000401400
:108e3c008c8082af87f2400f000000000200422cb1
:108e4c005cff40140000000085f2400f00000000a1
:108e5c001800a78f25300002009d053cc400a524f6
:108e6c0061b7400f2520400052ff001000000000a9
:108e7c000080043c7af1400f7c568424b080828fb1
:108e8c000c00401025880000ac80928f0080103cb4
:108e9c007c56102625284002f8e7400f25200002ba
:108eac0001003126b080828f2b102202f9ff401472
:108ebc00100052260080043c7af1400f9456842412
:108ecc00c080828f0c004010b880928f25880000e3
:108edc000080103c9456102625284002f8e7400fdd
:108eec002520000201003126c080828f2b10220227
:108efc00f9ff40145000522600020224d08082a7b1
:108f0c00c880828f01004224c88082afe10407240c
:108f1c00049d063c70b6c624049d053cc896a52449
:108f2c0022e2400f0100042425ff0010010002245e
:088f3c000800e0030000000042
:020000040000fa
:020000041d00dd
:108f4400b0ffbd274c00bfaf4800b2af4400b1af83
:108f54004000b0af0f00052442e2400f1400042487
:108f64002d004010c881828f0700422c2a00401037
:108f7400c881828f80180200019d023c908f422498
:108f84000a10437c0800400000000000ac8f009de4
:108f94008090009dd090009d7891009d5092009dfe
:108fa4008894009db094009dc48182931a0040145b
:108fb4000080023c70554280180040104c00bf8f66
:108fc40009ce400f25200000140040104c00bf8f34
:108fd4004200439400106330110060144800b28fc3
:108fe400f1ec400f252040000b004010c081838f1e
:108ff400010002240e0062140080053c6c56a52476
:109004000080043c0b60400f70558424080040101d
:1090140002000224c88182af4c00bf8f4800b28f87
:109024004400b18f4000b08f0800e0035000bd271a
:10903400c081828f020042381c00052401000324f1
:109044000b2862000080043c28ee400f70558424f5
:109054000700410401000724ffff0624f5ff05244f
:10906400d1d7400f05000424ecff00104c00bf8f43
:1090740001000224e8ff0010c88182afc081868ffe
:109084000080053c6c56a5240080043c55e3400f49
:109094007055842401000324e0ff43104c00bf8f6b
:1090a4000700410401000724ffff0624f5ff0524ff
:1090b400d1d7400f05000424d8ff00104c00bf8f07
:1090c40002000224d4ff0010c88182afec81848f97
:1090d400feea400ff08184af05004014f081828fd6
:1090e40009ce400f01000424f08182aff081828f09
:1090f4000700401425380000feff0624f4ff052471
:10910400d1d7400f05000424c4ff00104c00bf8fca
:1091140001000524e69b400f208084870080073ce3
:109124006c56e7247b000624c081858f728b400f28
:1091340020808487e7004010f081858ff8c1400fbc
:10914400208084872580400025300000020005240b
:109154009f34400f2080848754de400f00000000bd
:10916400df000012e08182af03000224aaff001096
:10917400c88182af3000052498ee400f2080848798
:109184000f0040541000a0af54de400f0000000058
:10919400e081838f23104300cc81838f2b106200e6
:1091a4009dff401025380000fdff0624fcff052428
:1091b400d1d7400f0200042498ff00104c00bf8f49
:1091c4001400a0af1800a0af1c00a0af2000a0aff7
:1091d4002400a0af2800a0af2c00a0af3000a0afa7
:1091e4003400a0af3800a0af3c00a0af04001024ae
:1091f400c0101000030003240410627c1000a2a31a
:10920400aa83043c0b53400f807e84242800a2af21
:1092140002000624070005249f34400f2080848721
:10922400300006241000a5279cb4400f20808487ba
:109234006148400f2080848754de400f0000000006
:10924400e08182af74ff0010c88190afe7d7400f70
:1092540020808487080040142580400025380000c1
:10926400fdff0624f3ff0524d1d7400f0500042495
:109274006aff00104c00bf8fd1d5400f2080848737
:10928400090040140500022454de400f00000000d1
:10929400e081838f23104300dc81838f2b106200d5
:1092a4005dff401005000224c88182af25880000bc
:1092b400f9ff1224d1d5400f208084870a0040147e
:1092c4003000062464002016faff022454de400f06
:1092d400bc8182af2528400012eb400ffcff042420
:1092e4005e000010253000001000a5272069400f03
:1092f4002080848730000324050043141000a293c7
:109304003800443020000324080083103800a48f60
:1093140054de400fbc8192af2528400012eb400f71
:10932400fbff0424e3ff0010258800023c00a38f08
:1093340025188300090060141100a393f8ff022488
:1093440054de400fbc8182af2528400012eb400f51
:10935400faff0424d7ff00102588000209006014d6
:109364000f00632cf6ff022454de400fbc8182af51
:109374002528400012eb400f25204002cdff0010ad
:109384002588000204006010c0004230c00003249d
:109394000900431400000000f7ff022454de400fcc
:1093a400bc8182af2528400012eb400ff8ff042453
:1093b400c0ff0010258800020b53400f0080113cb1
:1093c40050553026040002ae0b53400f3c00a48fce
:1093d40066de400f505522ae080002ae0c0003ae0c
:1093e4000400028e557c033c8081633421104300c9
:1093f400100002ae5055248ec21604004029040009
:109404002318a4002b28a30023104500822f030057
:10941400801002002510a20080180300212064009f
:109424002b1883002110620042270400c0100200a0
:1094340025108200140002ae1800028e010042249e
:10944400180002ae2528000212eb400f010004248c
:1094540006000224c88182af2530000007000524dd
:109464009f34400f2080848701000524e69b400f31
:109474002080848754de400f00000000e6fe0010c8
:10948400e08182af54de400f00000000e081838f52
:1094940023104300d081838f2b106200defe4054e2
:1094a400c88180afddfe00104c00bf8f54de400f3a
:1094b40000000000e081838f23104300d481838f58
:1094c4002b106200d4fe4054c88180afd3fe00103c
:1094d4004c00bf8f54de400f00000000e08182afdb
:1094e40025380000fdff0624fcff0524d1d7400fda
:0c94f40005000424c9fe00104c00bf8fce
:020000040000fa
:020000041d00dd
:1095000018ffbd27dc00b4afd800b3afd400b2afb2
:10951000d000b1afe400bfafe000b5afcc00b0af5a
:10952000259080002588c000b800a5af25980000d0
:10953000049d143cb800a58f0000a280e4004010f8
:10954000ffff02249c00a2af1800a227a400a2af34
:10955000800002249800a0afa000a0afa800a2af96
:1095600025800000250003242110b0000000428067
:109570000300401000000000fbff435401001026d0
:109580000600001225300002dfc0400f25204002f7
:10959000b800a28f21105000b800a2afb800b58f5c
:1095a000250002240000a382c20062140100b52637
:1095b000b800b5af2b0005242d000624300003248d
:1095c0002000072423000824b800a48f0000828014
:1095d0001b0045509800a28f2c0049281e00201126
:1095e00000000000180047509800a28f1800485053
:1095f0009800a28f2a0003241e0043500000228ef0
:1096000047ca400f00000000a000a2afb800a38f1f
:1096100000006280d0ff42240a00422c210040104a
:1096200001006324f9ff0010b800a3af0100423429
:10963000010084249800a2afe3ff0010b800a4af9b
:10964000fbff001004004234f9ff00100800423410
:10965000f7ff001010004234f4ff46509800a28f2c
:10966000e5ff43542a0003249800a28ff0ff001066
:109670000200423401008424b800a4af0400432453
:109680000000428c000023ae06004104a000a2afff
:109690009800a38f23100200a000a2af010063383e
:1096a0009800a3af9800a28f010043300200601021
:1096b0004408027c9800a2afb800a28f2e000324b9
:1096c000000044800d008314010044249c00a0afde
:1096d000b800a4af010045802a0003242300a3148e
:1096e00002004224b800a2af0000228e04004324ee
:1096f0000000428c000023ae9c00a2af55d8400f62
:10970000b800a427c000a2afb800a28fdeee400fc1
:10971000000044806900032477004310c000a58f37
:109720006a0043282f00601063000324be0043102a
:10973000640043281800601025000324cb00431068
:10974000610003244f00435025302002ffff022414
:10975000b800b5af9800a0afa000a0af9c00a2af2a
:109760001000a0afc90000102538000047ca400f04
:10977000000000009c00a2afb800a38f0000628030
:10978000d0ff42240a00422cdcff40100100632479
:10979000f9ff0010b800a3af640003245600431083
:1097a00068004228eaff4010ffff02242530200213
:1097b000aadf400fb000a42797004010b800a28f86
:1097c000b000a6279800a52701004324b800a3af46
:1097d000000047803e1a400f25204002350000104f
:1097e00021800202700003246e00431071004328a0
:1097f000130060106e000324830043106f000324e5
:10980000d3ff4314ffff0224253820022530000037
:109810004279400fb000a4277f004010b800a28f0b
:10982000b000a6279800a527010042242520400269
:10983000609c400fb800a2af1e0000102180020201
:10984000750003243a0043107800032446004310b7
:1098500073000324bdff4314800002246e00a21491
:10986000b800a28f2538000001004224b800a2af42
:109870000000228e04004324000023ae7600001076
:109880000000468caadf400fb000a4276200401001
:10989000b800a28fb000a6279800a5270100432496
:1098a000b800a3af00004780d220400f252040021f
:1098b00021800202218070022a9813027700601230
:1098c0000080023c4f000324dc5643acffff13240e
:1098d000e400bf8f25106002e000b58fdc00b48f7c
:1098e000d800b38fd400b28fd000b18fcc00b08f2e
:1098f0000800e003e800bd27253820020100062407
:109900004279400fb000a42743004010b800a28f56
:10991000b000a6279800a527010042242520400278
:10992000798a400fb800a2afe2ff00102180020246
:1099300025382002253000004279400fb000a427ce
:1099400035004010b800a28fb000a6279800a527c8
:109950000100422425204002baae400fb800a2af59
:10996000d4ff00102180020225382002253000009b
:109970004279400fb000a42727004010b800a28f02
:1099800001004324b800a3af00004780b000a62721
:109990009800a527995d400f25204002c5ff0010c3
:1099a000218002022538200225300000f000052425
:1099b0004279400fb000a42717004010b800a28fd2
:1099c000b400a38f01004224b800a2afb000a28f60
:1099d00025104300edff4014780007240ce9400fe8
:1099e00078c884269800a38fa000a78f2530400058
:1099f0001000a3af78c885263b99400f2520400270
:109a0000acff0010218002022538200221307002b4
:109a1000949f400fb000a427b800a28f01004224f9
:109a2000a4ff0010b800a2af80000224faffa21425
:109a3000b800a28f01000724b000a627010042242d
:109a4000b800a2af0000228e040043240000428c24
:109a5000000023aeb000a2a39800a527b3b7400f23
:109a60002520400293ff0010218002028000022482
:109a7000e9ffa214b800a28fa000a78f0100422422
:109a8000b800a2af9800a28f1000a2af049d053cc1
:109a900001000624d8ff001080c8a524a5fe0010f0
:049aa0002598000203
:020000040000fa
:020000041d00dd
:109aa40068ffbd279400bfaf9000b7af8c00b6af7e
:109ab4008800b5af8400b4af8000b3af7c00b2af10
:109ac4007800b1af7400b0af258080000500a0100d
:109ad4002588a00010000624252800004eeb400f26
:109ae4002520200249000012251800000ce9400f2f
:109af4002520000245004010251800001c00a0afde
:109b04002000a0af2400a0af2800a0af25280002a9
:109b140021100202200004240000a38047006410e6
:109b240023804500f7ff63240500632c4300601481
:109b340020000324253000022110b000ffff4280e2
:109b440040004310ffff1226f7ff42240500422c79
:109b54003c0040144100022e2c0040102518000047
:109b640062eb400f2c00a4272110b0032c0040a06e
:109b74002c00a3835b000224340062145d000424df
:109b84002c00a22721105200000045801f00a414bd
:109b940025180000000040a0feff10262d00a2277b
:109ba40025a8400021805000200004240000a28247
:109bb4002800441023181502f7ff42240500422c04
:109bc400240040142110a3021800a2af2000042492
:109bd4001800a38fffff628020004410f7ff422487
:109be4000500422c1d0040143a000224000060a02d
:109bf4000000a3821c006214251800000100a48246
:109c04000200b52619008210259800002510600076
:109c14009400bf8f9000b78f8c00b68f8800b58feb
:109c24008400b48f8000b38f7c00b28f7800b18f32
:109c34007400b08f0800e0039800bd27b6ff001041
:109c44000100a524bbff0010ffff1026d4ff001065
:109c54002c00a227d5ff00100100b526ffff6324c6
:109c6400dbff00101800a3afff0013240000b48230
:109c74003fec400f25208002e4ff4010251800002f
:109c8400ff0090323a000224ad0002124429147cf1
:109c9400ad008012d2ff0226ff0042300200422ca7
:109ca400ab0040140d000224ab000212f7ff0226a1
:109cb400ff0042300200422c710040142590000045
:109cc4000100b526100016240080173c3a00022437
:109cd400cb00021225a00000b80000122e000224be
:109ce400c20002122f000224b60002120d00022448
:109cf400b60002120a000224b60002122000022456
:109d0400b600021209000224b60002121000a427b1
:109d14001400ab27251080000100032423186400dd
:109d24003a000a242e0009242f0008240d000724d9
:109d34000a0006242000052403000010090004245e
:109d4400b2ff4b5025180000000050a021a0620073
:109d5400ff0094320000b092a9000a120100b52657
:109d64000e0000522110b403a10009522110b403c3
:109d74000a0008522110b403080007522110b4034a
:109d8400060006522110b403040005522110b40346
:109d9400ebff0416010042242110b403100040a07c
:109da400dc56e0ae2530c0021800a52715ea400fa6
:109db4001000a427dc56e38e94ff6054251800009d
:109dc400ffff4430050080141000a22721a0540096
:109dd4001800a28f8dff5414251800000e53400f55
:109de40000000000401812002118a3031c0062a404
:109df400010052261c000012ff0052323a000224d5
:109e04004b0002562c0002240000a38204006214ba
:109e1400ff000224650062160100b5262598400261
:109e24000000a282ff0050303a0003240e00031207
:109e34000100b5264429027c0b004010d2ff022603
:109e4400ff0042300200422c070040140d0002249f
:109e540005000212f7ff0226ff0042300200422ce6
:109e64009bff40103a0002240900422e67ff401075
:109e7400251800000800422e39004010ff0002247b
:109e8400ff00022461ff621225180000ffff422632
:109e9400ff004230202c137c201c027c2a18650011
:109ea40014006054239072020800042423209200ba
:109eb400401802001000a6272118c3000c00669465
:109ec40021184400ff006330401803001000a72746
:109ed4002118e3000c0066a4ffff4224ff00423077
:109ee400201c027c2a186500f2ff60104018020052
:109ef40023907202070052262b1053021a004014ba
:109f040001000324401013001000a3272110620055
:109f14000c0040a401007326ff0073322b1053027f
:109f2400f8ff4010010003240f000010000000009f
:109f3400bbff02162518000035ff00102510600035
:109f4400cfff001025900000cdff001025900000e9
:109f5400cbff001025900000c9ff001025900000e1
:109f6400caff62160100032428ff20121c00a58fdb
:109f74002000a48f2400a38f2800a28f030025aa09
:109f8400000025ba070024aa040024ba0b0023aa5f
:109f9400080023ba0f0022aa0c0022ba1bff0010eb
:109fa4000100032419ff00102518000017ff0010fa
:109fb4002518000015ff00102518000076ff00107a
:109fc40025a0000274ff001025a0000072ff0010fd
:109fd40025a0000070ff001025a000006eff0010f7
:109fe40025a000006cff001025a000002110b40380
:109ff400100040a02e00102469ff00100a0016244f
:10a004002110b403100040a00a000224e9ffc21288
:0ca014003a00102463ff0010dc56e0aea0
:020000040000fa
:020000041d00dd
:10a0200081bf023c4000033c840043ac0080023c02
:10a03000985342242400428c0a00432c1b006010d9
:10a0400080180200019d023c58a042240a10437c63
:10a05000080040000000000080a0009db4a0009d0a
:10a060005ca1009df4a1009d54a2009dc0a2009d92
:10a07000dca3009d3ca4009dc8a4009d24a5009dd8
:10a080000100032482bf023c080243ac81bf023cb2
:10a090004000043c080144ac1000043c080144acfe
:10a0a0000080023c98534224240043ac0800e003a3
:10a0b0000000000082bf023c1002428c01004230ce
:10a0c000faff40140080023c98534294ffff423054
:10a0d0008000422c0c0040140080033c9853632401
:10a0e0000100629040100200fe004230f000423455
:10a0f00082bf043c500282ac02000224240062ac05
:10a100000800e003000000000080043c9853832412
:10a110002000658c98538294401002002510450061
:10a1200082bf043c500282ac2000628c05004014c7
:10a130002510600005000324240043ac0800e00360
:10a14000000000000080023c9853422406000324d3
:10a15000240043ac0800e0030000000082bf023c82
:10a160001002428c008042301700401482bf023c33
:10a170001002428c01004230ccff40140080023caf
:10a1800098534394ffff633082bf043c500283ac7a
:10a19000985342242000428c060040140080023c68
:10a1a0009853422405000324240043ac0800e00334
:10a1b000000000009853422403000324240043ac11
:10a1c0000800e003000000000080023c9853422495
:10a1d00001000324280043ac82bf033c0400042494
:10a1e000080264ac09000324240043ac0800e00327
:10a1f0000000000082bf023c1002428c008042300e
:10a200000900401482bf023c02000324080243ac50
:10a210000080023c9853422404000324240043acf1
:10a220000800e003000000000080023c9853422434
:10a2300001000324280043ac82bf033c0400042433
:10a24000080264ac09000324240043ac0800e003c6
:10a250000000000082bf023c1002428c010042302c
:10a260000c0040140080033c98536324010062906a
:10a2700040100200fe004230f100423482bf043c34
:10a28000500282ac06000224240062ac0800e00305
:10a29000000000000080023c985342240100032487
:10a2a000280043ac82bf033c04000424080264acd1
:10a2b00009000324240043ac0800e0030000000070
:10a2c00082bf023c1002428c0080423039004014b0
:10a2d0000080023c985342241400448c0c00428cb1
:10a2e0002b1082000f00401082bf023c1002428cf3
:10a2f000010042306dff40140080023c985342241c
:10a300000400438c8a19647c82bf043c500283acf5
:10a310001400438c01006324140043ac0800e003e4
:10a32000000000000080023c985342241000438c3f
:10a330001800428c2b1043001600401082bf023cd4
:10a3400002000324080243ac0080023c98534324db
:10a3500001000424200064ac98534294ffff423073
:10a360008000422c050040142510600004000324e6
:10a37000240043ac0800e003000000000080023c21
:10a380009853422401000324240043ac0800e00356
:10a390000000000004000324080243ac0080023cdb
:10a3a0009853422409000324240043ac0800e0032e
:10a3b000000000009853422401000324280043ac0d
:10a3c00082bf033c04000424080264ac0900032497
:10a3d000240043ac0800e0030000000082bf023c00
:10a3e0001002428c008042300900401482bf023cbf
:10a3f00008000324080243ac0080023c9853422426
:10a4000007000324240043ac0800e0030000000020
:10a410000080023c9853422401000324280043acee
:10a4200082bf033c04000424080264ac0900032436
:10a43000240043ac0800e0030000000082bf023c9f
:10a440001002428c0200423018ff40100080033c92
:10a45000985363241800628c82bf043c6002858c90
:10a46000ff00a5300800648c21208200000085a038
:10a47000010042241000638c0c00431420000424cb
:10a4800082bf033c080264ac10000424080264ace0
:10a490000080033c98536324180062ac0800022437
:10a4a000240062ac0800e0030000000082bf033c0f
:10a4b000040264ac82bf033c10000424080264acb4
:10a4c000f4ff00100080033c0080023c98534224bb
:10a4d0001000438c1800428c2b10430009004010e0
:10a4e00082bf023c08000324080243ac0080023c07
:10a4f0009853422407000324240043ac0800e003df
:10a500000000000004000324080243ac0080023c69
:10a510009853422409000324240043ac0800e003bc
:10a52000000000000080023c985342240a000324eb
:10a53000240043ac81bf033c4000043c040164acf4
:10a540001000043c040164ac34004390ff0063300d
:10a550002c00428c0d00401000000000d3fe60145f
:10a560000080023ce8ffbd271400bfaf985342248f
:10a570003000448c2c00428c09f8400000000000a0
:10a580001400bf8f0800e0031800bd270800e00397
:04a5900000000000c7
:020000040000fa
:020000041d00dd
:10a59400d0ffbd272c00bfaf2800b2af2400b1af5d
:10a5a4002000b0af258080002590a000e078400f07
:10a5b400460084840800038e100043544000029631
:10a5c40054de400f000000000400038e23104300fb
:10a5d4000900401804000224600002a60f000224af
:10a5e4002c00bf8f2800b28f2400b18f2000b08fc1
:10a5f4000800e0033000bd27400002960100032458
:10a604002b014310f5ff4324ffff63300500632c47
:10a61400e60060140c000324f1ff0010090002247a
:10a624000400a524ffffa5301ba6400f252000022f
:10a634000000038efcff632423106200000002aebe
:10a644005c000296010003240442627c5c0002a6c2
:10a65400f400001001001124e078400f4600048645
:10a664000600422cef004014010011245c00029605
:10a674000442027c5c0002a6060006241800a527fa
:10a684006355400f460004860000038e23106200c9
:10a69400000002ae06000624049d053c48aaa52439
:10a6a4007ce5400f1800a427040040100f0002248a
:10a6b400400002a6db00001002001124240000aeba
:10a6c4009480828f09f84000001004241600401082
:10a6d400240002ae00104324280003ae049d033c72
:10a6e40048aa648c030044a8000044b848aa632420
:10a6f40004006490040044a005006390050043a096
:10a704002400028e060042242c0002ae049d043c68
:10a714002b88400f50aa84240c000224400002a677
:10a72400c0000010020011245c0002960100032402
:10a734004429627c5c0002a662000626f2ff05241e
:10a7440098e5400f252000020f000224400002a6d5
:10a75400b400001002001124e078400f4600048683
:10a764002800118e2c00038e238823022a1822022b
:10a77400090060102720110040010724049d063cb5
:10a7840008c3c624039d053c9466a524d5c1400f87
:10a79400c2270400ffff22320000038e2b20620038
:10a7a400ffff63300b1064009e0040100200112470
:10a7b400253040002c00058e6355400f460004866a
:10a7c4002c00078e2138e2002c0007ae0000038e17
:10a7d40023106200000002ae2800038e0400e35040
:10a7e4002400068e90004014020002242400068ee9
:10a7f4002388e600ff013126428a11002538200211
:10a804004a000596714b400f25200000ffff0324ea
:10a8140009004314300002ae0f000224400002a6d7
:10a8240062000626f7ff052498e5400f2520000264
:10a834007c000010020011244a0007962188270298
:10a844004a0011a60d000224400002a67500001063
:10a85400020011243000058effff02240600a250de
:10a864002400048efcdc400f252000006d00401401
:10a87400020011242400048e2c0004ae0000118e6a
:10a884001c0020169080828f09f840000000000010
:10a89400240000ae1000a0af2538000002000624fa
:10a8a400049d053c50aaa524049d043cda51400fa4
:10a8b4005caa8424ffff03240700431062000626d9
:10a8c4000100052498e5400f252000020e00022413
:10a8d40054000010400002a6f6ff052498e5400f3e
:10a8e400252000020f000224400002a64d000010a3
:10a8f400030011240c000224400002a649000010a9
:10a90400020011246d0040100000000009f840000e
:10a914002520000243000010258840001d00221657
:10a9240003000224e078400f4600048677e0400fdd
:10a93400080002ae54de400f258840004018110084
:10a944002120710000190400231864002110620002
:10a95400040002ae0000028e0800038e2b10620079
:10a96400090040100600022493db400f46000486d1
:10a97400050040500600022401000224000042a207
:10a9840017ff001008000224400002a614ff001064
:10a9940009000224490022160000000005000224d8
:10a9a400600002a60eff00100f0002246aff43108d
:10a9b4000d00432c260060100b00032419004314df
:10a9c400010011245c0002960001423022ff401471
:10a9d400253800004a0000a625300000049d053cef
:10a9e40040aaa524f476400f25200002ffff45303d
:10a9f400ffff03340affa314021402000500432cd2
:10aa04000800601401001124fcff4224ffff4530bc
:10aa14001ba6400f252000020000038e23106200b5
:10aa2400000002ae02000224bcff225601000224f0
:10aa3400e078400f46000486ffff4224080002ae7f
:10aa440001000224000042a2e5fe001008000224d6
:10aa54000d0003247fff43100f000324f1ff431470
:10aa6400010011242400048e040080109080828f41
:10aa740009f8400000000000240000aee078400f18
:10aa8400460004860000038e23106200000002ae1c
:10aa9400eeab400f460004860000118e9cff312669
:10aaa400ff7f023c9dff4234deff00102b88220210
:10aab4009880858f93ffa0540400a28ceeab400fc6
:0caac40046000486c6fe001009000224b3
:020000040000fa
:020000041d00dd
:10aad000a0ffbd275c00bfaf5800b3af5400b2afba
:10aae0005000b1af4c00b0af049d023cecc8438ca9
:10aaf0002000a3afecc84224040042942400a2a783
:10ab00002800a0a32900a0a32a00a0a32b00a0a393
:10ab10002c00a0a32d00a0a3401002240800821442
:10ab2000ffff11240080023ce020429001004330ee
:10ab30000b006010020042300080113cc020312622
:10ab4000251020025c00bf8f5800b38f5400b28fd5
:10ab50005000b18f4c00b08f0800e0036000bd27ab
:10ab6000f7ff4014ffff11240400b08c0c00028e8c
:10ab7000f4ff4010251020020800b28cf2ff4012b2
:10ab80005c00bf8f1800428eefff4010251020029e
:10ab90001c00428eeaff40104001062425280000d8
:10aba0000080043c4eeb400fd02084240080023c07
:10abb000c0204224ffff0324180043ac140043ac20
:10abc0000080033c90216324000075bc0f0000004e
:10abd0000080033ca0216324000075bc0f0000002e
:10abe0000080033cb0216324000075bc0f0000000e
:10abf0000080033cc0216324000075bc0f000000ee
:10ac0000100040a4120040a4200043900421037cc3
:10ac1000200043a0990003249c0043ac0c00038e49
:10ac2000600043ac0400038e640043ac0800038e54
:10ac3000680043ac30000396260043a4320003961c
:10ac4000280043a41000038e6c0043ac1400038e54
:10ac5000700043ac1800038e740043ac2800038ed0
:10ac6000780043ac1c00038e7c0043ac3600049695
:10ac700001008330fcff0524ffff02240b10a3001a
:10ac8000251840000080023cc02042242c0043ac28
:10ac9000240044a40000438e04004a8e0800498e1c
:10aca0000c00488e1000478e1400468e1800458e0a
:10acb0001c00448e300043ac34004aac380049ac30
:10acc0003c0048ac400047ac440046ac480045acb2
:10acd000ffff63300400632c040060104c0044aca0
:10ace0000080023c04000324f02043a40080023cc6
:10acf000f22042948000442c03008014800003243e
:10ad00000f004224f0ff43300080113cc020312668
:10ad1000320023a688bf123c00205226500032aedb
:10ad2000b80020aea5d7400f99000424e08e400f54
:10ad3000252020024aea400f9c00248e00060524ac
:10ad40003df2400f252040024800328e0000428e26
:10ad50004c00258e09f8400025200000ffff032449
:10ad6000980043100080033cd42062ac1400428e53
:10ad70000300052409f8400025200000ffff0324fc
:10ad8000900043100080063c180022ae4c00248e38
:10ad9000080085943000a5af4000238e3400a3af97
:10ada0000c00838c3800a3af0f0003243c00a3af3a
:10adb0001400838c4000a3af2c00438e4021c62496
:10adc0003000a52709f8600025204000ffc00534a9
:10add00088bf043c0ef1400f00208424049d023cf7
:10ade00064b2422425280000251800000100072431
:10adf00008000624042067005700843003008010f8
:10ae0000010063240000448c2528a400f9ff661487
:10ae10000400422488bf113c12f1400f0020242678
:10ae20003000052416f1400f0020243602000524ce
:10ae300045f2400f002024362528000047f2400f3d
:10ae4000002024361af1400f002024361ef1400f56
:10ae50000020243622f1400f002024363b00028ad5
:10ae60003800029a1800a2af3c0002921c00a2a374
:10ae70003d0002921d00a2a3060006242000a52783
:10ae80007ce5400f1800a4270900401006000624a6
:10ae90002800a5277ce5400f1800a42704004010d7
:10aea0001800a52788bf043c27e6400f0020842413
:10aeb0000080113cc02031261000b1af049d073c3a
:10aec00010a5e72402000624300025965892400f72
:10aed00025202002300023963a004314049d073cad
:10aee0000080113cc02031261000b1af10a5e7242e
:10aef00001000624340025965892400f2520200298
:10af0000340023962f0043140080023cf620519415
:10af10003100201203000624252820020080043c72
:10af20001b7e400fc0208424260022160080023c95
:10af3000f820519407002012253000002528200217
:10af40000080043c1b7e400fc02084241e0051540e
:10af50000080043c0080113cc0203126dc80828fc0
:10af6000110022520080023c170040140080043c73
:10af70002000138e2400128ea5d7400f9c00248e33
:10af80004aea400f9c00248ea00020aea40020ae10
:10af9000a80020aeac0020aeb00033aeb40032ae9c
:10afa000dc8091af0080023cc0204224200044900d
:10afb000010003240400647c200044a0e0fe001093
:10afc0001c0043ac0080043c7196400fc0208424d8
:10afd000dbfe0010ffff11240080023cf82051949a
:10afe000dcff201202000624d5ff001025282002d5
:020000040000fa
:020000041d00dd
:10aff000a0ffbd275c00bfaf5800beaf5400b7af85
:10b000005000b6af4c00b5af4800b4af4400b3af8a
:10b010004000b2af3c00b1af3800b0af2590a00007
:10b02000240096840000a294c439027c0000a2a4eb
:10b030002900b1901c00b48c0400858c7900a0100c
:10b0400025808000010007242989400f2530400217
:10b05000b3004010f9ff0524290042920400511466
:10b06000010013241c00538e269893022b98130082
:10b07000010080521c00548e1800038e010002242f
:10b080000a0062140000000008006012040031266b
:10b09000808811000a88917e040020121c00b1af44
:10b0a0001c00a52781ac400f25208002e3be400f85
:10b0b0002520c0029a004010f6ff0524253000002c
:10b0c0002528000073c0400f2520c00252e2400f27
:10b0d0002520c0022588400091004010f6ff05247d
:10b0e00013006012010002241800038e99006214fc
:10b0f000253000001c00478e0400e72401000524d1
:10b10000985e400f2520c00285004010f6ff052400
:10b110001c00468e1000c6242900429280100200b6
:10b120002130c2000100052420bc400f2520c002b0
:10b13000350005249cde400f2520c00248ec400f5e
:10b140000c003426ffff44300e53400f240044a669
:10b150001000a2a70e53400f000104241200a2a762
:10b160000e53400f010004241400a2a71a00a0a748
:10b170001800a0a71600a0a71000a48f1400a38f8a
:10b180001800a28f030024aa000024ba070023aaf3
:10b19000040023ba0b0022aa080022ba2000538e12
:10b1a00025806002049d1e3c049d023c3000a2af3d
:10b1b00001001026ffff02829d0040102e00032494
:10b1c000bf0043102f0003246b0043102c00032406
:10b1d000a90043103e000324f5ff43145808072438
:10b1e00023801302ffff1026049d063cd8c5c62409
:10b1f000049d053c509fa524d5c1400f0001042e9d
:10b2000001009526000090a2ff00103225300002b8
:10b2100025286002f4e9400f2520a00267000010f5
:10b220002120b0021c00a0af2000a0af2400a0afde
:10b230002800a0af040007241c00a62740a9400f47
:10b240000800858c040007241c00a6271c00458ede
:10b2500040a9400f252000026df2400f00000000c1
:10b26000040007241c00a6272528400040a9400f01
:10b270002520000209f2400f000000000e004010df
:10b2800025a84000259800001ce8400f25206002fa
:10b29000040007241c00a6272528400040a9400fd1
:10b2a00025200002050040501c00b5270100732630
:10b2b000f5ffb316000000001c00b5272c00a427e2
:10b2c0002510a00225b800000000438c2b180300b5
:10b2d00004004224fcff821421b8e30225980000f8
:10b2e0000000a58e0800a010ffffe7262638f30017
:10b2f0000100e72c253040022989400f252000025b
:10b3000056ff405429004292010073260400022493
:10b31000f3ff62160400b5261c0040aef9ff0524b9
:10b320002510a0005c00bf8f5800be8f5400b78f5f
:10b330005000b68f4c00b58f4800b48f4400b38fd7
:10b340004000b28f3c00b18f3800b08f0800e0039e
:10b350006000bd27be050724049d063c88c1c624a5
:10b36000049d053c509fa524d5c1400f2520000019
:10b37000ebff0010f5ff052423801302ffff1026ca
:10b3800058080724049d063cd8c5c624049d053ce6
:10b39000509fa524d5c1400f0001042e0100952621
:10b3a000000090a2ff001032253000022528600224
:10b3b000f4e9400f2520a0022120b002000080a067
:10b3c000010080a028004292020082a0030080a019
:10b3d00001000224040082a0050084242388910037
:10b3e00027201100eb050724049d063c88c1c624d4
:10b3f000049d053c509fa524d5c1400fc2270400e1
:10b40000ffff3132253000002528200273c0400f95
:10b410002520c0026148400f2520c0022688220254
:10b42000f6ff022401000524bdff00100b28510087
:10b4300023801302ffff102658080724049d063cb2
:10b44000d8c5c624049d053c509fa524d5c1400ff6
:10b450000001042e01009526000090a2ff0010328a
:10b460002530000225286002f4e9400f2520a002c3
:10b47000d2ff00102120b00223801302ffff10260c
:10b4800058080724049d063cd8c5c624049d053ce5
:10b49000509fa524d5c1400f0001042e0100952620
:10b4a000000090a2ff001032253000022528600223
:10b4b000f4e9400f2520a002c0ff00102120b002b7
:10b4c00023a81302ffffb52658080724d8c5c627ae
:10b4d0003000a28f509f4524d5c1400f0001a42efb
:10b4e00001009726000095a2ff00b5322530a0028a
:10b4f00025286002f4e9400f2520e00221a0f50292
:0cb500000100b5262aff001021987502fa
:020000040000fa
:020000041d00dd
:10b50c0060ffbd279c00bfaf9800beaf9400b7afe3
:10b51c009000b6af8c00b5af8800b4af8400b3af69
:10b52c008000b2af7c00b1af7800b0af2580800056
:10b53c00a400a5af049d173c049d123c94ae52266a
:10b54c00049d163c039d153c049d143c049d133c2a
:10b55c0025380000253000000a00052486ea400f3b
:10b56c002520000225884000ffff02342a00221605
:10b57c000000000093db400f4600048614004014ca
:10b58c0005000224400002a65c0002960100032480
:10b59c000421627cc418627c5c0002a609000224af
:10b5ac009c00bf8f9800be8f9400b78f9000b68f11
:10b5bc008c00b58f8800b48f8400b38f8000b28f5d
:10b5cc007c00b18f7800b08f0800e003a000bd278d
:10b5dc0054de400f000000000400038e23104300d3
:10b5ec0008004018010003245c0002960421627cd0
:10b5fc005c0002a604000224600002a6e8ff001012
:10b60c000f00022401000224a400a38f000062a0fa
:10b61c00e3ff00100500022477e0400f000000005b
:10b62c0054de400f25f0400040181e0021187e000b
:10b63c0000f1030023f0c30321f0c2030100022434
:10b64c000b00221604001eae020005241ba6400fa0
:10b65c00252000025c0002960800423009000424f8
:10b66c00060003240b188200cdff0010251060008b
:10b67c005c000296080042300600401001002526ae
:10b68c00ffffa5301ba6400f25200002b1ff0010c4
:10b69c002538000025382002253000003a0005240a
:10b6ac0086ea400f2520000202004224ffff5e3094
:10b6bc001100c22f0600401401002526ffffa53003
:10b6cc001ba6400f25200002a2ff00102538000009
:10b6dc002530c0031000a5276355400f4600048693
:10b6ec001000a22721105e00ffff40a068aae526eb
:10b6fc007cb8400f1000a4270f00401070aa8526bc
:10b70c007cb8400f1000a4276600401080aa652664
:10b71c007cb8400f1000a42796004010010025268d
:10b72c002328be00ffffa5301ba6400f25200002da
:10b73c0088ff001025380000253800002530000057
:10b74c0025284002f476400f25200002ffff5130df
:10b75c0018001e8e0c00028e23f0c20327201e0040
:10b76c004001072408c3c6269466a526d5c1400f00
:10b77c00c2270400d2808297feff422421f05e0093
:10b78c00ffffde332bf03e023300c0130500022412
:10b79c002700201225380000253000003b0005242e
:10b7ac0086ea400f2520000225f040002b30510086
:10b7bc000a102602ffff46300c00058e6355400f21
:10b7cc00460004860c00038e211062000100432405
:10b7dc000c0003ae260003242b88d1030b0020128f
:10b7ec00000043a0010005241ba6400f25200002e9
:10b7fc0025380000253000002000052486ea400f83
:10b80c0025200002230040100100052425380000eb
:10b81c002530000025284002f476400f2520000238
:10b82c00ffff5130dcff2056253800002538000082
:10b83c00253000000a00052486ea400f252000026e
:10b84c0001004224ffff45301ba6400f25200002bb
:10b85c0040ff001025380000400002a625380000eb
:10b86c00253000000a00052486ea400f252000023e
:10b87c0001004224ffff45301ba6400f252000028b
:10b88c005c00029601000324c418627c30ff001097
:10b89c005c0002a61ba6400f25200002d5ff00105d
:10b8ac002538000051000282e0ff40040600052408
:10b8bc001ba6400f25200002253800002530000073
:10b8cc0025284002f476400f252000020300422474
:10b8dc00fc00423025884000ffff42302500422cfe
:10b8ec000100405024001124ffff3132253020028a
:10b8fc004c00a5276355400f4600048628000724fa
:10b90c002000a62725282002c775400f4c00a4272d
:10b91c00258840002110a203200040a03a000524f5
:10b92c001ee7400f2000a4270d0040502000a22746
:10b93c00000040a0010046249880878fbbffe05098
:10b94c00510000a20c00e28c080040102000a5273a
:10b95c0009f8400025200002b4ff0010510002a29b
:10b96c0021305100f4ff00100000c0a0afff001008
:10b97c00510000a225380000253000002528400287
:10b98c00f476400f25200002ffff46300a00c22c3f
:10b99c001100401402000224400002a6000000ae78
:10b9ac002588000025380000253000000a000524f9
:10b9bc0086ea400f2520000201004224ffff45309b
:10b9cc001ba6400f25200002e2fe201625380000a1
:10b9dc00acff00105c0002962000a5276355400fb9
:10b9ec00460004862110a203200040a0253000024e
:10b9fc000a0005243eb2400f2000a42727100200a5
:08ba0c00e8ff0010c28f0200e8
:020000040000fa
:020000041d00dd
:10ba1400c8ffbd273400bfaf3000b1af54de400fc4
:10ba24002c00b0af77e0400f258040000080043c3c
:10ba34000c55838c0500632c180060100c55848c05
:10ba440080180400019d043c5cba84240a20837c91
:10ba5400080080000000000070ba009d0cbb009d2f
:10ba640058bb009d08bd009d58bd009d0080033c4f
:10ba740028556390010063300d0060106080838f4f
:10ba84000080023c0c5543241c0064900400047c98
:10ba94001c0064a0020003240c5543ac3400bf8f87
:10baa4003000b18f2c00b08f0800e0033800bd27b0
:10bab400238003024018020021186200c01803000a
:10bac40021186200c01803006210023cd34d4224c6
:10bad4001900620010180000821903002b80030271
:10bae400eeff00161080828f0400428cebff40149e
:10baf4000080023c0300032454de400f0c5543ac89
:10bb0400e6ff0010608082af648082270700032470
:10bb1400000043a010000324010043a002000624f7
:10bb2400252840003dd9400f6f0004240080023cca
:10bb34000c5543241c006490010005248410a47c4b
:10bb44001c0064a01080838f040060acd3ff00103d
:10bb54000c5540ac648085270000a0a40080113cf3
:10bb64000c55302618000396eb51023c1f854234d5
:10bb7400190062001010000042210200401004006d
:10bb840021104400c0100200211044008010020063
:10bb940023186200ff006330cccc023ccdcc42348d
:10bba4001900620010200000c230040000390600b1
:10bbb4008020060021208600402004002318640011
:10bbc4002518e3000600a3a0160006921900c2007f
:10bbd40010180000c220030000390400801804007b
:10bbe40021186400401803002318c3002518e3003b
:10bbf4000500a3a0150006921900c2001018000049
:10bc0400c2200300003904008018040021186400d5
:10bc1400401803002318c3002518e3000400a3a060
:10bc24001a0006921900c20010180000c220030076
:10bc3400003904008018040021186400401803002f
:10bc44002318c3002518e3000700a3a012000792dd
:10bc54001900e20010200000c230040000190600a0
:10bc64008020060021208600402004002320e400d8
:10bc74002518640080ff0424251864000300a3a091
:10bc8400130006921900c20010180000c22003001d
:10bc940000390400801804002118640040180300cf
:10bca4002318c3002518e3000200a3a01400049283
:10bcb4001900820010100000c210020000310200be
:10bcc400801802002110620040100200231082003c
:10bcd4002510c2000100a2a0080006243dd9400f8f
:10bce4006f0004241c0002924408027c1c0002a27f
:10bcf4001080828f03000324040043ac67ff00100c
:10bd04000c5520ae6c808227000040ac040040a497
:10bd1400060040a064808227000040ac040040acd0
:10bd2400070002241000a2af6c80872701000624bc
:10bd34006480852751d9400f6f0004241080828fbe
:10bd440004000324040043ac0080023c53ff0010b1
:10bd54000c5540ac6c808927000023910011627c53
:10bd64008040020021404800404008000f0063303a
:10bd740021400301ff0008310080103c0c551026bf
:10bd84000a0008a2010023910011627c803802009d
:10bd940021384700403807000f0063302138e300a2
:10bda400ff00e730090007a2020023910009627c2a
:10bdb4008030020021304600403006000f0063301e
:10bdc4002130c300ff00c630080006a203002391ff
:10bdd4000009627c802002002120440040200400ed
:10bde4000f00633021208300ff0084300b0004a285
:10bdf400040025910001a27c801802002118430050
:10be0400401803000f00a53021186500ff006330bf
:10be14000c0003a2050022910229020080500500b3
:10be24002128aa00402805000f0042302110a2005a
:10be3400ff0045300080023c44414a9040100a0013
:10be440021104a00c010020021104a008010020094
:10be540021104500ffff42300e0002a60600259186
:10be64000700a530100005a22400a8af2000a7af4a
:10be74001c00a6af1800a4af1400a3af1000a2af1b
:10be8400049d073cbcc6e724049d063ce09cc624f4
:10be9400049d053ce49ca52461b7400f25200000c7
:10bea4000b000292ffff4224ff0042301f00422c8d
:10beb400100040100080023c18554290ffff4224bd
:10bec400ff0042300c00422c0a0040100080023c6b
:10bed4001a55429430f84224ffff4230e903422cc1
:10bee40004004010010004241c0003924408837cd5
:10bef4001c0003a21080828f040040ac0080023c2e
:08bf0400e6fe00100c5540acf4
:020000040000fa
:020000041d00dd
:10bf0c003a0180100100022470febd278c01bfafe6
:10bf1c008801b6af8401b5af8001b4af7c01b3af7b
:10bf2c007801b2af7401b1af7001b0af2588800059
:10bf3c002580a00025a0c0000000928c0f00033cbf
:10bf4c0040426324df004312020002240300022457
:10bf5c008c00a2a30701c0109000b2af1f00d33019
:10bf6c002b981300421106002198620208008224cb
:10bf7c001001a32738008824030047880000479845
:10bf8c0007004688040046980b0045880800459831
:10bf9c000f0044880c004498000067ac040066aca9
:10bfac00080065ac0c0064ac10004224f2ff48148d
:10bfbc00100063240300448800004498000064ac23
:10bfcc0004004490040064a005004490050064a0a3
:10bfdc0006004290d900601a060062a025b000004d
:10bfec007c00268e7800258e4da7400f9400a42748
:10bffc00dc00401425a84000370006241001a527ba
:10c00c00d458400f9400a427d600401425a8400013
:10c01c004801a5272a49400f9400a42725a84000d1
:10c02c008df2400f9400a4273b00a0164801a28f6c
:10c03c006801a2af0000228e0200422cab0040141b
:10c04c006801a28f0400238ea80062140100022450
:10c05c0080002392c1006210ffff6226261056005a
:10c06c000100422c2198620201000224800022a2cd
:10c07c00260000520100d626230080122000822eba
:10c08c00a80040144801a98f4c01a88f5001a78f1c
:10c09c005401a68f5801a58f5c01a48f6001a38f5a
:10c0ac006401a28f030009aa000009ba070008aabc
:10c0bc00040008ba0b0007aa080007ba0f0006aa6a
:10c0cc000c0006ba130005aa100005ba170004aa42
:10c0dc00140004ba1b0003aa180003ba1f0002aa1a
:10c0ec001c0002bae0ff9426200010264601a29301
:10c0fc0001004224ff0042304601a2a34501a327c0
:10c10c007f0040101001a4270100d6262a10d3026c
:10c11c00b4ff40547c00268e1001a2274701a327b0
:10c12c00000040a001004224fdff43140000000069
:10c13c005d00a016010010247c00268e7800258e50
:10c14c004da7400f1000a42780004014258040000c
:10c15c00010006248c00a527d458400f1000a427fa
:10c16c007a0040142580400037000624080025265c
:10c17c00d458400f1000a4277400401425804000b0
:10c18c009400a5272a49400f1000a42725804000c1
:10c19c008df2400f1000a427400000163e0023260d
:10c1ac00b300a5279400a7272520600025100000c8
:10c1bc00000086900000a8902130c8002110460095
:10c1cc00000082a0007a427cffff84245d00a7144b
:10c1dc00ffffa6241e0024260700252600008690bb
:10c1ec0021104600ffff4230000082a0ffff842494
:10c1fc00faffa41402120200251060002520000092
:10c20c0000004690370047902130c700212086005f
:10c21c00000044a0ffff4224f9ff4514007a847cff
:10c22c0002121200ff00043cff008424241044007e
:10c23c000092120000ff043c00ff8434249044025e
:10c24c0025905200029432009000b2af9000a427c7
:10c25c008c00a72725100000000066900300889032
:10c26c002130c80021104600000062a0007a427cf8
:10c27c00ffff8424f8ffe414ffff63243a00232615
:10c28c000000649021104400ffff4230000062a0c7
:10c29c00ffff6324faffa314021202000000228e97
:10c2ac0001004224000022ae9400a227b400a32770
:10c2bc00000040a001004224fdff431400000000d8
:10c2cc002b1010008c01bf8f8801b68f8401b58fa5
:10c2dc008001b48f7c01b38f7801b28f7401b18f60
:10c2ec007001b08f0800e0039001bd27800020a2f0
:10c2fc006801a28f5eff0010040022ae25184000da
:10c30c000000629001004224ff0042307eff401486
:10c31c00000062a0f9ff8314ffff62247bff001072
:10c32c000100d626253080024801a527f4e9400fec
:10c33c002520000274ff001025a0000076ff0010dd
:10c34c00010015249aff00102528c0008df2400f23
:10c35c001000a427d2ff00100000228ed2ff001084
:10c36c00030010248df2400f9400a4276bff0010e3
:10c37c001001a227080082241001a327380088246a
:10c38c000300478800004798070046880400469839
:10c39c000b004588080045980f0044880c00449811
:10c3ac00000067ac040066ac080065ac0c0064ac23
:10c3bc0010004224f2ff4814100063240300448848
:10c3cc0000004498000064ac04004490040064a095
:10c3dc0005004490050064a006004290060062a08f
:10c3ec0001001424fdfe0010010013240800e003da
:04c3fc00000000003d
:020000040000fa
:020000041d00dd
:10c400000080023c2c47439033016014ffff02245c
:10c410003101a010000000000000a3900200632c76
:10c420002d0160103c020624d8ffbd272400bfafb9
:10c430002000b3af1c00b2af1800b1af1400b0af12
:10c440002580a0000080123c2c47512625280000a2
:10c450004eeb400f2520200201001324010033a2df
:10c4600068010624252800000080043c4eeb400fa4
:10c47000e84a84242c4753a2000002920d01401088
:10c48000080022a2251000002528200240310200c9
:10c490000400078e0a38e67c1e00e01040200200ef
:10c4a000212082008020040023208200c02004007c
:10c4b0000c0084242518e0002120a4005000e7246b
:10c4c00003006b8800006b9807006a8804006a9874
:10c4d0000b006988080069980f0068880c0068984c
:10c4e00000008bac04008aac080089ac0c0088ac5e
:10c4f00010006324f2ff671410008424030068888e
:10c50000000068980700678804006798000088acfe
:10c51000040087ac0400038e211866000400678cb9
:10c520001e00e01040200200212082008020040034
:10c5300023208200c0200400640084242518e00029
:10c540002120a4005000e72403006b8800006b98b2
:10c5500007006a8804006a980b00698808006998d7
:10c560000f0068880c00689800008bac04008aac4f
:10c57000080089ac0c0088ac10006324f2ff67143b
:10c58000100084240300688800006898070067880a
:10c5900004006798000088ac040087ac0400038e98
:10c5a000211866000800678c1e00e0104020020081
:10c5b000212082008020040023208200c02004006b
:10c5c000bc0084242518e0002120a4005000e724aa
:10c5d00003006b8800006b9807006a8804006a9863
:10c5e0000b006988080069980f0068880c0068983b
:10c5f00000008bac04008aac080089ac0c0088ac4d
:10c6000010006324f2ff671410008424030068887c
:10c61000000068980700678804006798000088aced
:10c62000040087ac0400038e211866000c00678ca0
:10c630001e00e01040200200212082008020040023
:10c6400023208200c0200400140184242518e00067
:10c650002120a4005000e72403006b8800006b98a1
:10c6600007006a8804006a980b00698808006998c6
:10c670000f0068880c00689800008bac04008aac3e
:10c68000080089ac0c0088ac10006324f2ff67142a
:10c6900010008424030068880000689807006788f9
:10c6a00004006798000088ac040087ac0400038e87
:10c6b000211866001000678c1b00e010402002006b
:10c6c000212082008020040021208200802004009c
:10c6d0006c0184242518e0002120a4003000e72408
:10c6e00003006b8800006b9807006a8804006a9852
:10c6f0000b006988080069980f0068880c0068982a
:10c7000000008bac04008aac080089ac0c0088ac3b
:10c7100010006324f2ff671410008424030067886c
:10c7200000006798000087ac0400038e21186600a3
:10c730001400678c1b00e0104020020021208200c2
:10c74000802004002120820080200400a001842495
:10c750002518e0002120a4003000e72403006b88a6
:10c7600000006b9807006a8804006a980b006988cb
:10c77000080069980f0068880c00689800008bac6e
:10c7800004008aac080089ac0c0088ac100063245b
:10c79000f2ff671410008424030067880000679884
:10c7a000000087ac0400038e211866001800678c17
:10c7b0001b00e010402002002120820080200400a5
:10c7c0002120820080200400d40184242518e00068
:10c7d0002120a4003000e72403006b8800006b9840
:10c7e00007006a8804006a980b0069880800699845
:10c7f0000f0068880c00689800008bac04008aacbd
:10c80000080089ac0c0088ac10006324f2ff6714a8
:10c81000100084240300678800006798000087ac3c
:10c820000400038e213066001c00c68c1b00c01063
:10c83000402002002120820080200400212082006c
:10c8400080200400080284242518c0002120a400b0
:10c850003000c62403006a8800006a9807006988cf
:10c86000040069980b006888080068980f006788c2
:10c870000c00679800008aac040089ac080088ac02
:10c880000c0087ac10006324f2ff661410008424af
:10c890000300668800006698000086ac0100422410
:10c8a000ff0042300800a3902b184300f8fe6014ec
:10c8b000403102000080023c2c4742242400bf8ffc
:10c8c0002000b38f1c00b28f1800b18f1400b08ffe
:10c8d0000800e0032800bd270800e0030000000076
:020000040000fa
:020000041d00dd
:10c8e00050febd27ac01bfafa801b7afa401b6afe2
:10c8f000a001b5af9c01b4af9801b3af9401b2af42
:10c900009001b1af8c01b0af258080001000a0afc6
:10c910001400a0af1800a0af1c00a0af2000a0af73
:10c920002400a0af2800a0af2c00a0af5c00829430
:10c93000070042304a0040142598a000400082942d
:10c9400080100200049d073c4886e7240a38e27cf8
:10c95000039d063c64ccc6242c010524b8c3400fbb
:10c960005800a427258840002720020091080724aa
:10c97000049d063c5cc0c624049d053cc896a524c5
:10c98000d5c1400fc22704004000039608000224ce
:10c9900009006214039d063c1800078e70ccc62463
:10c9a0002c0105242328b1005800a227b8c3400f4a
:10c9b0002120510021882202a6808293100040107d
:10c9c000039d063c78ccc6242c0105242328b10005
:10c9d0005800a227b8c3400f21205100218822020d
:10c9e000272011009a080724049d063c5cc0c62439
:10c9f000049d053cc896a524d5c1400fc22704005c
:10ca000025380000ffff26325800a52703c1400f3c
:10ca1000252000020e00401401000224000062a242
:10ca200009000224ac01bf8fa801b78fa401b68f03
:10ca3000a001b58f9c01b48f9801b38f9401b28f80
:10ca40009001b18f8c01b08f0800e003b001bd27c9
:10ca50005c000296010003240410627c5c0002a6c4
:10ca60005c00029607004430010003243700831461
:10ca70000800423096004014049d023c4000159688
:10ca80000200b42e80181500c88542240a10437c89
:10ca9000880040100100943a2c0106245800a52774
:10caa00009f840002520000282004010258840003f
:10cab00027200200b1080724049d173c5cc0e6262d
:10cac000049d163cc896c526d5c1400fc227040058
:10cad00025382002039d063c8cccc6242800052462
:10cae000b8c3400f3000a427259040002720020043
:10caf000b30807245cc0e626c896c526d5c1400ffa
:10cb0000c2270400ffff4632ffff31322138d10037
:10cb10000200b52e9500a012ffffe7303000a527d8
:10cb200003c1400f252000025a00401425380000a0
:10cb300001000224000062a2baff001009000224d2
:10cb4000020003240410627c5c0002a644000796e5
:10cb50000d0002240b00e210258800008038070039
:10cb6000049d023c309742240a38477c039d063cd2
:10cb7000a4ccc6242c010524b8c3400f5800a42718
:10cb8000258840008c80848f620012260400828ced
:10cb90001000a62709f84000252840021b00401479
:10cba0001800a3930100022418006214039d063ca0
:10cbb000b8ccc6242c0105242328b1005800a22794
:10cbc000b8c3400f21205100218822024000039663
:10cbd0000100022415006210039d063c039d063ce3
:10cbe000f0ccc6242c0105242328b1005800a2272c
:10cbf000b8c3400f212051001300001021885100bc
:10cc00000100422c87ff00100a00422440000396d6
:10cc10000100022405006210039d063c0ec3400f74
:10cc200025204002edff4010039d063cd4ccc624d5
:10cc30002c0105242328b1005800a227b8c3400fb7
:10cc4000212051002188510027201100ed080724e0
:10cc5000049d063c5cc0c624049d053cc896a524e2
:10cc6000d5c1400fc227040025380000ffff26323f
:10cc70005800a52703c1400f25200002e0ff4054c3
:10cc80005000029201000224000062a265ff001021
:10cc900009000224253020025800a52703c1400fb7
:10cca000252000025c000296020003240410627c2e
:10ccb0005c0002a6a2ff80525c0002965c00029615
:10ccc0000410027c5c0002a656ff00100e00022435
:10ccd0004000029680180200049d023cc885422450
:10cce0000a10437cf5ff40102c0106245800a527ac
:10ccf00009f840002520000225884000edff401083
:10cd00000100142427201100b1080724049d153cbc
:10cd10005cc0a626049d143cc8968526d5c1400f4c
:10cd2000c227040025382002039d063c8cccc62473
:10cd300028000524b8c3400f3000a42725904000e8
:10cd400027200200b30807245cc0a626c8968526c3
:10cd5000d5c1400fc2270400ffff4632ffff31322a
:10cd60002138d100ffffe730010014240200e7243e
:10cd7000ffffe7303000a52703c1400f2520000248
:10cd80006bff401025380000253020025800a527f1
:10cd900003c1400f252000022538000002000624b0
:10cda000049d053c94aea52403c1400f252000023c
:08cdb000bdff00105c000296bb
:020000040000fa
:020000041d00dd
:10cdb8003000e830300003242c0103112510000056
:10cdc800c0ffbd273c00bfaf3800beaf3400b7afcf
:10cdd8003000b6af2c00b5af2800b4af2400b3af15
:10cde8002000b2af1c00b1af1800b0af2588e0003a
:10cdf8002590c000c2ea400f2598a0002580400079
:10ce08004e0000122510000025a840020001522ef5
:10ce18000100405600011524ffffb5320400038ebf
:10ce28000000028e23186200ffff6324ffff6330b7
:10ce38001800028e1400048e2310440010002432bf
:10ce480051008014ffff523025a060020001732eac
:10ce58000100605600011424200024324c00801484
:10ce6800ffff9432ffff423021104300212095023a
:10ce78002a108200100040502b20a30223104402e5
:10ce8800211062000300243204008010ffff4230aa
:10ce980003000524350085140200052401004224fe
:10cea8004210020021a05400ffff943221a855002f
:10ceb800ffffb5322b20a302231075000300801456
:10cec800ffff42302318a302ffff62302000432ceb
:10ced80031006014f480848f0400828c09f84000cb
:10cee8000100a52625b040001400c012251000003e
:10cef8002b1892022310540203006014ffff4230e3
:10cf080023909202ffff42322000522c2400401648
:10cf1800f480848f0400828c09f840000100852683
:10cf28002000401425f04000f480848f0c00828c8f
:10cf380009f840002528c002251000003c00bf8fda
:10cf48003800be8f3400b78f3000b68f2c00b58ff5
:10cf58002800b48f2400b38f2000b28f1c00b18f3b
:10cf68001800b08f0800e0034000bd270400855476
:10cf780021a0540021a85500ceff0010ffffb532b4
:10cf8800ccff0010ffff9432caff001025a040021a
:10cf9800ccff001025a86000d5ff001025b00000c8
:10cfa80025f00000a100c01208002232a60040505f
:10cfb8001000a0af0800128e0c00058e2b10450241
:10cfc8004c0040102b10b2000400178e23b8e50265
:10cfd800fffff7320000138e23905302ffff5232f7
:10cfe8002110f2029f0040102a10a202860040146d
:10cff800f480848f0300e0122530e002f4e9400f4a
:10d008002520c00204004012253040022528600275
:10d01800f4e9400f2120d7021000028e0c00038e85
:10d0280023204300ffff84302b10430007004010eb
:10d038001000a4af0400028e0000038e23104300ea
:10d0480021108200ffff42301000a2af3100c0174c
:10d058002598000025880000f480848f0c00828cbd
:10d0680009f840000000058e000016ae0100b52644
:10d0780021a8d502040015ae0c0016ae2190f202cc
:10d088002190d202080012ae1000a28f21b0c20275
:10d09800100016aef1d9400f252000020b00c01376
:10d0a800f480848f0c00828c09f840001400058eef
:10d0b80014001eae21a0d403180014ae20001eae2a
:10d0c8002188710221f0d1031c001eae7000049269
:10d0d8000300032499ff831401000224010006249d
:10d0e800100005248e12400f2520000293ff001027
:10d0f80001000224570040102598a0002390450203
:10d10800ffff5232b6ff001025b800001000a0af94
:10d1180025b800000400313236002012ffff022437
:10d128005800038e0c0062101c00118e64000296d9
:10d1380021104300218822021800028e2b1851006a
:10d14800060060502000058e1400038e2310430053
:10d1580027100200218822022000058e2b10b10022
:10d16800180040102598000023882502ffff31325f
:10d178001400a5af211071020c0040102a10820281
:10d1880021004014f480848f03006012253060026f
:10d19800f4e9400f2520c0030400201225302002a6
:10d1a8001400a58ff4e9400f2120d303abffc0562c
:10d1b800f480848f61ffc01301000224b9ff0010be
:10d1c800f480848f2b1025020d0040502588000024
:10d1d8001800138e0100732623986502ffff73322f
:10d1e8001400028e1400a2af23882202e1ff00106f
:10d1f800ffff313225880000ecff00102598000061
:10d20800eaff0010259800000c00828c09f8400005
:10d218002528c003f480848f0c00828c09f8400014
:10d228002528c00245ff001025100000b7ffc017d1
:10d23800259000001000a0af25b800002588000048
:10d24800daff001025980000259000007fff0010ed
:10d2580025b800001000a0af259000007bff00104b
:10d2680025b8000079ff00101000a0af0800e00307
:04d2780000000000b2
:020000040000fa
:020000041d00dd
:10d27c00e0ffbd271c00bfaf1800b2af1400b1af68
:10d28c001000b0af2590a00026eb400f2588c00001
:10d29c00258040002b000012251000000080423237
:10d2ac0006014054847b127c00404232e000401462
:10d2bc00847b127c1100432e22006010809012009f
:10d2cc00019d023ce0d242240a90527c08004002ac
:10d2dc000000000024d3009d70d3009dd0d3009d8e
:10d2ec0008d4009d54d4009d94d4009da8d4009dd6
:10d2fc00b4d4009dc0d4009dd8d4009de4d4009d2e
:10d30c0098d5009dacd5009db8d5009dd0d5009d7d
:10d31c00e8d5009d00d6009d251800000100312e97
:10d32c003c00028e8410227e3c0002ae0500601090
:10d33c00010002245d000292010042345d0002a251
:10d34c00010002241c00bf8f1800b28f1400b18f93
:10d35c001000b08f0800e0032000bd27efff001085
:10d36c0001000324251800000100312e3c00028e20
:10d37c00c418227e3c0002ae010002240a00621492
:10d38c00020004245d000292020042345d0002a2fd
:10d39c00ecff001001000224f3ff00100200032434
:10d3ac00f1ff001001000324e6ff641401000224c5
:10d3bc005d0002924408027c5d0002a2e1ff0010b5
:10d3cc0001000224251800000100312e3c00028ec1
:10d3dc000421227e3c0002aedaff60100100022420
:10d3ec005d0002928410027c5d0002a2d5ff001049
:10d3fc0001000224f4ff0010020003243c00028e02
:10d40c000408227e3c0002ae0300423008004010ab
:10d41c0001000324ffff0224140002ae3c00028e24
:10d42c000442627c3c0002aec6ff001001000224e4
:10d43c00140000ae3c00028e0442027c3c0002aea2
:10d44c00c0ff0010010002243c00038e0002633078
:10d45c00bcff6014251000002b8811003c00038ecb
:10d46c008002637cb7ff71100100022418d3400fb7
:10d47c00252000023c00028e8452227e3c0002ae2b
:10d48c00b0ff00100100022418d3400f2520000229
:10d49c00100011a6abff001001000224540011a6cd
:10d4ac00a8ff001001000224580011a6a5ff0010cf
:10d4bc00010002242b8811003c00028e0484227e81
:10d4cc003c0002ae9fff0010010002245e0011a27e
:10d4dc009cff0010010002249aff2012251000006e
:10d4ec000000228e01004430070080100400238ebf
:10d4fc00010065303c00048ec418a47c0421a47c7b
:10d50c008410a47c3c0004ae020044300400801063
:10d51c004070647c3c00058e04a5857c3c0005ae07
:10d52c0004004430040080108068647c3c00058e4c
:10d53c0044ad857c3c0005ae0800443004008010ee
:10d54c00c060647c3c00058e84b5857c3c0005aed7
:10d55c0010004430040080100059647c3c00058e9f
:10d56c008494857c3c0005ae2000443075ff80100f
:10d57c00010002244051637c3c00028ec49c627cfe
:10d58c003c0002ae6fff0010010002243c00028e32
:10d59c0004ee227e3c0002ae6aff00100100022461
:10d5ac005f0011a267ff0010010002242b881100fc
:10d5bc003c00028e84f7227e3c0002ae61ff00101c
:10d5cc00010002242b8811003c00028e04a5227e4f
:10d5dc003c0002ae5bff0010010002242b881100fe
:10d5ec003c00028e44ad227e3c0002ae55ff001082
:10d5fc00010002240100312e3c00028ec4ff227e69
:10d60c003c0002ae4fff0010010002240100312e3d
:10d61c003c00028e8410227e3c0002ae5d00029221
:10d62c000400027c5d0002a246ff001001000224ef
:10d63c001100432e43ff6010251000008090120053
:10d64c00019d023c60d642240a90527c08004002a4
:10d65c000000000018d6009da4d3009d00d4009dae
:10d66c0008d4009d54d4009d94d4009da8d4009d52
:10d67c00b4d4009dc0d4009dd8d4009de4d4009daa
:10d68c0098d5009dacd5009db8d5009dd0d5009dfa
:10d69c00e8d5009d00d6009d0100312e3c00028e85
:10d6ac000421227e3c0002ae5d0002920400423452
:10d6bc005d0002a223ff0010010002241100432e82
:10d6cc0020ff60102510000080901200019d023c8c
:10d6dc00ecd642240a90527c080040020000000064
:10d6ec0068d3009dacd3009da4d6009d08d4009daa
:10d6fc0054d4009d94d4009da8d4009db4d4009d16
:10d70c00c0d4009dd8d4009de4d4009d98d5009d34
:10d71c00acd5009db8d5009dd0d5009de8d5009d19
:04d72c0000d6009d86
:020000040000fa
:020000041d00dd
:10d73000d8febd272401b0af256880002570a00366
:10d740002000af272510a0030000838c000043ac0d
:10d7500004004224fcff4f14040084242000ac2762
:10d760006000a327251080010000a48c000044acb9
:10d7700004004224fcff43140400a524c0008625b5
:10d78000251880013800648c0400658c4214240044
:10d79000c23c2400261047008222040026104400c8
:10d7a0002400648c0000678c212087002110440035
:10d7b000c2212500823c250026208700c2280500c2
:10d7c0002620850021104400400062ac0400632440
:10d7d000ecff66141c00a88f0c00a28f1800a78f06
:10d7e0000800a38f1400a68f0400a48f1000aa8f36
:10d7f0000000a58f029d0b3cec636b250001782592
:10d8000082492a00c2ca2a002648390142ce2a008b
:10d81000264839010000798d0000908d21c8300321
:10d820002148390126c8e60024c82a0326c8270350
:10d8300021483901214828012180490082402500e2
:10d8400042132500264002018215250026400201d0
:10d850002510a4002410430024c8a400251059005a
:10d8600021400201214009010400628d0400898ddc
:10d87000211049002138470026104601241050008d
:10d88000261046002138e20082113000c24a3000e2
:10d8900026104900424e3000261049002110e200b7
:10d8a00021c8620082382800421b28002638e30085
:10d8b000821d28002638e30025180501241864007d
:10d8c00024480501251869002138e3002138e200c9
:10d8d0000800628d0800838d21104300213046002e
:10d8e000261050012410590026104a002130c20091
:10d8f00082113900c21a390026104300421e390035
:10d90000261043002110c2002148820082302700e7
:10d91000421b27002630c300821d27002630c3008b
:10d920002518070124186500242007012518640024
:10d930002130c3002130c2000c00638d0c00828da9
:10d940002118620021506a00261819022418690063
:10d95000261870002150430182192900c2122900a3
:10d960002618620042162900261862002118430179
:10d970002128a3008250260042132600265042018f
:10d9800082152600265042012510e600241048008a
:10d990002420e6002510440021504201215043017b
:10d9a0001000628d1000848d211044002110500061
:10d9b00026202903242085002620990021104400d8
:10d9c00082212500c21a250026208300421e250040
:10d9d00026208300212044002140040182102a00d7
:10d9e000421b2a0026104300821d2a0026104300f5
:10d9f0002518ca00241867002480ca002518700062
:10da000021104300211044001400638d1400848d04
:10da1000211864002118790026c8250124c828038c
:10da200026c829032118790082c92800c2222800ab
:10da300026c824034226280026c8240321c87900ca
:10da40002138f9008218220042232200261864009f
:10da50008225220026186400252042012420860009
:10da600024804201252090002118640021187900ab
:10da70001800648d1800998d2120990021208900bb
:10da80002648a8002448270126482501212089008e
:10da900082492700c2ca27002648390142ce270002
:10daa00026483901214889002130c90082202300fd
:10dab00042cb23002620990082cd23002620990006
:10dac00025c8430024c82a032480430025c8300306
:10dad00021209900212089001c00698d1c00998d4e
:10dae000214839012128250126480701244826011b
:10daf000264828012128a90082492600c2ca2600fa
:10db00002648390142ce2600264839012148a9007d
:10db1000215049018228240042cb24002628b90044
:10db200082cd24002628b90025c8640024c8220319
:10db30002480640025c830032128b9002128a900c9
:10db400020006b252eff781520008c251c00a8af27
:10db50001000aaaf1800a7af1400a6af0000a5af31
:10db60000400a4af0800a3af0c00a2af0000a28d78
:10db70000000c38d211043000000a2ad0400ce259b
:10db8000faffcf150400ad25251000002401b08f49
:08db90000800e0032801bd2795
:020000040000fa
:020000041d00dd
:10db9800b8ffbd274400bfaf4000b7af3c00b6afe9
:10dba8003800b5af3400b4af3000b3af2c00b2af1b
:10dbb8002800b1af2400b0af0f00052442e2400fa7
:10dbc8000200042425904000010042300800405023
:10dbd800020052320080133c8452732658e8400fea
:10dbe800020004247700401425a0400002005232ad
:10dbf800690040120080033c845263241800628c40
:10dc0800d0074224180062ac6210043cd34d84242f
:10dc180019004400101000008211020009f2400fa0
:10dc2800140062ac5c00401025b040000080023c4b
:10dc38008852538c1400732625a800000080123cdb
:10dc48001ce8400f2520a00225a040001000708e7f
:10dc58001600001225886002845243261400628c44
:10dc68000800048e231044003400638c2b104300fa
:10dc7800b200405442009796fcff0526ece7400f9f
:10dc8800ecff248ed4bb400f10006426ffff07244e
:10dc98002530000004000526ceaf400f2520800265
:10dca8001000308e9d000016845243260000308eee
:10dcb8001c000012845243261400628c0800048e53
:10dcc800231044003000638c2b104300160040548e
:10dcd800ecff228efcff0526ece7400fecff248ebc
:10dce800d4bb400f25202002fdff0724253000006b
:10dcf80004000526ceaf400f252080020000308e9c
:10dd080008000012845243261400628c0800048e16
:10dd1800231044003000638c2b104300eeff4010aa
:10dd2800fcff0526ecff228e2400428c2000238e67
:10dd38002b104300160040540100b5262400228e03
:10dd48001200401025800000d4bb400f252020027f
:10dd58000e00401025b84000fcff4524ece7400fba
:10dd6800ecff248efcff0724253000000400e52684
:10dd7800ceaf400f25208002010010262400228efd
:10dd88002b100202f0ff4014000000000100b5262d
:10dd9800abffd5163c0073264400bf8f4000b78ff9
:10dda8003c00b68f3800b58f3400b48f3000b38f85
:10ddb8002c00b28f2800b18f2400b08f0800e00338
:10ddc8004800bd271800908e11e0400f2520000262
:10ddd800000003960100022446006214f2ff0524a5
:10dde8000400039606040224430062140200062479
:10ddf8001b00158a1800159a1c00b5af2800918ed3
:10de08000400768e71f0400f252020021100038a4d
:10de18000e00039a1800a3af0021020023208200fd
:10de2800802004001800a527f6a1400f0a20c47e10
:10de38000500401025b040000800062625284000af
:10de4800b2a7400f252020020400228e2900a21626
:10de58000200052442002296001042302600401499
:10de6800020006241600c056060003960400758eac
:10de780071f0400f252020020019020023106200d3
:10de88008010020021a8a2021800a527b4a6400ffe
:10de98000000a48e0a004050060003960000439438
:10dea8000200633018006010080006261400a72638
:10deb8008000052460cc400f252040000600039612
:10dec800010002240b006214020005241100078ad5
:10ded8000e00079a0400268e3c0022261400a2afea
:10dee800080010261000b0afe57b400f2520200267
:10def8000200052402000624ffd2400f25208002dc
:10df080036ff00100000000025284000b2a7400f8f
:10df180025202002eaff0010060003961400628cf8
:10df28000800048e231044003400638c2b10430037
:10df380052ff4010fcff0526420097960010f7326a
:10df4800fcff0496000282302200401084524226d0
:10df580042004294120005962b10a20018004010af
:10df6800845246261400c38c0800028e23186200cf
:10df78003800c28c0210a2702b10620011004054ad
:10df88000000108e0300e012000184300d00805064
:10df98000000108e0400078e0400868e1400a0afc7
:10dfa800148082271000a2af01000524e57b400ff2
:10dfb800252080021200029601004224120002a6c7
:10dfc8000000108edfff0056fcff049638ff00109b
:0cdfd8000000308edfff0010400042947b
:020000040000fa
:020000041d00dd
:10dfe400d8ffbd272400bfaf2000b4af1c00b3afdf
:10dff4001800b2af1400b1af1000b0af2588a00074
:10e0040025a0c0002598e0003800b28f0300a010be
:10e014004000b08fffff02240000a2ac9d9c400f83
:10e0240000000000140040540400448c87f2400fa8
:10e03400000000000300422c080040142400bf8f9d
:10e0440085f2400f00000000039d053c28eba52449
:10e0540098d0400f252040002400bf8f2000b48fab
:10e064001c00b38f1800b28f1400b18f1000b08f52
:10e074000800e0032800bd274400a38f241864008f
:10e084000e0060140000000087f2400f0000000042
:10e094000300422cf1ff40542400bf8f85f2400f4f
:10e0a40000000000039d053c48eba52498d0400fd8
:10e0b40025204000e9ff00102400bf8f10008016c7
:10e0c400020003240e0003120000000087f2400f38
:10e0d400000000000300422ce0ff40542400bf8fe6
:10e0e40085f2400f00000000039d053c74eba5245d
:10e0f40098d0400f25204000d8ff00102400bf8f87
:10e104001800401221387202000044902b40f300a2
:10e114003c00a393120063240080063cc028030043
:10e1240040180400211864008018030023186400b8
:10e134008018030023186400801803002118a3002a
:10e14400d44ec5242118a3000400638c05000015d7
:10e1540025280000100005152b3867000f00e0107b
:10e164004018040087f2400f000000000300422c16
:10e17400baff40542400bf8f85f2400f0000000016
:10e18400039d053c94eba52498d0400f2520400026
:10e19400b2ff00102400bf8f40180400211864004f
:10e1a40080180300231864008018030023186400f7
:10e1b400801803000080053cd44ea5242118650076
:10e1c400a800659001000324a3ffa31440180400d1
:10e1d40021186400801803002318640080180300c9
:10e1e40023186400801803000080053cd44ea52445
:10e1f40021186500a80060a05400638c0800638c9b
:10e2040010006014020003240c0003560300053ab6
:10e214004010040021104400801002002310440028
:10e224008010020023204400802004002120850067
:10e234000100022488ff0010a80082a0010003242a
:10e244000a806500000043900080063c40280300db
:10e254002128a300802805002328a3008028050086
:10e264002328a30080280500d44ec6242128c500f5
:10e274005c00a58c4700a0100080073c2000a88cff
:10e28400403003002130c300803006002330c30037
:10e29400803006002330c30080300600d44ee724cb
:10e2a4002130e6005c00c8ac00004790003a07004b
:10e2b4000000a88c2538e8004600c89400440800f3
:10e2c4002538e8000c00a7ac0400a2ac1000b4ace4
:10e2d4001400b3ac1800b2ac1c00b0ac01000224b2
:10e2e4000800a2ac2000a0ac4600c6940100c624dd
:10e2f400ffffc630ffffc7380a3047000080073ce5
:10e30400401003002110430080100200231043003a
:10e31400801002002310430080100200d44ee72432
:10e324002110e20003002012460046a40c00a28c37
:10e33400000022ae401003002110430080100200b0
:10e3440023104300801002002310430080100200b9
:10e354000080063cd44ec624211046006000428c46
:10e36400190040144010030021304300803006009f
:10e374002330c300803006002330c3008030060001
:10e384000080073cd44ee7242130c7006000c5acb0
:10e394006400c5ac40100400211044008010020049
:10e3a4002310440080100200232044008020040035
:10e3b4000080023cd44e4224212082000100022429
:10e3c40025ff0010a80082a00080073cd44ee7245b
:10e3d40021304300803006002330c3008030060023
:10e3e4002330c300803006002130e6006400c68c70
:10e3f4002000c5ac2110430080100200231043000c
:10e404008010020023184300801803002118e30041
:08e41400e0ff0010640065ac9c
:020000040000fa
:020000041d00dd
:10e41c00c8ffbd273400bfaf3000beaf2c00b7af74
:10e42c002800b6af2400b5af2000b4af1c00b3afca
:10e43c001800b2af1400b1af1000b0af2598800037
:10e44c0025a8a0002590c000010002240300a21002
:10e45c0025b0e0001300c01425a0000092c6400fa8
:10e46c00ffff112425a040020e004014259040000f
:10e47c00251020023400bf8f3000be8f2c00b78fc8
:10e48c002800b68f2400b58f2000b48f1c00b38fea
:10e49c001800b28f1400b18f1000b08f0800e00389
:10e4ac003800bd27e4808293ff004230fdff40100e
:10e4bc0000000000e4808293ff0042300b0040100b
:10e4cc00f080838f6eee400f00000000e480842704
:10e4dc0000008390ffff6324ff006330000083a0e3
:10e4ec0075ee400f25204000f080838f3f006010b8
:10e4fc000081848f0000828c350040142588000038
:10e50c002588000025f00000f480848f0800828ca0
:10e51c008c00062409f840000100052425804000e9
:10e52c00f480848fe88085970100a5240400828cf8
:10e53c0009f84000ffffa53025b84000f480848f17
:10e54c00e68085970100a5240400828c09f8400020
:10e55c00ffffa53005000012252840000400e01242
:10e56c00f480848f2a004014e8808397f480848f91
:10e57c000c00828c09f84000ffff1124f480848f7a
:10e58c000c00828c09f840002528e002f480848f6e
:10e59c000c00828c09f84000252800026eee400f1a
:10e5ac0000000000e480839301006324e48083a3d3
:10e5bc0075ee400f25204000aeff00102510200204
:10e5cc00801011000a10827cd0ff4050f480848fa0
:10e5dc0001003126208e117c2b282302f8ffa01479
:10e5ec0025f02002c9ff4010f480848f6eee400f9e
:10e5fc00ffff1124e480839301006324e48083a350
:10e60c0075ee400f252040009aff001025102002c7
:10e61c00e6808297740011a6000017ae01006324f7
:10e62c0021b8e302040017ae140005ae2128a200a5
:10e63c00180005ae18020224660002a680f01e0027
:10e64c000081828f21f05e006eee400f0000d0af93
:10e65c00e480839301006324e48083a375ee400f70
:10e66c00252040005e0002966e0002a60000028e7d
:10e67c00080002ae0c0002ae100002ae1400028eb6
:10e68c001c0002ae200002ae8400028e4440027ccc
:10e69c00000242348452027c8494027cc4bd027c0d
:10e6ac00c49c027c840002ae380000ae340000ae84
:10e6bc00830000a2500000aeffff0324580003aefd
:10e6cc0001000324600003a66a0003a65c0000a6f8
:10e6dc003c0000ae730000a2000c437c710003a24e
:10e6ec0025184000c006427c01004050440000ae9a
:10e6fc000007627c01004050400000ae0100022483
:10e70c001e006216710013a22000073c0600e724cd
:10e71c0004000624140005242cd0400f7800042497
:10e72c003f004010029d033c80026324080043ac70
:10e73c000c0050ac01000324700043a4580043a407
:10e74c000f004010480002ae8400028e048c627ee2
:10e75c001500a012840002ae5e0012a654de400f1b
:10e76c005c0014a6240002ae8400028e0100032477
:10e77c004408627c1d000010840002ae480000ae0c
:10e78c0071000292050040508400028e03cf400fae
:10e79c002520000236ff0010ffff1124048c627e3e
:10e7ac000900a016840002ae5e0012a68400028e40
:10e7bc00010003240400627c840002ae700000a2fd
:10e7cc002bff00106e0012a65e0012a654de400f46
:10e7dc005c0014a6240002ae8400038e0100022407
:10e7ec004408437c06006216840003ae0400c01289
:10e7fc00000000000000c28e010040543c0002ae3c
:10e80c00e7c4400f25200002000042280100042428
:10e81c000b0003240a18820015ff0010700003a2dd
:08e82c00d7ff0010480002ae06
:020000040000fa
:020000041d00dd
:10e83400c8ffbd273400bfaf3000b5af2c00b4af64
:10e844002800b3af2400b2af2000b1af1c00b0afba
:10e854000080023c5022508c5022422414004590e7
:10e864000c00a014000002921e0040144010050089
:10e874003400bf8f3000b58f2c00b48f2800b38fc5
:10e884002400b28f2000b18f1c00b08f0800e00379
:10e894003800bd27e70040142c0002262520000084
:10e8a40001008324ff006330f1ffa3102c004224f5
:10e8b400d4ff4690faffc050252060000200842453
:10e8c400ff00843001000224db0082100080023c3f
:10e8d400642244a0ff000224e5ff621025286000a2
:10e8e400401005002110450080100200231045004f
:10e8f400801002002180020205000392010002241c
:10e9040014006214040002240c00038e020062143a
:10e914000080023c652240a00c0000ae2000038e63
:10e924000100022404006254000000a244eb400fe2
:10e9340025200002000000a2200000ae050000a275
:10e94400020000a2030000a2010000a2c8ff001000
:10e95400040000a20c00028e0500422cc5ff4050aa
:10e964003400bf8f0c00028e80180200019d023c0f
:10e9740084e942240a10437c08004000000000009f
:10e9840020e9009d98e9009de0e9009d4cea009d86
:10e99400f0ea009d0800028e2400428c0300052446
:10e9a40009f8400006000496ffff0324b0ff43105b
:10e9b400140002ae0800038e1000638c25300002a0
:10e9c400039d053c4453a52409f86000252040001c
:10e9d40002000224a6ff00100c0002ae0800028e02
:10e9e4000000428c09f840001400048e0e004050d0
:10e9f4002000038e2000028e09004014010002242e
:10ea04000800028e0400428c09f840001400048eb1
:10ea1400280002ae030002240c0002ae010002240e
:10ea240093ff0010200002ae0100022490ff625404
:10ea3400200000ae44eb400f25200002040000a299
:10ea44008bff0010200000ae0080023c6522429043
:10ea540087ff40140080023c01000324652243a088
:10ea64002800028e1000428c0000428c0002432ccd
:10ea74000500601001001224000203241b00620040
:10ea8400f4014000129000000080113c5022312615
:10ea940000020624252800004eeb400f1000248eaf
:10eaa40002000224240002ae1400048e0800028e28
:10eab4001000b2af0800428c253800001000268eea
:10eac40009f840001c0005261c00038effff0224e9
:10ead400030062100400022465ff00100c0002ae63
:10eae4000080023c62ff0010652240a02400028ed8
:10eaf4000200032409004314000000000800028ef1
:10eb04002c00428c5bff40503400bf8f09f840005a
:10eb14001000048e57ff00103400bf8f0500401012
:10eb24000080023c652240a00300022450ff001034
:10eb34000c0002ae0080023c6022448c010000a262
:10eb440004000624049d053c98df400f54caa52404
:10eb540001000324030040104d001424010003921b
:10eb6400ff001424010003a20080023c5422518cb3
:10eb7400000022922b0040140080023c0400029208
:10eb840001004224040002a21800158e8010150012
:10eb9400049d153ca0c2b5260aa8a27e0ce9400f2c
:10eba4002520a002ff005230ff00533025306002c0
:10ebb4002528a002f4e9400f0200242621983302fc
:10ebc40002000292020062a201004226ff004230cb
:10ebd400211022020400039230006324020043a0a7
:10ebe40002005226ff00523221903202020040a25b
:10ebf400180030ae4d00022407008216010034a232
:10ec0400140020ae100020ae448282270300039239
:10ec1400000043a0010040a001000224000022a241
:10ec24000080023c652240a00200022410ff001074
:10ec34000c0002ae251800000080023c642240a0b3
:08ec440027ff001025286000e5
:020000040000fa
:020000041d00dd
:10ec4c00696e636c75646500736574006563686fe9
:10ec5c00000000000d0a34303020426164205265ff
:10ec6c0071756573743a2063616e27742068616ee8
:10ec7c00646c6520436f6e74656e742d4c656e67a5
:10ec8c0074680d0a000000000d0a34303120556ef6
:10ec9c00617574686f72697a65643a205061737338
:10ecac00776f72642072657175697265640d0a0004
:10ecbc000d0a34313420526571756573742d5552bb
:10eccc004920546f6f204c6f6e673a204275666610
:10ecdc006572206f766572666c6f772064657465fb
:10ecec00637465640d0a00000d0a35303020496ede
:10ecfc007465726e616c2053657276657220457214
:10ed0c00726f723a20457870656374656420646133
:10ed1c007461206e6f742070726573656e740d0a69
:10ed2c00000000000d0a353031204e6f7420496d03
:10ed3c00706c656d656e7465643a204f6e6c7920ed
:10ed4c0047455420616e6420504f535420737570a6
:10ed5c00706f727465640d0a000000000d0a343087
:10ed6c003320466f7262696464656e3a20544c536a
:10ed7c00205265717569726564202d20757365204c
:10ed8c0048545450530d0a000d0a3c68746d6c3e87
:10ed9c003c626f6479207374796c653d226d61728d
:10edac0067696e3a3130307078223e3c623e465391
:10edbc002055706461746520537563636573736665
:10edcc00756c3c2f623e3c703e3c612068726566ff
:10eddc003d222f223e53697465206d61696e20704f
:10edec006167653c2f613e3c2f626f64793e3c2f1e
:10edfc0068746d6c3e000000323030204f4b0d0ab1
:10ee0c00000000003430302042616420526571757e
:10ee1c006573740d0a00000034303120556e617535
:10ee2c0074686f72697a65640d0a5757572d41756e
:10ee3c007468656e7469636174653a2042617369c4
:10ee4c0063207265616c6d3d2250726f74656374e2
:10ee5c006564220d0a000000343034204e6f74209b
:10ee6c00666f756e640d0a436f6e74656e742d5407
:10ee7c007970653a20746578742f68746d6c0d0a1e
:10ee8c000000000034313420526571756573742da7
:10ee9c0055524920546f6f204c6f6e670d0a00005d
:10eeac0035303020496e7465726e616c205365721a
:10eebc00766572204572726f720d0a003530312002
:10eecc004e6f7420496d706c656d656e7465640d64
:10eedc000a00000033303220466f756e640d0a4c08
:10eeec006f636174696f6e3a200000003430332018
:10eefc00466f7262696464656e0d0a0032303020b0
:10ef0c004f4b0d0a436f6e74656e742d547970659a
:10ef1c003a20746578742f68746d6c0d0a000000cb
:10ef2c0035303020496e7465726e616c2053657299
:10ef3c00766572204572726f720d0a436f6e74653e
:10ef4c006e742d547970653a20746578742f6874da
:10ef5c006d6c0d0a0000000068746d0068746d6cb7
:10ef6c000000000063676900786d6c00746578744c
:10ef7c002f706c61696e0000746578742f68746d05
:10ef8c006c000000746578742f786d6c00000000c4
:10ef9c00746578742f63737300000000696d61678a
:10efac00652f676966000000696d6167652f706e7b
:10efbc0067000000696d6167652f6a706567000006
:10efcc006170706c69636174696f6e2f782d6a6102
:10efdc007661736372697074000000006170706c0c
:10efec0069636174696f6e2f6a6176612d766d004d
:10effc00617564696f2f782d77617665000000006c
:10f00c00747874006373730067696600706e6700d0
:10f01c006a7067006a730000636c617373000000b0
:0cf02c006a6176610000000077617600e8
:020000040000fa
:020000041d00dd
:10f038002540c0002518e000255080009800e01405
:10f048002510a0002b30a6003500c01000000000dd
:10f05800202805710600a0102320050006208a003c
:10f068000410a2000440a800251082000450aa0041
:10f07800023408001b004600f401c000ffff053100
:10f0880002240a00123800001010000000140200c8
:10f09800252044000248a7702b5889000a006011f7
:10f0a8002510e000212088002b58880006006015f4
:10f0b800ffffe2242b5889000400605123208900b7
:10f0c800feffe22421208800232089001b008600ff
:10f0d800f401c000103000000034060012200000c7
:10f0e8000238a470ffff45312528c5002b48a7002a
:10f0f8000800201125308000212805012b40a80098
:10f1080004000015ffff86242b28a7000100a05447
:10f11800feff8624001402000800e00325104600c4
:10f1280004000015010002241b004800f40100013e
:10f138001240000020580b7123006015200007249e
:10f148002328a80001000324023408001b00a6009d
:10f15800f401c000ffff073102240a001228000052
:10f168001010000000140200252044000248e57039
:10f178002b5889000a0060112510a0002120880062
:10f188002b58880006006015ffffa2242b58890021
:10f198000400605123208900feffa224212088005a
:10f1a800232089001b008600f401c000ffff4a31bc
:10f1b80010280000002c05002528aa0012200000b5
:10f1c800caff00100238e4702338eb0004406801dd
:10f1d8000648e400023408000638e5001b00e60093
:10f1e800f401c0000410650125482201ffff023127
:10f1f800021c09001228000010380000003c07001b
:10f208002538e300025045702b60ea000a0080119f
:10f218002518a0002138e8002b60e80006008015ba
:10f22800ffffa3242b60ea00040080512338ea0082
:10f23800feffa3242138e8002338ea001b00e6007b
:10f24800f401c000ffff2531123000001038000023
:10f25800003c07002528e500021046702b48a20054
:10f268000a0020112538c0002128a8002b48a80032
:10f2780006002015ffffc7242b48a20004002051d8
:10f28800001c0300feffc7242128a800001c03005f
:10f29800045064012328a200abff00102518670062
:10f2a8002b40a700251800004e000015251000006f
:10f2b8002050ea7007004015200009242b28e5009b
:10f2c8004800a014010002242b1086000800e00367
:10f2d8000100423823482a01061026010438470154
:10f2e800253847000418450102440700062825016f
:10f2f8001b00a800f4010001ffffeb3006102401f9
:10f3080025104300021c02001228000010480000cb
:10f31800004c090025482301026065712b682c0107
:10f328000a00a0112518a000214827012b682701f1
:10f338000600a015ffffa3242b682c010400a05190
:10f3480023482c01feffa3242148270123482c0130
:10f358001b002801f4010001ffff453012400000a6
:10f3680010480000004c0900252825010258687142
:10f378002b10ab000a004010254800012128a700e7
:10f388002b10a70006004014ffff09252b10ab0027
:10f398000400401000140300feff09252128a700df
:10f3a8000014030004304601251049001900c2006a
:10f3b8002328ab00103800002b18a70007006014a2
:10f3c800123000000700a71425180000042044018b
:10f3d8002b2086000300801000000000ffff42245d
:10f3e800251800000800e003000000002548c000c0
:10f3f800251080008b00e0142518a0002b30a600f3
:10f408003300c01020502a7108004011025c090026
:10f418000418450123280a000628a40004484901c5
:10f428002518a30004104401025c09001b006b00ae
:10f43800f4016001ffff24311218000010280000b9
:10f4480002306470001c0500022c020025186500bb
:10f458002b2866000800a0502318660021186900b0
:10f468002b2869000300a0142b2866000100a05473
:10f4780021186900231866001b006b00f401600165
:10f48800ffff42301030000012180000025864706c
:10f49800001c0600251062002b184b000900605064
:10f4a80023104b00211049002b1849000500605417
:10f4b80023104b002b184b00010060542110490009
:10f4c80023104b00061042010800e0032518000035
:10f4d80004002015010003241b006900f401200129
:10f4e8001248000020502a711f00401520000724f0
:10f4f8002328a900025c09001b00ab00f40160018d
:10f50800ffff243112280000101800000230a470f8
:10f51800002c0300021c02002528a3002b18a600bb
:10f52800080060502330a6002128a9002b18a90044
:10f53800030060142b18a600010060542128a900bc
:10f548002330a6001b00cb00f4016001ffff42300e
:10f5580010280000123000000258c4700034050062
:10f56800cdff00102510c2002338ea0004484901e5
:10f578000618e400023409000638e5001b00e6001e
:10f58800f401c00004104501ffff2831251862006e
:10f59800022c030012380000106000000210e8700e
:10f5a800003c0c002538e5002b28e2000800a0509c
:10f5b8002338e2002138e9002b28e9000300a014d1
:10f5c8002b28e2000100a0542138e9002338e2008a
:10f5d8001b00e600f401c000ffff65301230000098
:10f5e80010380000003c07002528e5000230c870ec
:10f5f8002b10a60009004010041044012128a9007e
:10f608002b10a90005004014041044012b10a6007b
:10f61800010040542128a90004104401b5ff00103e
:10f628002328a6002b40a7005c0000152070ee7070
:10f638000a00c0152b40e500030000152b4086008a
:10f648005600001500000000231086002328a7009c
:10f658002b1882000800e0032318a30020000b24c5
:10f6680023586e01066066010438c70125388701f2
:10f678000440c501024c0700062865011b00a900cb
:10f68800f40120010610640125104800ffffe8304e
:10f6980002640200122800001050000000540a0002
:10f6a80025504c01021805712b6043010a00801196
:10f6b8002568a000215047012b60470106008015ee
:10f6c800ffffad242b604301040080512350430108
:10f6d800feffad2421504701235043011b0049017f
:10f6e800f4012001124800001050000000540a00e4
:10f6f80002280971ffff4830254048012b100501f9
:10f708000a00401025502001214007012b10070155
:10f7180006004014ffff2a252b10050104004010a5
:10f7280000640d00feff2a252140070100640d003a
:10f738000410c60125608a011900820123400501d1
:10f748000418c401106800002b200d012528a00111
:10f7580012600000050080141230000007000d152b
:10f768002b206c00060080102330660023308201b5
:10f778002338a7012b6086012328ec00233066007c
:10f788002b186600234005012318030104106301a8
:10f798000630c601251046000618c3010800e0031c
:04f7a800000000005d
:020000040000fa
:020000041d00dd
:10f7ac00b8ffbd274400bfaf4000b1af12008010be
:10f7bc003c00b0af87f2400f000000000300432c68
:10f7cc0008006014ffff022485f2400f00000000c7
:10f7dc00029d053c0078a52498d0400f25204000c0
:10f7ec00ffff02244400bf8f4000b18f3c00b08f5c
:10f7fc000800e0034800bd270080023cd44e438c37
:10f80c0002000224480062102588a0000080023cff
:10f81c00284f428c0c00428c060040100080033ca8
:10f82c0009f840001c4f649402000324c0004314e8
:10f83c00000000000080023c284f428c0000428ceb
:10f84c00080040100b0005240080103cd44e1026fc
:10f85c0009f8400048000496ffff0324b40043104d
:10f86c004c0002ae1000a0af1400a0af1800a0af67
:10f87c001c00a0af2000a0af2400a0af2800a0afb8
:10f88c002c00a0af3000a0af3400a0af0080023c31
:10f89c00d44e42245400438c1c00638c1000a527ca
:10f8ac0009f860004c00448ca10040100080043c1e
:10f8bc00d44e82241000a38f900043ac1400a38f6d
:10f8cc00940043ac1c00a38f980043ac2000a58f80
:10f8dc009c0045ac3c0043ac2800a38fa00043ac7b
:10f8ec002c00a58fa40045ac400043ac18000324a9
:10f8fc007c0043ac1800a38f800043ac2400a38f82
:10f90c00840043ac3000a38f880043ac0080033ce0
:10f91c00644f63248c0043ac3400a38f200043acb1
:10f92c0002000224d44e82ac0080023c7d4f4490f5
:10f93c0001000324abff8314ffff02240080023c70
:10f94c00d44e4224a90040a0190042901900401046
:10f95c000080023c87f2400f000000000300422ca4
:10f96c00080040540080023c85f2400f000000006b
:10f97c00029d053c5878a52498d0400f25204000c6
:10f98c000080023c010003247d4f43a095ff001032
:10f99c00ffff022485f2400f00000000029d053c91
:10f9ac002c78a52498d0400f252040008dff001006
:10f9bc00ffff0224484f42900300401008002232ff
:10f9cc0014004014000000000080023c4c4f448c9a
:10f9dc000c0080100080023c0080023c404f508c98
:10f9ec00080002921f004010251800001800022683
:10f9fc0025180000010063241600641425804000c3
:10fa0c000080023c010003247d4f43a075ff0010d1
:10fa1c00ffff022487f2400f000000000300422c7d
:10fa2c00080040540080023c85f2400f00000000aa
:10fa3c00029d053c9878a52498d0400f25204000c5
:10fa4c000080023c010003247d4f43a065ff0010a1
:10fa5c00ffff022418004224f0ff4590e6ffa0545b
:10fa6c000100632401000224080002a2000000a28d
:10fa7c00040011ae08003132040020120c0000ae5c
:10fa8c000080023c01000424ed4e44a00080023ca6
:10fa9c00d44e42247400449001008424740044a089
:10faac00440044940024040025188300100003ae85
:10fabc004400429401004224ffff4230ffff4438cf
:10facc00010003240a1064000080033c184f62a458
:10fadc001000038effff0224110062100080023c14
:10faec000080023c244f42900d0040100080023cec
:10fafc000080023c284f428c1800438c0700601099
:10fb0c00049d053c0080023cd44e4224253040002c
:10fb1c0038c3a52409f860004c00448c0080023cda
:10fb2c00010003247d4f43a02eff00101000028e15
:10fb3c0087f2400f000000000300422c95ff40109c
:0cfb4c000000000027ff0010ffff022453
:020000040000fa
:020000041d00dd
:10fb580058ffbd27a400bfafa000beaf9c00b7af41
:10fb68009800b6af9400b5af9000b4af8c00b3afb7
:10fb78008800b2af8400b1af8000b0af0f00052499
:10fb880042e2400f0e00042425904000020042305b
:10fb9800090040100080023ca4545084d1d5400f85
:10fba800252000028f0040140080023ca854429493
:10fbb800a100401425880000000152327e00401246
:10fbc800a400bf8f0001052442e2400f0e00042468
:10fbd8000080023ca45442241400448c0400838c0a
:10fbe80009f8600002004594720040102598400012
:10fbf8000080023ca45444847800a4afa454422456
:10fc08000800468c9f34400f0300052425a00000ff
:10fc180000801e3ca454d027049d173c060004967f
:10fc28000c00028e06108200010042304e00405047
:10fc3800060002961ce8400fa454d1872590400086
:10fc4800feea400f252040005200401025300000f9
:10fc5800e3be400f25202002020003962b1043002c
:10fc68004b0040140cbaf6261000b3af1800b2af20
:10fc78001c00a0a71e00a3a72000b3af1c00028e83
:10fc88002400a2af25a800001400b5af0000c28e62
:10fc980009f840001000a42789004004ffff453000
:10fca8001c00a4972120a4001c00a4a71e00a39751
:10fcb800231865001e00a3a72000a38f2118620047
:10fcc800060040102000a3af0d000224feff62a032
:10fcd8002000a28f0a000324ffff43a00100b526dd
:10fce80007000224e8ffa2160400d6261c00a297eb
:10fcf800fdff42241c00a2a725284002f8c1400f9e
:10fd0800252020020400428e6400a2af6400a627ca
:10fd18000100052452c8400f252020021c00a69788
:10fd2800030065269cb4400f252020021c00028e8b
:10fd3800030040102528200209f840002520400231
:10fd48006148400f25202002060003960100022486
:10fd580004106200271002000c00038e24104300d8
:10fd68000c0002ae0600029601004224ffff42305a
:10fd7800060002a60400039601004350060000a6f0
:10fd880001009426ffff9432a5ff745406000496e0
:10fd980025300000010005249f34400f7800a48f0f
:10fda8000080023cb854448c0c00828c09f8400056
:10fdb80025286002a400bf8fa000be8f9c00b78fcb
:10fdc8009800b68f9400b58f9000b48f8c00b38fd5
:10fdd8008800b28f8400b18f8000b08f0800e003e4
:10fde800a800bd276400a5279fee400f252000022c
:10fdf8006400a393440002240b00621454000624f8
:10fe0800252800004eeb400f1000a4271000a5275e
:10fe1800bf93400f25200002020006240800052495
:10fe280092cb400f5800a48f62e2400f25200002b9
:10fe38005aff0010000000000080103ca454102657
:10fe48001ce8400f2520200225984000a9e6400f15
:10fe5800252040000d004014010002240410220255
:10fe6800271002001000038e24104300100002ae79
:10fe780001003126040002962b102202f0ff4014e4
:10fe8800000000004dff0010000152321000048ee7
:10fe98000618240201006330f5ff601404102202e2
:10fea80025104400100002ae25300000080005248b
:10feb80092cb400f25206002eeff00100100312692
:10fec80025284002f8c1400f252020020400428e58
:10fed8006400a2af6400a6270100052452c8400fa1
:10fee800252020021c00a697252860029cb4400ffc
:0cfef8002520200292ff001000000000f6
:020000040000fa
:020000041d00dd
:10ff0400c0ffbd273c00bfaf3800b6af3400b5af6b
:10ff14003000b4af2c00b3af2800b2af2400b1afaf
:10ff24002000b0af258880000100142425a8a0007b
:10ff34000ba88600020002240aa046004000848c1c
:10ff440077008010251000002580a000e6d2400f25
:10ff54003c00252631004010259040003c004224fe
:10ff640003004388000043981000a3af04004390ab
:10ff74001400a3a3050042901500a2a3400032aed2
:10ff84001000b227259800002528000275d5400fdf
:10ff94004000248e258840006100201225100000b6
:10ffa400280011ae1800028e0000458c1c81828f3f
:10ffb400650040104013a57c09f84000252020026c
:10ffc4002f0002a2000807243c0026262528400210
:10ffd40038b7400f25200002a90060522000028e8d
:10ffe40086e9400f25200002f2ff42245e0023969a
:10fff400ffff42302b1862004900601425100000f6
:020000041d01dc
:10000400610040122528000241d4400f252020021f
:100014002710020042000010c21702003c00338e79
:10002400ffff0224070062521000a2af4000368e88
:1000340028e8400f2520c00206006216ffff0224b4
:100044001000a2af1400a2a71000b227ceff001028
:10005400010013240800c012030002246500c392a7
:1000640005006214010013241000a0af1400a0a71f
:10007400c5ff00101000b2273c0022922000422449
:10008400ff0042301000422c0f00401001000224f7
:100094001000a2a31100a0a35e0002241200a2a3d8
:1000a4003d0022927f0042301300a2a33e00229220
:1000b4001400a2a33f0022921500a2a31000b227ad
:1000c400b1ff0010010013243c00238e0400c28ef3
:1000d400261062000800c48e24104400030040105f
:1000e400010013240c00c38e020013241800a3afd4
:1000f400010007241000a6271800a52708c5400ff3
:100104002520c002020003246500431001000324db
:100114004408027c9dff431025280002251000009e
:100124003c00bf8f3800b68f3400b58f3000b48fd9
:100134002c00b38f2800b28f2400b18f2000b08f21
:100144000800e0034000bd276200229202104570bf
:100154004992053c9324a52418004500102800006a
:100164002128a20083280500c31702002328a20027
:10017400ffffa33092ff601025100000ffffa524ad
:100184008fff0010ff00a2302881828f14004014da
:1001940025300000029d053cf8e1a52421d7400f3d
:1001a400252000000e004014288182af87f2400f02
:1001b400000000000200432cd9ff60142510000049
:1001c40085f2400f00000000039d053c6468a524ef
:1001d40061b7400f25204000d1ff0010251000001a
:1001e400580031960080043cb7cc400f4c56842410
:1001f4000080043c73e3400fb8568424110040543b
:10020400040054a087f2400f000000000200422cba
:10021400080040540080043c85f2400f00000000b8
:10022400039d053c9468a52461b7400f2520400038
:100234000080043ca5da400f4c568424b8ff00101b
:1002440025100000050051a0080055ac1800a38f2c
:100254000c0043ac252840000080113cf8e7400f17
:100264004c562426a5da400f4c5624262000028e34
:1002740008004234200002aea9ff0010010002244d
:1002840010004234200002ae01000624252800029a
:10029400f4b8400f25202002a1ff00100100022421
:0802a40039ff00101000b22721
:020000040000fa
:020000041d01dc
:1002ac0080ffbd277c00bfaf7800b6af7400b5af40
:1002bc007000b4af6c00b3af6800b2af6400b1af04
:1002cc006000b0af258880002590c00025a8e00014
:1002dc001000908c14008294580002a642000296e2
:1002ec0017008390845a627c420002a64400138e4d
:1002fc000c00c0105400168e0b00e0501700239217
:10030c00000064960000c28cca008210ffffe32438
:10031c002510c000ffff0524ffff63245d0065145a
:10032c000800422417002392010002249400625416
:10033c00039d133c1000348e3800a0af4000a0afda
:10034c004400a0af4800a0af4c00a0af0000229624
:10035c003c00a2a7049d023c04b342241000a2afaf
:10036c00049d023c24b342241400a2af049d023c21
:10037c0044b342241800a2af0800228e1c00a2af86
:10038c00029d023ce45d42242000a2af039d023c8e
:10039c00c81e42242400a2af039d023cfc4b422405
:1003ac002800a2af029d023ca04b42242c00a2af1d
:1003bc00039d023c481d42243000a2af3400b4af70
:1003cc00140022963e00a2a76081829777f2400f1c
:1003dc004000a2a74200a2a7160022924400a2a3aa
:1003ec00170022924500a2a3010002244600a2a7f6
:1003fc003f00828a3c00829a4800a2af4000829261
:10040c004c00a2a3410082924d00a2a35000a0a3d5
:10041c001000a2275400a2af5800b6af0800628e9d
:10042c005000a52709f8400000006496ffff032444
:10043c001e0043144c0002ae87f2400f4c0000ae7d
:10044c00090040102588000085f2400f00000000d4
:10045c000400668e039d053cc4a5a52461b7400f1e
:10046c002520400025880000251020027c00bf8f2d
:10047c007800b68f7400b58f7000b48f6c00b38f9a
:10048c006800b28f6400b18f6000b08f0800e00389
:10049c008000bd270000468ca0ff8614ffff63245c
:1004ac000400568c9fff0010540016ae1c00628e88
:1004bc000300052409f8400000006496ffff0324a4
:1004cc002e004314500002ae500000ae87f2400fd5
:1004dc004c0000aee4ff40102588000085f2400f70
:1004ec00000000000400668e039d053cf4a5a524c5
:1004fc0061b7400f25204000dcff001025102002c2
:10050c000000468c2b008614ffff63242c00001087
:10051c000400458cbc1782261b00621600000000ec
:10052c005000048e3f008010010006244400028e0f
:10053c004c00428c09f84000960705243200401408
:10054c002588400087f2400f00000000c7ff405094
:10055c002510200285f2400f000000004400038e9d
:10056c000400668c039d053c4ca6a52461b7400f86
:10057c0025204000bdff001025102002039d133cd8
:10058c0038177326039d143c0d0040122528400299
:10059c000b00a01225280000000064960000428e7b
:1005ac0022008210ffffa32625104002ffff052426
:1005bc00ffff6324d2ff65140800422425280000a5
:1005cc000400628e09f8400025202002d1ff40541f
:1005dc000c00732687f2400f01001124a2ff40503b
:1005ec000100313a85f2400f0000000000006696d1
:1005fc00039d053c18a6a52461b7400f252040009b
:10060c0099ff00100100313a4200029601000324c8
:10061c008473627cc47b027c420002a6f8ff00104b
:10062c0025880000f6ff001025880000b7ff001099
:0c063c00251040029aff00102510c0009d
:020000040000fa
:020000041d01dc
:10064800c8ffbd273400bfaf3000beaf2c00b7af26
:100658002800b6af2400b5af2000b4af1c00b3af7c
:100668001800b2af1400b1af1000b0af4000a6af91
:100678000080023c344742902b1082001200401444
:100688004c00b28f04004012ffff0224fdff022439
:10069800000042aeffff02243400bf8f3000be8f3f
:1006a8002c00b78f2800b68f2400b58f2000b48f98
:1006b8001c00b38f1800b28f1400b18f1000b08fd8
:1006c8000800e0033800bd2725a0a00025f0e000c1
:1006d8000500a2300500032417004314ffffb330c0
:1006e8004010040021804400808010002380040210
:1006f800c0801000640010260080113c2c47312671
:100708002180300221104400801002002110440092
:1007180080100200a0014224218822020000028edb
:100728004400405430008232dbff4012ffff0224b5
:10073800d9ff0010000042ae060062320600032412
:1007480010004314401004002180440080801000f1
:1007580023800402c08010000c0010260080113c89
:100768002c473126218030022110440080100200dd
:1007780021104400801002006c014224e7ff0010a1
:100788002188220209006232090003241000431460
:10079800401004002180440080801000238004025f
:1007a800c0801000140110260080113c2c4731260f
:1007b80021803002211044008010020021104400e2
:1007c8008010020008024224d4ff0010218822026f
:1007d8000a0062320a000324100043140080113c0e
:1007e800401004002180440080801000238004020f
:1007f800c0801000bc0010262c4731262180300212
:1008080021104400801002002110440080100200d2
:10081800d4014224c1ff0010218822029eff401209
:10082800ffff0224fdff0224000042ae9aff0010e1
:10083800ffff022411004054200073325400028e3e
:100848000e0040502000733209f840002520c003f4
:100858000a0040502000733220009436ffff943283
:100868000800228e07004014010017248aff401256
:10087800ffff022488ff0010000042aef8ff601658
:1008880025b800000080023c2d4743900100022457
:1008980019006214000000000080023ce84a5690eb
:1008a8001b00c012259800000080033c0c4b6324f9
:1008b800010002240a000424ff005630000065905d
:1008c8001300a0102598400001004224faff4414a8
:1008d800240063240080023c010003242d4743a028
:1008e8006dff4012ffff0224feff0224000042ae0b
:1008f80069ff0010ffff022467ff4012ffff022478
:10090800fcff0224000042ae63ff0010ffff022438
:10091800c0a8130021a8b30280a815000080023cdb
:10092800e84a422421a8a202010002240000a2a24f
:100938000080033c2d4762a00000028e4800a68f6d
:100948002528c00309f840004000a48fffff0324b6
:10095800060043140600a2a64fff40120000a0a202
:10096800fcff03244cff0010000043aec01013002e
:1009780021105300801002000080033ce84a6324e1
:1009880021104300080050ac0c0051ac040054a4e2
:1009980002004012030040a0000040ae0800e01230
:1009a800c01813000080023c2198730080181300bf
:1009b800e84a53242198630201000224020062a23b
:0809c80035ff00100100c226fa
:020000040000fa
:020000041d01dc
:1009d000e0ffbd271c00bfaf1800b1af1400b0afdf
:1009e0000080023ccc5242240400438c0b00632c58
:1009f000220060500080023c0400428c80180200fb
:100a0000019d023c140a42240a10437c0800400065
:100a100000000000400a019dbc0a019de80a019dfa
:100a2000400b019d7c0b019dcc0b019d340c019d65
:100a30008c0c019d280d019d280d019d280d019d07
:100a40000080103ccc5210261c00038e2000028e29
:100a50003c0000ae400000ae380003ae440002aee1
:100a60000080053c0453a524b8d1400f2520000286
:100a700001000224040002ae0080023ccc52422459
:100a80000800428c080040100080023cf852438c61
:100a9000050060100080023ccc5242240800448cc7
:100aa00009f860003000458c1c00bf8f1800b18f22
:100ab0001400b08f0800e0032000bd270080103c28
:100ac000cc5210262800048e0f008530010011241e
:100ad0000428b10072ed400f02210400080011ae9d
:100ae000e6ff00100080023c0080103ccc52102633
:100af0002800048e0f0082300100052404284500e0
:100b000072ed400f022104001800058e92c8400fbc
:100b10002400049204004010030003240080023cdf
:100b2000d5ff0010d05243ac0080023ccc5242248e
:100b300002000324080043acd0ff00100080023cf8
:100b40000080103ccc5210262000028e1c00038e28
:100b50003c0003ae400002ae380000ae440000aee0
:100b60000080053c0453a524b8d1400f2520000285
:100b700004000224c0ff0010040002ae0080023c0a
:100b8000f452448c0f0082300100052404284500f3
:100b900072ed400f02210400b9d4400f00000000a4
:100ba00004004010050003240080023cb2ff001046
:100bb000d05243ac0080023ccc52422402000324b9
:100bc000080043acadff00100080023c0080023cf6
:100bd000f452448c0f0082300100052404284500a3
:100be00072ed400f0221040000a0023ca1184290c7
:100bf000010042300a0040100080023cb9d4400f8e
:100c0000000000009cff40140080023ccc524224b3
:100c100002000324080043ac98ff00100080023c4f
:100c2000cc52422401000324080043ac93ff00107f
:100c30000080023c0080103ccc5210262800048e1c
:100c40000f008230010005240428450072ed400f9a
:100c5000022104001800058e92c8400f240004925f
:100c600004004010040003240080023c82ff0010b6
:100c7000d05243ac0080023ccc52422402000324f8
:100c8000080043ac7dff00100080023c0080103c57
:100c9000cc5210262800048e0f008530010011244c
:100ca0000428b10072ed400f0221040024000292da
:100cb0001300511400a0023c01000324b01843a00b
:100cc000b0184224010040a03c0002ae0200022401
:100cd000400002ae0080103ccc521026380000ae1e
:100ce000440000ae0080053c0453a524b8d1400f59
:100cf00025200002080002245fff0010040002ae5d
:100d000000a0033c98ff0224b01862a00080023cbf
:100d1000cc524224b01863243c0043ac01000324ad
:100d2000ecff0010400043ac0080103ccc52102679
:100d30002800048e0f008530010011240428b10022
:100d400072ed400f02210400080011ae4bff0010ad
:040d50000080023ce1
:020000040000fa
:020000041d01dc
:100d5400b8ffbd274400bfaf4000beaf3c00b7aff3
:100d64003800b6af3400b5af3000b4af2c00b3af29
:100d74002800b2af2400b1af2000b0af16008390ba
:100d840003000224190062140080023c9452509023
:100d9400cb0000120080023c8852518c71f0400f4d
:100da4001000848c00210200232082008020040093
:100db400f2db400f21202402251000024400bf8fe3
:100dc4004000be8f3c00b78f3800b68f3400b58f1b
:100dd4003000b48f2c00b38f2800b28f2400b18f61
:100de4002000b08f0800e0034800bd27259880004c
:100df4000080023c9052428c9d0040142588a00043
:100e0400edffa010258000000400a3900080023ca8
:100e140084524224100043a00400428c0800401075
:100e240000009094040060140080023c8452428cc0
:100e3400040050500800648e2b8f400f0000000007
:100e44000800648e0080033c84526224080044ac91
:100e5400845270ac0800238e300043ac0c00238e07
:100e6400340043ac1000238e380043ac1400238eae
:100e74003c0043ac2000238e400043a42400238e76
:100e8400420043a40400428c790040143c00062430
:100e94000800828c09f840002528000225904000b3
:100ea4000080023c885252acc3ff401225800000ef
:100eb4000080023c8452428c51004010000000002b
:100ec4000000238e4010030021104300c0100200d4
:100ed400280042241000a2af25a000000080153c89
:100ee4008452be26049d173c039d163c049d023c7f
:100ef4001400a2af049d023c1800a2af0800c48fe6
:100f04000400828c09f840001000a58f05004014ed
:100f1400258040002b8f400f00000000a7ff001029
:100f24002510000228004224000002ae040012ae84
:100f340018000224080002ae0000228e0c0002ae4b
:100f440001000224100002ae648ce226140002aefa
:100f54001448c226180002ae1400a28fc0b742245f
:100f64001c0002ae1800a28f78c54224200002aef5
:100f740064e3400f25200002000050ae91da400fd8
:100f840004004426090040100000000091da400fdc
:100f940014004426050040100000000091da400fc0
:100fa40024004426050040540000428e2b8f400f3d
:100fb4002580000081ff0010251000020c00428ce7
:100fc4001800238e0210437063004224eb51033c4b
:100fd4001f85633419004300101000004211020001
:100fe400340042ae1c00228e380042ae010094262a
:100ff4008452a28e2b108202c0ff40143c00522661
:101004000ae3400f0080103c84521026440002aed4
:10101400d0070624019d053c98dba524adc5400fef
:10102400020004241c0002ae0080043c67ee400f62
:10103400a45284244400038e060060100080033c04
:10104400a052638c030060100000000005004054af
:101054000080023c2b8f400f2580000057ff0010ba
:101064002510000284524224180040ac140040ac05
:101074000080103c845210260400118e71f0400f41
:101084001000648e10000392070060500080023c40
:10109400002102002320820080200400f2db400fa4
:1010a400212024020080023c845242240c00438c00
:1010b400010063240c0043ac3fff00100100102426
:0810c4003dff001001001024a3
:020000040000fa
:020000041d01dc
:1010cc00d0ffbd272c00bfaf2800b6af2400b5afb2
:1010dc002000b4af1c00b3af1800b2af1400b1af16
:1010ec001000b0af160083900300022414006214a9
:1010fc00259080001000848c42008394080063309b
:10110c00050060100100022425300000e6b6400ff7
:10111c0025280000010002242c00bf8f2800b68f68
:10112c002400b58f2000b48f1c00b38f1800b28f31
:10113c001400b18f1000b08f0800e0033000bd2701
:10114c005881828fa90040142588a0000080023ca1
:10115c00585440ac58544224040040ac080040acf5
:10116c000c0040ac100040ac140040ac180040ac7b
:10117c001c0040ac200040ac240040ace6ffa010aa
:10118c00251000001000a48c02000324e3ff831040
:10119c002c00bf8f0800448e0080023c685444ac85
:1011ac000400a28c4098020021986202009913005e
:1011bc00280073260400828c09f840002528600260
:1011cc0025804000d4ff001225100000253060025d
:1011dc00252800004eeb400f252000022800022697
:1011ec00000002ae040010ae30000224080002ae73
:1011fc000400228e0c0002ae01000224100002ae8c
:10120c00039d023cf4694224140002ae039d023c8f
:10121c00c4d54224180002ae049d023c84b342247f
:10122c001c0002ae039d023c682c4224200002ae3e
:10123c0064e3400f252000020080023c585450ac5f
:10124c0058544224ffff0324240043a40800238e97
:10125c00140043ac0c003596200055a40e002396c8
:10126c00220043a41000248e180044ac0400228eeb
:10127c002d004010801803001000b52621a8750021
:10128c0080a8150025b000000080133c585473262c
:10129c002528c002eaea400f2520000225a04000c4
:1012ac001000648e0400828c09f840002528a002ee
:1012bc0006004014040082ae0080043c82b0400f53
:1012cc005854842494ff001025100000200080ae98
:1012dc00100080ae140080ae2000639606006050b3
:1012ec0022006396100082ae2000639680180300e3
:1012fc00211043002200639606006050200082ae4d
:10130c00140082ae220063960019030021104300e2
:10131c00200082ae0100d6260400228e2b10c202c1
:10132c00dcff40142528c002c8000624029d053ca1
:10133c005cada524adc5400f0f0004240080033c18
:10134c0038004010645462ac0080023c7c544384ee
:10135c00ffff022422006214253000003500052412
:10136c000080023c91ee400f7054448c258040006c
:10137c00ffff02242c0002120080043c53000524c1
:10138c0098ee400f252000025300422c060040101e
:10139c0053000624050005249f34400f252000022d
:1013ac001e00401000000000253000000200052443
:1013bc009f34400f2520000225380000049d063c78
:1013cc003c9ac6240001052462d0400f252000025f
:1013dc0012004010000000000080023c7c5450a41d
:1013ec000080023c585442245c8182af1000448e31
:1013fc004200829408004230030040102530000067
:10140c00e6b6400f252800005881828f0100422447
:10141c00588182af40ff001001000224fabb400f3c
:10142c00252000020080043c29d4400f5854842409
:08143c0039ff0010251000002b
:020000040000fa
:020000041d01dc
:101444000080023c305442241c004290ff00423091
:10145400cc004014000000000300a01000000000b5
:10146400ca0080540080023cd000e010000000005c
:10147400ce00c010000000000080023c305444ac98
:1014840030544224040046ac140040ac180040ac74
:10149400100040ac090080100080023c305442240b
:1014a400080045ac0700c0140080023c30544224bc
:1014b4000c0040ac070000100080023c3054422471
:1014c400080040ac0080023c305442240c0047ac7d
:1014d4000080023c30544224010003241c0043a039
:1014e4000800438c0c00428c2b1062000500401055
:1014f4000080023c305442240c00448c232083009e
:10150400100044ac82bf023c40000424141844acd4
:1015140082bf023c1018428c200042300700401465
:1015240082bf053c82bf043c2018a28c1018828c18
:1015340020004230fcff40100000000082bf023c4b
:1015440003000424041844ac82bf043c01000524b5
:10155400081885ac0c000424041844ac81bf023c78
:101564000200053c140145ac0400043c140144ace5
:1015740081bf023c940045ac940044ac82bf023c61
:101584000018428c000842302b0040100080023cbe
:10159400305442240800438c82180300080043acf2
:1015a4001000438c82180300100043ac0c00438ce1
:1015b400821803000c0043ac0800438c1800428cd2
:1015c4002b1043000f0040100080023c3054448c28
:1015d4000000858c82bf043c201885ac3054422422
:1015e4001800448c01008424180044ac5900e01015
:1015f40081bf023c0200033c180143ac0800e00335
:1016040001000224305442241000428cf7ff4010a1
:1016140082bf023cff000424201844ac0080023c3a
:10162400305442241000448cffff8424100044ac46
:10163400eeff00100000000082bf023c0018428c44
:1016440000044230270040100080023c3054422401
:101654000800438c42180300080043ac1000438c7c
:1016640042180300100043ac0c00438c42180300e2
:101674000c0043ac0800438c1800428c2b10430030
:101684000b0040100080023c3054448c00008594d0
:1016940082bf043c201885ac305442241800448c8a
:1016a40001008424180044acd0ff001000000000a6
:1016b400305442241000428cccff401082bf023cc4
:1016c400ff000424201844ac0080023c305442241f
:1016d4001000448cffff8424100044acc3ff0010ae
:1016e40000000000305442241800428c2b104300a8
:1016f4000b0040100080023c3054448c0000859064
:1017040082bf043c201885ac305442241800448c19
:1017140001008424180044acb4ff00100000000051
:10172400305442241000428cb0ff401082bf023c6f
:10173400ff000424201844ac0080023c30544224ae
:101744001000448cffff8424100044aca7ff001059
:10175400000000000080023c305442241800428cf7
:10176400030043100400032482bf023c081843ac66
:1017740081bf023c0400033c180143ac0800e003b1
:10178400010002240800e00325100000305444ac9a
:1017940030544224040046ac140040ac180040ac61
:1017a400100040ac3dff00100080023c0800e00344
:0417b4000000000031
:020000040000fa
:020000041d01dc
:1017b800b0ffbd274c00bfaf4800beaf4400b7af75
:1017c8004000b6af3c00b5af3800b4af3400b3af9b
:1017d8003000b2af2c00b1af2800b0af0f00052425
:1017e80042e2400f0300042401004230060040108a
:1017f8000080123c049d133c58e8400f0300042469
:101808000d004014258040004c00bf8f4800be8f5b
:101818004400b78f4000b68f3c00b58f3800b48fb6
:101828003400b38f3000b28f2c00b18f2800b08ff6
:101838000800e0035000bd271800118e0000229216
:10184800f000423040000324ad004314f2ff0524a9
:101858000000348e80a014003c0094321400822ec4
:10186800a7004014ffff97321000028e0c0042942c
:101878002b105700a3004014030006240e53400ffa
:101888000200249625f040002b1057009c004014bd
:10189800f2ff052486e9400f252000022b105e0088
:1018a80097004014f2ff05242800168e9400c012f9
:1018b800ecff05244200c296400042305800401018
:1018c800ffff02240c00238e8d006210f5ff052413
:1018d8000800c28e271002000400c48e25104400a0
:1018e80088006210030006241000358e8500a012bf
:1018f800f4ff05240000268e0400248e0800258e9f
:101908001000a6af1400a4af1800a5af1c00a3af29
:101918002000b5af1200bea70e53400f02240400ea
:101928001600a2a71400a28fff3f033c2410430017
:1019380073004014f2ff05242000028e000142309b
:1019480006004014253000002528e0021653400ff9
:10195800252020026a004014f6ff05240400c38ee7
:101968000800c28e242062000f00a412ffff042486
:101978003900a41227100200251043003600a212d5
:101988002000a293f0004230e0000424320044100a
:101998000001023c7f0042243000a2521800148e3d
:1019a8002e00a3521800148e2081838f2081828fed
:1019b800fdff62140000000051004010ecff0524f8
:1019c800b7cc400f3c5644263c56518e0c00201292
:1019d800000000000800229206004010252880021e
:1019e8000400228e09f84000252000021800401447
:1019f800000000000000318ef7ff205608002292f8
:101a0800a5da400f3c5644263d000010ecff0524a3
:101a18003b000010f2ff052439000010f2ff0524f6
:101a280037000010ecff052435000010f5ff0524f1
:101a380033000010f2ff052431000010f1ff0524e7
:101a4800210000100a0015241f00001009001524a9
:101a5800a5da400f3c5644261800148e0000918edb
:101a6800808811003c003132211091021c0002ae26
:101a78001000038effff31320c00629423105100d6
:101a88000c0062a40e53400f02008496020082a646
:101a9800231051002c0002a60e53400f0600849616
:101aa800060082a60900829206000324e4ff431080
:101ab80011000324e4ff4310010003241000431421
:101ac800f1ff0524060015240400918eff3f023c17
:101ad80024882202d90b06244cb8652637e3400f28
:101ae8000100242e44ff20160100062425280002a8
:101af8004fc9400f2520a0023fff4014f1ff0524e5
:101b080003000624ffd2400f252000023aff0010f0
:041b180000000000c9
:020000040000fa
:020000041d01dc
:101b1c00ffff0224cb0082100000000040100400e4
:101b2c002110440080100200231044008010020099
:101b3c0023104400801002000080033cd44e632428
:101b4c000a10627c02000324be0043140000000053
:101b5c0040100400211044008010020023104400a7
:101b6c008010020023104400801002000080033c0f
:101b7c00d44e632421104300a8004390010002249a
:101b8c00b000621400000000e0ffbd271c00bfafd6
:101b9c001800b1af1400b0af401004002110440085
:101bac008010020023104400801002002310440017
:101bbc00801002000080033cd44e632421104300ab
:101bcc00a80040a0500042901c0040100080033c34
:101bdc004010040021104400801002002310440027
:101bec00801002002310440080100200d44e6324a5
:101bfc002110620051004290ff0042300f0040144f
:101c0c000100022440800400218004028080100026
:101c1c002380040280801000238004028080100046
:101c2c0021800302a80002a21c00bf8f1800b18ff4
:101c3c001400b08f0800e0032000bd270080033c97
:101c4c0040100400211044008010020023104400b6
:101c5c00801002002310440080100200d44e632434
:101c6c00211062001400428c11004010258080006d
:101c7c00010003243a0043104020100040201000c3
:101c8c00212090008020040023209000802004005c
:101c9c0023809000808010000080023cd44e4224af
:101cac002180020201000224dfff0010a80002a222
:101cbc004010040021104400801002002310440046
:101ccc008010020023104400801002000080033cae
:101cdc00d44e6324211043006000448c0d0080140a
:101cec00680044ac0080033c4010100021105000f0
:101cfc0080100200231050008010020023105000ae
:101d0c0080100200d44e632421106200dbff00100f
:101d1c00640040ac0080033c4010100021105000c7
:101d2c00801002002310500080100200231050007d
:101d3c0080100200d44e632421106200040040acd9
:101d4c00080040ac0c0040ac100040ac0100032477
:101d5c00140043ac02000224080082ac40201000a6
:101d6c00212090008020040023209000802004007b
:101d7c0023209000802004000080023cd44e42249a
:101d8c00212082006800918c1c00228e8018020099
:101d9c00049d023c48c342240a10437c1800278e41
:101dac001400268e09f840001000258e0100032433
:101dbc001e00431425200000080020ae0400258ed0
:101dcc000080033c401010002110500080100200d5
:101ddc0023105000801002002310500080100200cd
:101dec00d44e63242110620001000324510043a04f
:101dfc00140040ac6000438c2000638c600043ac4a
:101e0c005c00438c200023ae5c0051ac0c00a28c17
:101e1c009bff4050402010001400a68c09f8400095
:101e2c000c00258e96ff0010402010000200422c62
:101e3c0092ff4014ffff0224080022aedfff0010c7
:0c1e4c00010004240800e0030000000076
:020000040000fa
:020000041d01dc
:101e5800b0ffbd274c00bfaf4800beaf4400b7afce
:101e68004000b6af3c00b5af3800b4af3400b3aff4
:101e78003000b2af2c00b1af2800b0af0f0005247e
:101e880042e2400f0900042401004230510040148e
:101e98000200163c4c00bf8f4800be8f4400b78f2d
:101ea8004000b68f3c00b58f3800b48f3400b38f34
:101eb8003000b28f2c00b18f2800b08f0800e003eb
:101ec8005000bd27252800021653400f2520400248
:101ed80077000010f6ff05242800049600004396ba
:101ee8001300831404004330020073362400038e69
:101ef8002000a48f12008314000000000400733631
:101f08001c001e8e0300c013100042301300401046
:101f18000000000008009436259874020f0002247f
:101f28008a00621601000224140000105c0002a25c
:101f38002520800202009436ecff00100aa08300de
:101f4800efff60500400943608004330edff605006
:101f58001c001e8eeaff00100400943603f2400fa6
:101f6800252020020000428c7800c2170f000224ae
:101f780008007336eaff6256259874023c00028e08
:101f88008005427c05004010e00003240000e29236
:101f9800f000423072004314f1ff05242528200286
:101fa800f8e7400f400004265a000296000142302c
:101fb80008004010000000004c00028e0500401090
:101fc800000106245000078e2800258e09f84000dd
:101fd8001200048658e8400f09000424adff4010a1
:101fe800258840002c0022960800422c5c004014f2
:101ff800f2ff05242000228e2410560058004014b9
:10200800f1ff05241c00328e0e53400f0400449645
:10201800258040002c00229651005014f2ff052420
:1020280003f2400f252020022598400000f2400fbf
:102038002520200225b84000060042961e004010c8
:10204800000000002000228e000442301a004014d4
:10205800253000000000628e1000a2af0000e28e62
:102068001400a2af1800a0a3110002241900a2a313
:10207800040042961a00a2a70c0005241653400f2c
:102088001000a42727100200ffff46302000228ef0
:10209800040042308bff40102538c0002530000274
:1020a80025284002a695400f25202002f6ff05248a
:1020b8002c004014090006240e53400f00004496db
:1020c800000042a60e53400f02004496020042a6aa
:1020d800f8ff1026040050a60c82828f20004018ba
:1020e800f1ff05242800228e2000a2af25a80000b9
:1020f800808015001082828f0a80507c1400005264
:102108000100b5263c00028e2418560010006050cd
:102118000100b52658000396480004962b18830042
:102128000b0060500100b5262a0004960200439671
:1021380006008314010003245c00139266ff6352b7
:1021480025a0000064ff6012010014240100b526d8
:102158000c82828f2a10a202e5ff4014f1ff0524a9
:1021680009000624ffd2400f2520200299ff001005
:0c21780000000000faff0010f2ff052438
:020000040000fa
:020000041d01dc
:10218400c0ffbd273c00bfaf3800b6af3400b5afc9
:102194003000b4af2c00b3af2800b2af2400b1af0d
:1021a40026eb400f2000b0af9400401025880000bb
:1021b40025804000d0e6400f2520400090004010cc
:1021c400251020023c00078e0002e23096004054a5
:1021d4000c00028e0800118e0000028e2388220259
:1021e400ffff313285002012010002245c001592a9
:1021f4008200a216258800001400028e7f00401081
:102204008000e230040040108001e77c2400028e4c
:102214000e0040543c00028e1800062614000526c9
:1022240047b5400f2400048e240002ae7300401012
:10223400258800003c00028e800042340100032403
:102244008431627c3c0002ae3c00028e03004230ca
:1022540002000324050043540c00128e28e8400faa
:102264002400048e140002ae0c00128e1800028e9c
:10227400380042ae1400028e3c0042ae2400028eae
:10228400400042ae3c00028e0002423068004050e2
:102294000800118e48005626540051960800022466
:1022a4001c00538e1000438e0c00649421104400d3
:1022b4000c0062a408003426ffff94320e53400f32
:1022c4002a000496000062a60e53400f28000496cc
:1022d400020062a60e53400f25208002040062a66d
:1022e400060060a62400028e600042900200423084
:1022f4001e004014253000003800428e1000a2afaa
:102304003c00428e1400a2af1800a0a311000224c6
:102314001900a2a3040062961a00a2a70c000524c7
:102324001653400f1000a42727100200ffff463069
:102334003c00028e00024230440040100800052494
:102344001653400f2520600227100200ffff46307d
:10235400252820021653400f0800c48e27100200bf
:10236400ffff423027100200060062a63c004292a2
:10237400f0004230e00003243a0043141c00a72775
:102384005e0002920ba842001d00b5a33c00028e21
:10239400002e437c1c00a3a38007427c1e00a2a342
:1023a40025308002110005246e4f400f2520400285
:1023b400000040ae3c00028e8004427c340042a601
:1023c400b1ec400f252040020d00401425102002de
:1023d4001000428e0c0040a43c00028e00024230e9
:1023e4002e0040500000028e540040a62000428e71
:1023f400c418027c200042ae25880000251020026b
:102404003c00bf8f3800b68f3400b58f3000b48fd6
:102414002c00b38f2800b28f2400b18f2000b08f1e
:102424000800e0034000bd276eff001054005194e3
:102434000000028e23882202ffff31320800222688
:10244400ffff423096ff001025b0000025288002cf
:102454001653400f2520600227100200c1ff001010
:10246400ffff42305e0002921d00a2a33c00028ed8
:10247400002e437c1c00a3a38007427c1e00a2a361
:1024840025308002110005246e4f400f25204002a4
:10249400000040aec9ff001025100000d3ff00105b
:0424a400080002ae7c
:020000040000fa
:020000041d01dc
:1024a800d8ffbd272400bfaf2000b4af1c00b3afd6
:1024b8001800b2af1400b1af1000b0afb500801073
:1024c80053ff1224b300a0102588a0007000838c4d
:1024d800feff022409006210258080002538a00034
:1024e8002530000011a4400f252800002590400049
:1024f800f1fe0224a80042162510400220001426ee
:102508006000028e01004324600003ae21108202a5
:1025180080ff0324000043a06000048e3900822c51
:102528001e004014252800004000122423304402d5
:102538004eeb400f21208402600012ae252080025d
:1025480060000726ff00063cff00c62400ff053c8c
:1025580000ffa5340000838c0212030024104600fb
:10256800001a0300241865002510430002142200f5
:10257800000082ac04008424f7ff87540000838c99
:1025880025288002cc35400f252000028100401408
:1025980025904000600000ae6000048e38000624dc
:1025a8002330c400252800004eeb400f2120840270
:1025b8006400038e6800028ec010020042270300e8
:1025c80021104400680002aec0180300640003ae86
:1025d800200004262598000260000726ff00063c1c
:1025e800ff00c62400ff053c00ffa5340000838cd3
:1025f8000212030024104600001a03002418650084
:102608002510430002142200000082ac0400842438
:10261800f6ff871458000226680004260300838802
:10262800000083985b0003aa000043b85c00022600
:102638006400042603008388000083985f0003aacf
:10264800000043b825288002cc35400f2520000221
:102658005000401425904000251000022000072655
:10266800ff00063cff00c62400ff053c00ffa53420
:102678000000648e021a0400241866000022040078
:102688002420850025186400021c2300000063ae86
:1026980004007326f7fff3540000648e03004a8891
:1026a80000004a9807004988040049980b004888a8
:1026b800080048980f0047880c0047981300468880
:1026c8001000469817004588140045981b00448858
:1026d800180044981f0043881c00439803002aaa46
:1026e80000002aba070029aa040029ba0b0028aa60
:1026f800080028ba0f0027aa0c0027ba130026aa38
:10270800100026ba170025aa140025ba1b0024aa0f
:10271800180024ba1f0023aa1c0023ba096a023c25
:1027280067e64234000002ae67bb023c85ae423425
:10273800040002ae6e3c023c72f34234080002ae62
:102748004fa5023c3af542340c0002ae0e51023c51
:102758007f524224100002ae059b023c8c68422442
:10276800140002ae831f023cabd94234180002aefb
:10277800e05b023c19cd42341c0002ae600000aea2
:10278800640000ae680000ae89f2400f780000ae29
:10279800700002ae251040022400bf8f2000b48fc5
:1027a8001c00b38f1800b28f1400b18f1000b08fc7
:0827b8000800e0032800bd2722
:020000040000fa
:020000041d01dc
:1027c00082bf023c1018428c20004230430040146b
:1027d00082bf023c2018458c0080043c3054842485
:1027e0001400838c1800828c0c00848c2b206400d5
:1027f0002100801082bf043c0018848c00088430c3
:102800003b0080100080043c305484240400848cfd
:102810008030030021208600000085ac0100632485
:102820000080043c30548424140083ac0c00848c5d
:10283000110083140080043c305484240800848cec
:102840002b2044000c00801081bf043c0200053c9a
:10285000140185ac82bf043c0c000524041885ac2f
:1028600082bf043c04000524081885ac81bf043ce9
:102870000400053c180185ac0080043c30548424dd
:102880000c00848c2b2064006f0080500080043c7e
:1028900082bf033c0018638c000863303300601073
:1028a0000080033c305463240800638c2b184300e1
:1028b000210060100080033c3054638c80200200b3
:1028c0000a18647c82bf043c201883ac01004224b7
:1028d0000080033c30546324180062ac81bf023c8a
:1028e0000200033c940043ac0800e0030000000039
:1028f00082bf043c0018848c0004843008008010df
:102900000080043c305484240400848c4030030054
:1029100021208600000085a4c1ff0010010063246f
:10292000305484240400848c21208300000085a07e
:10293000bbff001001006324305463241000638c3b
:10294000e3ff601082bf033cff000424201864ac46
:102950000080033c305463241000648cffff842407
:10296000100064acdbff00100080033c82bf033c1e
:102970000018638c000463301b0060100080033c6f
:10298000305463240800638c2b1843000900601046
:102990000080033c3054638c402002002118640006
:1029a0000000649482bf033c201864acc8ff001090
:1029b00001004224305463241000638cc4ff601073
:1029c00082bf033cff000424201864ac0080033c59
:1029d000305463241000648cffff8424100064ac26
:1029e000bcff00100080033c305463240800638c5b
:1029f0002b184300070060100080033c3054638ca8
:102a00008a19627c82bf043c201883acb0ff00109e
:102a100001004224305463241000638cacff60102a
:102a200082bf033cff000424201864ac0080033cf8
:102a3000305463241000648cffff8424100064acc5
:102a4000a4ff00100080033c305484240c00848ccc
:102a5000a2ff83140080033c305463240800638c7d
:102a60009eff621482bf023c40000324141843ac52
:102a700081bf023c0200033c140143ac0080023cd5
:102a8000305442241c0040a02000428c93ff401090
:102a90000080023ce8ffbd271400bfaf3054422441
:102aa0002400448c2000428c09f840000000000003
:102ab00081bf023c0200033c940043ac1400bf8f72
:082ac0000800e0031800bd2727
:020000040000fa
:020000041d01dc
:102ac800d0ffbd272c00bfaf2800b1af2400b0afa6
:102ad800258880002580a0001400a0a71800a0afba
:102ae8004800828c1000a52709f840002520000224
:102af800280040041800a6272800228e2528000058
:102b080009f84000252000021000a3970800632c54
:102b180020006010f4ff02241000a2978018020021
:102b2800019d023c3c2b42240a10437c08004000d3
:102b3800000000005c2b019db02b019d142c019d11
:102b48005c2c019da02c019df42c019d442d019d20
:102b5800882d019d5000228e1800a68f2528000080
:102b680009f84000252000020a004004010003245f
:102b7800090043102c00bf8f010002241000a2a7f7
:102b88004c00228e1000a58f09f840002520000275
:102b9800010002242c00bf8f2800b18f2400b08fc1
:102ba8000800e0033000bd275400228e1400a5273a
:102bb80009f8400025200002f6ff40040100032424
:102bc800f5ff43102c00bf8f1400a28709004204b0
:102bd8001000a0af020002241000a2a74c00228e11
:102be8001000a58f09f8400025200002e9ff001019
:102bf800010002244c00228e2528000009f840001c
:102c080025200002e3ff0010010002245800228e54
:102c18001800a78f380006962528000009f84000fc
:102c280025200002dbff400401000324daff4310e3
:102c38002c00bf8f030002241000a2a74c00228e94
:102c48001000a58f09f8400025200002d1ff0010d0
:102c5800010002245000228e1800a68f25280000ab
:102c680009f8400025200002caff4004010003249f
:102c7800c9ff43102c00bf8f040002241000a2a734
:102c88004c00228e1000a58f09f840002520000274
:102c9800c0ff0010010002245400228e1400a52752
:102ca80009f8400025200002baff4004010003246f
:102cb800b8ff43101400a397380004962428640032
:102cc800b4ffa414ffff02241200a3a705000224e6
:102cd8001000a2a74c00228e1000a58f09f8400012
:102ce80025200002abff0010010002241200a69765
:102cf800380003965800228e1800a78f2630c3008c
:102d08002528000009f8400025200002a1ff400402
:102d180001000324a0ff43102c00bf8f06000224eb
:102d28001000a2a74c00228e1000a58f09f84000c1
:102d38002520000297ff0010010002245000228e77
:102d48001800a68f2528000009f840002520000259
:102d580090ff4004010003248fff43102c00bf8f15
:102d6800070002241000a2a74c00228e1000a58f95
:102d780009f840002520000286ff00100100022407
:102d88005400228e1400a52709f8400025200002cf
:102d980080ff4004010003247fff43102c00bf8ff5
:102da8001400a2973800039624104300feff032462
:0c2db8000a18020077ff001025106000d0
:020000040000fa
:020000041d01dc
:102dc400b8008014ffff0224b0ffbd274c00bfaf42
:102dd4004800beaf4400b7af4000b6af3c00b5af4b
:102de4003800b4af3400b3af3000b2af2c00b1af91
:102df4002800b0af25b0a0002588c0000080023ca8
:102e04005022508c1400028effff03244f00431005
:102e14002590e0002800028e1000428c0800538c9c
:102e24000102622e3000401442ba13000100022451
:102e34003500e2120080023c010003248b00e01004
:102e4400662243a0000802241800a2af00a0023c9e
:102e54001c00a2af1b00d702f401e00210a800007e
:102e6400121800002400a3af2000a3af23f0f50242
:102e74002ba05e02251040020a10d4036300e21264
:102e840025a0400002000224240002ae0008622ea5
:102e94001800a48f0b206202252880001800a4af1c
:102ea4001400048e0800028e1000a5af0800428ca6
:102eb400023863721c00a38fc018662409f840000e
:102ec4001c0005262400028e020003242b0043501c
:102ed4000800038e300040100080023c662240a0af
:102ee4001a000010ffff02240002022407006252ad
:102ef400421711001b005300f4016002121000007d
:102f040002b0a2700290e270421711000400032480
:102f1400030043140228537299e0400f2520200235
:102f240002000224240002ae1400048e0800028e63
:102f34001000b2af0c00428c2538c00225302002ac
:102f440009f840001c0005261c00028e4c00bf8faf
:102f54004800be8f4400b78f4000b68f3c00b58f49
:102f64003800b48f3400b38f3000b28f2c00b18f8f
:102f74002800b08f0800e0035000bd272c00638cac
:102f8400d2ff60500200032409f860001000048e90
:102f9400cdff00102400028e402215001c00a28fd9
:102fa400c01855244032140025282002f4e9400fab
:102fb4002120a4022530a0022bf0d2032800c01344
:102fc4000100032402000224240002ae1400048e33
:102fd4000800028e1000a3af0c00428c2400a78fbf
:102fe40009f840001c000526020015242400028e66
:102ff4000f0055500800038e140040100080023c5e
:10300400662240a0d1ff0010ffff022442171100e6
:1030140004000324e8ff431425302002252860021d
:1030240099e0400f25202002e3ff00102530200204
:103034002c00638ceeff60100000000009f86000b3
:103044001000048eeaff00102400028e2390540224
:1030540021b0d40240a214007eff00102188340263
:103064002000b28f2588c0000080023c662240a068
:1030740002000224240002ae1400048e0800028e12
:10308400010003241000a3af0c00428c2538400239
:103094002530200209f840001c000526abff001073
:0c30a4001c00028e0800e0030000000089
:020000040000fa
:020000041d01dc
:1030b00088febd277401bfaf7001b4af6c01b3af20
:1030c0006801b2af6401b1af6001b0af2588800084
:1030d0002590a0002598c00025a0e0004881908799
:1030e000e3be400f252000022c01422c0c004010b2
:1030f000252840026148400f2520000225100000cd
:103100007401bf8f7001b48f6c01b38f6801b28fef
:103110006401b18f6001b08f0800e0037801bd2722
:10312000f8c1400f252000022530000001000524d1
:103130009f34400f25200002010082320400401419
:10314000253040023000228e2200405430002626d6
:1031500001000524c5b5400f25200002020094326d
:1031600002008016251000000400428e1000a2af5d
:103170001000a6270100052452c8400f2520000298
:1031800025186002c418037c010002241c00621090
:103190000300022423006216020002245c0023962e
:1031a000170062102a000624252800004eeb400f6d
:1031b0001600a427010002241400a2a31500a2a354
:1031c000060002241600a2a34800228e260000104a
:1031d0001800a2af0100052420bc400f25200002ea
:1031e000dfff001002009432253000002528000087
:1031f00073c0400f25200002c1ff00102510000001
:1032000060002282050042046000229248ec400fd8
:1032100000000000480022ae600022928410027c70
:10322000600022a22a000624252800004eeb400f51
:103230001600a427010002241400a2a31500a2a3d3
:10324000060002241600a2a34800228e1800a2af96
:10325000f9ff62264408027c040040143c00422628
:103260003400228e2000a2af3c0042260a10120039
:1032700003004388000043983000a3af040043904c
:103280003400a3a3050042903500a2a32c0006241d
:103290001400a5279cb4400f25200002c00006247e
:1032a000252800004eeb400f1400a427c000062480
:1032b0001400a5279cb4400f2520000238010624e5
:1032c000252800004eeb400f1400a427049d023c6b
:1032d00078ca428c1400a2af1800a2274c01a2affa
:1032e000e3be400f25200002fcff42245001a2afa4
:1032f000040002245401a2af5801b3af049d113c55
:1033000084b83126049d133c0000228e4c01a52771
:1033100009f8400025204002b3ff40045001a38f6c
:10332000231862005001a3af5401a38f211843005a
:103330005401a3af4c01a48f211082004c01a2af15
:1033400004003126a0b86226efff2216ec006324a9
:103350002c01632c040060105401a6974000022445
:103360005401a2af5401a6971400a5279cb4400fa6
:10337000252000026148400f2520000260ff001058
:043380000100022422
:020000040000fa
:020000041d01dc
:1033840058febd27a401bfafa001b4af9c01b3afe9
:103394009801b2af9401b1af9001b0af2580800025
:1033a4002598a000488192871000a0a32c00062431
:1033b4001000a5272069400f252040021000a39388
:1033c4000200022465006214c000062425280000bf
:1033d4002069400f25204002c000032461004314eb
:1033e400380106243c00a5272069400f252040020f
:1033f40025884000040042285c0040140400062490
:10340400049d053c78caa5247ce5400f3c00a42714
:1034140058004014030003245e000296f7ff423074
:10342400030043100500032455004314252800001d
:103434001400a38f4800028e500062143c006526dd
:10344400060006240a2813007ce5400f2c00a4275c
:103454004b00401425280000600002920400423012
:10346400060040142000a28f340002ae64000292d1
:10347400010003240400627c640002a27c01a0af6a
:103484008001a0af8401a0af8801a0af8c01a0afe0
:103494004000a2277401a2affcff31267801b1af2e
:1034a400039d143c039d133c039d113c7801a48fa0
:1034b400190080187401a38f000065903500022460
:1034c4001100a21078782626387862260000478cee
:1034d4001300a754080042240400428c7401a52759
:1034e40009f8400025200002090040187401a38f48
:1034f400211862007401a3af7801a38f2310620026
:10350400eaff00107801a2aff3ff001030788226a2
:103514001f0040507c01b18f31000010258800004d
:10352400ebff46540000478c0100629002004224e5
:10353400211862007401a3af23208200dbff001076
:103544007801a4af2400038e8001a28f1f006210b3
:10355400050002242200001025880000200000102d
:10356400258800001e000010258800001c000010a3
:10357400258800001a000010258800002528000076
:10358400cbc9400f252040021700001025880000f9
:10359400020002240600221205000224e9ff22167a
:1035a400020002245c000396180062148001a38fb9
:1035b4008001a28f240002ae600002920100032465
:1035c4008410627c600002a205000224040022161a
:1035d4007401a5279394400f2520000205001124af
:1035e40062e2400f2520400225102002a401bf8f73
:1035f400a001b48f9c01b38f9801b28f9401b18f55
:103604009001b08f0800e003a801bd272400028eba
:10361400f3ff621425880000eeff00107401a52753
:020000040000fa
:020000041d01dc
:1036240028ffbd27d400bfafd000b7afcc00b6afe2
:10363400c800b5afc400b4afc000b3afbc00b2aff4
:10364400b800b1afb400b0afe800b38f650080102c
:1036540053ff11240900a054080087ac6100c01472
:1036640034001224080087ac140093ac040093ac1b
:103674000c0080ac08000010100080a0140093ac73
:10368400040093ac0c0080ac100080a02400122431
:10369400340002240a90460025a0c00025b0a000f2
:1036a40025808000800002241800a2af3000a227e9
:1036b4001400a2af1000a0af25380000300006248b
:1036c400049d053ca0a3a52431db400f2520000068
:1036d4006c0040143000b527039d113cc8223126ec
:1036e400b000b727252020022518a002000065900d
:1036f400000086902628a6002510450001006324ba
:10370400faff7714010084245e004014feff0224b3
:103714002800a2af2400a0af800002242000a2afa2
:103724003000a2271c00a2af1800a0af1400a0af65
:10373400200002241000a2af049d073ca0a3e724ac
:1037440010000624049d053cc0a3a524bb98400f8b
:10375400252000004c004054030002240000a392e2
:103764000000249226186400251043000100b526a9
:10377400faffb71601003126430040140300022467
:10378400c2b2400f840004240a0040100c0002aeb0
:10379400253040023000a527e1ac400f252000026f
:1037a4001c00401002000224100002a21e0000109f
:1037b4000100112402000224100002a283ff11243c
:1037c4003000a22721905200000040a001004224b2
:1037d400fdff5214000000002700201601000224ff
:1037e400100002a225102002d400bf8fd000b78f92
:1037f400cc00b68fc800b58fc400b48fc000b38f9f
:10380400bc00b28fb800b18fb400b08f0800e003e1
:10381400d800bd272528400231c6400f3000a42718
:1038240008004010258840000c00048ee4ff8050fe
:103834000c0000aeb1ce400f00000000e0ff00100d
:103844000c0000ae1800b3af0800028e1400a2af43
:103854001000b4af2538c002fcff46263400a5276b
:10386400ae9e400f0c00048ed5ff4010258840000a
:10387400eeff00100c00048e030002240500221643
:103884000100022403000224100002a2d5ff00104c
:103894002fff11240400221602000224100002a2a9
:1038a400d0ff001039ff1124ceff0010100002a237
:020000040000fa
:020000041d01dc
:1038b400c8ffbd273400bfaf3000beaf2c00b7af88
:1038c4002800b6af2400b5af2000b4af1c00b3afde
:1038d4001800b2af1400b1af46bc400f1000b0af37
:1038e4001200401025884000049d133c049d123ca6
:1038f40064c25226049d173c049d163c049d153c4d
:10390400049d143c9000308e140000561000028e6a
:103914006eee400f000000000000239201006324bb
:10392400000023a275ee400f252040003400bf8f15
:103934003000be8f2c00b78f2800b68f2400b58fbf
:103944002000b48f1c00b38f1800b28f1400b18f05
:103954001000b08f0800e0033800bd270400448c39
:10396400262024021f04062458bf652691e3400f35
:103974000100842c0f0004920200843820040624e1
:1039840058bf652691e3400f0100842c0c0002927d
:10399400ffff4224ff0042300500422c3f0040104c
:1039a4002c0406240e000392010002240400625435
:1039b4000c0002927ff2400f1000248e0c00029241
:1039c400ffff4224801002000a10427e25280002d4
:1039d40009f84000252020020e0002920600422c25
:1039e40033004010000000000e0002920500422c3b
:1039f400c7ff40142105062410001e8e0400c48f46
:103a04002620240214c2e52691e3400f0100842cf1
:103a14000d00029201004230170040540c00039242
:103a24000800c28f2c0040500c0003920e00039239
:103a3400ffff6224ff0042300400422c08004014bf
:103a4400010006240700622c1d004010050002241a
:103a54000300621425300000040002240e0002a2b8
:103a64000800c28f080007962528000209f84000c4
:103a74002520c0030c00039203000224a4ff62105b
:103a8400020007249000262625280002d99c400f16
:103a9400252020029cff00109000308e58bf652620
:103aa40091e3400f25200000070002240e0002a22b
:103ab40081f2400f1000248eccff00100e00029201
:103ac4005b05062400c2852691e3400f25200000f3
:103ad400e3ff0010ecff0624030002248cff6210b5
:103ae40000000000a0e3400f9000242607004010cf
:103af40025f040000f00c4930200843860010624be
:103b040070bfa52691e3400f0100842c26201e02dd
:103b1400b702062418c6c52691e3400f0100842c81
:103b24002528c00364e8400f9c00242603000224d7
:083b340074ff00100f00c2a392
:020000040000fa
:020000041d01dc
:103b3c001800828c100082ac5000829099004010ca
:103b4c0000000000f8febd270401bfaf0001beafae
:103b5c00fc00b7aff800b6aff400b5aff000b4afef
:103b6c00ec00b3afe800b2afe400b1afe000b0af2f
:103b7c00dc00a5af25888000039d163c8466d52605
:103b8c000400b78e1000b327049d143c08c3942680
:103b9c00039d023c94664224d800a2af8466c38e77
:103bac000800a28e1000a3af1400b7af1800a2af8c
:103bbc000c00a2921c00a2a30ce9400f252060026d
:103bcc00219062022b001e241000228e010043243f
:103bdc00100023ae000050902b0000163d00022474
:103bec0001005026000042a22b001e241000228e41
:103bfc0001004324100023ae0000529042004016f6
:103c0c000d000224000002a20a000224010002a2fc
:103c1c0002001026238013022720100040010724e5
:103c2c0025308002d800a58fd5c1400fc2270400d3
:103c3c0025380000ffff06322528600203c1400f23
:103c4c00252020025000401401000224dc00a38f28
:103c5c00000062a00a0002240401bf8f0001be8f85
:103c6c00fc00b78ff800b68ff400b58ff000b48f5e
:103c7c00ec00b38fe800b28fe400b18fe000b08f9e
:103c8c000800e0030801bd27201c107c2000022442
:103c9c00040062140100442600005ea2caff00105a
:103cac0025908000300062280b004014c6ff0226cd
:103cbc00ff0042300700422c07004014a5ff0226eb
:103ccc00ff0042300600422c030040147b006228a7
:103cdc000b0040540100442625000224000042a29f
:103cec00a6ef400f25200002010042a2acef400fce
:103cfc002520000203004426e8ff0010020042a227
:103d0c00e6ff0010000043a2201c127c20000224bd
:103d1c00040062140100042600001ea2b3ff001070
:103d2c0025808000300062280b004014c6ff42261c
:103d3c00ff0042300700422c07004014a5ff42262a
:103d4c00ff0042300600422c030040147b00622826
:103d5c000b0040540100042625000224000002a29e
:103d6c00a6ef400f25204002010002a2acef400f4d
:103d7c002520400203000426e8ff0010020002a2e6
:103d8c00e6ff0010000003a250002292ffff422425
:103d9c00ff00423081ff4014500022a2aeff001001
:0c3dac000b0002240800e0030b000224be
:020000040000fa
:020000041d01dc
:103db800c8ffbd273400bfaf3000b7af2c00b6af87
:103dc8002800b5af2400b4af2000b3af1c00b2afd9
:103dd8001800b1af1400b0af2588800025b0a0004e
:103de80025a8c00025a0e0001800908c44009290ff
:103df800140052260a0a0624049d053c68b8a52426
:103e080037e3400f3d00442e0000029204000324d3
:103e18000439627c821812000418627c000002a235
:103e28004600229601004230190040100100032488
:103e38001400132645002292801002002198620285
:103e480000006292c439627c4431027c140003246d
:103e58000420627c000062a204000224010062a225
:103e6800020060a6040077262110120223b8e2029d
:103e780020be177c1c0a0624049d053c68b8a524ae
:103e880037e3400f0100e42a0100e206040060a2c3
:103e980056008012010000a20000829220004230e9
:103ea8000400401025100000010003248410627ce7
:103eb800010002a20000829210004230040040106b
:103ec8000100032401000292c418627c010002a2ce
:103ed80000008292080042300400401001000324d0
:103ee800010002920421627c010002a20000839278
:103ef80007006230040040102120550201000292a0
:103f08004439627c010002a20e53400fffff843047
:103f1800020002a63881849701008424ffff8430c0
:103f28000e53400f388184a7040002a60e53400f99
:103f380025200000060002a602008292040040101c
:103f480001000324060002968473627c060002a620
:103f580001008292640003240a106200080002a291
:103f6800090016a20a0000a63800228e0c0002ae34
:103f78003c00228e100002ae4000228e600042906b
:103f88000400423005004014253000002528400276
:103f98001653400f252000020a0002a61000238ea7
:103fa8000c006294211042020c0062a41800228eb8
:103fb800219052001c0032ae4000228e280022ae12
:103fc8003400bf8f3000b78f2c00b68f2800b58f14
:103fd8002400b48f2000b38f1c00b28f1800b18f5b
:103fe8001400b08f0800e0033800bd2721205502d7
:103ff8000e53400fffff8430020002a638818497d9
:1040080001008424ffff84300e53400f388184a7b9
:10401800040002a60e53400f25200000060002a649
:08402800ceff00106400022429
:020000040000fa
:020000041d01dc
:10403000d0ffbd272c00bfaf2800b5af2400b4af20
:104040002000b3af1c00b2af1800b1af1400b0af86
:104050007d00c0102588c00025a8a0002590c000c4
:104060007900a01025880000c2ea400f000000007f
:1040700075004010258040004800428c73004010bd
:104080002510200230d5400f252000026800401086
:10409000258840002b1052000b902202ffff523265
:1040a0000800048e0400028e211892002b18620072
:1040b000259840020c00601425a0000023984400bd
:1040c000ffff7432ffff733225306002f4e9400fc6
:1040d0002528a00221a8b30223985402ffff7332bf
:1040e0000000028e080002ae253060022528a002e2
:1040f000f4e9400f0800048e0800028e21105300de
:10410000080002ae1000058e2d0045508400028e7e
:104110008400048e4007837c0b00601020008330f5
:1041200009006014238832020400038e0000068e0a
:10413000231866004078727cffff31322b885102d1
:104140004f002012000000002b18a2003200605027
:104150000400038e23104500ffff423060000696e6
:104160002b184600253840000a38c3002518e00007
:10417000660007962b3867003d00e0100000000045
:104180006a000796423807002b1867003800601055
:104190002b10c200090040144006827c34004014f9
:1041a0000000000000808430050080548400028eee
:1041b0000c00028e2e00a210000000008400028e6f
:1041c0000400423011004014010003248400028ed8
:1041d0008410627c77e0400f840002ae54de400f12
:1041e000258840008018110021187100c0180300b4
:1041f0006210043cd34d84241900640010180000a0
:104200008219030021106200280002ae2188740286
:104210000d000010ffff3132231865000000068eec
:104220002310460021106200ccff0010ffff423037
:104230007100039201000224040062142510200280
:1042400000e0400f25200002251020022c00bf8f27
:104250002800b58f2400b48f2000b38f1c00b28fcc
:104260001800b18f1400b08f0800e0033000bd27a4
:1042700000e0400f25200002e5ff001021887402b5
:1042800000e0400f252000028400028e010003247c
:0c4290004429627cddff0010840002aeb7
:020000040000fa
:020000041d01dc
:10429c00d0ffbd272c00bfaf2800b6af2400b5afb0
:1042ac002000b4af1c00b3af1800b2af1400b1af14
:1042bc001000b0af2014047c1d00401825880000ad
:1042cc002598a000ff0082300b00422c8400401087
:1042dc002588c000ffff84242086047cc0101000b9
:1042ec0021105000801802000080023ce84a422451
:1042fc008a11437c7c004010251060000080033c38
:10430c00e84a6324211043000800428c5000458c7d
:10431c001200a014c02010002180900080201000fa
:10432c0021806400ffff0224030002a22588000004
:10433c00251020022c00bf8f2800b68f2400b58fcb
:10434c002000b48f1c00b38f1800b28f1400b18ff3
:10435c001000b08f0800e0033000bd270080023c45
:10436c00c01810002118700080180300e84a42247d
:10437c002110430004005294200052324800401295
:10438c000080023cc0181000211870008018030037
:10439c00e84a422421104300020043900400022406
:1043ac000d0062140080023cc0181000211870002f
:1043bc0080180300e84a4224211043000c00428c70
:1043cc001800568c0500c0520080023c2c00558c05
:1043dc000b00a0160080123c0080023cc020100094
:1043ec002180900080201000e84a50242180040293
:1043fc00ffff0224030002a2cdff0010258800005d
:10440c00e84a5226c0101000211050008010020003
:10441c002110420209f8a0000600448425a04000a7
:10442c00c020100021809000808010001c001026fd
:10443c0021805002253000002528600209f8c002b6
:10444c0025200002070040102528600209f8a00270
:10445c0025200002ffff42302b108202b4ff405097
:10446c0025886002b3ff20122510200225300000a1
:10447c002528200209f8c00225200002acff40507c
:10448c00258840002528200209f8a00225200002da
:10449c00ffff42302ba08202a5ff00100b881400f6
:1044ac00c02010002180900080201000e84a502489
:1044bc002180040209f8a000060004862b98530002
:1044cc009bff6052258840009aff20522510200245
:1044dc002b8851000b10510295ff001025884000cd
:1044ec0093ff00102588000091ff00102588000024
:0844fc008fff0010258840002d
:020000040000fa
:020000041d01dc
:104504009600a010ffff0324c8ffbd273400bfafef
:104514003000beaf2c00b7af2800b6af2400b5af53
:104524002000b4af1c00b3af1800b2af1400b1af99
:104534001000b0af259880002580a0002590c00011
:1045440025a0e0000ce9400f2520a0002d0040101c
:10455400ffff032456007196000003822e000424fa
:104564005900641459017526010002822f000324a6
:104574003100431400000000020010260ce9400f33
:1045840025200002ffff9426540063962110220286
:10459400211062002b1082021a004014feff032433
:1045a4005900652658eb400f2520400205002012d3
:1045b40001002626540064962528a00262eb400fd1
:1045c40021204402540064962120910025280002f1
:1045d40058eb400f2120440221a05402000080a285
:1045e4000ce9400f25204002ffff422421904202a3
:1045f400000044822f0002240200821425180000c7
:10460400000040a2251060003400bf8f3000be8f30
:104614002c00b78f2800b68f2400b58f2000b48fec
:104624001c00b38f1800b28f1400b18f1000b08f2c
:104634000800e0033800bd27030040142e000424c2
:10464400ceff001001001026eeff4414ffff0324e8
:10465400020004822f000224eaff82142188b1029e
:10466400049d163c7ccad6262f001e240200172463
:104674002528c00262c4400f252000020300021254
:1046840023103502bdff0010238835022600401890
:104694000300102625100000ffff238205007e542e
:1046a400ffff312601004224f2ff57102528c002e3
:1046b400ffff312623183502f7ff601cfcff03249b
:1046c400d1ff0010251060002f000424abff6414f8
:1046d400000000005800649201008430140080102f
:1046e4005900652658eb400f252040020ce9400f85
:1046f40025204002211042022f000324000043a081
:10470400010040a02528400262c4400f2520000279
:10471400bcff0216fbff03240ce9400f25204002d6
:1047240096ff001021800202b6ff0010fcff032454
:10473400ffff942654006396211062002b1082021e
:10474400b0ff4014feff03245900652658eb400fc8
:10475400252040029bff0010258800000800e0038c
:0447640025106000bc
:020000040000fa
:020000041d01dc
:10476800d8ffbd272400bfaf2000b2af1c00b1aff7
:10477800060080101800b0af0400a010ffffc2248c
:104788000400422c0a0040142580c00013000224b3
:104798002c8282afffff02242400bf8f2000b28f3b
:1047a8001c00b18f1800b08f0800e0032800bd2757
:1047b8002590a000f2b4400f258880000400401422
:1047c800030002242c8282aff3ff0010ffff0224b3
:1047d8002c8280af3c82828f720002121500022464
:1047e8002c8282afecff0010ffff02241400a28f7e
:1047f80006005010308283930400401016000224f3
:104808002c8282afe4ff0010ffff02240100022483
:1048180004006210070002242c8282afdeff001021
:10482800ffff0224308280a30080023c0856429099
:10483800560040142f0003240080023c08564224ee
:10484800040050ac4082868f080046ac100040a09f
:10485800050042820f004310050047260d00401056
:104868002518e0000080023c085642242f00052449
:10487800010063241000449001008424100044a027
:1048880000006480040085500080023cf9ff801419
:10489800010063240080023c085642240c0047ac07
:1048a8001000a493110044a01200439001000224b8
:1048b80009006214070002240080023c1a5640a036
:1048c8004800c28c090040140000000017000224b0
:1048d800080000102c8282af2c8282af01000224d3
:1048e800308282a3acff0010ffff022409f84000c9
:1048f800000000000080023c1056428c0000428cf0
:10490800130040100080033c09f8400019566490d9
:104918000d000324190043102c8282af0080033c51
:1049280001000424100040141a5664a00080023cc0
:1049380001000424085644a034828327000064a0a0
:1049480008564224040062ac07000010251000003d
:10495800170002242c8282af0080023c010003244d
:104968001a5643a0ffff022401000324308283a3c8
:104978002b10020088ff0010231002000080023c68
:1049880001000324e9ff00101a5643a00100022485
:10499800308282a3140002242c8282af7eff001092
:1049a800ffff02241000a52795ce400f25202002e6
:1049b8008eff4014010002242c8282af76ff001083
:0449c800ffff0224c7
:020000040000fa
:020000041d01dc
:1049cc00b8ffbd274400bfaf4000b6af3c00b5af49
:1049dc003800b4af3400b3af3000b2af2c00b1af7d
:1049ec002800b0af258080002598a00071f0400f02
:1049fc005481918f40180200211862008018030026
:104a0c0021186200c0180300218823024c00228e5a
:104a1c004e0040502590000209f84000252000026d
:104a2c0049004010259040000ce9400f2520400023
:104a3c000200432c440060140100422460003192b7
:104a4c00400031320a101100258840001000a0af40
:104a5c001400a0af1800a0af1c00a0af2000a0afa6
:104a6c002400a0a314004726251040021000a32701
:104a7c002000062401004224ffff4490060086100b
:104a8c00f7ff85240500a52c0300a01400000000ee
:104a9c00000064a001006324f7ff471401004224c6
:104aac000ce9400f1000a42749004010258040005d
:104abc001000a22721b0500025a04000780015243a
:104acc0000008492d3ff8224ff0042300200422c6b
:104adc00060040540100942636ec400f0000000004
:104aec0001004050000095a201009426f4ffd4165a
:104afc001000a293200042349fff42241a00422c43
:104b0c0002004014780002241000a2a321a0b003dc
:104b1c000f00849236ec400f0f00942602004014d4
:104b2c0078000224000082a2360020160300022620
:104b3c000400638e2a104300290040540000648e48
:104b4c0019000010ffff022425900002bfff001285
:104b5c0025880000bdff00102c0012260000648e7a
:104b6c000c000224000082a0010090a0253000025d
:104b7c001000a527f4e9400f02008424090020123c
:104b8c00010003262b1023020a8862002530200224
:104b9c001000a527f4e9400f25204002218851027e
:104bac00ffff20a2020002264400bf8f4000b68ff8
:104bbc003c00b58f3800b48f3400b38f3000b28f07
:104bcc002c00b18f2800b08f0800e0034800bd27ef
:104bdc00f5ff201225100000f3ff0010000040a28a
:104bec000c000224000082a0010090a025300002dd
:104bfc001000a527f4e9400f02008424eaff0010fe
:104c0c0002000226000040a20400638e2a1043001a
:104c1c00d2ff4014ffff0224e4ff00104400bf8fba
:020000040000fa
:020000041d01dc
:104c2c00a020047c0800e00302142400a020047cd3
:104c3c000800e00325108000a020047ca028057c3f
:104c4c00021425000800e003021c2400fcffa82429
:104c5c001b000105010007348500a0102518c000b9
:104c6c00ffffa82404000015000000000000839042
:104c7c000f00001021186600ffff08250600001524
:104c8c000100839000008890001a0300251868002a
:104c9c00070000102118660000008990020088901f
:104cac00001a0300251869002118680021186600f5
:104cbc00024c0300ffff6a306d00001021182a011e
:104ccc00110000001300c000010082300300893085
:104cdc000f00201104000b342358690125400000fb
:104cec0000008898ffff29250500201108000a34d0
:104cfc00ffff29250200201108004a2508004a253b
:104d0c0004404801010007712328ab0021208b00cf
:104d1c004219050040310300130060100000888c1c
:104d2c000400898c0100077108008a8c010027712e
:104d3c000c008b8c0100477110008c8c010067718a
:104d4c0014008d8c0100877118008e8c0100a771e6
:104d5c001c008f8c0100c771ffff63240100e771f9
:104d6c00edff0010200084242328a6000219050062
:104d7c00003103000b0060100000888c0400898c4b
:104d8c000100077108008a8c010027710c008b8cc4
:104d9c0001004771ffff632401006771f5ff0010ec
:104dac00100084242328a600c2180500c03003007c
:104dbc00070060100000888c0400898c01000771ca
:104dcc00ffff632401002771f9ff00100800842401
:104ddc002328a60082180500803003000300601011
:104dec000000888c04008424010007712328a6008d
:104dfc000f00a0100100a6300400c0140000000039
:104e0c000100888809000010024408000200a63046
:104e1c000400c0140000000000008888030000108b
:104e2c00024608000200888802420800010007714f
:104e3c001048000012400000211828012b5868006f
:104e4c00020060110000000001006324024c03000a
:104e5c00ffff6a3021182a01024c0300ffff6a3061
:104e6c0021182a010200401000000000a018037c49
:0c4e7c00271060000800e003ffff423038
:020000040000fa
:020000041d01dc
:104e8800b8ffbd274400bfaf4000b7af3c00b6af86
:104e98003800b5af3400b4af3000b3af2c00b2afb8
:104ea8002800b1af2400b0af25a8800025b0a0002d
:104eb8002580c0000ce9400f0400c48c1600422471
:104ec800ffff57301000f1269480828f09f84000c8
:104ed800252020021600401425382002049d063c97
:104ee80098aec62410000524b8c3400f1000a427ac
:104ef8001000a627ecff052498e5400f2520a00206
:104f0800f7ff02244400bf8f4000b78f3c00b68fe4
:104f18003800b58f3400b48f3000b38f2c00b28fb7
:104f28002800b18f2400b08f0800e0034800bd2797
:104f380025a040000b00c29236004014049d053c99
:104f48000000118e9caea524ffe9400f2520200209
:104f580054004014259040007c80848f06008050c7
:104f68000400118ef6a1400f0400058e2400405461
:104f7800140043800400118e2510000008801234ac
:104f8800010003240b00c3a2490040100a00932625
:104f9800140050242528000258eb400f25206002f9
:104fa8000ce9400f25200002ffff503025280002a1
:104fb800ddbc400f2520600225b840000100052413
:104fc80077bf400f212070022180170221805000f6
:104fd800ffff10322530000025280002a750400f9f
:104fe8004600a4862b105000130040109080828f3a
:104ff80009f8400025208002c2ff001002000224a8
:10500800dfff6014258800000400118edcff00100b
:10501800098012347c80918f240020520a00932644
:105028000400058ef6a1400f2520200225900000df
:10503800d5ff0010258800002530000223287702bc
:10504800c683400f4600a486261002029c1507243a
:10505800049d063c18c3c624049d053cc896a52497
:10506800d5c1400f0100442c060040529080828f29
:10507800253020022528400298e5400f2520a0026f
:105088009080828f09f84000252080023000c29667
:1050980001004224ffff42303000c2a699ff0010f1
:1050a80001000224f2ff0010058012342590000050
:1050b8000400078e049d063ca0aec6240600e52623
:1050c800b8c3400f252060020ce9400f252060027c
:0850d800b6ff0010ffff50308d
:020000040000fa
:020000041d01dc
:1050e000c0ffbd273c00bfaf3800b4af3400b3af42
:1050f0003000b2af2c00b1af2800b0af96c3400f64
:10510000258080008200401400000000f2c8400f9b
:10511000252000022590400003000224760042165c
:10512000060011241800a0af1c00a0a76c00148e6c
:105130002c0005248ae5400f252080024b004014f6
:1051400025984000280005248ae5400f252080028c
:10515000080040102000a6272000a0af0a00052468
:105160006ab2400f010044242188b1032000a28fbd
:10517000170022a2010002243c0002ae1c00a783fb
:10518000003a07001d00a2832138e200ffffe7304c
:10519000400007a62c0011261800a28f2f0002aa9b
:1051a000000022baa400028ef6ff42240400422c22
:1051b0004a004010ffff02240e0003862200621402
:1051c000010006241400a0af1000a0af05000524c4
:1051d0009241400f25200000ffff03243c004310b4
:1051e000253800020e0002a6039d063c7855c62411
:1051f000000605241e84400f25204000768f400fb6
:105200002520000225382002400006963c00058e2d
:1052100066aa400f0e000486280040100a000224ef
:105220008cab400f0e0004861d0040100b000224c2
:1052300023000224080002ae0080023c3456458c54
:1052400018dc400f25200002251040023c00bf8fd3
:105250003800b48f3400b38f3000b28f2c00b18f80
:105260002800b08f0800e0034000bd272000a0af59
:105270002000a6270a0005246ab2400f010044243a
:10528000ffff31262110b1032000a38f180043a097
:10529000a6ff2016000060a2b7ff00100100022444
:1052a000a00002aef2c6400f25200002e8dd400f4c
:1052b00025200002e5ff001025104002a00002aeec
:1052c000f2c6400f25200002f8ff00100000000089
:1052d00009000224f5ff0010a00002ae25380000ee
:1052e0002530000001000524d4e4400f25200002f1
:1052f000d5ff0010080000ae01000224a00002ae9d
:10530000e8dd400f25200002cfff0010ffff122430
:1053100075e6400f25200002cbff4010010012244b
:1053200002000224a00002aee8dd400f25200002aa
:08533000c5ff0010ffff12246d
:020000040000fa
:020000041d01dc
:10533800d0ffbd272c00bfaf2800b3af2400b2af09
:105348002000b1af1c00b0af0080023cc020422456
:105358007500821425800000730080102588c00025
:105368001000a0af1400a0af0080023c3c21428c8a
:10537800050040102580a000050005240080043c9d
:1053880009f84000e02184241000a7271400a6276c
:105398000080053c7821a5240080123c4580400f00
:1053a800c020442625984000c02052267c00428e0a
:1053b80004004010060005240080043c09f8400061
:1053c800e0218424ffff62260200422c130040548f
:1053d800010002245c0060160080023c1000a28fcd
:1053e800060043902024037c0600810410006330eb
:1053f8000300429001004230251043002300401072
:105408000080023c0080023cc02042243401438cce
:1054180001006324340143acf5ff02240400005268
:105428000080023c1e004010000002ae0080023cda
:105438008021508c3c0000120080023c3c21428cb0
:1054480004004010050005240080043c09f84000d1
:10545800e02184240080103cc0201026c000058e66
:10546800ea70400f252000027c00028e2e004010ba
:1054780025800000060005240080043c09f840004f
:10548800e02184242900001025100002c0204224b5
:105498002801438c0100632438000016280143ac1e
:1054a8000080123cc020522601000624c000458e10
:1054b800a2e1400f25204002258040001000428cc8
:1054c800000040acc4004296fcff4224ffff42307b
:1054d800c40042a61000038e54de400f0c0062a4e4
:1054e800240002ae2000028e0431027c08004334fe
:1054f800200003ae1000a48f0300839040006530a5
:105508001700a050201c037c28004234200002ae63
:1055180006002012251000020000838c0400828cf3
:10552800000023ae040022ae251000022c00bf8f1d
:105538002800b38f2400b28f2000b18f1c00b08fd9
:105548000800e0033000bd27c02042243801438c06
:1055580001006324380143acb0ff0010f6ff0224b9
:10556800040063041800423448004234e8ff001085
:10557800200002aee6ff0010200002aec8ff0010b7
:04558800000000ae71
:020000040000fa
:020000041d01dc
:10558c0068ffbd279400bfaf9000b6af8c00b5afdd
:10559c008800b4af8400b3af8000b2af7c00b1af71
:1055ac007800b0af2014047c260040182588000039
:1055bc00ff0082300b00422c22004010ffff84249d
:1055cc002086047cc01010002110500080180200ae
:1055dc000080023ce84a42248a11437c19004010a6
:1055ec000080023cc01810002118700080180300c5
:1055fc00e84a422421104300040051942000313227
:10560c00590020122598c0000080023cc0181000e0
:10561c002118700080180300e84a4224211043002e
:10562c000c00428c1c00528c110040160080023c75
:10563c00e84a502421800302ffff0224030002a247
:10564c0025880000251020029400bf8f9000b68f93
:10565c008c00b58f8800b48f8400b38f8000b28f1c
:10566c007c00b18f7800b08f0800e0039800bd2754
:10567c003300a0146400c22c1800401425880000cc
:10568c00c010100021105000801002001c00422499
:10569c000080163ce84ad62621b0c202eb51143cdd
:1056ac001f8594361900d40010a0000042a11400ec
:1056bc0025a80000640006241000a52709f8400264
:1056cc002520c002218822020100b526ffffb53239
:1056dc002b10b402f7ff4014ffff3132eb51063ca4
:1056ec001f85c634190066021030000042310600d6
:1056fc004010060021104600c01002002130460068
:10570c008030060023306602ffffc630cdffc0108c
:10571c00c020100021809000808010001c001026fa
:10572c001000a5270080043ce84a842409f84002b4
:10573c002120900021882202c2ff0010ffff31328d
:10574c00c020100021809000808010001c001026ca
:10575c000080043ce84a842409f84002212090008f
:10576c00b8ff0010ffff5130c01010002110500086
:10577c00801002000080033ce84a6324211043009f
:10578c000800428c4400438c090060140080023ce9
:10579c00c02010002180900080201000e84a502486
:1057ac0021800402ffff0224a6ff0010030002a2c6
:1057bc00c02010002180900080201000e84a502466
:1057cc002180040209f86000060004869dff001089
:0457dc0025884000dc
:020000040000fa
:020000041d01dc
:1057e0005443502f495020537461636b3a204865ed
:1057f0006170206372656174696f6e206661696ca7
:1058000065642c20747970653a2025640d0a0000c7
:105810005443502f495020537461636b3a204e65b6
:1058200074776f726b20636f6e66696775726174ef
:10583000696f6e20616c6c6f636174696f6e206656
:1058400061696c65643a20256c750d0a00000000e2
:105850005443502f495020537461636b3a20506178
:10586000636b657420696e697469616c697a6174cf
:10587000696f6e206661696c65643a2030782578be
:105880000d0a00005443502f495020537461636b3c
:105890003a2044656661756c7420466c61736820bb
:1058a0004e6574776f726b20636f6e666967757291
:1058b0006174696f6e206c6f6164206661696c65ec
:1058c0006420257a750d0a005443502f4950205307
:1058d0007461636b3a204e6574776f726b20636fef
:1058e0006e66696775726174696f6e20696e69743e
:1058f00069616c697a6174696f6e206661696c6553
:10590000643a2025640d0a005443502f4950205317
:105910007461636b3a204e6574776f726b20636fae
:105920006e66696775726174696f6e3a20416c6961
:1059300061736573206e6f7420737570706f72740d
:1059400065643a2025640d0a000000005443502f7e
:10595000495020537461636b3a204e6574776f72bf
:105960006b20636f6e66696775726174696f6e3afa
:1059700020696e76616c69642049502061646472ac
:105980006573733a2030782538780d0a00000000de
:105990002573257a750000005443502f4950205339
:1059a0007461636b3a20506f776572204d6f646548
:1059b00020696e697469616c697a6174696f6e20bf
:1059c0006661696c3a2025640d0a00005443502f2b
:1059d000495020537461636b3a2044796e616d695c
:1059e00063206d656d6f7279206973206c6f773af3
:1059f00020256c750d0a00005443502f4950205348
:105a00007461636b3a20496e697469616c697a618b
:105a100074696f6e206661696c6564202564202d51
:105a20002041626f7274696e6721200d0a000000c8
:020000040000fa
:020000041d01dc
:105a3000c8ffbd273400bfaf3000b7af2c00b6aff2
:105a40002800b5af2400b4af2000b3af1c00b2af44
:105a50001800b1af1400b0af1082828f6400401004
:105a6000ffff172425a080002590a00025a8c000d6
:105a700025b0e0000200a230030040142598000089
:105a80002598c00025a80000f8818293ff004230cd
:105a9000fdff401000000000f8818293ff004230bb
:105aa0000a004010000000006eee400f00000000f1
:105ab000f881842700008390ffff6324ff00633098
:105ac000000083a075ee400f252040000600601600
:105ad0000c82918f32c8400f000000005e00401021
:105ae000259840000c82918f5b00201a0000000076
:105af0001082828f0000448c04004224070080142e
:105b000025180000251800000900001025886000f5
:105b1000fcff448c0600805025886000010063244f
:105b2000fbff7114040042244b00801400000000ad
:105b30000882848f0800828c6000062409f84000e7
:105b400001000524440040102580400020be117c47
:105b5000120057a4808811001082828f2188510082
:105b60006eee400f000030aef88183930100632495
:105b7000f88183a375ee400f252040002a0013a66c
:105b8000280015a65c0014a203000224540002a6fb
:105b9000580002a63c00028e046b827e3c0002aede
:105ba000800042321e00401001000324100000a6b5
:105bb0003c00028e444a627c3c0002ae000142324c
:105bc00004004010010003243c00028ec45a627c91
:105bd0003c0002ae010052321400401201000324c6
:105be0003c00028e1c004234c4bd627c3c0002ae0c
:105bf0002510e0023400bf8f3000b78f2c00b68f25
:105c00002800b58f2400b48f2000b38f1c00b28f02
:105c10001800b18f1400b08f0800e0033800bd27d2
:105c200000828297e5ff0010100002a60100022406
:105c3000f0ff82162510e002eeffc01201000324df
:105c40000000c28e140002ae3c00028e0442627c50
:105c5000e7ff00103c0002ae6eee400fffff17247e
:105c6000f881839301006324f88183a375ee400fcc
:0c5c700025204000dfff00102510e0029e
:020000040000fa
:020000041d01dc
:105c7c00e0ffbd271c00bfaf1800b1af1400b0afe0
:105c8c002588a00026eb400f2580c0002518400079
:105c9c0020006010251000001e0000121100242ea0
:105cac001c00801080881100019d053cc85ca52457
:105cbc000a28b17c0800a000000000000c5d019dca
:105ccc00345d019d4c5d019d645d019d785d019d80
:105cdc008c5d019d9c5d019dac5d019dbc5d019d3c
:105cec00d05d019de05d019d4c5e019d605e019d5e
:105cfc00705e019d845e019d985e019dac5e019d70
:105d0c003c00628c040042388000427c000002a2fd
:105d1c00010002241c00bf8f1800b18f1400b08f3b
:105d2c000800e0032000bd273c00628c08004238cc
:105d3c00c000427c000002a2f6ff00100100022409
:105d4c003c00628c100042380001427c000002a230
:105d5c00f0ff0010010002243c00628c0300423072
:105d6c00000002aeebff0010010002243c00628c2c
:105d7c008002427c000002a2e6ff00100100022417
:105d8c0010006294000002a6e2ff00100100022441
:105d9c0054006294000002a6deff001001000224f1
:105dac0058006294000002a6daff001001000224e1
:105dbc003e00629401004230000002a2d5ff0010a8
:105dcc00010002245e006290000002a2d1ff0010cc
:105ddc00010002243c00638c1c0062301c00423821
:105dec000100422c0005657c252040000200423455
:105dfc000a1085004005657c2520400004004234d3
:105e0c000a1085008005657c25204000080042347e
:105e1c000a1085008004657c252040001000423467
:105e2c000a108500c004637c252040002000423409
:105e3c000a108300000002aeb6ff0010010002241d
:105e4c003c00628c002e427c000002a2b1ff0010cc
:105e5c00010002245f006290000002a2adff00105e
:105e6c00010002243c00628c8007427c000002a2ec
:105e7c00a8ff0010010002243c00628c0005427c4b
:105e8c00000002a2a3ff0010010002243c00628c5f
:105e9c004005427c000002a29eff0010010002247b
:105eac003c00628c27100200c2170200000002a204
:085ebc0098ff00100100022410
:020000040000fa
:020000041d01dc
:105ec40020ffbd27dc00bfafd800b7afd400b6af0a
:105ed400d000b5afcc00b4afc800b3afc400b2af0c
:105ee400c000b1afbc00b0af25988000f800b48ffb
:105ef400fc00b58fec00a7a340b9c27cff00033cb3
:105f0400ff00632424104300c01a060000ff043c71
:105f140000ff843424186400251043000214220076
:105f24001400a2af1f00d6302bb016004211060099
:105f340021b0c202010002241000a2a35700c01a1b
:105f4400010011242580a0002590c00025b8000080
:105f54007c00668e7800658e4da7400f1800a4273c
:105f64004e00401425884000010006241000a52797
:105f7400d458400f1800a4275f004014258840001f
:105f84001000a293010042241000a2a304000624de
:105f94001400a527d458400f1800a4275600401415
:105fa40025884000ec00a39304000224060062103c
:105fb40001000624ec00a527d458400f1800a4279c
:105fc4004d00401425884000f400a68ff000a58ff2
:105fd400d458400f1800a4274700401425884000d7
:105fe400090080129400a5270700a0122530a00202
:105ff40025288002d458400f1800a4273e004014de
:10600400258840009400a5272a49400f1800a4279a
:10601400258840008df2400f1800a4271c0020168c
:106024002100422e2e0040149400a98f9800a88fbe
:106034009c00a78fa000a68fa400a58fa800a48f02
:10604400ac00a38fb000a28f030009aa000009ba14
:10605400070008aa040008ba0b0007aa080007ba38
:106064000f0006aa0c0006ba130005aa100005ba10
:10607400170004aa140004ba1b0003aa180003bae8
:106084001f0002aa1c0002bae0ff522620001026bc
:106094000100f726afffd7567c00668e9400a22736
:1060a400b400a327000040a001004224fdff4314d4
:1060b400dc00bf8f2b101100d800b78fd400b68f2f
:1060c400d000b58fcc00b48fc800b38fc400b28f9a
:1060d400c000b18fbc00b08f0800e003e000bd2712
:1060e400253040029400a527f4e9400f2520000242
:1060f400e8ff00100100f7268df2400f1800a427d6
:08610400e4ff00100100f72682
:020000040000fa
:020000041d01dc
:10610c00d0ffbd272c00bfaf2800b4af2400b3af25
:10611c002000b2af1c00b1af1800b0af25988000c2
:10612c002590a0000200e22c140040101000a0af3b
:10613c000c00b18cfaff1024068005343000429616
:10614c002138e200ffffe730300047a6253020025f
:10615c0098e5400f25206002251000022c00bf8f0f
:10616c002800b48f2400b38f2000b28f1c00b18f95
:10617c001800b08f0800e0033000bd272580c00058
:10618c000000d18c049d053c9caea524ffe9400f7a
:10619c002520200239004054faff1024049d053cb0
:1061ac00d4c8a524ffe9400f0800048e3600401423
:1061bc007c80828f0b0040141000a52730c3400f49
:1061cc0000000000060040147c8082af3400512691
:1061dc00f9ff10240a800534d8ff001002000724b0
:1061ec001000a527ecd1400f0c00048e0f004014ba
:1061fc0025a040000400058ef6a1400f7c80848f02
:10620c000600401008800534090040a025284000f5
:10621c00ece7400f7c80848f0b8005340400118eda
:10622c0001001024c5ff0010020007240c00058e8d
:10623c000000a38024000224290062140100a5247c
:10624c00b4a6400f7c80848f130040142588400036
:10625c000400118e01003126010010240880053441
:10626c00b6ff0010020007240400118efaff102460
:10627c0007800534b1ff00100200072405800534a7
:10628c00aeff001002000724faff1024058005342d
:10629c00aaff0010020007240400058eb4a6400fcc
:1062ac007c80848ff1ff40500400118e08002392f3
:1062bc00080043a00400238e040043ac14002526e0
:1062cc0058eb400f14004424300042960200422444
:1062dc00ffff4230300042a69fff00100100102447
:1062ec000400058eb4a6400f7c80848fdeff401026
:1062fc0025884000080034a20c00028e0000448067
:10630c005c00032405008314240003240100448052
:10631c0002008314010042240c0002ae0a00062481
:10632c000c00058e62eb400f1400242601000224a1
:10633c00e5ff82161e0020a21000a28fe2ff0010c3
:04634c00040022ae79
:020000040000fa
:020000041d01dc
:106350008e00801053ff0224d0ffbd272c00bfaf5a
:106360002800b5af2400b4af2000b3af1c00b2af1b
:106370001800b1af1400b0af258080002590a000b8
:106380002588c0007800a0100a1006007000838cd9
:10639000feff0224070062506000048e11a4400f2b
:1063a00025380000f1fe0324700043142c00bf8f39
:1063b0006000048e4000832c6b0060107cff022480
:1063c0006400028e211822022b106200040040108b
:1063d000640003ae6800028e01004224680002ae31
:1063e0002700801020001326400015242310a4024b
:1063f0002ba022020b10340225a0400025304000c3
:1064000025284002f4e9400f212064026000028e3a
:1064100021108202600002ae21905402180055142f
:10642000238834022520600260000726ff00063c16
:10643000ff00c62400ff053c00ffa5340000838c4c
:106440000212030024104600001a030024186500fd
:106450002510430002142200000082ac04008424b2
:10646000f7ff87540000838c25286002cc35400f4d
:10647000252000023d0040142c00bf8f600000aebc
:106480004000222e30004014000000002518400279
:1064900025106002400048260300678800006798c6
:1064a00007006688040066980b00658808006598f8
:1064b0000f0064880c006498030047a8000047b8e8
:1064c000070046a8040046b80b0045a8080045b8d8
:1064d0000f0044a80c0044b810006324eeff6814b9
:1064e000100042242000042660000726ff00063c1e
:1064f000ff00c62400ff053c00ffa5340000838c8c
:106500000212030024104600001a0300241865003c
:106510002510430002142200000082ac04008424f1
:10652000f7ffe4540000838c25286002cc35400f2f
:10653000252000020c004014c0ff31264000222e0e
:10654000d2ff401040005226070020122510000004
:106550002530200225284002f4e9400f2520600262
:10656000600011ae251000002c00bf8f2800b58ff1
:106570002400b48f2000b38f1c00b28f1800b18f9d
:106580001400b08f0800e0033000bd270800e003ce
:046590000000000007
:020000040000fa
:020000041d01dc
:10659400d0ffbd272c00bfaf2800b3af2400b2af9b
:1065a4002000b1af1c00b0af16008390030002249a
:1065b40010006214258880001000848c42008394ab
:1065c400010063300400601001000224769a400f39
:1065d40001000524010002242c00bf8f2800b38f82
:1065e4002400b28f2000b18f1c00b08f0800e0039c
:1065f4003000bd274c81828f520040142590a000aa
:10660400f5ffa010680006240800848c3c8184af48
:10661400ffff0224488182a70800828c09f8400009
:106624000000259625184000548182afeaff6010cf
:106634002510000005000624039d053ce877a524e9
:10664400adc5400f0c000424408182af0080043c9f
:1066540067ee400f5c56842425984000040042965f
:10666400468182a706004596448185a70201072436
:106674002530000031d3400f010004242580400060
:10668400ffff0224210002121000a62705000524a2
:106694001f57400f252000021000a2970002422c31
:1066a40008004010000202241000a2a700020624e1
:1066b400050005249f34400f252000023e004010b1
:1066c400000000002538000046818697010005245b
:1066d400985e400f2520000237004010253000004e
:1066e400020005249f34400f2520000225380000b5
:1066f400049d063c089ac6240001052462d0400f7c
:10670400252000022c00401000000000488190a7c2
:106714004081828f060040100000000004006012d7
:1067240000000000ffff022405000256000022962c
:106734002dae400f00000000a7ff00102510000040
:10674400508182af140023964010030021104300af
:106754008010020021104300c01002005481838f76
:1067640021106200600040a0020043960a00042445
:106774000a188300580043a402000324560043a4cb
:10678400e80303245a0043a41000248e4200829498
:1067940001004230040040504c81828f769a400fb1
:1067a400010005244c81828f010042244c8182af78
:1067b40089ff001001000224fabb400f25200002cb
:0867c400d2ff0010ffff1024ba
:020000040000fa
:020000041d01dc
:1067cc00e0ffbd271c00bfaf1800b1af1400b0af85
:1067dc009880828f0a004014010003245c0082948c
:1067ec000421627c5c0082a40f0002241c00bf8f79
:1067fc001800b18f1400b08f0800e0032000bd27f3
:10680c002588a00025808000253800002530000058
:10681c0086ea400f0a000524ffff03341e004314d0
:10682c000000000093db400f460004860900401472
:10683c0005000224400002a65c000296010003241d
:10684c000421627cc418627c5c0002a6e7ff001085
:10685c000900022454de400f000000000400038ee7
:10686c002310430008004018010003245c0002962a
:10687c000421627c5c0002a604000224600002a6d3
:10688c00daff00100f00022401000224000022a2f3
:10689c00d6ff00100100022477e0400f000000003a
:1068ac0054de400f25884000401811002120710053
:1068bc00001904002318640021106200040002aec9
:1068cc0025380000253000002000052486ea400f02
:1068dc0025200002253040000600422c01004050cb
:1068ec00050006240100c624ffffc6301800058ee3
:1068fc006355400f460004861800118e03000624d1
:10690c00049d053cecc6a5247ce5400f2520200207
:10691c001c00401404000624400000a6253800008a
:10692c00253000002000052486ea400f25200002b7
:10693c002588400025384000253000003f00052404
:10694c0086ea400f252000022b3051000a10260247
:10695c00ffff4630d2808297f5ff42242b10460071
:10696c00180040100100032405000224400002a678
:10697c005c000296c418627c5c0002a69bff0010af
:10698c0005000224049d053cf0c6a5247ce5400fbf
:10699c0025202002040040140700022401000224d8
:1069ac00deff0010400002a6400002a65c0002962a
:1069bc0001000324c418627c5c0002a68bff00104b
:1069cc00050002241800058e6355400f460004860e
:1069dc001800038e21106200000040a02e96400f7c
:0c69ec001800048e81ff0010020002243d
:020000040000fa
:020000041d01dc
:1069f800c0ffbd273c00bfaf3800b1af3400b0af17
:106a0800258080000300c0142510c000ff7f023cd1
:106a1800ffff42341f00a3270418037c000075bc45
:106a28000f0000000020063c25186600080060ac36
:106a38000c0060ac0000a68c7400c0105000118ed1
:106a48005e00401080010d240100ec300100092493
:106a58000200e73004000b241801088e0800048d9a
:106a68000c000a8d3b008a5400008a8c080000ad97
:106a7800440080100c0000ad2540c00000e0ca7c36
:106a880008008aac0400801104008dac04008a8cd4
:106a9800444a2a7d04008aac0500e05042470800b9
:106aa80004008a8c04632a7d04008aac42470800eb
:106ab8002a000b15000000000400868c8452267df5
:106ac800040086ac000080ac140080ac0c00668c1e
:106ad8002600c0540000c4ac080064ac0c0064acd0
:106ae8000400a5240000a68c0500c0500800648c92
:106af800ffff4224d9ff40541801088e0800648c17
:106b08002e008010251000000100072425306000a9
:106b18001c01058e5777400f2520000243f2400fd5
:106b28002520200207004014000000001c01028eee
:106b38000800458c0400a52400e0a57c3af0400f2d
:106b480025202002f6f0400f252020021b0000100f
:106b580025100000c8ff001008000aaddaffc204c3
:106b6800000080ac08000010feff07240c00688cb1
:106b78000400862400e0c67c140006add8ff00108f
:106b88000c0064ac03000724ddffc0500800648ccf
:106b9800dbff40500800648c1801048e0800628cea
:106ba8000c00658c100045540000458c080060ac52
:106bb8000e0040140c0060ac2510e0003c00bf8fb4
:106bc8003800b18f3400b08f0800e0034000bd27c3
:106bd8000c00868c0400452400e0a57c1400c5ac9c
:106be800eeff00100c0082ac080065ac000040ac61
:106bf800140040ac0c00858cf5ffa0540000a2ac3a
:106c0800080082ace5ff00100c0082acebff00101e
:046c18002510000043
:020000040000fa
:020000041d01dc
:106c1c00d0ffbd272c00bfaf2800b4af2400b3af0a
:106c2c002000b2af1c00b1af1800b0af25888000b7
:106c3c002580a00025a0c000259800000700c010ea
:106c4c0025900000070006246700a52462eb400f86
:106c5c001000a4275400138e5800129670000624be
:106c6c00252800004eeb400f252000020800248e42
:106c7c00670080503c0000a2d894400f3c000526d1
:106c8c00180005260b60400f0c00248e1c000526f6
:106c9c000b60400f1000248e200005260b60400f67
:106cac001400248e240005260b60400f1800248e3f
:106cbc00280005260b60400f1c00248e2800228e15
:106ccc00440002ae3c004010010003240000439439
:106cdc00020003a602004290650002a2ffff4224bc
:106cec00ff0042300400422c33004010010003240a
:106cfc002c0004260400228e0300478800004798cd
:106d0c0007004688040046980b0045880800459803
:106d1c000f0043880c004398030087a8000087b835
:106d2c00070086a8040086b80b0085a8080085b863
:106d3c000f0083a846b4400f0c0083b82400228ea9
:106d4c00480002a642000296010003240463627c00
:106d5c00420002a62400258e34e8400f25200002b4
:106d6c00040040542400028e42de400f2520000215
:106d7c002400028e100002ae2800028e140002ae17
:106d8c0042000296010003244429627c420002a6c0
:106d9c002400258e9ce6400f25200002060040149e
:106dac00251800004200029601000324c418627cde
:106dbc00420002a6251800000c0080126700022673
:106dcc001000a48f6a0004aa000044b81400a49315
:106ddc00040044a01500a493050044a01600a4933d
:106dec00060044a0540013ae580012a601006238ed
:106dfc002c00bf8f2800b48f2400b38f2000b28fdb
:106e0c001c00b18f1800b08f0800e0033000bd27c4
:106e1c003d0000a23e0000a23f0000a2400000a2e4
:086e2c0097ff0010410000a2d5
:020000040000fa
:020000041d01dc
:106e340082008010251000008000a01000000000d7
:106e4400e0ffbd271c00bfaf1800b2af1400b1af04
:106e54001000b0af48008290ff004230fdff4010a8
:106e64002588a0002580800048008290ff004230e1
:106e74000a004010f0ff24266eee400f00000000d0
:106e840048000392ffff6324ff006330480003a21d
:106e940075ee400f25204000f0ff24262400038ec9
:106ea4000f006014f4ff328ef0ff20ae280004ae11
:106eb400240004ae3000028e231052006eee400f08
:106ec400300002ae4800039201006324480003a28c
:106ed40075ee400f252040005200001000111200f2
:106ee4002b108300100040100011120021108200aa
:106ef4000b006254f0ff23ae0400628c2110520098
:106f0400f4ff22ae2400028e0000428cf0ff22ae79
:106f14002800038e2400028e01006250280004ae73
:106f2400e4ff0010240004ae2800028e2b28440045
:106f34000d00a0502b1064000400438c00290300b2
:106f4400212845000300851421187200d9ff001080
:106f5400040043ac000044acf0ff20aed5ff0010a9
:106f6400280004ae2b106400240040500000638c01
:106f74000000628c2b2882001f00a0100029120040
:106f8400212885000b004554f0ff22ae0400428cfa
:106f940021105200f4ff22ae0000628c0000428ceb
:106fa400f0ff22ae2800058e0000628c0100a25082
:106fb400280004ae0400668c002906002128650020
:106fc400bcff8554000064acf4ff228e21104600ff
:106fd400040062acf0ff228e000062ac2800028e36
:106fe400b4ff4450280003aeb3ff00103000028efb
:106ff400b0ff0010000064ac0000638cd9ff601483
:10700400f8ff02246eee400f380002ae48000392ef
:1070140001006324480003a275ee400f25204000c0
:10702400251000001c00bf8f1800b28f1400b18f10
:107034001000b08f0800e0032000bd270800e00323
:047044000000000048
:020000040000fa
:020000041d01dc
:10704800a8ffbd275400bfaf5000b5af4c00b4af88
:107058004800b3af4400b2af4000b1af3c00b0af9e
:10706800259080002580c000ffff02241100a21493
:107078001000a0af6d0e0724049d063c70c0c62406
:10708800049d053cc896a524d5c1400f25200000c5
:10709800ffff02241000a2afffff0524feff11240a
:1070a8002530000298e5400f252040025b000010c3
:1070b800251020022598a0003c00838cbc80828f7c
:1070c8002b1062000e00401425a0e000f9ff0224f6
:1070d8001000a2afffff11248c80848f1400828cd3
:1070e80009f8400025286002253000020800052420
:1070f80098e5400f25204002450000101000a58f9c
:1071080028001124080002241800c0100b8847002a
:107118001400a0af1800a0af1c00a0af2000a0afc3
:107128002400a0af2800a0af2c00a0af3000a0af73
:107138008c80848f0400828c1400a62709f84000f4
:1071480025280002040040141c00a3930100022417
:10715800070062108c80848f0ec3400f2520000228
:1071680025182002400031360a8862008c80848ffe
:107178001c00828c09f840002528600225a84000e0
:10718800010042240200422c04004010fcff0224ab
:107198001000a2afd0ff0010feff11241000a72797
:1071a8000100862e25282002a76c400f25204002ca
:1071b80006004014258840001000a28f13004104e7
:1071c80002001124c4ff0010fbff112401008056a7
:1071d8000400828e040022ae100035ae18000012a2
:1071e8000c0033ae2f0005248ae5400f252000024d
:1071f80001004524190006240a28020262eb400f08
:10720800340024264d0020a2258800001000a58ff8
:10721800a4ffa01425300002251020025400bf8fbf
:107228005000b58f4c00b48f4800b38f4400b28f24
:107238004000b18f3c00b08f0800e0035800bd2724
:0c724800340020a2f1ff00102588000097
:020000040000fa
:020000041d01dc
:10725400d0ffbd272c00bfaf2800b5af2400b4afca
:107264002000b3af1c00b2af1800b1af1400b0af30
:10727400258080001800948c0ce9400f25208002a2
:10728400ffff5130ffff5230ffff53268a19937ed0
:107294002f0002243a0062108c80848f0000828cbc
:1072a4002530000009f8400001008526ffff032473
:1072b40037004314140002ae1800028e8a99537cde
:1072c4002f00032404006312211052000100312610
:1072d400ffff3132000043a0d28086971800048e4d
:1072e4002330d100049d053cd4c6a52462eb400f95
:1072f400212091008c80848f1800058e0000828ce0
:107304002530000009f840000100a524ffff0324f4
:107314001f004314140002ae1800068e0100c62498
:10732400ffff052498e5400f2520000204000224f5
:10733400400002a65c00029601000324c418627c8b
:107344005c0002a6050002242c00bf8f2800b58f24
:107354002400b48f2000b38f1c00b28f1800b18fab
:107364001400b08f0800e0033000bd270d00022494
:107374002f000010440002a636000010510000a2a5
:107384001400038effff0224d4ff6210d28086977c
:107394001800068e0100c6240700052498e5400f56
:1073a400252000021800118e010031260ce9400f3f
:1073b400252020020101422c040040142530200223
:1073c400fdff052498e5400f2520000262001426e5
:1073d4001800058eff0006240100a52462eb400f6f
:1073e40025208002610100a22e0005248ae5400fb9
:1073f40025208002ddff4010259000000100532469
:10740400049d113c649731260d0015240000258e3f
:10741400ffe9400f2520600205004050440012a6f9
:1074240001005226f9ff551604003126440012a625
:107434009880868f0700c050510000a20800c28cbb
:10744400cdff40102528800209f8400025200002c5
:0c745400510002a2bcff00100400022442
:020000040000fa
:020000041d01dc
:10746000d8febd272401bfaf2001b1af1c01b0afd2
:10747000258080002588a0001000a0af020106240e
:10748000252800004eeb400f1400a4271400a62767
:107490001000a5272a87400f252000020a0040106f
:1074a000ffff03241000a38f0400648c0200022459
:1074b0000c008254308284930900201207000224b9
:1074c0002c8282afffff0324251060002401bf8fb0
:1074d0002001b18f1c01b08f0800e0032801bd27f7
:1074e00030828493010002240400821007000224e9
:1074f0002c8282aff4ff0010ffff03240080023cc7
:1075000088224290500040100080053c9823a5241a
:1075100001000424180002240000a8902f00001588
:10752000ffff8630008104002180040200811000ea
:107530000080023c8822422421805000010008245f
:10754000000008a2040003ae1800c22c280040105e
:10755000308288a31600a5932f0004240200a410f3
:107560001700a2271600a227000044900a008010ee
:10757000100004a20100442411000526ff0042244b
:10758000000086900000a6a00300c0100100842423
:10759000fbff44140100a5241200649001000224a2
:1075a0001700821407000224120060a02c8280af12
:1075b0000800628c0800428c15004014ff0026323f
:1075c000170002242c8282af120062241b0040109c
:1075d000ffff02241600001001000424010084248f
:1075e000cdff82141001a52401000224308282a361
:1075f000120002242c8282afb3ff0010ffff03248d
:107600002c8282af000000a2afff0010ffff032416
:107610001400a52709f84000080004262c8282af38
:107620001000a38f120064240200801001000424c3
:10763000120064a0a4ff401025180002000000a260
:10764000a1ff0010ffff03240080103c0100022472
:10765000882202a288221026040003aebdff00107b
:04766000308282a34f
:020000040000fa
:020000041d01dc
:107664000400a88cb0ffbd274400b7af3800b4af06
:107674002c00b1af4c00bfaf4800beaf4000b6af66
:107684003c00b5af3400b3af3000b2af2800b0afa8
:1076940025b880002588a0004c0000050000b48cab
:1076a4004408147c08003e8e10008a320000d28cfc
:1076b4000400d68c0400401125a8c00325105602ee
:1076c40001004054feffd5270800893201002055ef
:1076d400ffffb5261000308e0c00338e2528a00243
:1076e400ffff102621107002000040a00200022ab1
:1076f4000b00401425105602360040140f0043328c
:1077040023101501211045003300401c0a00642891
:107714000300a018020082322f0040140000000071
:107724000b004011000000000000c28c0400c38c58
:10773400251043000600401021107002feff1026a1
:10774400ffff47a03000032421107002000043a073
:107754000400201120000324ffff102621107002d2
:10776400000043a01000268e1000b4af2538c003db
:10777400ffffc6242330d000212870023b99400f1c
:107784002520e0020400e38e000163300400601051
:107794004c00bf8f0400238e2a2043000b1064008a
:1077a4004800be8f4400b78f4000b68f3c00b58fb1
:1077b4003800b48f3400b38f3000b28f2c00b18ff7
:1077c4002800b08f0800e0035000bd27b5ff00106b
:1077d400010008240a006428020080105700622473
:1077e40030006224bfffe3241a00632c13006010ee
:1077f400200043349fff63241a00632c1000605060
:10780400ffff1026252040005c00a7af5800a6af5c
:107814002400a8af2000a5af1c00a9afe5ee400fdf
:107824001800aaaf5c00a78f5800a68f2400a88f69
:107834002000a58f1c00a98f1800aa8fffff102617
:1078440021187002000062a00291120000171600b5
:10785400ffffa52425905200a4ff001002b11600da
:020000040000fa
:020000041d01dc
:10786400b8ffbd274400bfaf4000beaf3c00b7af78
:107874003800b6af3400b5af3000b4af2c00b3afae
:107884002800b2af2400b1af2000b0af259880002b
:107894002590a0005000a6af25f0e0001000a0af96
:1078a4001400a0af1800a0af1c00a0af0080103cd3
:1078b400b7cc400f5c5604265c56118e1200201281
:1078c400049d163c049d143c049d153c049d173cea
:1078d4001000228e040040500400228e08005354ed
:1078e4000000318e0400228e16004010252840022c
:1078f4000c00268e09f84000252060020000318e1d
:10790400f4ff20561000228e0080043ca5da400fbc
:107914005c5684244400bf8f4000be8f3c00b78f68
:107924003800b68f3400b58f3000b48f2c00b38f7d
:107934002800b28f2400b18f2000b08f0800e0032c
:107944004800bd270800228e3d0040101000a28f81
:10795400340040540800228e5481908f71f0400fff
:1079640025206002401802002118620080180300dc
:1079740021186200c018030071f2400f2180030235
:107984001000a2afffff4226ff0043300e00622c1e
:10799400160040149b0807244cc1e626209f852628
:1079a400d5c1400f252000003400028e1400a2af80
:1079b400251840024408037c0100022408006210d8
:1079c40005000224060042120a00022405004212a5
:1079d400ffff02243000028e110040541800a2afb1
:1079e400ffff02240e0000101800a2af98c5a226c3
:1079f4008a11437cffff43240200632c04006010bf
:107a0400010003244800038e1c00a3af01000324db
:107a1400e5ff43145000a28f1400a2af1800beafbc
:107a24000800228e0c00278e1000a627252840026d
:107a340009f8400025206002b1ff00100000318edb
:107a4400a20b072460c1c626209f8526d5c1400ffe
:0c7a540025200000aaff00100000318e69
:020000040000fa
:020000041d01dc
:107a6000d0ffbd272c00bfaf2800b6af2400b5afb4
:107a70002000b4af1c00b3af1800b2af1400b1af18
:107a80001000b0af25a0a0002588c00026eb400f55
:107a90002590e0002580400006000012251000001f
:107aa0000e0080165c001592259000001f00a012a9
:107ab000259800002c00bf8f2800b68f2400b58fba
:107ac0002000b48f1c00b38f1800b28f1400b18f48
:107ad0001000b08f0800e0033000bd27ffff8426b0
:107ae0000200842cf3ff8010251000000300a01278
:107af00000000000f0ffb4162c00bf8f41004012c0
:107b00000100022409008216259800000000428e20
:107b1000060040102528000051dc400f25204002bf
:107b200025984000e3ff601225100000f881829341
:107b3000ff004230fdff401000000000f8818293fa
:107b4000ff0042300a004010000000006eee400fbf
:107b500000000000f881842700008390ffff632469
:107b6000ff006330000083a075ee400f2520400029
:107b7000280020562a0002962a0011962c00201672
:107b80000000000032c8400f0000000025884000bf
:107b90000100562c6eee400f00000000f881839328
:107ba00001006324f88183a375ee400f2520400077
:107bb000c0ffc016251000003c00028e448c027ce1
:107bc0003c0002ae5c0014a2253040022528600271
:107bd00047d0400f25200002040040522a0011a681
:107be000030040505c0015a22a0011a601000224e7
:107bf0003c00038e01000424448c837cadff001004
:107c00003c0003aec9ff001025984002c7ff0010da
:107c10002598000006005110000000008ade400f89
:107c20002520200201004238daff0010ff00563004
:107c30006eee400f00000000f88183930100632482
:107c4000f88183a375ee400f25204000dbff001074
:047c50003c00028e64
:020000040000fa
:020000041d01dc
:107c54000200022486bf033c300062ac86bf033cb2
:107c640002060424140064ac86bf033c0306042407
:107c7400040064ac86bf033c00800434580064ac48
:107c84000001032486bf043c300183ac86bf043c5e
:107c9400140183ac86bf033cdcff0434040164acf0
:107ca40086bf033c00400424300264ac86bf033c1e
:107cb40004400424140264ac1c00052486bf033c65
:107cc400040265ac0800062486bf033c580266ac77
:107cd4000050042486bf033c300364ac00700324ca
:107ce40086bf073c1403e3ac86bf073c00c00834de
:107cf4000403e8ac86bf073c000208245803e8ac40
:107d040086bf073c3004e0ac86bf073c1404e5acf6
:107d140086bf053c100307240404a7ac86bf053cba
:107d2400002007240405a7ac86bf053c3006a4ac9c
:107d340086bf043c140683ac86bf033cc003042402
:107d4400040664ac80bf033c300060ac99aa043cd8
:107d540055668424300064ac6655043caa99843486
:107d6400300064ac80bf043c0000858c446b057c0f
:107d7400000085ac0a00052480bf073ca814e5accc
:107d840080bf073c0d0008249014e8ac80bf073c7a
:107d94004414e6ac80bf063c070007244c14c7ac6f
:107da4000500062480bf073c8014e6ac06000824c6
:107db40080bf073ccc14e8ac80bf073cd814e2accd
:107dc40080bf073c6814e2ac80bf073c0300092471
:107dd4009c14e9ac0400072480bf093c701427ad4f
:107de40080bf093c9c1628ad80bf083c241607ad13
:107df40080bf073c5c15e2ac80bf073c0900082447
:107e04006415e8ac80bf073c7c15e5ac0100052493
:107e140080bf073c5416e5ac80bf073ccc15e6acec
:107e240080bf063cd415c2ac0000828c446ba27c9b
:107e3400000082ac300060ac0800e00300000000e9
:020000040000fa
:020000041d01dc
:107e4400e0ffbd271c00bfaf1800b2af1400b1aff4
:107e54001000b0af259080002588a000c2ea400f32
:107e64002580c00025184000220060102510000065
:107e74000d00222e6a00401080881100019d053cef
:107e8400947ea5240a28b17c0800a000000000000c
:107e9400c87e019d107f019d607f019d8c7f019da7
:107ea4002480019d2480019db87f019d2480019d33
:107eb400d07f019de47f019d0080019d0c80019d88
:107ec4001880019d0b000012251000000000049290
:107ed400010084388400628c04a5827c840062ac36
:107ee400010004920100843844ad827c840062acb9
:107ef400010002241c00bf8f1800b28f1400b18f40
:107f04001000b08f0800e0032000bd27f9ff001225
:107f140025100000000004928400628c8473827c2b
:107f2400840062ac00404430f2ff8010010002245f
:107f3400730060a002000296102704240a10820035
:107f44006c0062a404000292060004240a10820059
:107f5400800062a0e7ff0010010002240100033c3e
:107f64002b180302e3ff60102510000024000724ef
:107f740025300000ffff05326e33400f25204002fc
:107f8400ddff00101c00bf8f0100033c2b1803020f
:107f9400d8ff60102510000018000724ffff0632e8
:107fa400252800006e33400f25204002d2ff001028
:107fb4001c00bf8f2b8010008400628c44ce027e94
:107fc400840062accbff0010010002248400628ca8
:107fd400046b027e840062acc6ff00100100022420
:107fe400ffff10322b8010008400628cc47b027e61
:107ff400840062acbfff001001000224810070a065
:10800400bcff001001000224820070a0b9ff001020
:1080140001000224880070a0b6ff001001000224b1
:08802400b4ff0010251000005c
:020000040000fa
:020000041d01dc
:10802c000100a0540000a0ac7200801025100000cc
:10803c00000083806f00601003000b24f8ffbd2745
:10804c0025180000253000002e000a240200083cf0
:10805c00060508252548000000008c901c008015a2
:10806c000400c72c030004241700c41425100000be
:10807c000200043c060584242b20640012008010ae
:10808c00003c647c4010040021104400c01002002d
:10809c002110440080100200003a667c802006000b
:1080ac0021208600402004002110440021184300a8
:1080bc000300a3a30400a010010002240000a28f5f
:1080cc000000a2ac010002240800e0030800bd2758
:1080dc004000e010d0ff872509004014ff00e73076
:1080ec000a00ec2cf8ff80512510000001004224fe
:1080fc00ff004230001a0300190000100438e37c22
:10810c0019004b1400000000efff8a152510000029
:10811c002b106800330040102168a603003c677cdc
:10812c004010070021104700c0100200211047002a
:10813c0080100200003a6c7c80380c002138ec0076
:10814c004038070021104700211843000000a3a16c
:10815c000100c624ff00c6302518000025102001a0
:10816c00bdff00100100842416008a150a00ec2cb7
:10817c002b1068001d0040102168a603003c677c92
:10818c004010070021104700c010020021104700ca
:10819c0080100200003a6c7c80380c002138ec0016
:1081ac004038070021104700211843000000a3a10c
:1081bc000100c624ff00c63025180000e8ff00109f
:1081cc0025102001caff805501004224beff00107b
:1081dc0025100000bcff001025100000baff001095
:1081ec0025100000b8ff001025100000b6ff00108d
:0c81fc00251000000800e0030000000057
:020000040000fa
:020000041d01dc
:10820800d8ffbd272400bfaf2000b3af1c00b2af1a
:108218001800b1af1400b0af25808000f9aa400f54
:108228000e00848433004010010011242530000022
:1082380042000596a750400f0e0004862d004010fe
:1082480025984000840002a68400122625384002a2
:108258007000068e0200052428e3400f2520000246
:1082680044004014ffff02249800038e0d0062149e
:1082780025280000185d400f9000048effff03249e
:1082880008004314980002ae03000224a00002aec6
:10829800f2c6400f25200002e8dd400f252000022d
:1082a800ffff11245cae400f9800048e210040149b
:1082b8000000000091f2400f00000000150040147b
:1082c800253060027000058e46a4400f9800048e89
:1082d800ffff46300800c010251020027000058ef0
:1082e800c683400f0e0004868000038e21106200b2
:1082f800800002ae251020022400bf8f2000b38f1b
:108308001c00b28f1800b18f1400b08f0800e00372
:108318002800bd2704000224a00002aef2c6400fc8
:1083280025200002e8dd400f25200002f1ff0010a3
:10833800ffff1124b3a5400f9800048ef2c6400f2a
:1083480025200002840000a6253840027000068e11
:108358000300052428e3400f252000022b000224f7
:10836800080002ae50d2400f25200002e1ff0010a5
:1083780025884000840006960900c010000000000f
:108388007000058ec683400f0e0004868000038ea1
:1083980021106200800002aed6ff001001001124f7
:1083a800f2c6400f25200002840000a625384002ae
:1083b8007000068e0300052428e3400f25200002e4
:1083c8002b000224080002ae50d2400f25200002e4
:0883d800c8ff001025884000d9
:020000040000fa
:020000041d01dc
:1083e00016008690030003247100c31001000224cc
:1083f000d8ffbd272400bfaf2000b3af1c00b2af31
:108400001800b1af1400b0af2481828f4500401432
:108410002580a0000800828c348182af288180af43
:10842000308180af0080023c4c5640ac4c56422418
:10843000040040ac080040ac0c0040ac0080023ca2
:10844000b85640acb8564224040040ac080040acda
:108450002c8180af0080023c3c5640ac3c5642240c
:10846000040040ac080040ac0c0040ac208180af60
:108470003000a050ffff10240000a28c42004010ea
:1084800025300000019d053cb817a524adc5400f5f
:10849000030004243e004010308182af0080043c81
:1084a00091da400f4c5684243b0040100080043c7d
:1084b00067ee400f3c568424390040103481848f8d
:1084c0000800828c1000062409f840000000058e88
:1084d000350040102c8182af0080043c7af1400fbf
:1084e000b85684240000028e0c0040102c81938f1b
:1084f000259000000080113cb856312625286002e6
:10850000f8e7400f25202002010052260000028ecd
:108510002b104202f9ff4014100073261c8180af1b
:108520002481828f01004224248182af0f00001039
:108530000100022487f2400f0000000008004010f4
:108540000000000085f2400f00000000253000020e
:10855000049d053c80aba52461b7400f2520400059
:108560004ac5400f00000000251000002400bf8f06
:108570002000b38f1c00b28f1800b18f1400b08f91
:108580000800e0032800bd27eaff0010ffff1024c9
:10859000e8ff0010feff1024e6ff0010fdff10248e
:1085a000e4ff0010fcff1024e2ff0010fbff10248a
:0885b0000800e00300000000d8
:020000040000fa
:020000041d01dc
:1085b80000e85d4100701a4000601b40e8febd27de
:1085c8001401baaf02601a401001bbaf0c01baaf78
:1085d80044781b7c00047b3700609b40d800bff7c1
:1085e800d000bdf7c800bbf7c000b9f7b800b7f7af
:1085f800b000b5f7a800b3f7a000b2f79800b1f73c
:108608009000b0f78800aff78000aef77800adf7bc
:108618007000acf76800abf76000aaf75800a9f73c
:108628005000a8f74800a7f74000a6f73800a5f7bc
:108638003000a4f72800a3f72000a2f71800a1f73c
:108648001000a0f7121000000401a2af10180000db
:108658000001a3af12102000fc00a2af10182000e8
:10866800f800a3af12104000f400a2af10184000a9
:10867800f000a3af12106000ec00a2af1018600069
:10868800e800a3afb81c3f7c0801a3af00f8424440
:10869800e400a2afd6dd400f00000000e400a28f86
:1086a80000f8c2440801a38ff8fc617c0401a28f82
:1086b800130040000001a38f11006000fc00a58f8b
:1086c8001308a000f800a58f1108a000f400a58fda
:1086d8001310a000f000a58f1110a000ec00a58fca
:1086e8001318a000e800a58f1118a000d800bfd764
:1086f800d000bdd7c800bbd7c000b9d7b800b7d71e
:10870800b000b5d7a800b3d7a000b2d79800b1d7aa
:108718009000b0d78800afd78000aed77800add72b
:108728007000acd76800abd76000aad75800a9d7ab
:108738005000a8d74800a7d74000a6d73800a5d72b
:108748003000a4d72800a3d72000a2d71800a1d7ab
:108758001000a0d700606041c00000000c01bb8f72
:108768001401ba8f02609b401001bb8f00709a40c1
:108778001801bd2700e8dd4100609b401800004259
:020000040000fa
:020000041d01dc
:1087880000e85d4100701a4000601b40e8febd270c
:108798001401baaf02601a401001bbaf0c01baafa6
:1087a80044781b7c00047b3700609b40d800bff7ef
:1087b800d000bdf7c800bbf7c000b9f7b800b7f7dd
:1087c800b000b5f7a800b3f7a000b2f79800b1f76a
:1087d8009000b0f78800aff78000aef77800adf7eb
:1087e8007000acf76800abf76000aaf75800a9f76b
:1087f8005000a8f74800a7f74000a6f73800a5f7eb
:108808003000a4f72800a3f72000a2f71800a1f76a
:108818001000a0f7121000000401a2af1018000009
:108828000001a3af12102000fc00a2af1018200016
:10883800f800a3af12104000f400a2af10184000d7
:10884800f000a3af12106000ec00a2af1018600097
:10885800e800a3afb81c3f7c0801a3af00f842446e
:10886800e400a2af22dd400f00000000e400a28f68
:1088780000f8c2440801a38ff8fc617c0401a28fb0
:10888800130040000001a38f11006000fc00a58fb9
:108898001308a000f800a58f1108a000f400a58f08
:1088a8001310a000f000a58f1110a000ec00a58ff8
:1088b8001318a000e800a58f1118a000d800bfd792
:1088c800d000bdd7c800bbd7c000b9d7b800b7d74c
:1088d800b000b5d7a800b3d7a000b2d79800b1d7d9
:1088e8009000b0d78800afd78000aed77800add75a
:1088f8007000acd76800abd76000aad75800a9d7da
:108908005000a8d74800a7d74000a6d73800a5d759
:108918003000a4d72800a3d72000a2d71800a1d7d9
:108928001000a0d700606041c00000000c01bb8fa0
:108938001401ba8f02609b401001bb8f00709a40ef
:108948001801bd2700e8dd4100609b401800004287
:020000040000fa
:020000041d01dc
:1089580000e85d4100701a4000601b40e8febd273a
:108968001401baaf02601a401001bbaf0c01baafd4
:1089780044781b7c00047b3700609b40d800bff71d
:10898800d000bdf7c800bbf7c000b9f7b800b7f70b
:10899800b000b5f7a800b3f7a000b2f79800b1f798
:1089a8009000b0f78800aff78000aef77800adf719
:1089b8007000acf76800abf76000aaf75800a9f799
:1089c8005000a8f74800a7f74000a6f73800a5f719
:1089d8003000a4f72800a3f72000a2f71800a1f799
:1089e8001000a0f7121000000401a2af1018000038
:1089f8000001a3af12102000fc00a2af1018200045
:108a0800f800a3af12104000f400a2af1018400005
:108a1800f000a3af12106000ec00a2af10186000c5
:108a2800e800a3afb81c3f7c0801a3af00f842449c
:108a3800e400a2af42e1400f00000000e400a28f72
:108a480000f8c2440801a38ff8fc617c0401a28fde
:108a5800130040000001a38f11006000fc00a58fe7
:108a68001308a000f800a58f1108a000f400a58f36
:108a78001310a000f000a58f1110a000ec00a58f26
:108a88001318a000e800a58f1118a000d800bfd7c0
:108a9800d000bdd7c800bbd7c000b9d7b800b7d77a
:108aa800b000b5d7a800b3d7a000b2d79800b1d707
:108ab8009000b0d78800afd78000aed77800add788
:108ac8007000acd76800abd76000aad75800a9d708
:108ad8005000a8d74800a7d74000a6d73800a5d788
:108ae8003000a4d72800a3d72000a2d71800a1d708
:108af8001000a0d700606041c00000000c01bb8fcf
:108b08001401ba8f02609b401001bb8f00709a401d
:108b18001801bd2700e8dd4100609b4018000042b5
:020000040000fa
:020000041d01dc
:108b280000e85d4100701a4000601b40e8febd2768
:108b38001401baaf02601a401001bbaf0c01baaf02
:108b480044781b7c00047b3700609b40d800bff74b
:108b5800d000bdf7c800bbf7c000b9f7b800b7f739
:108b6800b000b5f7a800b3f7a000b2f79800b1f7c6
:108b78009000b0f78800aff78000aef77800adf747
:108b88007000acf76800abf76000aaf75800a9f7c7
:108b98005000a8f74800a7f74000a6f73800a5f747
:108ba8003000a4f72800a3f72000a2f71800a1f7c7
:108bb8001000a0f7121000000401a2af1018000066
:108bc8000001a3af12102000fc00a2af1018200073
:108bd800f800a3af12104000f400a2af1018400034
:108be800f000a3af12106000ec00a2af10186000f4
:108bf800e800a3afb81c3f7c0801a3af00f84244cb
:108c0800e400a2af32e1400f00000000e400a28fb0
:108c180000f8c2440801a38ff8fc617c0401a28f0c
:108c2800130040000001a38f11006000fc00a58f15
:108c38001308a000f800a58f1108a000f400a58f64
:108c48001310a000f000a58f1110a000ec00a58f54
:108c58001318a000e800a58f1118a000d800bfd7ee
:108c6800d000bdd7c800bbd7c000b9d7b800b7d7a8
:108c7800b000b5d7a800b3d7a000b2d79800b1d735
:108c88009000b0d78800afd78000aed77800add7b6
:108c98007000acd76800abd76000aad75800a9d736
:108ca8005000a8d74800a7d74000a6d73800a5d7b6
:108cb8003000a4d72800a3d72000a2d71800a1d736
:108cc8001000a0d700606041c00000000c01bb8ffd
:108cd8001401ba8f02609b401001bb8f00709a404c
:108ce8001801bd2700e8dd4100609b4018000042e4
:020000040000fa
:020000041d01dc
:108cf80000e85d4100701a4000601b40e8febd2797
:108d08001401baaf02601a401001bbaf0c01baaf30
:108d180044781b7c00047b3700609b40d800bff779
:108d2800d000bdf7c800bbf7c000b9f7b800b7f767
:108d3800b000b5f7a800b3f7a000b2f79800b1f7f4
:108d48009000b0f78800aff78000aef77800adf775
:108d58007000acf76800abf76000aaf75800a9f7f5
:108d68005000a8f74800a7f74000a6f73800a5f775
:108d78003000a4f72800a3f72000a2f71800a1f7f5
:108d88001000a0f7121000000401a2af1018000094
:108d98000001a3af12102000fc00a2af10182000a1
:108da800f800a3af12104000f400a2af1018400062
:108db800f000a3af12106000ec00a2af1018600022
:108dc800e800a3afb81c3f7c0801a3af00f84244f9
:108dd800e400a2af4400400f00000000e400a28fae
:108de80000f8c2440801a38ff8fc617c0401a28f3b
:108df800130040000001a38f11006000fc00a58f44
:108e08001308a000f800a58f1108a000f400a58f92
:108e18001310a000f000a58f1110a000ec00a58f82
:108e28001318a000e800a58f1118a000d800bfd71c
:108e3800d000bdd7c800bbd7c000b9d7b800b7d7d6
:108e4800b000b5d7a800b3d7a000b2d79800b1d763
:108e58009000b0d78800afd78000aed77800add7e4
:108e68007000acd76800abd76000aad75800a9d764
:108e78005000a8d74800a7d74000a6d73800a5d7e4
:108e88003000a4d72800a3d72000a2d71800a1d764
:108e98001000a0d700606041c00000000c01bb8f2b
:108ea8001401ba8f02609b401001bb8f00709a407a
:108eb8001801bd2700e8dd4100609b401800004212
:020000040000fa
:020000041d01dc
:108ec80000e85d4100701a4000601b40e8febd27c5
:108ed8001401baaf02601a401001bbaf0c01baaf5f
:108ee80044781b7c00047b3700609b40d800bff7a8
:108ef800d000bdf7c800bbf7c000b9f7b800b7f796
:108f0800b000b5f7a800b3f7a000b2f79800b1f722
:108f18009000b0f78800aff78000aef77800adf7a3
:108f28007000acf76800abf76000aaf75800a9f723
:108f38005000a8f74800a7f74000a6f73800a5f7a3
:108f48003000a4f72800a3f72000a2f71800a1f723
:108f58001000a0f7121000000401a2af10180000c2
:108f68000001a3af12102000fc00a2af10182000cf
:108f7800f800a3af12104000f400a2af1018400090
:108f8800f000a3af12106000ec00a2af1018600050
:108f9800e800a3afb81c3f7c0801a3af00f8424427
:108fa800e400a2afc18f400f00000000e400a28fd0
:108fb80000f8c2440801a38ff8fc617c0401a28f69
:108fc800130040000001a38f11006000fc00a58f72
:108fd8001308a000f800a58f1108a000f400a58fc1
:108fe8001310a000f000a58f1110a000ec00a58fb1
:108ff8001318a000e800a58f1118a000d800bfd74b
:10900800d000bdd7c800bbd7c000b9d7b800b7d704
:10901800b000b5d7a800b3d7a000b2d79800b1d791
:109028009000b0d78800afd78000aed77800add712
:109038007000acd76800abd76000aad75800a9d792
:109048005000a8d74800a7d74000a6d73800a5d712
:109058003000a4d72800a3d72000a2d71800a1d792
:109068001000a0d700606041c00000000c01bb8f59
:109078001401ba8f02609b401001bb8f00709a40a8
:109088001801bd2700e8dd4100609b401800004240
:020000040000fa
:020000041d01dc
:1090980000e85d4100701a4000601b40e8febd27f3
:1090a8001401baaf02601a401001bbaf0c01baaf8d
:1090b80044781b7c00047b3700609b40d800bff7d6
:1090c800d000bdf7c800bbf7c000b9f7b800b7f7c4
:1090d800b000b5f7a800b3f7a000b2f79800b1f751
:1090e8009000b0f78800aff78000aef77800adf7d2
:1090f8007000acf76800abf76000aaf75800a9f752
:109108005000a8f74800a7f74000a6f73800a5f7d1
:109118003000a4f72800a3f72000a2f71800a1f751
:109128001000a0f7121000000401a2af10180000f0
:109138000001a3af12102000fc00a2af10182000fd
:10914800f800a3af12104000f400a2af10184000be
:10915800f000a3af12106000ec00a2af101860007e
:10916800e800a3afb81c3f7c0801a3af00f8424455
:10917800e400a2af0b90400f00000000e400a28fb3
:1091880000f8c2440801a38ff8fc617c0401a28f97
:10919800130040000001a38f11006000fc00a58fa0
:1091a8001308a000f800a58f1108a000f400a58fef
:1091b8001310a000f000a58f1110a000ec00a58fdf
:1091c8001318a000e800a58f1118a000d800bfd779
:1091d800d000bdd7c800bbd7c000b9d7b800b7d733
:1091e800b000b5d7a800b3d7a000b2d79800b1d7c0
:1091f8009000b0d78800afd78000aed77800add741
:109208007000acd76800abd76000aad75800a9d7c0
:109218005000a8d74800a7d74000a6d73800a5d740
:109228003000a4d72800a3d72000a2d71800a1d7c0
:109238001000a0d700606041c00000000c01bb8f87
:109248001401ba8f02609b401001bb8f00709a40d6
:109258001801bd2700e8dd4100609b40180000426e
:020000040000fa
:020000041d01dc
:1092680000e85d4100701a4000601b40e8febd2721
:109278001401baaf02601a401001bbaf0c01baafbb
:1092880044781b7c00047b3700609b40d800bff704
:10929800d000bdf7c800bbf7c000b9f7b800b7f7f2
:1092a800b000b5f7a800b3f7a000b2f79800b1f77f
:1092b8009000b0f78800aff78000aef77800adf700
:1092c8007000acf76800abf76000aaf75800a9f780
:1092d8005000a8f74800a7f74000a6f73800a5f700
:1092e8003000a4f72800a3f72000a2f71800a1f780
:1092f8001000a0f7121000000401a2af101800001f
:109308000001a3af12102000fc00a2af101820002b
:10931800f800a3af12104000f400a2af10184000ec
:10932800f000a3af12106000ec00a2af10186000ac
:10933800e800a3afb81c3f7c0801a3af00f8424483
:10934800e400a2af66ca400f00000000e400a28f4c
:1093580000f8c2440801a38ff8fc617c0401a28fc5
:10936800130040000001a38f11006000fc00a58fce
:109378001308a000f800a58f1108a000f400a58f1d
:109388001310a000f000a58f1110a000ec00a58f0d
:109398001318a000e800a58f1118a000d800bfd7a7
:1093a800d000bdd7c800bbd7c000b9d7b800b7d761
:1093b800b000b5d7a800b3d7a000b2d79800b1d7ee
:1093c8009000b0d78800afd78000aed77800add76f
:1093d8007000acd76800abd76000aad75800a9d7ef
:1093e8005000a8d74800a7d74000a6d73800a5d76f
:1093f8003000a4d72800a3d72000a2d71800a1d7ef
:109408001000a0d700606041c00000000c01bb8fb5
:109418001401ba8f02609b401001bb8f00709a4004
:109428001801bd2700e8dd4100609b40180000429c
:020000040000fa
:020000041d01dc
:1094380000e85d4100701a4000601b40e8febd274f
:109448001401baaf02601a401001bbaf0c01baafe9
:1094580044781b7c00047b3700609b40d800bff732
:10946800d000bdf7c800bbf7c000b9f7b800b7f720
:10947800b000b5f7a800b3f7a000b2f79800b1f7ad
:109488009000b0f78800aff78000aef77800adf72e
:109498007000acf76800abf76000aaf75800a9f7ae
:1094a8005000a8f74800a7f74000a6f73800a5f72e
:1094b8003000a4f72800a3f72000a2f71800a1f7ae
:1094c8001000a0f7121000000401a2af101800004d
:1094d8000001a3af12102000fc00a2af101820005a
:1094e800f800a3af12104000f400a2af101840001b
:1094f800f000a3af12106000ec00a2af10186000db
:10950800e800a3afb81c3f7c0801a3af00f84244b1
:10951800e400a2af0828400f00000000e400a28f7a
:1095280000f8c2440801a38ff8fc617c0401a28ff3
:10953800130040000001a38f11006000fc00a58ffc
:109548001308a000f800a58f1108a000f400a58f4b
:109558001310a000f000a58f1110a000ec00a58f3b
:109568001318a000e800a58f1118a000d800bfd7d5
:10957800d000bdd7c800bbd7c000b9d7b800b7d78f
:10958800b000b5d7a800b3d7a000b2d79800b1d71c
:109598009000b0d78800afd78000aed77800add79d
:1095a8007000acd76800abd76000aad75800a9d71d
:1095b8005000a8d74800a7d74000a6d73800a5d79d
:1095c8003000a4d72800a3d72000a2d71800a1d71d
:1095d8001000a0d700606041c00000000c01bb8fe4
:1095e8001401ba8f02609b401001bb8f00709a4033
:1095f8001801bd2700e8dd4100609b4018000042cb
:020000040000fa
:020000041d01dc
:1096080000e85d4100701a4000601b40e8febd277d
:109618001401baaf02601a401001bbaf0c01baaf17
:1096280044781b7c00047b3700609b40d800bff760
:10963800d000bdf7c800bbf7c000b9f7b800b7f74e
:10964800b000b5f7a800b3f7a000b2f79800b1f7db
:109658009000b0f78800aff78000aef77800adf75c
:109668007000acf76800abf76000aaf75800a9f7dc
:109678005000a8f74800a7f74000a6f73800a5f75c
:109688003000a4f72800a3f72000a2f71800a1f7dc
:109698001000a0f7121000000401a2af101800007b
:1096a8000001a3af12102000fc00a2af1018200088
:1096b800f800a3af12104000f400a2af1018400049
:1096c800f000a3af12106000ec00a2af1018600009
:1096d800e800a3afb81c3f7c0801a3af00f84244e0
:1096e800e400a2afe2ed400f00000000e400a28f0a
:1096f80000f8c2440801a38ff8fc617c0401a28f22
:10970800130040000001a38f11006000fc00a58f2a
:109718001308a000f800a58f1108a000f400a58f79
:109728001310a000f000a58f1110a000ec00a58f69
:109738001318a000e800a58f1118a000d800bfd703
:10974800d000bdd7c800bbd7c000b9d7b800b7d7bd
:10975800b000b5d7a800b3d7a000b2d79800b1d74a
:109768009000b0d78800afd78000aed77800add7cb
:109778007000acd76800abd76000aad75800a9d74b
:109788005000a8d74800a7d74000a6d73800a5d7cb
:109798003000a4d72800a3d72000a2d71800a1d74b
:1097a8001000a0d700606041c00000000c01bb8f12
:1097b8001401ba8f02609b401001bb8f00709a4061
:1097c8001801bd2700e8dd4100609b4018000042f9
:020000040000fa
:020000041d01dc
:1097d80000e85d4100701a4000601b40e8febd27ac
:1097e8001401baaf02601a401001bbaf0c01baaf46
:1097f80044781b7c00047b3700609b40d800bff78f
:10980800d000bdf7c800bbf7c000b9f7b800b7f77c
:10981800b000b5f7a800b3f7a000b2f79800b1f709
:109828009000b0f78800aff78000aef77800adf78a
:109838007000acf76800abf76000aaf75800a9f70a
:109848005000a8f74800a7f74000a6f73800a5f78a
:109858003000a4f72800a3f72000a2f71800a1f70a
:109868001000a0f7121000000401a2af10180000a9
:109878000001a3af12102000fc00a2af10182000b6
:10988800f800a3af12104000f400a2af1018400077
:10989800f000a3af12106000ec00a2af1018600037
:1098a800e800a3afb81c3f7c0801a3af00f842440e
:1098b800e400a2afe4a7400f00000000e400a28f7c
:1098c80000f8c2440801a38ff8fc617c0401a28f50
:1098d800130040000001a38f11006000fc00a58f59
:1098e8001308a000f800a58f1108a000f400a58fa8
:1098f8001310a000f000a58f1110a000ec00a58f98
:109908001318a000e800a58f1118a000d800bfd731
:10991800d000bdd7c800bbd7c000b9d7b800b7d7eb
:10992800b000b5d7a800b3d7a000b2d79800b1d778
:109938009000b0d78800afd78000aed77800add7f9
:109948007000acd76800abd76000aad75800a9d779
:109958005000a8d74800a7d74000a6d73800a5d7f9
:109968003000a4d72800a3d72000a2d71800a1d779
:109978001000a0d700606041c00000000c01bb8f40
:109988001401ba8f02609b401001bb8f00709a408f
:109998001801bd2700e8dd4100609b401800004227
:020000040000fa
:020000041d01dc
:1099a80000e85d4100701a4000601b40e8febd27da
:1099b8001401baaf02601a401001bbaf0c01baaf74
:1099c80044781b7c00047b3700609b40d800bff7bd
:1099d800d000bdf7c800bbf7c000b9f7b800b7f7ab
:1099e800b000b5f7a800b3f7a000b2f79800b1f738
:1099f8009000b0f78800aff78000aef77800adf7b9
:109a08007000acf76800abf76000aaf75800a9f738
:109a18005000a8f74800a7f74000a6f73800a5f7b8
:109a28003000a4f72800a3f72000a2f71800a1f738
:109a38001000a0f7121000000401a2af10180000d7
:109a48000001a3af12102000fc00a2af10182000e4
:109a5800f800a3af12104000f400a2af10184000a5
:109a6800f000a3af12106000ec00a2af1018600065
:109a7800e800a3afb81c3f7c0801a3af00f842443c
:109a8800e400a2af626e400f00000000e400a28f65
:109a980000f8c2440801a38ff8fc617c0401a28f7e
:109aa800130040000001a38f11006000fc00a58f87
:109ab8001308a000f800a58f1108a000f400a58fd6
:109ac8001310a000f000a58f1110a000ec00a58fc6
:109ad8001318a000e800a58f1118a000d800bfd760
:109ae800d000bdd7c800bbd7c000b9d7b800b7d71a
:109af800b000b5d7a800b3d7a000b2d79800b1d7a7
:109b08009000b0d78800afd78000aed77800add727
:109b18007000acd76800abd76000aad75800a9d7a7
:109b28005000a8d74800a7d74000a6d73800a5d727
:109b38003000a4d72800a3d72000a2d71800a1d7a7
:109b48001000a0d700606041c00000000c01bb8f6e
:109b58001401ba8f02609b401001bb8f00709a40bd
:109b68001801bd2700e8dd4100609b401800004255
:020000040000fa
:020000041d01dc
:109b780000e85d4100701a4000601b40e8febd2708
:109b88001401baaf02601a401001bbaf0c01baafa2
:109b980044781b7c00047b3700609b40d800bff7eb
:109ba800d000bdf7c800bbf7c000b9f7b800b7f7d9
:109bb800b000b5f7a800b3f7a000b2f79800b1f766
:109bc8009000b0f78800aff78000aef77800adf7e7
:109bd8007000acf76800abf76000aaf75800a9f767
:109be8005000a8f74800a7f74000a6f73800a5f7e7
:109bf8003000a4f72800a3f72000a2f71800a1f767
:109c08001000a0f7121000000401a2af1018000005
:109c18000001a3af12102000fc00a2af1018200012
:109c2800f800a3af12104000f400a2af10184000d3
:109c3800f000a3af12106000ec00a2af1018600093
:109c4800e800a3afb81c3f7c0801a3af00f842446a
:109c5800e400a2af5471400f00000000e400a28f9e
:109c680000f8c2440801a38ff8fc617c0401a28fac
:109c7800130040000001a38f11006000fc00a58fb5
:109c88001308a000f800a58f1108a000f400a58f04
:109c98001310a000f000a58f1110a000ec00a58ff4
:109ca8001318a000e800a58f1118a000d800bfd78e
:109cb800d000bdd7c800bbd7c000b9d7b800b7d748
:109cc800b000b5d7a800b3d7a000b2d79800b1d7d5
:109cd8009000b0d78800afd78000aed77800add756
:109ce8007000acd76800abd76000aad75800a9d7d6
:109cf8005000a8d74800a7d74000a6d73800a5d756
:109d08003000a4d72800a3d72000a2d71800a1d7d5
:109d18001000a0d700606041c00000000c01bb8f9c
:109d28001401ba8f02609b401001bb8f00709a40eb
:109d38001801bd2700e8dd4100609b401800004283
:020000040000fa
:020000041d01dc
:109d480000e85d4100701a4000601b40e8febd2736
:109d58001401baaf02601a401001bbaf0c01baafd0
:109d680044781b7c00047b3700609b40d800bff719
:109d7800d000bdf7c800bbf7c000b9f7b800b7f707
:109d8800b000b5f7a800b3f7a000b2f79800b1f794
:109d98009000b0f78800aff78000aef77800adf715
:109da8007000acf76800abf76000aaf75800a9f795
:109db8005000a8f74800a7f74000a6f73800a5f715
:109dc8003000a4f72800a3f72000a2f71800a1f795
:109dd8001000a0f7121000000401a2af1018000034
:109de8000001a3af12102000fc00a2af1018200041
:109df800f800a3af12104000f400a2af1018400002
:109e0800f000a3af12106000ec00a2af10186000c1
:109e1800e800a3afb81c3f7c0801a3af00f8424498
:109e2800e400a2aff049400f00000000e400a28f58
:109e380000f8c2440801a38ff8fc617c0401a28fda
:109e4800130040000001a38f11006000fc00a58fe3
:109e58001308a000f800a58f1108a000f400a58f32
:109e68001310a000f000a58f1110a000ec00a58f22
:109e78001318a000e800a58f1118a000d800bfd7bc
:109e8800d000bdd7c800bbd7c000b9d7b800b7d776
:109e9800b000b5d7a800b3d7a000b2d79800b1d703
:109ea8009000b0d78800afd78000aed77800add784
:109eb8007000acd76800abd76000aad75800a9d704
:109ec8005000a8d74800a7d74000a6d73800a5d784
:109ed8003000a4d72800a3d72000a2d71800a1d704
:109ee8001000a0d700606041c00000000c01bb8fcb
:109ef8001401ba8f02609b401001bb8f00709a401a
:109f08001801bd2700e8dd4100609b4018000042b1
:020000040000fa
:020000041d01dc
:109f180000e85d4100701a4000601b40e8febd2764
:109f28001401baaf02601a401001bbaf0c01baaffe
:109f380044781b7c00047b3700609b40d800bff747
:109f4800d000bdf7c800bbf7c000b9f7b800b7f735
:109f5800b000b5f7a800b3f7a000b2f79800b1f7c2
:109f68009000b0f78800aff78000aef77800adf743
:109f78007000acf76800abf76000aaf75800a9f7c3
:109f88005000a8f74800a7f74000a6f73800a5f743
:109f98003000a4f72800a3f72000a2f71800a1f7c3
:109fa8001000a0f7121000000401a2af1018000062
:109fb8000001a3af12102000fc00a2af101820006f
:109fc800f800a3af12104000f400a2af1018400030
:109fd800f000a3af12106000ec00a2af10186000f0
:109fe800e800a3afb81c3f7c0801a3af00f84244c7
:109ff800e400a2afd285400f00000000e400a28f69
:10a0080000f8c2440801a38ff8fc617c0401a28f08
:10a01800130040000001a38f11006000fc00a58f11
:10a028001308a000f800a58f1108a000f400a58f60
:10a038001310a000f000a58f1110a000ec00a58f50
:10a048001318a000e800a58f1118a000d800bfd7ea
:10a05800d000bdd7c800bbd7c000b9d7b800b7d7a4
:10a06800b000b5d7a800b3d7a000b2d79800b1d731
:10a078009000b0d78800afd78000aed77800add7b2
:10a088007000acd76800abd76000aad75800a9d732
:10a098005000a8d74800a7d74000a6d73800a5d7b2
:10a0a8003000a4d72800a3d72000a2d71800a1d732
:10a0b8001000a0d700606041c00000000c01bb8ff9
:10a0c8001401ba8f02609b401001bb8f00709a4048
:10a0d8001801bd2700e8dd4100609b4018000042e0
:020000040000fa
:020000041d01dc
:10a0e800d8ffbd272400bfaf2000b4af1c00b3af1a
:10a0f8001800b2af1400b1af1000b0af0482828f65
:10a108005b0040102400bf8ff8818293ff0042302b
:10a11800fdff401025888000f8818293ff004230bf
:10a128000b0040100c82828f6eee400f0000000082
:10a13800f881842700008390ffff6324ff006330c9
:10a14800000083a075ee400f252040000c82828f0e
:10a15800260040581600239214002296010013246a
:10a168000498530025900000808012001082828f8e
:10a178000a80507c18000052010052262400148ed8
:10a1880071f0400f252080021200400401000324d2
:10a1980004184300241873000e0060100100052401
:10a1a800e69b400f120004864c00038e0a006050a4
:10a1b800010052265a000296002042300500401045
:10a1c800002006245000078e2528800209f8600028
:10a1d80012000486010052260c82828f2a10420245
:10a1e800e2ff40148080120016002392020002242d
:10a1f800260062140482908fffff102623000016a9
:10a20800048290af0c82828f0c0040180882848fe1
:10a21800802010001082828f0a20447c0300801066
:10a228000100102625ce400f000000000c82828f0e
:10a238002a100202f6ff40140882848f0c00828cd8
:10a2480009f840001082858f108280affc81848fce
:10a2580005008050088280af4ce8400f00000000e5
:10a26800fc8180af088280af0c8280af2400bf8f52
:10a278002000b48f1c00b38f1800b28f1400b18f68
:10a288001000b08f0800e0032800bd276eee400fd5
:10a2980000000000f881839301006324f88183a300
:10a2a80075ee400f25204000f1ff00102400bf8ffd
:020000040000fa
:020000041d01dc
:10a2b800e0ffbd271c00bfaf1800b1af1400b0af5e
:10a2c800258080006800918c4000848c3c00028ec0
:10a2d8001b008200f40140001000038e02000524d8
:10a2e80033006510030005244700651012100000b4
:10a2f8000100052419006510ff004230040000ae7b
:10a308000c0000ae080000ae1400238e1b00620093
:10a31800f4014000121800002c0003ae1400238e34
:10a328001b006200f401400010180000300003ae6a
:10a3380023184300340003ae1800268e2b28c300d0
:10a348000b18c50026006210340003ae1c00028ef4
:10a35800380002ae01000224100002ae2c00068e66
:10a3680025388000023086701c00058ea4ba400f84
:10a3780025200002010003241f0043141c00bf8f86
:10a388003c00028e3000048e02204470300004ae7f
:10a398001c00038e3400068e023046701000258e95
:10a3a800f4e9400f2120640002000224100002aeec
:10a3b800010007242c00068e25280000afa4400fba
:10a3c80025200002010003240b0043141c00bf8f4a
:10a3d80003000224100002ae060000102510000041
:10a3e8001000228e380002ae02000224100002aed5
:10a3f800251000001c00bf8f1800b18f1400b08f0b
:10a408000800e0032000bd27ff0042302c00068e24
:10a4180025384000023046703800058e229f400fd4
:10a428002520000201000324f3ff43141c00bf8f02
:10a438001800238e3400048eeeff64102318640085
:10a44800180023ae1400228e3400038e211043001e
:10a45800140022ae3400028e3c00048e1000238ebd
:10a46800022844702110a300100022ae100000ae94
:08a47800e0ff001025100000b8
:020000040000fa
:020000041d01dc
:10a48000d0ffbd272c00bfaf2800b5af2400b4af6c
:10a490002000b3af1c00b2af1800b1af1400b0afd2
:10a4a0005500c0102588c00026eb400f25a8a0004d
:10a4b0005b004010258040003000428c5a00405420
:10a4c000360002963c00028e0004427c5a00405046
:10a4d00036000296dde6400f252000023600029687
:10a4e000380040543000148e3d0000102588400094
:10a4f000420080522510200234000396ffff643092
:10a500002b20640201008054251860022590600011
:10a51000ffff63302b18430001006054259040007a
:10a52000ffff523215004052340002960500a0127f
:10a53000253040023800058ef4e9400f2520a002a6
:10a5400021a8b20223987202ffff733221885102c0
:10a55000ffff31323600029623105200360002a669
:10a560003400029623105200340002a63800028ef6
:10a5700021905200380012ae3400029608004014b8
:10a58000000000000000828e0b004010300002ae80
:10a590000c004394340003a60800428c380002ae3d
:10a5a0000d00601236000296d1ff40543000148e28
:10a5b000cdff001025102002340000a6f8ff001087
:10a5c000380000ae0c00805225880000259820023b
:10a5d000c9ff001025880000080040142510200243
:10a5e0003c00028e0004427c040040102510200232
:10a5f000dde6400f25200002251020022c00bf8f31
:10a600002800b58f2400b48f2000b38f1c00b28fb8
:10a610001800b18f1400b08f0800e0033000bd2790
:10a62000f5ff001025880000edff40502588400010
:10a63000e6ff00103000148eabff401025880000ac
:08a64000eeff001025102002be
:020000040000fa
:020000041d01dc
:10a64800b0ffbd274c00bfaf4800b4af4400b3af64
:10a658004000b2af3c00b1af3800b0af25888000f1
:10a668000400908c2c00a0af2800a0af3000a0af51
:10a678002000a0af1c00a0af2400a0af1400a0af22
:10a688001000a0af1800a0af90001426049d133c42
:10a69800a0e3400f2520800239004010259040009b
:10a6a8000f004490020084386001062470bf6526bc
:10a6b80091e3400f0100842c1000428e0500221205
:10a6c8002528400264e8400f1c00a427f0ff001072
:10a6d8000000000064e8400f2800a427ecff0010e9
:10a6e8000000000064e8400f2800a427350000108f
:10a6f800000000001000a28f9c0002ae1400a28f80
:10a70800a00002ae1800a28fa40002ae2800a58ff8
:10a718000900a050000020a6030007242800a6274f
:10a72800d99c400f252000022800a58ffbffa0140c
:10a7380003000724000020a6ffff02240c0022ae1d
:10a748000400238e04006294ffff4224040062a4e4
:10a758000400238e020062948410027c020062a42a
:10a768004c00bf8f4800b48f4400b38f4000b28fb5
:10a778003c00b18f3800b08f0800e0035000bd27bf
:10a788001c00a28f900002ae2000a28f940002ae9f
:10a798002400a28f980002ae2800a58f0800a01000
:10a7a8009c001426020007242800a627d99c400fe5
:10a7b800252000022800a58ffaffa0149c0014266b
:10a7c800049d133ca0e3400f25208002c9ff4010e0
:10a7d800259040000f00449003008438600106244f
:10a7e80070bf652691e3400f0100842c1000428e53
:10a7f800bcff22122528400264e8400f1000a4275d
:08a80800f0ff00100000000049
:020000040000fa
:020000041d01dc
:10a81000e0ffbd271c00bfaf1800b2af1400b1affe
:10a820001000b0af0080103c585310260400028e78
:10a830001800428c09f840003400118e140002ae5a
:10a840001400048e1000028e232082002800088e3f
:10a850002c00098e211888002b2864002138a900bb
:10a86000280003ae2c0007ae47002012251000027e
:10a8700025804000300042900100422461cd400f0d
:10a88000300002a23400108e1c0000120080113c27
:10a890000c00028e19004014010012240080113cab
:10a8a00058533126180012a2190012a20400028e79
:10a8b00041004014000000001000028e3e004010d5
:10a8c00000000000a2ca400f2000048e1000028e7b
:10a8d000040040503400308e09f840001400048e0b
:10a8e0003400308e050000520080113c0c00028eb6
:10a8f000ecff4010000000000080113c204e31268b
:10a900002580000025902002c0181000211870003a
:10a91000801803002118430219006390ff00633080
:10a9200010006010c018100021187000801803007b
:10a9300021184302190060a00400238e01000224a4
:10a9400008006214c01010000800238e211050006f
:10a9500080100200211042020c0043ac509d400fb9
:10a96000252020020100102605000224e6ff021621
:10a97000240031260080023c58534224300043908a
:10a98000ffff6324300043a06eee400f0000000084
:10a99000017d400f2580400075ee400f252000020c
:10a9a0001c00bf8f1800b28f1400b18f1000b08f41
:10a9b0000800e0032000bd2727bd400f252000022e
:10a9c0000400028ec1ff4050010000a2c0ff001031
:04a9d0001000028ee3
:020000040000fa
:020000041d01dc
:10a9d400c8ffbd273400bfaf3000b4af2c00b3af05
:10a9e4002800b2af2400b1af2000b0af259880009a
:10a9f4002588a0002580c0000200a0102590e0005a
:10aa04000000a0ac04000012100006242528000059
:10aa14004eeb400f252000025c81948f0b008012c6
:10aa2400faff02241000a5270b60400f25206002c6
:10aa34000e0040101000a52704002012251000006d
:10aa44001000a28f000022ae251000003400bf8f3a
:10aa54003000b48f2c00b38f2800b28f2400b18f44
:10aa64002000b08f0800e0033800bd27a926400f5e
:10aa7400252060021100401025286002f3ff001217
:10aa8400251000001000a58f1400a48f1800a38fb8
:10aa94001c00a28f030005aa000005ba070004aa3f
:10aaa400040004ba0b0003aa080003ba0f0002aaa8
:10aab4000c0002bae5ff001025100000f6a1400fbb
:10aac4000000848e25284000e0ffa010ffff022430
:10aad4000000a3948000623005004014000163303c
:10aae40001000424fbff0224d8ff00100a10830095
:10aaf4002700a3902600a89025206800d3ff80108b
:10ab0400feff02241a00601000000000180000126a
:10ab1400ff0f043cffff843421186400002103006c
:10ab24001400a38c21186400030067880000679850
:10ab340007006688040066980b006488080064981f
:10ab44000f0062880c006298030007aa000007ba8d
:10ab5400070006aa040006ba0b0004aa080004baf7
:10ab64000f0002aa0c0002bab8ff4016251000001c
:10ab7400b6ff001125100000b5ff20123400bf8f6e
:10ab84001000a28c0000428c000022aeafff001027
:04ab94002510000088
:020000040000fa
:020000041d01dc
:10ab9800ff000224090082101300032400a0023cd5
:10aba8005002428c05004414000000000500a01467
:10abb80000a0023c480240ac251800000800e00351
:10abc8002510600000a0023c400242240800438c8b
:10abd800020042945400621004004224e0ffbd27a2
:10abe8001c00bfaf1800b1af1400b0af2580a000a3
:10abf800003c917c402803002128a3008028050000
:10ac08002328a3002128a20000a0073c3018e7242d
:10ac180016000624402805007b85400f25202002c9
:10ac2800340040100100032400a0073cf015e7247d
:10ac3800ff00062400a0023c3018458c7b85400f9d
:10ac4800252020022b0040100100032400a0043c12
:10ac58000ce9400ff01584241800048e08008010b9
:10ac6800258840001c00028e0500401001002326a4
:10ac78002b1043002500401025302002000080a042
:10ac8800ffff3132251020020d00312e0100205225
:10ac98000c000224ffff51302530200200a0053ca3
:10aca800f015a524f4e9400f0900042621881102b3
:10acb800090020a200a0023c30184224140043944a
:10acc800080003a20e004394040003a60c00438c62
:10acd800060003a60800428c000002ae00a0023c59
:10ace800400242240800438c01006324080043ac5e
:10acf80025180000251060001c00bf8f1800b18fb8
:10ad08001400b08f0800e0032000bd2700a0053c18
:10ad1800f4e9400ff015a5241800028e2110510007
:10ad2800d7ff0010000040a000a0023c480240ac41
:10ad38000900a0a01800a28ca0ff40102518000050
:10ad48001c00a48c9dff8054000040a09bff0010b5
:04ad580000000000f7
:020000040000fa
:020000041d01dc
:10ad5c00d8ffbd272400bfaf2000b3af1c00b2af9b
:10ad6c001800b1af1400b0af0f00052442e2400f41
:10ad7c000f0004245f0040105c81908f5d00001276
:10ad8c00020042301600401400000000049d113ceb
:10ad9c0068be3126d1d5400f2400048655004010e2
:10adac00c60607242600048625302002049d053c97
:10adbc00509fa52422e2400f2b200400260002867f
:10adcc0003004010000000008118400f25200002f5
:10addc0062e2400f24000486eeff00100000000029
:10adec0077e0400f0000000066de400f2588400031
:10adfc002530200225380000252040000e3c400f55
:10ae0c0025286000258840001c0002ae0000138e2f
:10ae1c000c00628eddff40102590000025284002ba
:10ae2c00eaea400f252060022528400000004294e9
:10ae3c00010043300d0060108000433012006010a0
:10ae4c00000143301400038e010060501800a38ce5
:10ae5c000800a28c231022022b1043000400405443
:10ae6c00010052268fc1400f2520000201005226fe
:10ae7c000c00628e2b104202e9ff40142528400280
:10ae8c00c3ff0010049d113c140060540c00a28cf4
:10ae9c000c00a38c231823020200632cf4ff6054d3
:10aeac00010052260c00b1ac2b00a3902c00a490f6
:10aebc002b20640006008010010063242b00a3a04b
:10aecc00fc2b400f25200002e9ff00100100522648
:10aedc0000014234e5ff00100000a2a4e4ff22525e
:10aeec00010052268fc1400f25200002e0ff001008
:10aefc00010052262400bf8f2000b38f1c00b28f9c
:10af0c001800b18f1400b08f0800e0032800bd2793
:020000040000fa
:020000041d01dc
:10af1c00e0ffbd271c00bfaf1800b2af1400b1afeb
:10af2c001000b0af160083900300022419006214c5
:10af3c00f081838f05006050f08180af1000848c0d
:10af4c000400641401000224f08180afc88180af3a
:10af5c00010002241c00bf8f1800b28f1400b18fa7
:10af6c001000b08f0800e0032000bd27b88180af2f
:10af7c00c48180a3f08180afc88180afbc8180afd9
:10af8c00e481828f01004224e48182aff1ff001042
:10af9c0001000224e481828ff9ff4054bc8180af10
:10afac00ecffa010251000000800a48c0100032465
:10afbc00e9ff83141c00bf8f77e0400f2580a000b1
:10afcc0025884000cc8182af0080023c505540acbb
:10afdc0050554224040040ac080040ac0c0040ac7e
:10afec00100040ac140040ac180040ac1c0040ac4d
:10affc000080023c705540a00000058e0600a01099
:10b00c001e0006242590400062eb400f705544242e
:10b01c00705552261e0040a20800028ec08182afdd
:10b02c000c00028e02105170dc8182af1000028e77
:10b03c0002105170d88182af1400028e0210517030
:10b04c00d48182af1800028e02885170d08191afea
:10b05c0072c7400f0400048eec8182af25300000d3
:10b06c007b00052491ee400f252000002520400098
:10b07c00208082a7ffff0324b6ff83102510000059
:10b08c00253000009f34400f0200052425380000b5
:10b09c00049d063cd89ac6240001052462d0400fba
:10b0ac00208084874c040624019d053c448fa524f4
:10b0bc00adc5400f14000424acff4014e88182afee
:10b0cc008adc400f00000000a2ff001025100000d9
:020000040000fa
:020000041d01dc
:10b0dc006d00801053ff03246b00a01000000000d3
:10b0ec006900c0102518000050ffbd27ac00bfaf91
:10b0fc00a800b2afa400b1afa000b0af2588c000cb
:10b10c002590a0001400838cfeff0224070062101f
:10b11c002580800035aa400f000000002518400053
:10b12c00f1fe02244f006214251060000100023c65
:10b13c00010042242b1022024900401053ff03242b
:10b14c0010000492010002244500821439ff0324ec
:10b15c002530200225284002c32f400f0c00048efe
:10b16c0025184000020002243600621480000224dc
:10b17c001800a2af2000a2271400a2af20000224c6
:10b18c001000a2af049d073c44b5e7243000062410
:10b19c00049d053cd0a3a52431db400f0100042401
:10b1ac002c004014039d033c2000a4274823632457
:10b1bc00a000a62700008590000067902628a70015
:10b1cc002510450001008424faff86140100632435
:10b1dc0020004014240006242000a527e1ac400fd9
:10b1ec002520000211004014010003242400052432
:10b1fc0031c6400f2000a4270c0040142518400035
:10b20c00200006242400a5276e83400f0c00048e1a
:10b21c000600401425184000253020022528400245
:10b22c00c32f400f0c00048e251840002000a227cd
:10b23c004400a427000040a001004224fdff441458
:10b24c000000000006006010030002240b006214d2
:10b25c000200022403000224100002a22fff032488
:10b26c0025106000ac00bf8fa800b28fa400b18f76
:10b27c00a000b08f0800e003b000bd27100002a2b0
:10b28c00f7ff001039ff03240800e00325106000cd
:020000040000fa
:020000041d01dc
:10b29c00d0ffbd272c00bfaf2800b5af2400b4af42
:10b2ac002000b3af1c00b2af1800b1af1400b0afa8
:10b2bc002588800025a0a00025a8c0000800a23089
:10b2cc00480040102590e0000080043c73e3400fe0
:10b2dc00885684241800401425804000540022967f
:10b2ec0001004224540022a6580022960100422458
:10b2fc00ffff4230580022a6b48083972b106200c7
:10b30c00f4ff0424218003340b188200000043aea8
:10b31c00251000022c00bf8f2800b58f2400b48f9d
:10b32c002000b38f1c00b28f1800b18f1400b08fa7
:10b33c000800e0033000bd27580020a60080043c24
:10b34c0073e3400f945684241c004014259840004d
:10b35c00252800020080043cf8e7400f885684241e
:10b36c005200229601004224520022a65600229638
:10b37c0001004224ffff4230560022a6b68083977c
:10b38c002b10620009004010f5ff0224000042aeb1
:10b39c00dfff00102580000025280002f4ea400f92
:10b3ac0034002426230000103c00238e208002341d
:10b3bc00000042aed6ff001025800000560020a6eb
:10b3cc0050000624252800004eeb400f252040009d
:10b3dc00ffff02240c0062ae1c0070ae0d000010ca
:10b3ec00258060020080043c73e3400f9456842453
:10b3fc00dbff401025804000560020a6500006249c
:10b40c00252800004eeb400f252000027af1400f5a
:10b41c001400042601009436080014a6deffa012c6
:10b42c000a0000a225280002f8e7400f3400242669
:10b43c003c00238e8480828f2b104300b4ff405439
:0cb44c00848083afb3ff001025100002c5
:020000040000fa
:020000041d01dc
:10b45800c8ffbd273400bfaf3000b3af2c00b2af78
:10b468002800b1af2400b0af1600a01025808000de
:10b478007c00828c040040102588a000050005246b
:10b4880009f8400024018424540012260000338e59
:10b498002000228e08004234200022ae25282002f7
:10b4a80080e7400f25204002f8ff601625886002db
:10b4b8007c00028e030040100600052409f84000b5
:10b4c800240104262400029604004230100040544f
:10b4d8001000a0af20000292100042300b00401470
:10b4e80001000624ffff05244ea6400f2520000278
:10b4f8003400bf8f3000b38f2c00b28f2800b18f7b
:10b508002400b08f0800e0033800bd271000a0af6a
:10b518001400a0af1800a0af7c00028e03004010fa
:10b528000500052409f840002401042654001126ca
:10b53800cee2400f2520200222004014252840009a
:10b548007c00028e2c0040100600052409f84000fb
:10b55800240104261000a28f0c0040507c00028eab
:10b568001000458cb181400f252000021b004010bf
:10b5780003000324170043544801028e4c01028e35
:10b58800010042244c0102ae7c00028e03004010f0
:10b598000500052409f84000240104261000a52709
:10b5a800b9db400f252020027c00028ed0ff40101e
:10b5b8000600052409f8400024010426cdff0010e8
:10b5c8003400bf8f80e7400f1000a427d8ff001079
:10b5d8000000000001004224480102aecee2400f04
:10b5e8001000a4271000a28fdeff40541000458ce5
:10b5f800e6ff00107c00028e1000a28fd8ff4014d6
:0cb608001000a527e6ff00100000000065
:020000040000fa
:020000041d01dc
:10b6140016008590030003246a00a310010002248d
:10b62400d8ffbd272400bfaf2000b1af1c00b0afce
:10b63400f481828f5700401425888000220006245c
:10b64400252800000080043c4eeb400fa6548424bf
:10b654000080103cffff0224a45402a60800228e9e
:10b66400a4541026140002ae00002296040002a680
:10b6740025300000039d053c482ea5244dd7400fde
:10b684002520000047004010200002ae4d01062492
:10b69400019d053c58fba524adc5400f0e000424b4
:10b6a4000080033c3f004010bc5462ac25300000d5
:10b6b4005f7605248aee400f0100042425804000b3
:10b6c400ffff0224370002120080023ca45450a45d
:10b6d400253800005f76062401000524728b400f94
:10b6e400252000022f004010253800005f76062434
:10b6f40001000524985e400f252000022900401017
:10b7040001000624252800009f34400f2520000254
:10b71400240040100080113ca4543126000202246d
:10b72400020022a61000a627050005241f57400f7b
:10b7340025200002020026961000a2972b10460036
:10b7440005004010050005249f34400f2520000209
:10b7540014004010000000000080023c010003249b
:10b76400ac5443ac01000624030005249f34400f6d
:10b774002520000225380000049d063c0c9bc624ad
:10b784000001052462d0400f25200002050040106e
:10b79400f481828f01004224f48182af04000010fe
:10b7a400010002244fc0400f0000000025100000db
:10b7b4002400bf8f2000b18f1c00b08f0800e0036d
:0cb7c4002800bd270800e0030000000082
:020000040000fa
:020000041d01dc
:10b7d000d0ffbd272c00bfaf2800b6af2400b5af07
:10b7e0002000b4af1c00b3af1800b2af1400b1af6b
:10b7f0001000b0af258080002588a0008400838cd5
:10b800000001023c010042242410620001000424d3
:10b810000100052405004414010016240300023c25
:10b82000241862000100652c25b000004800048e39
:10b830000c00801001000224710003920a0062547f
:10b840007800148e0800a0507800148e2000828c9e
:10b850000800423003004054480000aeb2c7400f19
:10b86000480000ae7800148e7600029624885100bd
:10b870002590000005002012259800001700805236
:10b8800025880000740012864400138e1600c01232
:10b890007c00158e03cf400f2520000205002012ea
:10b8a0002538a002253020022528600209f88002f0
:10b8b000252040022c00bf8f2800b68f2400b58fb2
:10b8c0002000b48f1c00b38f1800b28f1400b18f0a
:10b8d0001000b08f0800e0033000bd272590000065
:10b8e000eaff0010259800005e0002966e0002a696
:10b8f0000000028e080002ae0c0002ae100002ae84
:10b900001400028e1c0002ae200002ae8400028ee3
:10b910004440027c000242348452027c8494027cc3
:10b92000c4bd027cc49c027c840002ae380000ae20
:10b93000340000ae830000a2500000aeffff0324dd
:10b94000580003ae01000324600003a66a0003a6aa
:10b950005c0000a63c0000ae730000a2000c437c1b
:10b96000710003a225184000c006427c010040502f
:10b97000440000ae0007627c01004050400000ae71
:08b98000c6ff0010700000a2d8
:020000040000fa
:020000041d01dc
:10b98800d0ffbd272c00bfaf2800b5af2400b4af4f
:10b998002000b3af1c00b2af1800b1af1400b0afb5
:10b9a80082bf123c0080103c1453102682bf143c06
:10b9b80082bf133c0080113c1026428e01004230a9
:10b9c8000c00401481bf023c00080324940043acdf
:10b9d8002c00bf8f2800b58f2400b48f2000b38fb0
:10b9e8001c00b28f1800b18f1400b08f0800e0035c
:10b9f8003000bd273026958e2800038e0100622472
:10ba08003000048e2b104400010063240a18020041
:10ba1800251060002c00038e0f0062140000000047
:10ba28002000038e0c006010000000002400058e2a
:10ba38002000028e09f84000010004242800038e2b
:10ba4800010062243000048e2b104400010063249e
:10ba58000a180200251060002c00038ed6ff621021
:10ba6800000000002800038e0026648e0600843043
:10ba78000600052423008554ff00b5322800038ef4
:10ba880040180300ff00a6323851242621286400fc
:10ba98000000a6a001006324003ab57e21186400c6
:10baa800000075a0280002ae34000292ff00423068
:10bab800c1ff401000000000c6e4400f0000000075
:10bac8002000038ebaff605082bf143c2400058e0c
:10bad8003c000392ff0063300f006010000000007c
:10bae8003800038e2b104300b1ff405482bf143c32
:10baf8002000028e09f8400025200000acff00104d
:10bb080082bf143c3851242621186400000075a017
:10bb1800e4ff0010000000003800038ea4ff435427
:10bb280082bf143c2000028e09f840002520000046
:08bb38009fff001082bf143cc6
:020000040000fa
:020000041d01dc
:10bb4000d0ffbd272c00bfaf2800b5af2400b4af95
:10bb50002000b3af1c00b2af1800b1af1400b0affb
:10bb60000b00801053ff1224258080002598a00030
:10bb70001100a0142588c0000500c0147cff022419
:10bb80000000928c4000522e0b10120025904000b5
:10bb9000251040022c00bf8f2800b58f2400b48fe1
:10bba0002000b38f1c00b28f1800b18f1400b08f2b
:10bbb0000800e0033000bd270000848c4000822c88
:10bbc000f3ff40107cff12240400028e2118220291
:10bbd0002b10620004004010040003ae0800028e27
:10bbe00001004224080002ae160080100c00152649
:10bbf00040001424231084022b9022020b103202e6
:10bc0000259040002530400025286002f4e9400fcf
:10bc10002120a4020000028e21104202000002ae88
:10bc20002198720207005414238832022528a002aa
:10bc3000890d400f25200002d5ff401425904000bb
:10bc4000000000ae4000222e23004014259000008a
:10bc5000c0ff34260428147c4000942621a07402de
:10bc6000251860022510a00240006826030067889e
:10bc70000000679807006688040066980b006588d6
:10bc8000080065980f0064880c006498030047a8ba
:10bc9000000047b8070046a8040046b80b0045a8b6
:10bca000080045b80f0044a80c0044b810006324f5
:10bcb000eeff681410004224400073262528a002dd
:10bcc000890d400f25200002e5ff741625904000e5
:10bcd0003f00313225988002adff2012253020022e
:10bce00025286002f4e9400f2520a002a8ff0010db
:04bcf000000011ae91
:020000040000fa
:020000041d01dc
:10bcf40016008690030003246700c3100100022489
:10bd0400d8ffbd272400bfaf2000b4af1c00b3afe1
:10bd14001800b2af1400b1af1000b0af1481828f1d
:10bd24002d004054010042243200a0102588a000b8
:10bd34002590800005000624039d053cd0f9a52428
:10bd4400adc5400f2400042425184000108182afa3
:10bd540028006010251000000080043c7af1400f98
:10bd6400a05684240080043c7af1400fac5684240d
:10bd74000800448e0800828cb000062409f84000b4
:10bd84000000258e25804000160040100c8182aff3
:10bd94000000238e1f0060140080023c2c5643ac2c
:10bda4002c5642240800438e040043ac0400248e25
:10bdb4000a00832c0a0005240a288300080045ace5
:10bdc400080023960c0043a40a0023960e0043a403
:10bdd4001481828f01004224148182af0500001077
:10bde400010002244ce8400f1081848f108180af41
:10bdf400251000002400bf8f2000b48f1c00b38fd7
:10be04001800b28f1400b18f1000b08f0800e00347
:10be14002800bd27259800000080143cac569426c9
:10be2400ffff02240c0002a60e0002a6ffff02245c
:10be3400980002ae040013a6a00000aeac0000a659
:10be4400080000aea40000ae600000ae640000aec6
:10be54009c0000ae860000a6a80000aeae0000a2c2
:10be64002c000624252800004eeb400f1c0004265d
:10be740025280002f8e7400f2520800201007326e0
:10be84000000238e2b106302e5ff4014b00010263f
:10be9400c2ff00100080023c0800e0030000000024
:020000040000fa
:020000041d01dc
:10bea400e8ffbd271400bfaf9d9c400f00000000b9
:10beb4000f0040540000439087f2400f0000000040
:10bec4000300422c080040141400bf8f85f2400f79
:10bed40000000000049d053c90aaa52498d0400fc2
:10bee400252040001400bf8f0800e0031800bd2780
:10bef4000080053c402003002120830080200400b2
:10bf04002320830080200400232083008020040059
:10bf1400d44ea5242120a400a90085900100042466
:10bf2400f0ffa4140080053c40200300212083007e
:10bf34008020040023208300802004002320830029
:10bf440080200400d44ea5242120a400a90080a0b0
:10bf54006000858c2600a010253000000080043c81
:10bf6400d44e872440200300212083008020040035
:10bf740023208300802004002320830080200400e9
:10bf84002140e400252000010400a78c2d00475423
:10bf94002530a0002900c0542000a78c2000a68cc6
:10bfa400600086ac2530a0002000a78c5c00098dc1
:10bfb4002000a9ac5c0005ad2528e000f2ffa01428
:10bfc4000080073c402003002120830080200400df
:10bfd4002320830080200400232083008020040089
:10bfe400d44ee724212087006000848c0a28c400f2
:10bff4000080073cd44ee724403003002120c300d6
:10c004008020040023208300802004002320830058
:10c01400802004002120e400640085ac7400859035
:10c02400ffffa524740085a0190080a0080040a08b
:10c0340001000224abff0010a90082a0daff001067
:0cc044002000c7acddff00102000a58c20
:020000040000fa
:020000041d01dc
:10c05000b0ffbd274c00bfaf4800b5af4400b4af40
:10c060004000b3af3c00b2af3800b1af3400b0af66
:10c07000258880002590a00025a0c00025a8e0000c
:10c080001f00b0270418107c000015be0f00000030
:10c090000020023c25800202080000ae0c0000ae29
:10c0a0007c00828c030040100500052409f8400044
:10c0b00024018424253000021401258e2f9b400f7b
:10c0c00025204002259840007c00228e440040102c
:10c0d0000600052409f8400024012426150080529a
:10c0e0007c00228e0800128e120040527c00228eac
:10c0f0000400428e0c0043040000528e0800438e60
:10c100000400428e8002427c00a0043c03004010e8
:10c11000252064000080043c2520640009f880028a
:10c120002528a0020000528ef1ff401600000000fa
:10c130007c00228e030040100500052409f8400011
:10c14000240124260800028e0c00038e190043549b
:10c150000000438c080000ae170040140c0000ae35
:10c160007c00228e030040100600052409f84000e0
:10c1700024012426251060024c00bf8f4800b58f93
:10c180004400b48f4000b38f3c00b28f3800b18fb1
:10c190003400b08f0800e0035000bd270c00658c10
:10c1a0000400442400e0847c1400a4ace5ff0010eb
:10c1b0000c0062ac080003ae080040ac1001238ef6
:10c1c000000040ac140040ac0c00648cf3ff8054c1
:10c1d000000082ac080062acdaff00100c0062ac18
:10c1e000d9ff80520800028e0800128ec0ff401650
:0cc1f00000000000d4ff00100800028ec8
:020000040000fa
:020000041d01dc
:10c1fc00c8ffbd273400bfaf3000b7af2c00b6afbf
:10c20c002800b5af2400b4af2000b3af1c00b2af10
:10c21c001800b1af1400b0af4800b48f2580800077
:10c22c0050008010ffff02242588800025a8a00064
:10c23c0025b8c0000ce9400f2598e000259040007f
:10c24c002580000047004012ffff022400002382db
:10c25c002f0002240300621025b0000001005226ba
:10c26c00010016240001432e258000003d006010c3
:10c27c00feff02240300e01600000000039d173ca3
:10c28c0008cbf72609f8e0025c0204242580400064
:10c29c0034000012fdff02245c0206242528000055
:10c2ac004eeb400f25200002039d023c787842247f
:10c2bc0025180002400044240000488c0400478ce0
:10c2cc000800468c0c00458c000068ac040067ac80
:10c2dc00080066ac0c0065ac10004224f6ff441458
:10c2ec00100063240000448c0400428c000064acf9
:10c2fc00040062ac480010ae0400c01259000426c1
:10c30c005a0004262f000224590002a2ff00062422
:10c31c0062eb400f25282002ffff422621882202d3
:10c32c00000024822f00032403008314211802022e
:10c33c00590060a025904000540012a62f00022442
:10c34c00590102a201000224560002a60300601645
:10c35c00580015a2039d133cc43a73264c0013ae2f
:10c36c002510000001008056000082ae251000024e
:10c37c003400bf8f3000b78f2c00b68f2800b58fdc
:10c38c002400b48f2000b38f1c00b28f1800b18f23
:0cc39c001400b08f0800e0033800bd273b
:020000040000fa
:020000041d01dc
:10c3a80098ffbd276400bfaf6000b4af5c00b3afb7
:10c3b8005800b2af5400b1af5000b0af2590800024
:10c3c8002520a0005000538e3f00b1270418117c8f
:10c3d800000035be0f0000000020023c2588220224
:10c3e800080020ae0c0020ae1f00b0270418107cf7
:10c3f800000015be0f00000025800202080000aef4
:10c408000c0000ae253020022f9b400f1c01458eea
:10c4180025a040000800228e0c00238e30004354d3
:10c428000000438c080020ae2e0040140c0020ae03
:10c438000800028e05004010010007242530000284
:10c448001c01458e5777400f252040022510800299
:10c458006400bf8f6000b48f5c00b38f5800b28f48
:10c468005400b18f5000b08f0800e0036800bd276a
:10c478000c00048e0400432400e0637c140083aca9
:10c48800e4ff00100c0002ae000040ac140040ac09
:10c498000c00648c0c008054000082ac080062ac74
:10c4a8000c0062ac080040ac0400428c0003427ce3
:10c4b800d9ff40540800228ed6f0400f2520600294
:10c4c800d5ff00100800228e0c00658c040044245f
:10c4d80000e0847c1400a4acf2ff00100c0062acf5
:10c4e800080023ae0400438c4002637ce6ff6050e2
:10c4f8001801438e0400438cc4ff037c040043ac42
:10c508000400438c84f7037c040043ac0400438c90
:10c51800c45a037c040043ac0400438c0100042487
:10c52800c439837c040043ac000040ac140040ac28
:10c538000c00038eceff6054000062ac080002ae0f
:08c54800b4ff00100c0002ae6c
:020000040000fa
:020000041d01dc
:10c55000c8ffbd273400bfaf3000b5af2c00b4af6b
:10c560002800b3af2400b2af2000b1afb8e4400f51
:10c570001c00b0af5500401082bf153c0080123c3b
:10c580001453502682bf143c0080113cb850312611
:10c5900082bf133c060005241026a48e00028430be
:10c5a0000c00801081bf023c00100324940043acb7
:10c5b0003400bf8f3000b58f2c00b48f2800b38fac
:10c5c0002400b28f2000b18f1c00b08f0800e00360
:10c5d0003800bd270c00028e0800038e4200435035
:10c5e00081bf023c0026838e06006330280065145c
:10c5f000401802008a31237e1000a6a301006324a4
:10c600008a19237e1100a3a3010043241800068e7b
:10c610002b186600010042240b2043000c0004aede
:10c620000026828e060042301c0045141000a2979e
:10c63000202662ae10000292ff004230d6ff40106a
:10c640000000000068e6400f000000001453438e15
:10c65000d1ff6010060005240400058e1c00039223
:10c66000ff00633011006010000000001400038e12
:10c670002b104300c8ff4054060005241453428e7b
:10c6800009f8400003000424c3ff0010060005243d
:10c690008a19227edcff00101000a3a31000a293d1
:10c6a000202662aee3ff0010000000001400038e9d
:10c6b000b9ff4354060005241453428e09f8400084
:10c6c00003000424b4ff0010060005240010022417
:10c6d00081bf033c140162ac81bf033c940062ac97
:10c6e000b4ff00103400bf8f00100324140143acca
:08c6f000adff001081bf023c08
:020000040000fa
:020000041d01dc
:10c6f800e0ffbd271c00bfaf1800b1af1400b0affa
:10c70800fc80838f1e00605401000524f880838f0d
:10c718002500601425100000160083902200601484
:10c728002580a00002000224fc8082af0800828cd1
:10c7380006004010258880000400a01000000000ba
:10c748000000a28c1d0040140000000087f2400f7a
:10c758000000000008004050fc8080af85f2400fc8
:10c7680000000000039d053c1468a52461b7400f34
:10c7780025204000fc8080af0b0000102510000031
:10c788000900651425100000f880838f07006018e1
:10c798001c00bf8f1600849003008014010002243f
:10c7a80001006324f88083af1c00bf8f1800b18f8d
:10c7b8001400b08f0800e0032000bd2777e0400f89
:10c7c80000000000e08082af0800248ef48084af6f
:10c7d8000000118e04000296e88082a706000296e7
:10c7e800e68082a70800828c0400062409f840002d
:10c7f800252820020e004014008182af87f2400fe6
:10c808000000000008004050fc8080af85f2400f17
:10c8180000000000039d053c4468a52461b7400f53
:10c8280025204000fc8080afdfff001025100000ad
:10c83800f08091af05000624009d053cc002a524a8
:10c84800adc5400f0a00042406004014ec8082aff6
:10c8580007c0400f00000000fc8080afd2ff00102e
:10c8680025100000f880828f010042246eee400ff0
:10c87800f88082af01000324e48083a375ee400fa3
:10c888002520400001000224f88082afc6ff001076
:04c89800fc8082afef
:020000040000fa
:020000041d01dc
:10c89c006600a010fbff02240000a38c6300601054
:10c8ac000000000061008010faff02244200839413
:10c8bc00400063305d00601000000000c0ffbd2729
:10c8cc003c00bfaf3800beaf3400b7af3000b6afde
:10c8dc002c00b5af2800b4af2400b3af2000b2af2a
:10c8ec001c00b1af020002244b00e2101800b0afe4
:10c8fc000300e22c10004010010002241600e2108c
:10c90c0040001224f9ff02243c00bf8f3800be8f78
:10c91c003400b78f3000b68f2c00b58f2800b48f41
:10c92c002400b38f2000b28f1c00b18f1800b08f81
:10c93c000800e0034000bd27030002243900e21088
:10c94c0025900000040002240400e2102588000059
:10c95c00edff0010f9ff0224400011242598c000bf
:10c96c0025a0a0001000a4af0080023c71f0400f85
:10c97c008852508c001902002310620080100200b3
:10c98c00218002020000168e0c00c38edeff6010a8
:10c99c002510000000009e8e0000778e25a0000060
:10c9ac0025288002eaea400f0000048e25a84000ea
:10c9bc00000042940100433010006010241051001c
:10c9cc000f005254010094260800a28e0000638ec2
:10c9dc00241043002418d703080043142528a00270
:10c9ec00e8d0400f25200002feff07242530000070
:10c9fc000800a526ceaf400f1000a48f010094268e
:10ca0c000c00c28e2b108202e5ff40143c00bf8f3d
:10ca1c00bfff00103800be8f80001224cfff001023
:10ca2c0080001124cdff0010c00011240800e00389
:04ca3c0000000000f6
:020000040000fa
:020000041d01dc
:10ca4000c8ffbd273400bfaf3000b3af2c00b2af7a
:10ca50002800b1af2400b0af5c81918f310020126b
:10ca6000faff03242f008010f7ff032400008280c8
:10ca70002c0040102598c0002590a0000ce9400f24
:10ca8000258080004000422c26004010f7ff032440
:10ca90001000a5270b60400f252000022100401444
:10caa000020003241000a527a926400f252000021c
:10cab0001c0040140200032425280002b4a6400fe5
:10cac0000000248e2580400016004010f8ff03244b
:10cad0000100022404004212010003241c00433a16
:10cae0002b18030002006324160060160000029653
:10caf0000200443017008054260000a22a0004924d
:10cb0000242064002e00831480004430050080142b
:10cb1000251800000001423001000324fbff04241b
:10cb20000b188200251060003400bf8f3000b38fd7
:10cb30002c00b28f2800b18f2400b08f0800e003d2
:10cb40003800bd27020044301e0080100100643010
:10cb5000260000a2270000a2c441027c000002a619
:10cb6000180000ae280012a22a00029225186200c6
:10cb70002a0003a21c00228e080002ae0c0002aea6
:10cb80002b0000a20400238e030060140100022485
:10cb900009f2400f00000000401002002c0002a229
:10cba0002600229601004224260022a62528000203
:10cbb000fc2b400f25202002daff00102518400032
:10cbc0000100643001008054260000a2020064309d
:10cbd00001008054270000a2c439027ce0ff00104d
:04cbe000000002a6a9
:020000040000fa
:020000041d01dc
:10cbe4002014047c6500401800000000ff0082301f
:10cbf4000b00422c6100401000000000e8ffbd273c
:10cc04001400bfaf1000b0afffff84242086047c63
:10cc1400c010100021105000801802000080023c57
:10cc2400e84a42248a11437c290040100080023cd7
:10cc3400c01810002118700080180300e84a42242c
:10cc4400211043000400429420004230110040109f
:10cc54000080023cc01810002118700080180300e6
:10cc6400e84a4224211043000c00428c1000438cfb
:10cc740008006010c0101000211050008010020045
:10cc84001c0042240080043ce84a842409f8600023
:10cc940021208200c01010002110500080100200da
:10cca4000080033ce84a6324211043000800428cbe
:10ccb4002800458c0a00a014c02010002180900098
:10ccc4008020100021806400ffff0224030002a2e0
:10ccd4001400bf8f1000b08f0800e0031800bd27b8
:10cce4000080023cc0181000211870008018030056
:10ccf400e84a42242110430009f8a00006004484b5
:10cd04000080023c2d47439001000224130062146a
:10cd1400c020100021809000802010000080103c72
:10cd2400e84a102621800402000000ae040000ae90
:10cd3400080000ae0c0000ae100000ae140000aeff
:10cd4400180000ae1c0000ae200000ae0080023cc3
:10cd540001000324deff00102d4743a00080023ca5
:10cd64002180900080201000e84a50242180040291
:10cd7400fcff0224d6ff0010030002a20800e00317
:04cd840000000000ab
:020000040000fa
:020000041d01dc
:10cd88006500801053ff02246300a010000000001b
:10cd9800d8ffbd272400bfaf2000b3af1c00b2af3f
:10cda8001800b1af1400b0af258080000c009224a9
:10cdb8000000828c01004324000083ac2110420251
:10cdc80080ff0324000043a00000848c3900822cdb
:10cdd8000b0040142588a00040001324233064026f
:10cde800252800004eeb400f21204402000013ae1e
:10cdf80025284002890d400f25200002000000aec2
:10ce08000000048e380006242330c40025280000c2
:10ce18004eeb400f212044020400038e0800028ece
:10ce2800c01002004227030021104400080002ae8f
:10ce3800c0180300040003ae4400022604000426c0
:10ce48000300838800008398470003aa000043b8c2
:10ce580048000226080004260300838800008398ff
:10ce68004b0003aa000043b825284002890d400f53
:10ce7800252000024c000226030046880000469840
:10ce880007004588040045980b004488080044982a
:10ce98000f0043880c004398030026aa000026ba16
:10cea800070025aa040025ba0b0024aa080024ba02
:10ceb8000f0023aa0c0023ba4567023c0123422431
:10cec8004c0002aecdef023c89ab4234500002aeba
:10ced800ba98023cfedc4234540002ae3210023ce6
:10cee80076544224580002ae000000ae040000aea2
:10cef800080000ae600000ae251000002400bf8fbf
:10cf08002000b38f1c00b28f1800b18f1400b08faf
:10cf18000800e0032800bd270800e0030000000027
:020000040000fa
:020000041d01dc
:10cf2800e0ffbd271c00bfaf1800b2af1400b1afbf
:10cf38001000b0af2014047c1a00401825880000a7
:10cf4800ff0082300b00422c16004010ffff8424a3
:10cf58002086047cc01010002110500080180200a8
:10cf68000080023ce84a42248a11437c0d004010ac
:10cf7800251060000080033ce84a63242110430028
:10cf88000800428c2000458c0d00a014c020100021
:10cf9800218090008020100021806400ffff02247f
:10cfa800030002a2251020021c00bf8f1800b28fb8
:10cfb8001400b18f1000b08f0800e0032000bd27d7
:10cfc8000080023cc018100021187000801803006f
:10cfd800e84a42242110430009f8a00006004484ce
:10cfe800f0ff4010258840000080023cc018100067
:10cff8002118700080180300e84a422421104300d9
:10d008000400429420004230e6ff40100080023cb9
:10d01800c01810002118700080180300e84a422444
:10d0280021104300020042900200422cddff401410
:10d038000080023cc01810002118700080180300fe
:10d04800e84a422421104300010042901300401096
:10d058000080023cc01810002118700080180300de
:10d06800e84a4224211043000c00428c1000428cf4
:10d078000a0040101c0064240080123ce84a522632
:10d0880009f8400021204402c0101000211050006f
:10d098008010020021904202010040a20080023c60
:10d0a800c02010002180900080201000e84a502401
:10d0b8002180040201000224baff0010020002a22b
:020000040000fa
:020000041d01dc
:10d0c800c8ffbd273400bfaf3000b5af2c00b4afe8
:10d0d8002800b3af2400b2af2000b1af1c00b0af3e
:10d0e8000f00052442e2400f1600042451004010ae
:10d0f800cc80828f4f004010d880918f64013126f8
:10d1080025980000039d143c9cfe3226e2fe2486ee
:10d11800ffff022442008210258020022aab400f24
:10d1280000000000060040545c0042965bab400fd4
:10d13800e2fe248608004050defe02965c0042961d
:10d1480040004230210040105c0042968431027c4d
:10d158005c0042a6defe0296230040140000000098
:10d16800e078400fe2fe04861f004014a6808293f8
:10d178002b004014a48082972a0040500100732697
:10d188005c00429680004230260040500100732621
:10d198006ff2400f00000000ffff4330f6fe0496d8
:10d1a80023186400a48084972a1864001d00605422
:10d1b80001007326f6fe02a604000224fcfe02a665
:10d1c8001000022416000010defe02a6010003244f
:10d1d8000421627c5c0042a60f000224defe02a647
:10d1e80006000224fcfe02a66ff2400ff07e952690
:10d1f800f6fe02a61000a0a3defe02968010020032
:10d208000a10a27e1000a52709f840002520400238
:10d21800defe02a61000a293f7ff40501000a0a364
:10d2280001007326cc80828f2b106202b6ff401457
:10d23800640131263400bf8f3000b58f2c00b48fc5
:10d248002800b38f2400b28f2000b18f1c00b08f4c
:08d258000800e0033800bd27c7
:020000040000fa
:020000041d01dc
:10d260000080023cc02042246000821400000000c4
:10d270005e008010000000000080023ce020429030
:10d28000010042305900401000000000e0ffbd27bf
:10d290001c00bfaf1800b1af1400b0af0080103c4d
:10d2a000c02010264800118e1000228e09f8400080
:10d2b0001400048e1c00038e010002241d00621461
:10d2c0000080023cd820508c1c00228e09f84000bf
:10d2d0002520000201000324170043101c00bf8f0b
:10d2e0002000228e09f84000252000021600401080
:10d2f000258840000080103c7196400fc020042615
:10d30000c0201026ffff022487f2400f1c0002ae4f
:10d31000090040101c00bf8f85f2400f0000000084
:10d3200025302002049d053c8cb6a52461b7400f32
:10d33000252040001c00bf8f1800b18f1400b08f53
:10d340000800e0032000bd270080023cc0204224ea
:10d3500020004390010004248410837c200043a01b
:10d360004000468c0100c230170040100080023c93
:10d37000c0204224ff006330c418837c200043a0f7
:10d3800054de400f0080103cc020102677e0400f94
:10d39000840002ae3e00039602106270e70342244e
:10d3a0006210033cd34d63241900430010100000a9
:10d3b00082110200880002ae980000ae0200022432
:10d3c000dcff00101c0002ae0200c6300080043cee
:10d3d000c02084240f0002240b3046006c9b400fb9
:10d3e0008000858ce6ff0010000000000800e003cc
:04d3f0000000000039
:020000040000fa
:020000041d01dc
:10d3f400e0ffbd271c00bfaf1800b1af1400b0aff1
:10d404002588a000c2ea400f2580c00024004010f7
:10d414002518000023000052251060000d00232e63
:10d424005600601080881100029d053c40d4a5245c
:10d434000a28b17c0800a0000000000074d4019dfb
:10d44400bcd4019de0d4019df8d4019d80d5019dfb
:10d4540080d5019d14d5019d80d5019d28d5019dc0
:10d464003cd5019d50d5019d60d5019d70d5019d90
:10d474008400438c021d0300010063380100633003
:10d48400000003a28400428c4215020001004238cd
:10d4940001004230010002a2020000a601000324a0
:10d4a400251060001c00bf8f1800b18f1400b08fce
:10d4b4000800e0032000bd278400438c8003637cc4
:10d4c400000003a26c004394020003a68000429073
:10d4d400040002a2f2ff0010010003241800438c90
:10d4e4001400428c23186200000003a6ecff001015
:10d4f400010003240400438c0000428c23186200c2
:10d5040001006324000003a6e5ff001001000324ca
:10d514008400428c4006427c000002a2e0ff00101e
:10d52400010003248400428c000b427c000002ae04
:10d53400dbff0010010003248400428cc003427c02
:10d54400000002a2d6ff00100100032481004290d3
:10d55400000002a2d2ff00100100032482004290c6
:10d56400000002a2ceff00100100032488004290b4
:10d57400000002a2caff001001000324c8ff00102b
:04d584002518000066
:020000040000fa
:020000041d01dc
:10d58800e0ffbd271c00bfaf1800b2af1400b1af59
:10d598001000b0af47008010258080005500a01013
:10d5a8002590a00048000292ff004230fdff401085
:10d5b8000000000048000292ff0042300a0040507c
:10d5c8002400118e6eee400f000000004800039208
:10d5d800ffff6324ff006330480003a275ee400f8d
:10d5e800252040002400118e0a0020120f00452635
:10d5f800022905000100a5240400228e2b184500ed
:10d608003e006010251820020000718c0b00205687
:10d618000400228efaff02246eee400f380002ae9c
:10d628004800039201006324480003a275ee400fee
:10d63800252040001f000010258000002b204500f9
:10d648002a008014232045000300862c0600c054bd
:10d658000000248e2000a254040024ae1c00605058
:10d668000000238e0000248e000064ac2800048e85
:10d6780001009150280003ae3000038e21104300b2
:10d68800300002ae3400038e2b1862000100605493
:10d69800340002ae6eee400f000000004800039216
:10d6a80001006324480003a275ee400f25204000c6
:10d6b80010003026251000021c00bf8f1800b28f02
:10d6c8001400b18f1000b08f0800e0032000bd27c0
:10d6d800e6ff0010240003ae002104002188240284
:10d6e800040025aee4ff00102510a000c6ff0010be
:10d6f80025182002efff0010258000002320450098
:10d708000300832cf2ff60540000238ed1ff001029
:04d7180025180000d0
:020000040000fa
:020000041d01dc
:10d71c000d008010251000000b00c0102128850082
:10d72c0025c8000001000c2402000b2403000a246d
:10d73c0025c000003e000f242f000e243f000924ba
:10d74c00400085145f000d240800e0030000000079
:10d75c00d0ff0325ff0063300a00632c0300601028
:10d76c000400032545000010ff006330d5ff03259e
:10d77c00fd006330410060502518e0013f000e11a0
:10d78c00251820013d000d1100000000010084242b
:10d79c002f008554000088900400b08f0800e0032f
:10d7ac000800bd2735000010251820010e002c178d
:10d7bc00024103000000d990254019010000c8a0c7
:10d7cc002b404700f5ff00110400b08f01004224ec
:10d7dc00ffff4230001903000100c3a00100c62462
:10d7ec00eaff001025c860010e002b1782400300d1
:10d7fc000000d990254019010000c8a02b4047001b
:10d80c00e6ff00110400b08f01004224ffff4230fc
:10d81c00801903000100c3a00100c624dbff001027
:10d82c0025c84001daff2a57010084240000c89063
:10d83c00251868000000c3a00100c624d3ff001007
:10d84c0025c80003f8ffbd270400b0af0000889086
:10d85c00bfff0325ff0063301a00702c0700001671
:10d86c00000000009fff0325ff0063301a00632cab
:10d87c00b7ff6010b9ff0325ff006330cbff201703
:10d88c002b404700c5ff00110400b08f010042245b
:10d89c00ffff4230801803000000c3a0bbff001044
:04d8ac0025c880010a
:020000040000fa
:020000041d01dc
:10d8b000c8ffbd273400bfaf3000b5af2c00b4aff8
:10d8c0002800b3af2400b2af2000b1af1c00b0af4e
:10d8d0002598e0000040e230150040104800b28f6b
:10d8e0001400a0af148082271000a2af0000a78c04
:10d8f0000000c68ce57b400f0f0065320600032454
:10d90000f7ff04240b206200251080003400bf8f35
:10d910003000b58f2c00b48f2800b38f2400b28f55
:10d920002000b18f1c00b08f0800e0033800bd2735
:10d9300025a080002580a00025a8c0000080023c12
:10d9400071f0400f8852518c0019020023106200c0
:10d95000801002002188220225280002b4a6400f70
:10d960000000248e25804000e8ff0012feff022404
:10d97000000002960200433014006010002065325f
:10d980000211130000014230000243342400272614
:10d99000253000000b1065002528400060cc400faa
:10d9a000252000020800078e1400a0af14808227f3
:10d9b0001000a2af0000a68e0f006532e57b400f7d
:10d9c00025208002d1ff001001000224c000433056
:10d9d000ceff6010030002240900405200000396ad
:10d9e0001000028e030042aa000042ba1400029204
:10d9f000040042a215000292050042a20000039614
:10da000080006330c1ff6010020002241400312640
:10da10000400122625284002a4b8400f2520200229
:10da20000080023c9852428c0c0002ae2528400235
:10da30000fb7400f25202002b4ff0010020002247f
:020000040000fa
:020000041d01dc
:10da4000c0ffbd273c00bfaf3800beaf3400b7af4a
:10da50003000b6af2c00b5af2800b4af2400b3af90
:10da60002000b2af1c00b1af1800b0af0000a29010
:10da700008004010259800002518a000010063242c
:10da8000219862024098130000006290fbff40144e
:10da9000feff733200a0023c420242943d00401857
:10daa000ffff10242590c0001000a5af258880003e
:10dab00025a000002580000000a0173c00a0163c17
:10dac00000a0153c070003320c0060142310500026
:10dad0000900462c080003240b18460040281000bb
:10dae000f017e726403003000800a5247b85400f8f
:10daf0002520200227004050ffff1024070002329b
:10db000040100200f017e326211043000000429469
:10db1000190053144002c226020045940400a524b3
:10db20002128b400253840021600062440280500ac
:10db30007b85400f252020020ce9400f1000a48fa8
:10db400025f04000f016a726253040000000458e45
:10db50007b85400f252020020e004050ffff10243f
:10db60002530c0031000a58f98df400ff016a426c3
:10db70000900401025100002010010264002c226b4
:10db8000020042942a180202ceff60140b00942671
:10db9000ffff1024251000023c00bf8f3800be8f0d
:10dba0003400b78f3000b68f2c00b58f2800b48fab
:10dbb0002400b38f2000b28f1c00b18f1800b08feb
:10dbc0000800e0034000bd27f2ff0010ffff102413
:020000040000fa
:020000041d01dc
:10dbd000b8ffbd274400bfaf4000b7af3c00b6afb1
:10dbe0003800b5af3400b4af3000b3af2c00b2afe3
:10dbf0002800b1af2400b0af25a0800025b0a00060
:10dc000025a8c00025b8e000d08084979480828f3a
:10dc100009f840000100842417004014d080879741
:10dc20000100e724049d063c98aec624100005249c
:10dc3000b8c3400f1000a4271000a627edff05244d
:10dc400098e5400f25208002ffff02344400bf8f7b
:10dc50004000b78f3c00b68f3800b58f3400b48fca
:10dc60003000b38f2c00b28f2800b18f2400b08f0a
:10dc70000800e0034800bd27258840000ce9400f5c
:10dc80002520c00225984000e078400f4600848699
:10dc9000d08085972b18a20009006010233845001a
:10dca000049d063c98aec624b8c3400f2520200230
:10dcb000253020023080053498e5400f2520800271
:10dcc000d08086972b106602ffff12341d00401093
:10dcd000258000000300e0122b10f302190040140d
:10dce0002530e002252820022485400f4600848646
:10dcf000258040002b98530012006016ffff12345d
:10dd000021102202000040a02528c00262c4400f5a
:10dd1000252020020b0040104001072423905100d1
:10dd200027201200049d063c08c3c624039d053c21
:10dd30009466a524d5c1400fc22704002190b202e9
:10dd4000ffff52329080828f09f840002520200288
:0cdd500000141000bdff00102510520050
:020000040000fa
:020000041d01dc
:10dd5c00d0ffbd272c00bfaf2800b5af2400b4af57
:10dd6c002000b3af1c00b2af1800b1af1400b0afbd
:10dd7c002588a0002590c00025a8e0005000948cb8
:10dd8c000800d08c0c00c28c340002160c00b38c32
:10dd9c000800c0ac0c00c0ac0400028ec439027c7c
:10ddac00040002ae0800428e0c00438e3400435433
:10ddbc000000438c080040ae320040140c0040ae12
:10ddcc000000628e0400068e0800058e0c00048e86
:10dddc001000038e000062ae040066ae080065ae53
:10ddec000c0064ae100063ae040000ae080000ae80
:10ddfc00000000ae140000ae0c00228e3100405426
:10de0c00000050ac080030ae0c0030ae0400628e46
:10de1c0001000324c439627c040062ae0400628eeb
:10de2c000500a0120003427c040040142c00bf8f9c
:10de3c00d6f0400f252080022c00bf8f2800b58f14
:10de4c002400b48f2000b38f1c00b28f1800b18f48
:10de5c001400b08f0800e0033000bd270000028ed4
:10de6c00cdff00100800c2ac0c00248e040043242b
:10de7c0000e0637c140083ac090000100c0022ae9f
:10de8c00080043ae000040ac140040ac0c00238ee4
:10de9c00f5ff6054000062ac080022ae0c0022ae0c
:10deac000400428cbfffa0120003427cbeff405412
:10debc000800428ed6f0400f25208002baff0010d9
:10decc000800428e0c00238e0400022600e0427ce7
:0cdedc00140062accdff00100c0030ae52
:020000040000fa
:020000041d01dc
:10dee800d8ffbd272400bfaf2000b3af1c00b2afde
:10def8001800b1af1400b0af0080023cc02042242b
:10df080024008214258800002598a0005200801063
:10df18002588c0000080023c2600c0101021528cc9
:10df28000080023c6021428c030040100080023ccb
:10df3800a5d7400f5c21448cc9d9400f2520600229
:10df48000080033cc0206324a000658c252865025e
:10df5800a00065aca800648c252082000d00a010ec
:10df6800a80064ac25986000ac00708c2780100075
:10df78002480020225280002cdf1400f252040020e
:10df880025280002d0f1400f2520400236ea400f34
:10df98009c00648e251020022400bf8f2000b38fc0
:10dfa8001c00b28f1800b18f1400b08f0800e00376
:10dfb8002800bd270080023c6021508c040000121c
:10dfc8000080023ca5d7400f5c21448c2588400086
:10dfd80024801302c9d9400f25200002259840004b
:10dfe800271010000080103cc0201026a000038ecf
:10dff80024186200a00003ae27181300a800048e9e
:10e0080024208300a80004aea400048e2410440039
:10e01800a40002aeac00028e24186200ac0003ae6d
:10e0280025286002d3f1400f2520400225286002f0
:10e03800cdf1400f25204002a000028e08004010bc
:10e04800252820020080023c9ce9400f5c21448c7a
:10e05800d0ff001001001124ceff00102588000019
:08e06800ccff0010010011249f
:020000040000fa
:020000041d01dc
:10e07000d8ffbd272400bfaf2000b3af1c00b2af54
:10e080001800b1af1400b0af258080002598a00023
:10e09000f9aa400f0e0084844f00401001001224a2
:10e0a000e078400f0e0004864700401025884000ad
:10e0b000253040007400058e6355400f0e00048625
:10e0c0004100401025884000840002a684000726f5
:10e0d0007400068e2528000028e3400f252000024a
:10e0e00039004014259000009800038effff0224a1
:10e0f0001d0062549800048e9000028e0b00405068
:10e100008c00128e940002ae01000524185d400fb1
:10e110009400048effff03240a00435003000224ee
:10e12000980002ae100000109800048e2f00052405
:10e130008ae5400f252040020a104202f2ff00103b
:10e14000940002aea00002aef2c6400f25200002ed
:10e15000e8dd400f252000029800048effff022416
:10e1600019008210ffff12249c00058e0400a018e5
:10e1700025302002667a400f25300000253020022d
:10e180007400058e2dec400f9800048effff0324d1
:10e190000a00431425900000b3a5400f9800048e98
:10e1a00005000224a00002aef2c6400f25200002a6
:10e1b000e8dd400f25200002ffff122448a8400f91
:10e1c0009800048e9c0002ae000071a67c00028eb6
:10e1d000218851007c0011ae251040022400bf8f21
:10e1e0002000b38f1c00b28f1800b18f1400b08fc5
:08e1f0000800e0032800bd2730
:020000040000fa
:020000041d01dc
:10e1f800c0ffbd273c00bfaf3800b6af3400b5af95
:10e208003000b4af2c00b3af2800b2af2400b1afd8
:10e218002000b0af25b0a0002588c00025a8e000e8
:10e228007af1400f1000a4270080043cb7cc400fbf
:10e238004c5684240080133c4c5673260080143cb2
:10e2480073e3400f252060020c0040142580400035
:10e258000080043c1000a28f4c5682ac4c5684249b
:10e268001400a28f040082ac1800a28fa5da400f18
:10e27800080082ac2c0000103c00bf8f0400029202
:10e28800010003241f004314020003240800128e17
:10e298001ce8400f050004920c00048e0000c38e99
:10e2a80031008314252800022800a006fcff05245d
:10e2b8001400438e0300258a0000259a030065a8f0
:10e2c800000065b804002492040064a005002492ac
:10e2d800050064a022004010000040ae252840023e
:10e2e80041d4400f2520400018004004fbff0524be
:10e2f80025280002f8e7400fb8568426d0ff001002
:10e308000000000003004314b60a0624e0ff0010d2
:10e318000800128e049d053ca8bda52437e3400fd4
:10e32800252000003c00bf8f3800b68f3400b58f21
:10e338003000b48f2c00b38f2800b28f2400b18f27
:10e348002000b08f0800e0034000bd27030006242a
:10e35800ffd2400f25204002e6ff001025280002ca
:10e36800faff0010fbff0524f8e7400f1000a42770
:08e37800b3ff001000000000db
:020000040000fa
:020000041d01dc
:10e38000201c047c5e00601825100000ff00833014
:10e390000b00632c5a00601000000000ffff842473
:10e3a0002026047cc018040021186400801003009b
:10e3b0000080033ce84a63248a19627c50006010a4
:10e3c00025100000e8ffbd271400bfaf0080023c0d
:10e3d000c01804002118640080180300e84a422491
:10e3e00021104300040042942000423029004010d4
:10e3f000c01804000080023c21186400801803004b
:10e40000e84a4224211043000200459004000324fe
:10e410001400a314251000000080023cc018040062
:10e420002118640080180300e84a422421104300a8
:10e430000c00428c2000438c0d006014c0100400be
:10e440000080023cc01804002120640080180400f1
:10e45000e84a442421208300ffff0224030082a015
:10e46000251000001400bf8f0800e0031800bd272e
:10e4700021104400801002001c0042240080043c53
:10e48000e84a842409f8600021208200f5ff00108a
:10e49000ffff423021186400801803000080053c13
:10e4a000e84aa524211865000800638c4c00658c9f
:10e4b0000900a0140080033cc02804002120a4000f
:10e4c00080280400e84a642421208500ffff0324fb
:10e4d000e4ff0010030083a00080023cc018040089
:10e4e0002120640080180400e84a4424212083008d
:10e4f00009f8a00006008484dbff00101400bf8f21
:08e500000800e0030000000028
:020000040000fa
:020000041d01dc
:10e50800880002243f00a2108900a2281a004010a7
:10e51800810002245400a2108200a22805004010a5
:10e52800800002245100a2500000e28c0800e003a1
:10e5380025100000820002243b00a2500000e28c5b
:10e5480084000224f9ffa214000000000000e28cfd
:10e55800040043240000428c2700c0100000e3acf4
:10e568002016027c000082acc3170200040082acb3
:10e578000800e00301000224a00002243600a25093
:10e588000000e28ca100a228100040109000022494
:10e59800e6ffa214000000000000e28c07004224fd
:10e5a8000410027c0000488c0400498c08004224b6
:10e5b8000000e2ac000088ac040089ac0100c01087
:10e5c800010002240800e00300000000c00002244b
:10e5d8000500a2500000e28cf0000224d3ffa21430
:10e5e800000000000000e28c040043240000e3acbb
:10e5f800020000100000428cffff42302000001093
:10e60800000082ac0000e28c040043240000428c2d
:10e618000300c0100000e3acd2ff00102014027cfd
:10e62800f6ff0010ff004230070042240410027c6d
:10e638000000488c0400498c080042240000e2ac29
:10e64800000088ac040089acdeffc0100100022481
:10e658000800e00300000000040043240000e3accd
:10e66800c0ff00100000428c0000e28c040043242c
:10e678000000e3ac0000428cbbffc014000082ac79
:08e68800bbff0010040080ac90
:020000040000fa
:020000041d01dc
:10e6900090ffbd276c00bfaf6800b4af6400b3af9c
:10e6a0006000b2af5c00b1af5800b0af0f000524fe
:10e6b00042e2400f0600042401004230f2ff12241f
:10e6c00044004014f6ff11246c00bf8f6800b48f23
:10e6d0006400b38f6000b28f5c00b18f5800b08fc0
:10e6e0000800e0037000bd272c0006960800c22c2d
:10e6f0003e004014253800001c00138e1800148eb4
:10e7000025286002a695400f252000023d004014f8
:10e71000080002240000639635006214f3ff05240c
:10e720001000852679d7400f2800048e3000401451
:10e73000f1ff05242800138e1c00048e000080a029
:10e74000010080a00200829425284000ff0046308e
:10e750000800c324ff0063300438657c0800632c84
:10e7600007006010003a427c01004224ff00423062
:10e7700003004014047a457c0900c6240438c57c93
:10e78000020085a4000000ae253000000100052431
:10e79000458e400f252000021800028e0c00438c8d
:10e7a0004800a3af1000428c4c00a2af5000b3afa2
:10e7b0002530000025280002c13f400f1000a4278b
:10e7c0000400401406000624faff0524ffd2400f7f
:10e7d0002520000258e8400f06000424c2ff401420
:10e7e00025804000b9ff00106c00bf8f2528400233
:10e7f00006000624ffd2400f25200002f5ff00107e
:10e8000000000000faff001025282002f8ff001089
:04e81000f1ff0524eb
:020000040000fa
:020000041d01dc
:10e81400c8ffbd273400bfaf3000beaf2c00b7af78
:10e824002800b6af2400b5af2000b4af1c00b3afce
:10e834001800b2af1400b1af1000b0af5000b38fe6
:10e84400fcff62260200422c060040144c00be8fde
:10e854002000a22c4a0040102000c22c4900401085
:10e86400faff112425b8e00025a0c00025a8a000c7
:10e8740097c0400f010005244400401025b040001b
:10e884000400528c020042960200433025800000ae
:10e8940025006010fcff11240800423022004014bf
:10e8a400f8ff1124a0e3400f840044262580400093
:10e8b4001d004010020011240f0044900100843810
:10e8c40060010624049d053c70bfa52491e3400f1c
:10e8d4000100842cff0073320c0013a2040015a65f
:10e8e400060014a64800a28f0d0002a2080017ae6d
:10e8f400010002240e0002a2030002240400621696
:10e90400100016ae0200429608004234020042a6ed
:10e914002528000264e8400f9000442602000224e7
:10e924000f0002a2258800006eee400f00000000d8
:10e934000000439201006324000043a275ee400fdf
:10e94400252040000100c0570000d1af251000026f
:10e954003400bf8f3000be8f2c00b78f2800b68fd5
:10e964002400b58f2000b48f1c00b38f1800b28f21
:10e974001400b18f1000b08f0800e0033800bd27e9
:10e98400fbff1124efff001025800000fdff0010a5
:04e99400ffff11244c
:020000040000fa
:020000041d01dc
:10e99800e0ffbd271c00bfaf1800b2af1400b1af35
:10e9a800ffff02240b0082141000b0af09000224fc
:10e9b8002c8282afffff1124251020021c00bf8f7c
:10e9c8001800b28f1400b18f1000b08f0800e00358
:10e9d8002000bd272580800000008290050040149b
:10e9e8002588a000090002242c8282aff2ff0010c3
:10e9f800ffff11240400828c0800438c1800648ceb
:10ea08000500805401000424170002240c0002ae03
:10ea1800e9ff0010ffff11241000c4142590a00086
:10ea28001c00638c13006010010003240c0000ae6e
:10ea3800120044902e00835407000224120040a0c4
:10ea48000400028e0800428c1c00428c09f8400029
:10ea58000800048e110000102190420202000424d4
:10ea68002600c4540c0000ae2400638c1b006054c4
:10ea78000c0000ae170002240c0002aeceff0010fe
:10ea8800ffff11240400028e0800428c2400428cef
:10ea980009f840000800048e219042020400028e0a
:10eaa8000800428c1800428c2528400209f84000d2
:10eab8000800048e0400038e1200642402008010f3
:10eac80001000424120064a0bcff4050251020025d
:10ead8000c0002aeb8ff0010ffff11241200449092
:10eae80001000324e7ff8350120040a0070002241e
:10eaf8000c0002aeb0ff0010ffff1124120044907a
:10eb080001000324faff835407000224e3ff0010e6
:04eb1800120040a007
:020000040000fa
:020000041d01dc
:10eb1c00d8fdbd272402bfaf2002b3af1c02b2af99
:10eb2c001802b1af1402b0af2fee400f2598a00021
:10eb3c0016004010faff12241100601225804000cc
:10eb4c000ce9400f252060020d0040102588400084
:10eb5c0021106202ffff43802f0002241300625435
:10eb6c00010032260001312e1300201225286002ec
:10eb7c0058eb400f1000a4273d00001000010724a3
:10eb8c00ffff0224500002aeffff122425104002aa
:10eb9c002402bf8f2002b38f1c02b28f1802b18fd8
:10ebac001402b08f0800e0032802bd270001422e9a
:10ebbc002500401425286002feff0224500002aefe
:10ebcc00f2ff0010feff12248087400f1001a427d3
:10ebdc00ffff03240500431400000000fbff022488
:10ebec00500002aee9ff0010fbff1224e7a5400f16
:10ebfc00252040005901112654000596ff000624db
:10ec0c001001a2272128450062eb400f252020028d
:10ec1c00580200a20ce9400f25202002ffff4324dc
:10ec2c0021882302000024822f000324d7ff835065
:10ec3c00560002a6010023a2020020a201004224d9
:10ec4c00d2ff0010560002a658eb400f1000a4276c
:10ec5c001000a227218851002f000224000022a2bc
:10ec6c001000a22721105200000040a00001072430
:10ec7c001001a6271000a5274151400f25200002a6
:10ec8c00d1ff401025904000c0ff0010500002ae94
:020000040000fa
:020000041d01dc
:10ec9c000080033cc02063245a008314faff022432
:10ecac005800801000000000e0ffbd271c00bfaf23
:10ecbc001800b2af1400b1af1000b0af2588c0007f
:10eccc002600a0102580a0000080023c3c21428c34
:10ecdc0004004010050005240080043c09f84000a5
:10ecec00e02184240080053cec21a5240080123c0a
:10ecfc00cddf400fc02044260080053cf021a52428
:10ed0c00dedf400fc0204426c02052267c00428efd
:10ed1c0004004010060005240080043c09f8400063
:10ed2c00e02184240080023cc02042242801478c2e
:10ed3c002c01468c3001458c3401448c3801438cb9
:10ed4c003c01428c000007ae040006ae080005ae84
:10ed5c000c0004ae100003ae140002ae230020120f
:10ed6c00251000000080023c3c21428c0400401025
:10ed7c00050005240080043c09f84000e4218424ab
:10ed8c000080053c0422a5240080103cefdf400fde
:10ed9c00c0200426c02002264401438c5c00448c15
:10edac0021186400440143ac7c00428c04004010e8
:10edbc00060005240080043c09f84000e42184246a
:10edcc000080023cc02042244001458c4401448c0c
:10eddc004801438c4c01428c000025ae040024ae4b
:10edec00080023ae0c0022ae251000001c00bf8fc3
:10edfc001800b28f1400b18f1000b08f0800e00320
:0cee0c002000bd270800e003000000000b
:020000040000fa
:020000041d01dc
:10ee1800f8fdbd270402bfaf0002b1affc01b0afdf
:10ee280025808000d801a0afdc01a0afe001a0af31
:10ee3800e401a0afe801a0afec01a0aff001a0afe2
:10ee4800c801a0afcc01a0afd001a0afd401a0af42
:10ee580010000524acc9400fc801a42700e9400fe1
:10ee68001000a42771000392010002241300621409
:10ee7800253000004000028ed801a2af3c00028e6f
:10ee8800dc01a2af5e000296001402005c0003964b
:10ee980021104300e001a2afc801a28fe401a2af94
:10eea800cc01a28fe801a2afd001a28fec01a2afe2
:10eeb800d401a28ff001a2af1c000624d801a52717
:10eec800f7e6400f1000a427d801a52704e7400f54
:10eed8001000a42784ca400f0000000025884000c5
:10eee800e2f1400f25806000c21e11004031100081
:10eef80025306600402911002318b1002b20a300fb
:10ef08002328d0002328a40082360300802105008e
:10ef18002520c400803103002318c3002b30c30010
:10ef2800232885002328a60042270300c0280500bf
:10ef380025288500c0180300218871002b1823029a
:10ef48002128b00021286500821e110080290500b3
:10ef5800252865008026050000c8317e2530400040
:10ef680025380000252091000e3c400f822905001d
:10ef7800d801a38f211062000402bf8f0002b18f55
:0cef8800fc01b08f0800e0030802bd2768
:020000040000fa
:020000041d01dc
:10ef9400d0ffbd272c00bfaf2800b6af2400b5af0b
:10efa4002000b4af1c00b3af1800b2af1400b1af6f
:10efb4001000b0af2598800025b0a00025a8c0009f
:10efc40025a0e0004000b18f0080023cc852508c64
:10efd400050000124400b28f2000028e0800423067
:10efe400090040501800048e0ae3400f000000009e
:10eff4002580400032000012251000000080023cf1
:10f00400c85250ac1800048e01000224000082a4ef
:10f0140000080224020082a406000224040082a044
:10f0240004000224050082a02f004016060096a4c6
:10f034003c00628e0b0082a8080082b840006296f1
:10f044000c0082a4110095a80e0095b80300228a32
:10f054000000229a150082a8120082b804002292ad
:10f06400160082a005002292170082a01b0094a81b
:10f0740011e0400f180094b81000028e1c00032405
:10f084000c0043a401ed400f25206002060807246c
:10f09400253040002528200238b7400f25200002e3
:10f0a4000700401025280002000000ae280013ae1f
:10f0b40041d4400f2520600227100200c21702002d
:10f0c4002c00bf8f2800b68f2400b58f2000b48f8a
:10f0d4001c00b38f1800b28f1400b18f1000b08fd2
:10f0e4000800e0033000bd270300428a0000429a72
:10f0f4000b0082a8080082b8040042920c0082a08f
:0cf1040005004292cfff00100d0082a019
:020000040000fa
:020000041d01dc
:10f11000d0ffbd272c00bfaf2800b1af2400b0af97
:10f120001800a0a71a00a0a70c008584ffff0324e5
:10f130004b00a31425100000258080001400a0af10
:10f140001000a0af180087941400868c05000524d9
:10f150009241400f2520000025884000ffff022437
:10f1600044002212253800020c0011a6039d063c23
:10f17000a449c624000605241e84400f2520200231
:10f180001a00a62703000524c8aa400f2520200244
:10f1900002004014000202241a00a2a71a00a59738
:10f1a000f0ffa5301a00a5a70080023c3056448c21
:10f1b0000400828c09f84000000000002d0040107f
:10f1c000680002ae1a00a297880002a61800a627bf
:10f1d00002000524c8aa400f252020020200401486
:10f1e000000202241800a2a71800a597f0ffa5307e
:10f1f0001800a5a70080023c3056448c0400828c85
:10f2000009f84000000000001a0040106c0002ae37
:10f210001800a2978a0002a61000078e1800069612
:10f220001400058e66aa400f0c00048612004010e0
:10f23000070002248cab400f0c0004860e00401027
:10f240000700022402000224080002ae0080023cf3
:10f250003456458c18dc400f252000022510000094
:10f260002c00bf8f2800b18f2400b08f0800e0036e
:10f270003000bd2707000224a00002ae17af400fe8
:0cf2800025200002f6ff0010ffff022412
:020000040000fa
:020000041d01dc
:10f28c00d8ffbd272400bfaf2000b4af1c00b3af24
:10f29c001800b2af1400b1af1000b0af25908000d1
:10f2ac002588a0003400848c2620a400370f072466
:10f2bc00049d063cacc0c624049d053cc896a52400
:10f2cc00d5c1400f0100842c73e3400f3400442659
:10f2dc002580400008004294080043301f00601055
:10f2ec00180042300c00058effff02240a00a250c9
:10f2fc001c00058e8c80848f1400828c09f84000d1
:10f30c0000000000340006260800052498e5400f94
:10f31c00252040021c00058e0500a0502528000267
:10f32c000080043cf8e7400f88568424252800020e
:10f33c000080043cf8e7400f945684242400bf8fcf
:10f34c002000b48f1c00b38f1800b28f1400b18f43
:10f35c001000b08f0800e0032800bd271d004014ea
:10f36c00100003240c00048e030080109080828f08
:10f37c0009f8400000000000140031260080143c05
:10f38c0073e3400f25202002e8ff40102598400031
:10f39c000c00629201004230090040109880868f68
:10f3ac000800c010252860021400c28c0500401013
:10f3bc00000000000400658e09f840002520400282
:10f3cc0025286002f8e7400f7c568426ecff0010dd
:10f3dc0000000000d6ff4314252800022c00048ee8
:10f3ec00d3ff80109080828f09f84000000000004d
:08f3fc00cfff001025280002dc
:020000040000fa
:020000041d01dc
:10f40400e0ffbd271c00bfaf1800b2af1400b1afbe
:10f414001000b0af0080023c585342243400438ca7
:10f424001400448c100044ac460060100080023c80
:10f434000c00628c3b0041040080023c585342247f
:10f444001400428cff7f103cffff103621805000d7
:10f45400258800022b8002020080123c5853522659
:10f464000400428e1800428c09f84000000000009d
:10f47400253000001000438e2b1843000400601058
:10f48400ffff43242b286200251060002530a000d4
:10f494000080033c7853638c212062002b28830076
:10f4a4002128a6002b3005020600c054211062005a
:10f4b4002c00b0142b2024022b0080500080023c2e
:10f4c400211062000080033c585363241c0062ac8a
:10f4d4000080023c585342241c00428c0400401417
:10f4e4000080023c58534224010003241c0043ac16
:10f4f4000080023c585342241c00448c0400428c7b
:10f504001400428c09f84000000000001c00bf8f6a
:10f514001800b28f1400b18f1000b08f0800e00300
:10f524002000bd270c00708c0080023c58534224fc
:10f534001400428c2180500025880002c6ff001070
:10f544002b800202585342241400428cff7f103c4b
:10f55400ffff10362180500025880002beff0010f6
:10f564002b8002020080023c585342241c0051ac00
:08f57400d8ff00100080023cea
:020000040000fa
:020000041d01dc
:10f57c00e8ffbd271400bfaf1000b0af2d00a010e6
:10f58c002580a000254880000100082482bf0b3c88
:10f59c0006000a240080063c1453c6242560000093
:10f5ac000080073cb850e724ffff10250026628d31
:10f5bc000600423031004a14000000000c00ce8cd2
:10f5cc000800c28c01004d241800c38c2b68a301c9
:10f5dc00010043240a188d011600c3112568600030
:10f5ec0001002391001a030000002e9125186e00d3
:10f5fc0000266e8d0600ce311b00ca15ff006f3041
:10f60c0040100200217047000000cfa101004224ed
:10f61c00021a030021104700000043a00800cdace3
:10f62c00010003252b1005010d00401402002925b3
:10f63c0025800001b8e4400f0000000003004010da
:10f64c0081bf023c00100324180143ac25100002ba
:10f65c001400bf8f1000b08f0800e0031800bd2706
:10f66c00d1ff001025406000ff00633021104700df
:10f67c00000043a0e9ff0010000000000c00cd8c3e
:10f68c000800c28c010043241800ce8c2b186e008d
:10f69c0001004e240a708301e6ffae112518c0014b
:10f6ac0021688800ffffae9100266d8d0600ad31fc
:10f6bc000a00aa552110470040100200216847009b
:10f6cc000000aea10100422421104700000040a020
:10f6dc000800c3acd3ff00100100032500004ea0ae
:08f6ec00fbff0010000000000c
:020000040000fa
:020000041d01dc
:10f6f400c8ffbd273400bfaf3000b3af2c00b2af9a
:10f704002800b1af2400b0af258880002580a00078
:10f714002590c0001400a0a71800a0af4800828c58
:10f724001000a52709f84000252000020d00400420
:10f734001000b3972800228e1800a6272528000061
:10f7440009f8400025200002010002241a00621278
:10f754002016137c0a0040100200022436006212b4
:10f76400f4ff02243400bf8f3000b38f2c00b28f1b
:10f774002800b18f2400b08f0800e0033800bd27b3
:10f784005000228e1800a68f1b00052409f84000a3
:10f7940025200002f3ff400401000324f1ff43107d
:10f7a400010005244c00228e09f8400025200002a7
:10f7b400ecff0010010002245400228e1400a5273f
:10f7c40009f8400025200002e6ff4004010003245c
:10f7d400e4ff4310000243321400a2970c006010af
:10f7e400100042301400a2a7020002241000a2a7b5
:10f7f4001400a2971200a2a74c00228e1000a58f1d
:10f8040009f8400025200002d6ff00100100022460
:10f8140000085232040040160080032425104300df
:10f82400f1ff00101400a2a700a003242510430038
:10f83400edff00101400a2a71200a6971400a6a7bb
:10f844005800228e1800a78f1b00052409f84000d9
:10f8540025200002c4ff40043400bf8f0100423859
:08f86400c0ff00100100422c5e
:020000040000fa
:020000041d01dc
:10f86c00c8ffbd273400bfaf3000b7af2c00b6af18
:10f87c002800b5af2400b4af2000b3af1c00b2af6a
:10f88c001800b1af1400b0af3a00a0102590a00042
:10f89c002598c00025a8a000258080000100d43048
:10f8ac004000d77c25900000039d163c3200059645
:10f8bc00f2ffa5246c00028e25300000ffffa5305e
:10f8cc0009f84000380004242a0040102588400024
:10f8dc00060080526884c2261000438c100062948b
:10f8ec0004004234100062a46884c226080022aed0
:10f8fc000700e0120c0030ae1000228e0e00459472
:10f90c00f0ffa530320005a68ce7400f5000048ea6
:10f91c000400623227004010000020ae7c00028ef2
:10f92c00030040100500052409f8400020010426be
:10f93c001000258e2b381400010006240800a52485
:10f94c007e5a400f2520000225b840007c00028e14
:10f95c00030040100600052409f84000200104268d
:10f96c001000e052010052267000028e09f840008f
:10f97c0025202002251040023400bf8f3000b78fa5
:10f98c002c00b68f2800b58f2400b48f2000b38fc5
:10f99c001c00b28f1800b18f1400b08f0800e00368
:10f9ac003800bd27c1ffb21625b80000f2ff0010c9
:10f9bc00251040021000258e2b381400010006245f
:10f9cc000800a5247e5a400f25200002e4ff0010f9
:04f9dc0025b840000a
:020000040000fa
:020000041d01dc
:10f9e000d8ffbd272400bfaf2000b4af1c00b3afc9
:10f9f0001800b2af1400b1af1000b0af3200c010a9
:10fa00002588c000c2ea400f2598a0004d00401094
:10fa100025804000dde2400f252040004b004010d3
:10fa2000259040002b1051000b884202ffff31321d
:10fa30002000058e1800028e2118b1002b184300fb
:10fa40000d00601025a00000231045000100422495
:10fa500005006012ffff543025308002f4e9400faa
:10fa6000252060022198740223883402ffff31327e
:10fa70001400028e200002ae040060122530200225
:10fa80002000058ef4e9400f252060022000028e40
:10fa900021105100200002ae21883402ffff3132d4
:10faa0006cb9400f2520000207004014239051023a
:10fab0002a9032020d004016010003248400028eb9
:10fac000c439627c840002ae251020022400bf8f5e
:10fad0002000b48f1c00b38f1800b28f1400b18fb8
:10fae0001000b08f0800e0032800bd278400028ebc
:10faf00004004230f5ff4014251020028400028edd
:10fb00008410627c54de400f840002aee080848f5b
:10fb10004018040021186400c01803002118640074
:10fb2000c01803006210043cd34d84241900640003
:10fb3000101800008219030021106200e2ff00107b
:10fb4000280002aee0ff001025880000deff001054
:04fb500025884000c4
:020000040000fa
:020000041d01dc
:10fb54005a00a010ffff0224580080140000000087
:10fb6400e0ffbd271c00bfaf1800b1af1400b0af59
:10fb74000080103c5853102601000224380002a2d1
:10fb84000000a28c040002ae0c00428c09f8400074
:10fb94002588a0000c0002ae822702008018020013
:10fba400211062002b18430021206400c22e0200a1
:10fbb400401904002518a300402902002310a200c4
:10fbc4002b28a2002318640023186500822f02004a
:10fbd40080180300eb0b063c00c2c6342538000035
:10fbe400802002000e3c400f2528a300020042247e
:10fbf400200002ae0400228e080002ae100000ae07
:10fc0400ffff0224180002aeff7f023cffff4234d4
:10fc14001c0002ae2510000025180000280002aeca
:10fc24002c0003ae340000ae300000a20400028eab
:10fc34000000428c25280000029d043c09f8400085
:10fc440010a884240400028e1000428c030040108b
:10fc54000080033c09f840007053648c0080113c20
:10fc6400585330261c00048e0400028e1400428c6b
:10fc740009f84000000000000400028e0400428cd9
:10fc840009f8400000000000b40006242528000004
:10fc94000080043c4eeb400f204e842402000224da
:10fca400585322ae251000021c00bf8f1800b18fdc
:10fcb4001400b08f0800e0032000bd270800e00313
:04fcc400000000003c
:020000040000fa
:020000041d01dc
:10fcc800e8ffbd271400bfaf1000b0afd480828f0b
:10fcd8000600401025808000d880828f04004050a4
:10fce8000800048e5590400f252000000800048e5f
:10fcf8009c80828f26208200b0030724049d063c46
:10fd080028c3c624049d053cc896a524d5c1400f28
:10fd18000100842cd480858f0600a0109c80848fdd
:10fd28000c00828c09f8400000000000d48080afed
:10fd3800d28080a7d880858f0500a0109c80848ff2
:10fd48000c00828c09f8400000000000d88080afc9
:10fd5800ac80858f0500a0109c80848f0c00828c5d
:10fd680009f8400000000000ac8080afb880858fa3
:10fd78000500a0109c80848f0c00828c09f840003c
:10fd880000000000b88080af0080103c8856102624
:10fd980073e3400f25200002200040149c80848fcc
:10fda800a080848f050080508c80848f4ce8400fa1
:10fdb80000000000a08080af8c80848f06008050f7
:10fdc8007c80848f4000828c09f84000000000008d
:10fdd8008c8080af7c80848f08008050948080afb6
:10fde8008cd5400f000000009080828f09f84000f9
:10fdf8007c80848f7c8080af948080af908080af3f
:10fe0800988080afcc8080af9c8080af1400bf8f7b
:10fe18001000b08f0800e0031800bd270c00838c89
:10fe280009f8600025284000d9ff001000000000f4
:020000040000fa
:020000041d01dc
:10fe3800e8ffbd271400bfaf1000b0afdde0400ff2
:10fe4800258080004f0040101400bf8f20000396cb
:10fe5800010062302e004010220005960020a330d9
:10fe6800050004240b1083000004a4300300801054
:10fe78002518000010004234010003240008a430b3
:10fe880003008010253000002000423401000624c1
:10fe98003400049624000896260009960800078e68
:10fea80000082a31040040110100e79000020a31dd
:10feb8001f0040550a0005240004293103002011c1
:10fec80000010831100000550c000524242085008d
:10fed800000185301600a01412000524800085302a
:10fee8000900a01414000524400085302800a0143f
:10fef800200084300400801424000524feff4230d2
:10ff0800002042342528000014000010252000009d
:10ff180010006330030004240b0002240a1083003d
:10ff2800253000000a300300d9ff00102518c00052
:10ff3800422007002430c4002520e6002420640065
:10ff4800040008240b200401251866002418e30087
:10ff580025308000080084340a20c3002800038e5e
:10ff68000500605025280000000062ac040065ac64
:10ff7800080064ac252800009ddc400f2520000205
:10ff88001400bf8f1000b08f0800e0031800bd27d1
:10ff9800e7ff001022000524dbff001014000524f1
:020000040000fa
:020000041d01dc
:10ffa800e0ffbd271c00bfaf1800b1af1400b0af11
:10ffb80000606241c0000000a1af400f00000000d7
:10ffc8008ebf023c0000448c030003240429647c97
:10ffd800000044ac0000448c0410647c000044ac75
:10ffe80080bf023c0000448c0429647c000044acbf
:10fff800155f400f0080113c61ec400fec54302637
:020000041d02db
:1000080069ec400f0000000074c3400f00000000be
:100018004fe9400f0000000005a0400f000000005d
:10002800cac2400f0000000052e1400f000000006b
:10003800cdce400f00000000049d053cc8a9a524b2
:10004800d687400f25200000040002ae039d023c25
:10005800007b428c049d053cc4c8a52409f84000d7
:1000680025200000100002ae049d053cbcc8a52454
:1000780092bc400f25200000140002ae049d053cf0
:100088008cc8a524d57e400f25200000ec5422ae54
:10009800049d053ca4c6a524eac9400f25200000fc
:1000a800080002ae049d053c98c6a52424ec400f28
:1000b80025200000180002ae049d053c9cc8a5241c
:1000c8000031400f2520000065d9400f1c0002ae0a
:1000d8003aeb400f0c0002ae049d043c1fac400fed
:1000e80094c8842479f2400f00000000eeb2400f5b
:1000f80000000000206062411c00bf8f1800b18f13
:0c0108001400b08f0800e0032000bd27a9
:020000040000fa
:020000041d02db
:100114000600a0501c01828c0b00a0a80800a0b807
:100124000c00a0a00d00a0a01c01828c0800438c30
:1001340019006010010002240400648cc002847c55
:100144000400688cc001087d13000015020002241d
:100154000400628c450043040000638c4300805417
:100164000000638c0200e0100c0062240000e2ac8a
:100174002510a00025206000255000002540000027
:1001840000a00d3c00800c3c0d0040540800898cfc
:100194001b00c014000000000800e0030000000081
:1001a4000400648cc002847c0400628cc001427c24
:1001b400e7ff4010020002240800e00300000000f2
:1001c40004008b8c80026b7d25382d0125482c0181
:1001d4000b382b010b0047a8080047b80400878c94
:1001e4000054e77c0c0047a0023a07000d0047a02a
:1001f40003004788000047982510e00001004a25c5
:100204000400878cc001e77cfdffe01400000000bf
:10021400010008250400878c8007e77cdaffe050a2
:100224000000848c0100c0540000c8ac05004010dc
:10023400000000000b0040a8080040b80c0040a0db
:100244000d0040a0d4ffa01025100000d2ff4815d7
:10025400fcff02240400628c01000424c45a827c42
:10026400040062ac0800e00325100000ccff601419
:0c027400010002240800e003000000006c
:020000040000fa
:020000041d02db
:10028000d8ffbd272400bfaf2000b4af1c00b3af20
:100290001800b2af1400b1af1000b0af3800a0101a
:1002a0002580a0000081918f3d0020127400b4844d
:1002b0003f008006f080828f2b10820241004010a8
:1002c000801014000a88227e4300251603000324b0
:1002d0001000828c10005294080052320100022457
:1002e0000b1072007600b29424904202210040125a
:1002f000253800007800b38c7c00a78c2800918cf6
:100300004800028e220044142580e000560080a49c
:10031000540080a4480080ac6e0080a46c0080a4cf
:10032000600080ac1000828c000040ac1000828c19
:100330000c0040a42000828cc418027c200082acf7
:1003400004006012253040022528200209f86002ce
:10035000252080022400bf8f2000b48f1c00b38fa3
:100360001800b28f1400b18f1000b08f0800e003a6
:100370002800bd2725980000e1ff00102588000017
:100380002588a0002598000025a0000025900000e9
:10039000b2c7400f00000000e9ff0010253800023e
:1003a0002580200225980000f9ff0010259000000c
:1003b000258000002598000025900000f4ff001023
:1003c0002588000025800000259800002590000069
:1003d000efff001025880000258000002598000010
:0c03e00025900000eaff001025880000b6
:020000040000fa
:020000041d02db
:1003ec00c8ffbd273400bfaf3000b2af2c00b1af97
:1003fc002800b0af258080002588a000f1ec400fcc
:10040c002520a0001800a2aff9ec400f25202002f7
:10041c001c00a2af340012261000a0af253800003b
:10042c003c00062625284002e1da400f2520200258
:10043c00640002920200423003004010380005268e
:10044c00b2ef400f252020024200229620004230bd
:10045c000e00401004000624640002920800423092
:10046c000300401040000526b8ef400f2520200265
:10047c0064000292100042302e0040104400052609
:10048c00beef400f252020020400062401000524a5
:10049c0092c7400f2520200202500724253040022d
:1004ac002528400216bb400f252020023400038e65
:1004bc003c00028e241862001800a28f1c00a48f2e
:1004cc002410440005006210040007241c00a62719
:1004dc001800a5272772400f252020022c00028e21
:1004ec00300002ae090002245e0002a660000292f7
:1004fc00010003244408627c0421627c4429627c50
:10050c00c439027c600002a22538000025300000ae
:10051c0008000524195e400f252020023400bf8fef
:10052c003000b28f2c00b18f2800b08f0800e00390
:10053c003800bd272000a0af2000a527beef400f3c
:0c054c0025202002d1ff0010040006242e
:020000040000fa
:020000041d02db
:10055800d0ffbd272c00bfaf2800b5af2400b4af33
:100568002000b3af1c00b2af1800b1af1400b0af99
:1005780025a880000080113c044b31260080143ce3
:100588006c4c9426010013240080123ce4ff229254
:100598002800401025802002e8ff229620004230e3
:1005a8002500405024003126e6ff2392ffff6224f5
:1005b800ff0042300300422c1e00401001000224bc
:1005c80039006254f0ff028eecff228e1400428c38
:1005d80009f84000eaff2486160040102c474226fe
:1005e8000100439001000224120062142c474226a5
:1005f800010040a0f0ff228e2800428c09f840003c
:1006080000000000180040142c474226f0ff228efc
:100618000000428c09f84000ecff248e11004014c1
:1006280005000224e6ff22a22c47422601000324eb
:10063800010043a024003126d4ff3416010073269c
:100648002c00bf8f2800b58f2400b48f2000b38ff3
:100658001c00b28f1800b18f1400b08f0800e0039f
:100668003000bd272c47422601000324010043a087
:10067800f0ff028e0800428c25380002eaff068649
:100688002528600209f840002520a0020300401434
:1006980005000224e7ff0010e6ff02a20100022481
:1006a800e5ff02a2f0ff028e0c00428c09f8400020
:0c06b80025200002dfff0010e6ff02a278
:020000040000fa
:020000041d02db
:1006c400b8ffbd274400bfaf4000b3af3c00b2af9a
:1006d4003800b1af3400b0af259080001f00b127bf
:1006e4000418117c000035be0f0000000020023cfd
:1006f40025882202080020ae3f00a0100c0020ae86
:100704002580a0000b00a5880800059a2f00a010e2
:10071400259800000c0002920d000692003206009b
:100724002530c2002900c0102538200244b3400ff0
:1007340025204002259840000300028a0000029a06
:1007440020004010258040000b0045880800459893
:100754001c00a010000000000c0042900d00069246
:10076400003206002530c2001600c0100000000050
:10077400eeff6012253820020800228e1700401078
:10078400251060021001438e0800228e0c00248e76
:10079400230044540000448c080020ae0e00401096
:1007a4000c0020ae000040ac140040ac0c00648c83
:1007b40015008054000082ac080062acf2ff001007
:1007c4000c0062acedff60560800228e2528200242
:1007d40004b8400f25204002251060024400bf8f5a
:1007e4004000b38f3c00b28f3800b18f3400b08f1b
:1007f4000800e0034800bd27f4ff0010259800001e
:10080400f2ff0010259800000c00658c04004424bd
:1008140000e0847c1400a4acdbff00100c0062ac8c
:08082400e0ff0010080024ae03
:020000040000fa
:020000041d02db
:10082c0016008690030002245500c2100100032418
:10083c00e0ffbd271c00bfaf1800b1af1400b0af74
:10084c000482828f0800401001004224048282af8f
:10085c00251060001c00bf8f1800b18f1400b08fe2
:10086c000800e0032000bd272580a0000800828c32
:10087c000d0040142588800087f2400f0000000016
:10088c00f3ff40102518000085f2400f0000000017
:10089c00049d053cec82a52461b7400f2520400047
:1008ac00ebff001025180000e9ffa0102518000030
:1008bc006eee400f0000000001000324f88183a3ba
:1008cc0075ee400f2520400025300000019d053cb1
:1008dc00581ea524adc5400f09000424fc8182af2d
:1008ec00dbff4010251800000800248e0800828cc5
:1008fc000400062409f84000000005960f0040543f
:10090c000800238e87f2400f000000000700401003
:10091c000000000085f2400f00000000049d053c23
:10092c001083a52461b7400f252040004ce8400ff0
:10093c00fc81848fc6ff001025180000088283af4d
:10094c00000003960c8283af02000396008283a7fb
:10095c00108282af0482828f010042246eee400f1f
:10096c00048282aff881839301006324f88183a30e
:10097c0075ee400f25204000b5ff00100100032448
:08098c000800e00325106000e3
:020000040000fa
:020000041d02db
:10099400d8ffbd272400bfaf2000b4af1c00b3af05
:1009a4001800b2af1400b1af1000b0af2598a0008a
:1009b4002588800042008010ffff022425908000db
:1009c4000c00838c3e006010258800001000848c8d
:1009d4003b008010000000001400508e380000120c
:1009e4000000000009f8600025200002258840006e
:1009f40033002012feff02240f0024260418047c76
:100a0400212811022328a4000418057cb0ffb42473
:100a14000004822e350040542588800055b0400fd4
:100a240002a114002580400050004424049d023c8f
:100a340004af422425180002200045240000498cfc
:100a44000400488c0800478c0c00468c000069acfc
:100a5400040068ac080067ac0c0066ac10004224cb
:100a6400f6ff4514100063240000428c000062acc1
:100a7400240004ae540014ae500000ae280004aeae
:100a84002c0014ae300000ae340000ae380000aece
:100a94000400428e3c0002ae400011ae1000428eb3
:100aa4006eee400f440002ae01000324480003a28e
:100ab40075ee400f25204000258800022510000017
:100ac40001006056000062ae251020022400bf8f92
:100ad4002000b48f1c00b38f1800b28f1400b18fa4
:100ae4001000b08f0800e0032800bd27f4ff0010b9
:040af400fcff0224dd
:020000040000fa
:020000041d02db
:100af800c8ffbd273400bfaf3000b4af2c00b3af80
:100b08002800b2af2400b1af2000b0af2481828f9b
:100b180043004018258880001000938c7af1400f1c
:100b28001000a4270080043cb7cc400f4c56842406
:100b38000080123c4c56522673e3400f2520400299
:100b48000c004014258040000080023c1000a38f58
:100b58004c5643ac4c5644241400a28f040082ac7b
:100b68001800a28fa5da400f080082ac24000010fc
:100b78001600239204000292010003241700431474
:100b8800020003240800148e1ce8400f050004929c
:100b9800040060520400029229006216252800020f
:100ba80004000292ffff4224ff0042300200422c60
:100bb8000400401003000624fbff0524ffd2400f69
:100bc80025208002252800020080043cf8e7400f19
:100bd800b8568424d8ff0010000000000300431416
:100be8002e040624e8ff00100800148e049d053c1e
:100bf800c0bda52437e3400f25200000160023922e
:100c080002000224060062142481828fffff42241e
:100c180003004014248182af4ac5400f0000000041
:100c28003400bf8f3000b48f2c00b38f2800b28ff0
:100c38002400b18f2000b08f0800e0033800bd27e2
:100c4800f8e7400f1000a427bbff001000000000c9
:020000040000fa
:020000041d02db
:100c5800e8ffbd271400bfaf1000b0afdde0400fc4
:100c6800258080002d0040101400bf8f0800068edc
:100c78001000c48c06008330040082340a2043002c
:100c880038008330200082340a204300010082307b
:100c980025004010100083300a006010080002246c
:100ca8000200823008000524084003240a18a20024
:100cb8000400853025386000002063340b38650057
:100cc8002510e00020008330080060100200853005
:100cd80025384000001043340b3865000400853087
:100ce8000008e3340b3865002510e0003400039653
:100cf8003a00059625186500010142342410430086
:100d080000016530252845001500a014faff0524c8
:100d18009ddc400f252000021400bf8f1000b08f0b
:100d28000800e0031800bd271000823006004010bc
:100d38000040052402008230002003240b18a20082
:100d4800eaff001025106000020082300010052420
:100d5800000803240b18a200e4ff0010251060000f
:100d68001000c4ac200002a6010163300101022476
:100d78000a0062143c0000ae0f00052463d3400f44
:100d880025200002e4ff4010040002241a0002a6f5
:100d980002000224e0ff00101c0002a60400022446
:100da8001a0002a603000224dbff00101c0002a6a2
:020000040000fa
:020000041d02db
:100db800550080100100032490ffbd276c00bfafd1
:100dc8006800b3af6400b2af6000b1af5c00b0af11
:100dd8002590c0002588a0002580800037000624c3
:100de800252800004eeb400f2000a42708001326fa
:100df8001c00b2af1800b1af370002241400a2af34
:100e08001000b3af01000724370006242000a527ef
:100e1800b157400f2520000231004014010003247f
:100e28002000a327251060025000a8270000678c27
:100e38000400668c0800658c0c00648c030047a8cd
:100e4800000047b8070046a8040046b80b0045a8ac
:100e5800080045b80f0044a80c0044b810006324eb
:100e6800f2ff6814100042240000648c030044a8b8
:100e7800000044b804006490040044a00500649095
:100e8800050044a006006390060043a02000a227a6
:100e98005700a327000040a001004224fdff43148f
:100ea800253800001c00a0af1800a0af37000224ae
:100eb8001400a2af1000b3af370006243f00052688
:100ec800b157400f252000020d004014251840009e
:100ed80001000224000002ae040000ae800000a25f
:100ee800251060006c00bf8f6800b38f6400b28f5c
:100ef8006000b18f5c00b08f0800e0037000bd2770
:100f0800f7ff0010010003240800e003251060002b
:020000040000fa
:020000041d02db
:100f1800201c047c5400601825100000ff0083305a
:100f28000b00632c5000601000000000ffff8424b9
:100f38002026047cc01804002118640080100300d7
:100f48000080033ce84a63248a19627c46006010ea
:100f580025100000e8ffbd271400bfaf0080023c49
:100f6800c01804002118640080180300e84a4224cd
:100f78002110430004004294200042301f0040101a
:100f8800c01804000080023c211864008018030087
:100f9800e84a4224211043000c00428c1400438c80
:100fa8000d006014c01004000080023cc01804004a
:100fb8002120640080180400e84a4424212083008a
:100fc800ffff0224030082a0251000001400bf8f39
:100fd8000800e0031800bd2721104400801002001b
:100fe8001c0042240080043ce84a842409f860007c
:100ff80021208200f5ff0010ffff42302118640015
:10100800801803000080073ce84ae724211867009d
:101018000800638c4800678c0900e0140080033cda
:10102800c02804002120a40080280400e84a642481
:1010380021208500ffff0324e4ff0010030083a0a4
:101048000080023cc01804002120640080180400bd
:10105800e84a44242120830009f8e000060084843b
:10106800dbff00101400bf8f0800e0030000000041
:020000040000fa
:020000041d02db
:10107800201c047c5400601825100000ff008330f9
:101088000b00632c5000601000000000e0ffbd273b
:101098001c00bfaf1800b1af1400b0afffff84242d
:1010a8002086047cc01810002118700080100300ee
:1010b8000080033ce84a63248a19627c0b006010b4
:1010c800251000000e00c0140080023cc020100053
:1010d8002180900080201000e84a502421800402da
:1010e800f8ff0224030002a2251000001c00bf8f95
:1010f8001800b18f1400b08f0800e0032000bd274e
:10110800c010100021105000801002000080033c25
:10111800e84a6324211043000800428c3c00488cb4
:1011280008000015c02010002180900080201000c9
:1011380021806400ffff0224030002a2ebff0010dd
:1011480025100000c010100021105000801002006f
:101158000080033ce84a6324211043001000428cbd
:1011680007004010f9ff0224218090008020100021
:1011780021806400030002a2dcff0010251000009b
:101188000080033ce84a6324c088100021883002ac
:101198008088110021887100140026ae180027ae3f
:1011a80025382002039d063c146dc62409f8000169
:1011b80006002486cdff4014100022aef7ff03245a
:1011c800caff0010030023a20800e003000000008b
:020000040000fa
:020000041d02db
:1011d800d0ffbd272c00bfaf2800b6af2400b5afa5
:1011e8002000b4af1c00b3af1800b2af1400b1af09
:1011f8001000b0af25b0800025a0a00025a8c00031
:10120800049d053c62c4400fc8c6a5243b00401499
:1012180025804000251000022c00bf8f2800b68fc3
:101228002400b58f2000b48f1c00b38f1800b28f34
:101238001400b18f1000b08f0800e0033000bd2704
:10124800049d053cd0c6a52462c4400f2520600239
:1012580032004010259040000200512402004280d4
:1012680020000324060043543e00032401003126d5
:1012780000002282feff4350010031263e00032475
:10128800e4ff4354258000000a0005241ee7400fb0
:101298002520c002050040102b1802020300601030
:1012a8002b105100dbff4054258000000d00711207
:1012b80025100000252060022200052400008380fc
:1012c800261865000100632c01008424fbff91149b
:1012d800211043000300401001004230cdff40546c
:1012e8002580000001003126caffa016000091ae3b
:1012f800000040a2c7ff001025806002d0ffc21284
:1013080005001326ffff43800a000224cdff625028
:10131800049d053cbfff001025800000bdff0010a4
:0c13280025804000bbff00102580000065
:020000040000fa
:020000041d02db
:10133400d0ffbd272c00bfaf2800b2af2400b1af4f
:101344002000b0af16008014ffff10240080023c80
:10135400b8514290120040100080023cdc5142908f
:101364000f0040140080023cb85142241c00438cfe
:101374001400638c2528000009f8600006004494da
:1013840025804000ffff02240c00021654030624ab
:10139400049d053c28c6a524afe3400f252000008a
:1013a400251000022c00bf8f2800b28f2400b18fbb
:1013b4002000b08f0800e0033000bd27f505023c93
:1013c40000e142341000a2af0080113cdc51312610
:1013d4000080123cb85152261400428e0800428c00
:1013e40025282002039d043c09f840001c4f842456
:1013f4001400a2af1800a0af1c00428e1800428c4b
:101404001000a52709f84000252000020d00410422
:101414000080023cd451428c1c00428c09f84000ec
:10142400252000026b030624049d053c28c6a52440
:10143400afe3400f25200000ffff1124d8ff001068
:10144400258020020080023cb85142241c00438cb9
:10145400300043ac340050ac380040ac01000324ed
:10146400240043a02c0042ac0c00438c280043ac65
:101474003c0040a4540040a03e0040a4400040a4ce
:0c14840002000324edff0010260043a42a
:020000040000fa
:020000041d02db
:10149000201c047c5300601825100000ff008330de
:1014a0000b00632c4f00601000000000ffff84243d
:1014b0002026047cc018040021186400801003005a
:1014c0000080033ce84a63248a19627c450060106e
:1014d00025100000e8ffbd271400bfaf0080023ccc
:1014e000c01804002118640080180300e84a422450
:1014f0002110430004004294200042301f0040109d
:10150000c01804000080023c211864008018030009
:10151000e84a4224211043000c00428c2400438cf2
:101520000d006014c01004000080023cc0180400cc
:101530002120640080180400e84a4424212083000c
:10154000ffff0224030082a0251000001400bf8fbb
:101550000800e0031800bd2721104400801002009d
:101560001c0042240080043ce84a842409f86000fe
:1015700021208200f5ff0010ffff42302118640097
:10158000801803000080073ce84ae7242118670020
:101590000800638c3400688c07000015ffff0324eb
:1015a000c02804002120a400802804002120e50098
:1015b000e6ff0010030083a00080023cc018040076
:1015c0002120640080180400e84a4424212083007c
:1015d0002538000009f8000106008484dbff0010b4
:0c15e000ffff42300800e00300000000a4
:020000040000fa
:020000041d02db
:1015ec00d0ffbd272c00bfaf2800b6af2400b5af8d
:1015fc002000b4af1c00b3af1800b2af1400b1aff1
:10160c001000b0af2588c00025a0e00025b08000f8
:10161c0000a0023c4402528c421f0700040002242a
:10162c003f0062142190b2002510e6000f004230fa
:10163c003b0040100f00f0301100001200a0053ce0
:10164c0010000424238090002b2006020a80c40082
:10165c0025380002253040026012a5241ec4400f1c
:10166c002520c002230040102598400025300002a0
:10167c0000a0053c6012a524f4e9400f252080024f
:10168c002388300225a820020418157c0800a0121b
:10169c00219050022538a0022530400221289002ca
:1016ac001ec4400f2520c002120040102598400097
:1016bc00238835020f002012010013242538200244
:1016cc002130550200a0053c6012a5241ec4400f19
:1016dc002520c0020700401025984000212015024b
:1016ec002530200200a0053c6012a524f4e9400f2f
:1016fc0021208402251060022c00bf8f2800b68f99
:10170c002400b58f2000b48f1c00b38f1800b28f4b
:10171c001400b18f1000b08f0800e0033000bd271b
:10172c002538200225304002252880021ec4400f97
:0c173c002520c002efff0010259840009f
:020000040000fa
:020000041d02db
:1017480082bf023c1018428c080042301900401039
:101758000080033c305463241800628c0800638cba
:101768002b1843002b00601082bf033c0018638cc9
:1017780000086330140060100080033c3054638c10
:10178800802002000a18647c82bf043c201883acc5
:10179800010042240080033c30546324180062acea
:1017a8000800638c0300621482bf023c0c0003240f
:1017b800041843ac81bf023c0400033c940043acd2
:1017c8000800e0030000000082bf033c0018638c9f
:1017d80000046330090060100080033c3054638cbf
:1017e80040200200211864000000649482bf033c7a
:1017f800201864ace7ff0010010042243054638cc9
:101808008a19627c82bf043c201883ace1ff001077
:10181800010042240080033c305463240800638c98
:10182800e4ff621482bf023c1018428c80004230f0
:10183800e0ff401082bf023c40000324141843ac70
:1018480081bf023c0400033c140143ac0080023c0d
:10185800305442241c0040a02000428cd5ff401088
:101868000080023ce8ffbd271400bfaf305442247b
:101878002400448c2000428c09f84000000000003d
:1018880081bf023c0400033c940043ac1400bf8faa
:081898000800e0031800bd2761
:020000040000fa
:020000041d02db
:1018a000700082900b00422c51004010000000009c
:1018b000e0ffbd271c00bfaf1800b1af1400b0aff0
:1018c0007000829080180200029d023cdc184224c5
:1018d0000a10437c08004000258080000819029d02
:1018e0000819029d2019029d2019029de819029de8
:1018f000e819029de819029de819029d2019029d30
:10190000e819029dd819029d010002241c00bf8f16
:101910001800b18f1400b08f0800e0032000bd272d
:101920008400828c0005427c1f00401000000000f3
:101930000000828c100082ac0c0082ac080082aceb
:101940000f00a01025100000110011240100062432
:10195000252820028e12400f252000021a00420482
:101960008400038e60000396060060508400038e9e
:101970000800048e1000038ef5ff83140100062476
:101980008400038ec45a037c840003ae700003926b
:101990000800633809000524040004240a20a30079
:1019a000daff0010700004a2e8ffa0541100112417
:1019b0000800838c1000828ce4ff62141000112454
:1019c000efff00102510000001000424c45a837c9e
:1019d000ceff0010840003aef46d400f25280000f8
:1019e000caff001025100000c8ff001025100000dd
:0819f0000800e00301000224dd
:020000040000fa
:020000041d02db
:1019f800c8ffbd273400bfaf3000b3af2c00b2af73
:101a08002800b1af2400b0af258880002580a00051
:101a18002590c0001400a0a71800a0af4800828c31
:101a28001000a52709f84000252000020d004004f9
:101a38001000b3972800228e1800a627252800003a
:101a480009f8400025200002010002241a00621251
:101a58002016137c0a004010020002242e00621295
:101a6800f4ff02243400bf8f3000b38f2c00b28ff4
:101a78002800b18f2400b08f0800e0033800bd278c
:101a88005000228e1800a68f1200052409f8400085
:101a980025200002f3ff400401000324f1ff431056
:101aa800010005244c00228e09f840002520000280
:101ab800ecff0010010002245400228e1400a52718
:101ac80009f8400025200002e6ff40040100032435
:101ad800e4ff4310010052320c0040161400a29398
:101ae8001400a2a7020002241000a2a71400a297c3
:101af8001200a2a74c00228e1000a58f09f8400002
:101b080025200002d7ff00100100022400404234c3
:101b1800f4ff00101400a2a71200a6971400a6a7ad
:101b28005800228e1800a78f1200052409f84000db
:101b380025200002ccff40043400bf8f010042384a
:081b4800c8ff00100100422c4f
:020000040000fa
:020000041d02db
:101b5000201c047c5200601825100000ff00833018
:101b60000b00632c4e00601000000000e8ffbd2752
:101b70001400bfaf1000b0afffff84242086047ca8
:101b8000c018100021187000801003000080033c72
:101b9000e84a63248a19627c110060102510000055
:101ba000c010100021105000801002000080033c83
:101bb000e84a6324211043000800428c4000468c10
:101bc0000b00c014c0201000218090008020100065
:101bd00021806400ffff0224030002a22510000000
:101be0001400bf8f1000b08f0800e0031800bd275d
:101bf000c010100021105000801002000080033c33
:101c0000e84a6324211043001000448c0300801034
:101c10000080023c0a008510c0181000c02010008f
:101c20002180900080201000e84a50242180040286
:101c3000f8ff0224030002a2e9ff001025100000b3
:101c40002118700080180300e84a42242110430044
:101c50002528800009f8c0000600448408004010d0
:101c6000c020100021809000808010000080033c84
:101c7000e84a632421800302d9ff0010100000ae5f
:101c80000080033c2180900080201000e84a7024ee
:101c900021800402f7ff0324d1ff0010030003a2f8
:081ca0000800e0030000000051
:020000040000fa
:020000041d02db
:101ca800d8ffbd272400bfaf2000b4af1c00b3afde
:101cb8001800b2af1400b1af1000b0af259080008b
:101cc80025a0a0000ce9400f2580c000ffff51307f
:101cd80005000624049d053c3ccaa52498df400f56
:101ce80025204002230040140080023c0856429000
:101cf8003e004010050052260080023c085642244f
:101d080010005390253060020c00458c98df400f7e
:101d18002520400235004014219053020080023ce7
:101d280008564224000082ae23883302fbff312686
:101d3800ffff3132070000120100022403002626ab
:101d48000301c22c14004014060002242c8282af26
:101d5800251000002400bf8f2000b48f1c00b38f13
:101d68001800b28f1400b18f1000b08f0800e00384
:101d78002800bd2734828293040040500d000224bd
:101d88003882828febff0010000082ae2c8282af77
:101d9800f0ff001025100000252800004eeb400f32
:101da800252000020000828e11004290300042245b
:101db800000002a23a000224010002a20700201239
:101dc800020010262530200225284002f4e9400fa1
:101dd8002520000201003126ffff31322180110247
:101de800000000a2dbff001001000224060002240c
:081df800e7ff00102c8282af0e
:020000040000fa
:020000041d02db
:101e0000e0febd271c01bfaf1801b0af25808000e8
:101e100002010624252800004eeb400f1000a427e5
:101e2000090000161401a0af130002242c8282af17
:101e3000ffff0324251060001c01bf8f1801b08f25
:101e40000800e0032001bd271000a6271401a527e4
:101e50002a87400f25200002f6ff4010ffff0324d1
:101e60001401a48f0800828c7400428c030040147b
:101e700017000224efff00102c8282af3082839380
:101e800001000224300062140080023c6849429044
:101e9000270040100080023c7849422401001024b1
:101ea00018000324000045902300a05401001026d0
:101eb000008110000080023c684942242180020217
:101ec00001000224000002a2040004ae1e00001261
:101ed000308282a32c8280af0400028e12004690d2
:101ee00001000524d3ffc514ffff0324120040a006
:101ef0000800828c7400428c1000a52709f840006d
:101f0000080004260400038e1200642402008010de
:101f100001000424120064a0c6ff4010251800022e
:101f20002c8282af000000a2c2ff0010ffff03243a
:101f3000dfff001025800000daff031610004224a6
:101f400001000224308282a3120002242c8282af7c
:081f5000b8ff0010ffff03249d
:020000040000fa
:020000041d02db
:101f580052008014ffff02240080023cec4e4390a4
:101f68004e006014ffff02240080023cd44e40acb7
:101f7800d44e422401000324180043a0740040a05a
:101f88001800a38c6c0043ac2400a38c780043aced
:101f98001c00a38c580043ac2000a48c700044acf7
:101fa800600040ac640040ac01000424460044a436
:101fb800440044a45c0043ac000060ac7000428c58
:101fc8000200422c110040142518000001000424ce
:101fd8000080023cd44e42245c00468c24006724d6
:101fe8002118c3002130c700200066ac5c00438c78
:101ff80021186700000064ac010084247000468c3e
:102008002b308600f4ffc0142518e0000400a38cd0
:102018000080023cd44e4224540043ac0000a394f8
:10202800480043a4ffff03244c0043ac0800a390de
:10203800500043a001000324510043a01400a48cc5
:102048001c0044ac140040aca90043a0a80043a065
:102058001000a2900d0040100080023ce8ffbd2750
:102068001400bfaf1100a590aeea400f2520000074
:102078000080023c01000324d44e43ac251000002c
:102088001400bf8f0800e0031800bd2701000324d7
:10209800d44e43ac0800e003251000000800e0031c
:0420a8000000000034
:020000040000fa
:020000041d02db
:1020ac00e0ffbd271c00bfaf080080141000a0afdc
:1020bc00130002242c8282afffff03242510600042
:1020cc001c00bf8f0800e0032000bd272530000056
:1020dc002a87400f1000a527f8ff4010ffff0324ac
:1020ec003082839301000224040062100700022452
:1020fc002c8282aff1ff0010ffff0324308280a3fb
:10210c001000a38f12006490010002240f008214af
:10211c0007000224120060a00800628c0400428cac
:10212c000f00401412006424170002242c8282af8a
:10213c0012008014ffff022401000324308283a3c9
:10214c002b100200ddff0010231802002c8282af3e
:10215c0001000224308282a3d8ff0010ffff032469
:10216c0009f84000110064902c8282af1000a38ffc
:10217c0012006424030080100000000001000424fd
:10218c00120064a0ecff40140080053c0080043c6d
:10219c00882284246849a524801986240400878c0d
:1021ac000100e350000080a00400a78c0100e35064
:1021bc000000a0a010018424f8ff86141000a524b0
:1021cc00000060a01000a38f0c0060ac080060ac95
:1021dc00100060a034828493d8ff80500100032447
:1021ec003882848fd4ff6450348280a3d3ff0010d4
:0421fc0001000324b7
:020000040000fa
:020000041d02db
:10220000d8ffbd272000b4af0080143ce054828e7c
:102210002400bfaf1c00b3af1800b2af1400b1afc1
:102220003a0040141000b0af0080123ce854518ec8
:10223000030020160080133c0080113cf05631262c
:10224000e454708e050000160000023c0080103c33
:10225000f05610260002422421800202821f110043
:10226000020002240100625000e0317e821f100053
:10227000020002240100625000e0107e2bea400fb1
:10228000000000000000438c0400428c2b2023023d
:1022900004008014211062002b20220229008054a7
:1022a0002b1811020080043c3c02842400e0847c52
:1022b0002b206400150080142b20030204008014de
:1022c0002b2062002b200202180080142b206200b9
:1022d0000f0080102400bf8f0080043c3c02842447
:1022e000422704000500052412008514040005247b
:1022f00000a0043c2518640025104400e85443aeb7
:10230000e45462aee854428ee05482ae2400bf8fa3
:102310002000b48f1c00b38f1800b28f1400b18f4f
:102320001000b08f0800e0032800bd27eaff00106e
:1023300025100002efff85100080043cf1ff001023
:10234000e85442aee4ff601425182002deff0010be
:042350002b2002023a
:020000040000fa
:020000041d02db
:10235400d8ffbd272400bfaf2000b3af1c00b2af2d
:102364001800b1af1400b0af25888000808004004d
:10237400218004028080100021800402008110006a
:102384000080023cc0204224218002025000138eaf
:1023940057f2400f25206002a800108e24805000c0
:1023a4002e0000120080123c8010110021105100f8
:1023b400801002002110510000110200c02052269a
:1023c40021904202ac00428e25105000ac0042ae77
:1023d4000211100000044330a400448ec011100008
:1023e400000242302510430025104400401910001b
:1023f400000163302510430082191000810063300e
:1024040025104300c21810007000633025104300eb
:102414008218100008006330251043004018100093
:102424000600633025104300a40042ae25280002b4
:10243400d3f1400f2520600225280002cdf1400f82
:1024440025206002b000468e0500c0100080033cc9
:10245400a400448e09f8c000b400458e0080033cfb
:1024640080101100211051008010020021885100b9
:1024740000891100c0206224218851004aea400fdb
:102484009c00248e2400bf8f2000b38f1c00b28fc9
:102494001800b18f1400b08f0800e0032800bd2796
:020000040000fa
:020000041d02db
:1024a400d8ffbd272400bfaf2000b3af1c00b2afdc
:1024b4001800b1af1400b0af259880002580a000ab
:1024c4002588c00011c9400f2590e0001b00401072
:1024d400010003241800658e2d00a314ba040724f8
:1024e4001c00238e3e0003561000038e2b00239203
:1024f40019006014290023920200642c3200801019
:1025040004006424802004000a20047e3200801425
:1025140025206000010064240200862c2a00c010db
:102524000000000004008324801803000a18037ebe
:102534002200605425288000251000002400bf8f4d
:102544002000b38f1c00b28f1800b18f1400b08f1d
:102554000800e0032800bd27e7ff00100100632402
:10256400f6ff6050251000001000048e1200801445
:102574000200632cf1ff6054251000001400038e48
:102584000f0060541c0030aeecff0010251000005a
:10259400049d063c74c1c624049d053c509fa5249b
:1025a400d5c1400f25200000e4ff001025100000d5
:1025b400e2ff001025100000252800001c0030aeaa
:1025c400deff0010290025a2e5ff401600000000f0
:1025d400daff001025104002f8ff001025288000c3
:1025e400d0ff60102520a000fbff00102520000074
:020000040000fa
:020000041d02db
:1025f400c0ffbd273c00bfaf3800beaf3400b7af4b
:102604003000b6af2c00b5af2800b4af2400b3af90
:102614002000b2af1c00b1af1800b0af25b8a000c5
:1026240025f0c0002588e0000000d48c5000a6935b
:102634001cb9400f25288002330040102598000063
:1026440025904000300020122598200225a8800201
:1026540025980000049d163c9cc1d626049d023c8e
:10266400088842241000a2af0e0042960800508e43
:102674002180020223801502272010005b01072419
:102684002530c0021000a58fd5c1400fc227040019
:102694000c004296ffff43302b18230201006054c4
:1026a4002510200225184000ffff4230ffff0432ae
:1026b4002b1082000100405425180002ffff7030e7
:1026c4000a000012253000022528a002f4e9400f78
:1026d4002520e00221b8f00223883002ffff3132c6
:1026e40021a0b00221981302ffff73320000528e22
:1026f400060040520000d4af040020520000d4afc2
:10270400d9ff00100800558e0000d4af25106002d8
:102714003c00bf8f3800be8f3400b78f3000b68fb7
:102724002c00b58f2800b48f2400b38f2000b28f03
:102734001c00b18f1800b08f0800e0034000bd27d3
:020000040000fa
:020000041d02db
:10274400e0ffbd271c00bfaf1800b2af1400b1af4b
:102754001000b0af0800928c0080023cb8514224b3
:10276400261042020b9002001c00829401000324f4
:102774002600431025808000201e027c0700601084
:102784000200032429004310000000009ddc400fd8
:10279400f4ff0524180000101c00bf8f00800634cd
:1027a40095d3400f25280000120040100300022496
:1027b4001a0002a60100022477e0400f1c0002a6c2
:1027c40054de400f258840002000438e0000638cb7
:1027d40002882372e70331266210033cd34d63243d
:1027e400190023021088000082891100211022029e
:1027f4002c0002ae1c00bf8f1800b28f1400b18fe2
:102804001000b08f0800e0032000bd2763d3400f01
:1028140025280000f7ff4010030002241a0002a636
:1028240002000224f3ff00101c0002a6dde0400faa
:1028340000000000f0ff40101c00bf8f340002862f
:10284400100041040400022454de400f0000000084
:102854002c00038e2b1043000500401003000224bb
:102864001a0002a601000224e2ff00101c0002a6c6
:10287400fdff05249ddc400f25200002deff001033
:102884001c00bf8f1a0002a6daff00101c0000a66d
:020000040000fa
:020000041d02db
:102894000080023cd852468c020002244e00c2142e
:1028a400ffff03240080023ce052428c4a004014a3
:1028b40000000000e0ffbd271c00bfaf1800b1af4f
:1028c4001400b0af2588a000258080000080023c61
:1028d400cc524424080080ac09000224040082acd9
:1028e40000a0023c66000324b01843a0b0184224a0
:1028f4003c0082ac01000224400082ac0080053c14
:10290400b8d1400f0453a5240080023ccc52422489
:102914000800438cfeff6010000000000080023cb1
:10292400cc524424080080ac09000224040082ac88
:1029340000a0023c99ff0324b01843a0b01842241d
:102944003c0082ac380080ac01000224400082ac20
:10295400440080ac0080053cb8d1400f0453a5244a
:102964000080023ccc5242240800438cfeff6010dd
:1029740000000000020022320b0040100080023ce4
:102984007dba400f252000020d004010ffff0324f4
:102994000080023ccc5242240800438cfeff6010ad
:1029a400000000000080023ccc5242241400438cfe
:1029b40001006324140043ac100051ac251800023c
:1029c400251060001c00bf8f1800b18f1400b08f59
:1029d4000800e0032000bd270800e0032510600084
:020000040000fa
:020000041d02db
:1029e400c0ffbd272c00b1af258880002520c00082
:1029f4000400878c0000a28c3800b4afc2a7070083
:102a04003400b3af3000b2af2800b0af3c00bfaf6a
:102a14002580a0000400a38c0800b28c2000a2af83
:102a24000c00b38c3e0080120000c68c23300600dc
:102a34002b20060023380700080060042338e40034
:102a44004408027c050080162000a2af2000a28f5b
:102a5400040043302a006010c000427cffff42267d
:102a64002000a3271800a3af0a0003241400a3af77
:102a74001000a2aff68d400f25200002060080163c
:102a84002d0003242000a38f040064301e00801056
:102a9400080063302b000324ffff4224212062023c
:102aa400000083a01000068e2000a38f253840026a
:102ab400ffffc6241000a3af2330c2002128620206
:102ac4003b99400f252020020400238e000163302f
:102ad400040060103c00bf8f0400038e2a204300d2
:102ae4000b1064003800b48f3400b38f3000b28f01
:102af4002c00b18f2800b08f0800e0034000bd27f0
:102b0400d7ff001023104202e6ff601020000424c7
:102b1400ffff422421186202e2ff0010000064a0bb
:102b2400c8ff63044408027cc9ff00102000a28f80
:020000040000fa
:020000041d02db
:102b3400d0ffbd272c00bfaf2800b2af2400b1af37
:102b44002000b0af1800a0a31900a0a31a00a0a3ee
:102b54001b00a0a31c00a0a31d00a0a30080033c95
:102b6400c020632415008314faff0224130080108c
:102b74002580a0000080023c1021528c0700a01088
:102b8400ffff1124060006241800a5277ce5400f4a
:102b9400252000020f0040540300028a00800534ff
:102ba4000ef1400f2520400225300000253800009a
:102bb40026f1400f25204002251000002c00bf8f75
:102bc4002800b28f2400b18f2000b08f0800e003ea
:102bd4003000bd270000029a1000a2af0400029248
:102be4001400a2a3050002921500a2a31000a227bc
:102bf4001600a827c104043cb71d842425484000be
:102c0400000043900800052440381100010066309c
:102c1400c25711002688e4002630ca000a88e6005c
:102c2400ffffa524f8ffa01442180300010042246a
:102c3400f2ff4814000023a1251820020007317e6a
:102c44000c00205688bf023c88bf023c4820422426
:102c5400c025647c0100032404188300000043acf5
:102c64000080053412f1400f25204002d3ff0010ec
:0c2c740025100000f6ff0010582042243c
:020000040000fa
:020000041d02db
:102c8000d8ffbd272400bfaf2000b4af1c00b3aff6
:102c90001800b2af1400b1af1000b0af2590a00083
:102ca0002588c000c2ea400f2598e000258040003a
:102cb000350000122510000070000492fdff8324ef
:102cc000ff0063300300632c2f006014080003240e
:102cd0002e0083102400bf8f710003920300601048
:102ce000ff0044322a0064142000b48f1e006012da
:102cf00001000324240043162510000025280000ad
:102d000051dc400f2520600225a040001e008012eb
:102d100025100000160020565e00029692c6400f55
:102d20000000000025884000170020122510000038
:102d3000710012a2440014ae25306002ff0045323b
:102d40007cdd400f252000025e0011a68400028e6b
:102d500001004230140040503e0002966e0011a661
:102d60000900001001000224eaff00104400148e44
:102d7000f0ff5150710012a28edd400f252020027d
:102d8000ecff4054710012a22400bf8f2000b48fca
:102d90001c00b38f1800b28f1400b18f1000b08fd9
:102da0000800e0032800bd273c00039621104300e3
:102db0005c00039621104300268851006e0011a686
:082dc000f1ff001001000224e4
:020000040000fa
:020000041d02db
:102dc800d0ffbd272c00bfaf2800b5af2400b4af9b
:102dd8002000b3af1c00b2af1800b1af1400b0af01
:102de80025a880002588a0002598c00026eb400f64
:102df8002590e000258040002100001225100000e9
:102e0800080020165c0014921e0080162c00bf8f4c
:102e18003c00028e448c027c3c0002ae2d00001067
:102e28005c0000a2ffff24260200842c14008010fe
:102e380025100000040080523c00028e11009116fb
:102e48002c00bf8f3c00028e448c027c3c0002aefa
:102e5800200040125c0011a22530400225282002e3
:102e680020bc400f2520a0020e00401401000424bd
:102e78005c0014a23c00038e448c837c3c0003aeaf
:102e88002c00bf8f2800b58f2400b48f2000b38f8b
:102e98001c00b28f1800b18f1400b08f0800e00337
:102ea8003000bd2701000224040022565d00029272
:102eb8000000428e1c0002ae5d0002920400423007
:102ec80005004054280013a63c00028e0421027c11
:102ed8003c0002ae280013a65d00029201004230b9
:102ee800040040143c00028e8410027c3c0002aeb8
:102ef8003c00028e01000324448c627c3c0002ae3c
:082f0800dfff001001000224ac
:020000040000fa
:020000041d02db
:102f1000d8ffbd272400bfaf2000b4af1c00b3af63
:102f20001800b2af1400b1af1000b0af2580a00000
:102f300025a0c00097c0400f0100052428004010c4
:102f4000ffff1124259840000400528c2528000220
:102f5000efc5400f2520400025804000170040109d
:102f6000feff11240a0080520e0003920e004290d0
:102f7000fcff4224ff0042300300422c040040507a
:102f80000e0003920800028e000082ae0e00039233
:102f9000ffff6224ff0042300400422c2a0040144c
:102fa0000700622c1700401005000224280062145c
:102fb000040002240e0002a225880000090040122d
:102fc000251020026eee400f00000000000043922a
:102fd00001006324000043a275ee400f252040004d
:102fe000251020022400bf8f2000b48f1c00b38f57
:102ff0001800b28f1400b18f1000b08f0800e003ea
:103000002800bd275b050624049d053c00c2a524bd
:1030100091e3400f25200000ecff11240e000292e6
:103020000600422ce5ff4014030007240400668ece
:103030009c00c62425280002d99c400f2520400270
:10304000deff001000000000f4ff0010010011245a
:08305000f2ff001025880000ca
:020000040000fa
:020000041d02db
:103058000000a390d0ff6324ff0063300200662cb9
:103068004b00c01013000224e0ffbd271c00bfafb7
:103078001800b2af1400b1af1000b0af4018030091
:10308800448291278a89237e00a0023c4002439013
:10309800390071141300022400a0023c7014438c00
:1030a800ffff02240c0062102580000000a0023cf3
:1030b8008014422401001024ffff06241800032472
:1030c8000000478c0500e6102590800001001026be
:1030d800fbff0316100042242590800000a0063c48
:1030e8007018c6240300a5249076400f25202002de
:1030f800252840002000a00404000224002110001c
:1031080000a0033c701463242120830000a0033c2a
:10311800701863240400628c000082ac0800628c82
:10312800080082ac040085ac48828293001e02002d
:10313800008c110025187100251870000c0083ac54
:1031480001004224ff004230ff0044380a10040006
:10315800488282a3000043ae00a0023c0081100018
:1031680070144224218050000c00038e00a0023c01
:103178004c0243ac251000001c00bf8f1800b28f12
:103188001400b18f1000b08f0800e0032000bd27a5
:083198000800e0030000000044
:020000040000fa
:020000041d02db
:1031a000d8ffbd272400bfaf2000b2af1c00b1afd5
:1031b0001800b0af258080002590a000d1d5400f29
:1031c000488184870a0040100a0011242528400203
:1031d000e14c400f25200002258840000500022414
:1031e0000a002212060002243900221225300000b3
:1031f000251020022400bf8f2000b28f1c00b18f49
:103200001800b08f0800e0032800bd275e0002967a
:103210000500032418004314f5ff42246400028ec5
:10322000050042302a004314253000002800028e99
:103230002c0002ae5a0003960d0060100800022414
:103240001000a0af3400028e1400a2af013007249a
:103250001000a6271400a52716bb400f252040020a
:1032600071f2400f00000000040002ae06000224cc
:10327000dfff00105e0002a6fdff4230dcff4014bd
:10328000010003240c00028e080002ae2c00028e06
:10329000300002ae090002245e0002a66000029225
:1032a0004408627c0421627c4429627cc439027c2b
:1032b000600002a225380000253000000800052427
:1032c000195e400f25204002caff00102510200281
:1032d0000200052488bb400f25200002c5ff001016
:0432e0002510200293
:020000040000fa
:020000041d02db
:1032e4001400838c4c00601403000224d8ffbd2713
:1032f4002400bfaf2000b0af31008290030003244c
:1033040011004314258080000c00828c1800a32730
:103314001000a3af2c00428c2538000036008694a0
:103324003200859409f840001000848c1800405045
:103334001800a48f140002ae02000324010002242a
:1033440023000010300003a2ffff43240200632c7b
:103354001900601001000324210043101800a32762
:103364000c00828c1400a3af1000a0af3000428c7c
:1033740034008794360086943200859409f840001e
:103384001000848cecff4054140002ae1800a48f8b
:10339400020003240e0083100300022468010624a3
:1033a400049d053c24bba524afe3400f2520000069
:1033b40007000010feff02245c010624049d053c66
:1033c40024bba524bee3400f25200000ffff0224f8
:1033d4002400bf8f2000b08f0800e0032800bd2721
:1033e4000c00828c1400a3af010003241000a3afcf
:1033f4003000428c340087943600869432008594e1
:1034040009f840001000848ce0ff401025180000eb
:10341400cbff0010251000000800e00300000000ae
:020000040000fa
:020000041d02db
:1034240068ffbd279400bfaf9000b1af8c00b0af70
:1034340096c3400f258080003e0040140000000029
:10344400f2c8400f25200002258840000300022412
:103454003300221601000224a400028ef6ff422447
:103464000200422c28004010253800001c00029263
:103474000a00401021000224080002ae39cf400f98
:1034840025200002251020029400bf8f9000b18fe8
:103494008c00b08f0800e0039800bd2729c5400fb9
:1034a40025200002120040144c00a527bdab400f9c
:1034b4000c0004861000a527bdab400f0e00048647
:1034c4002c0002266000a38f2f0003aa000043b83b
:1034d4003600a297400002a61f000224080002ae94
:1034e400e1b9400f25200002e7ff0010251020025b
:1034f40009000224a00002aee8dd400f25200002ee
:10350400e1ff0010251020022530000001000524f1
:10351400d4e4400f25200002daff0010080000aeba
:10352400a00002aee8dd400f25200002d5ff001008
:10353400ffff112475e6400f25200002d1ff401043
:103544000100112402000224a00002aee8dd400fb5
:0c35540025200002cbff0010ffff112417
:020000040000fa
:020000041d02db
:10356000d8ffbd272400bfaf2000b3af1c00b2af0f
:103570001800b1af4400a0101400b0af1082828fc9
:10358000420040101200b084400000060c82838f7d
:103590002a1803023d006010801810000a10437cb6
:1035a0003b00451425980000340082940f00401021
:1035b00001000624340080a42000828c40004234a4
:1035c000200082ac25288000f4b8400f2800848cad
:1035d0002400bf8f2000b38f1c00b28f1800b18f62
:1035e0001400b08f0800e0032800bd275a00a29401
:1035f0000100423019004010259800004c00b18ca9
:103600005000b38c2800928c0c00a28c18004454fb
:103610005600a2941000828c0c0040a43c00a28ca6
:1036200000024230100040500000a28c540080a4e0
:103630002000828cc418027c200082ace4ff20129f
:1036400025386002010006242528400209f82002de
:1036500025200002dfff00102400bf8f2588000016
:10366000e9ff001025900000f1ff00100800a2ac57
:10367000ffff42245600a2a4b2c7400f0000000082
:10368000eeff0010000000002580000025980000db
:0c36900025880000f8ff001025900000c5
:020000040000fa
:020000041d02db
:10369c00d8ffbd272400bfaf2000b4af1c00b3afd0
:1036ac001800b2af1400b1af1000b0af020002248a
:1036bc002a008210ffff11242598a0002590c0003d
:1036cc00010002242f0082142580e0002e00c0107f
:1036dc00253800000000c28c29004010252800006d
:1036ec0051dc400f2520c0001c00401025a04000dc
:1036fc002538000025306002252800028c56400f2a
:10370c000100042425884000ffff0224130022122c
:10371c00808011001082828f0a80507c25304002fc
:10372c002528800247d0400f252000023c00028e45
:10373c00010003248473627c3c0002ae3c00028ec8
:10374c0001000324c47b627c3c0002ae3c00028e70
:10375c0001000324448c627c3c0002ae2510200244
:10376c002400bf8f2000b48f1c00b38f1800b28fc1
:10377c001400b18f1000b08f0800e0032800bd27a3
:10378c002590000025380000253060028c56400f33
:10379c002528000225884000ffff0224efff22129b
:1037ac00808011001082828f0a80507c253040026c
:1037bc002528000047d0400f25200002e0ff4016ce
:0c37cc003c00028ee3ff0010010003240b
:020000040000fa
:020000041d02db
:1037d8000400828cc0ffbd273800beaf2800b4affc
:1037e8002000b2af1c00b1af3c00bfaf3400b7af90
:1037f8003000b6af2c00b5af2400b3af1800b0af9f
:103808002588c0002590e0005400b48f02004104d0
:103818005800be8f010002241000908c0c00958c7b
:103828000000d78f5000b38fffff10262118b00279
:10383800000060a001000924234053000200f73271
:10384800c3b714001000001e251032022c002051ae
:103858000000c28f3c00bf8f251000023800be8fc9
:103868003400b78f3000b68f2c00b58f2800b48f86
:103878002400b38f2000b28f1c00b18f1800b08fc6
:103888000800e0034000bd27070040142110130181
:103898000600401c25202002ecff601a00000000f2
:1038a800eaffe0120000000025202002252840023f
:1038b800253080022538c0021400a8affd3c400f17
:1038c800ffff10261000a2af2118b00230004224da
:1038d8002520200225284002000062a02530800211
:1038e8000e3c400f2538c002ffff73262588400094
:1038f800259060001400a88fd2ff00101000a98f37
:0c3908000421027cd3ff00100000c2afbd
:020000040000fa
:020000041d02db
:10391400d8ffbd272400bfaf2000b4af1c00b3af55
:103924001800b2af1400b1af1000b0af258880000a
:1039340025a0a0002590c0002800938c1800908c2e
:103944000c00028e100002ae0400628e0c0002ae67
:103954000e53400f02000496020002a60e53400fbd
:1039640006000496060002a6080002920200401413
:1039740064000224080002a21000238e0000058eb9
:10398400802805003c00a5300c0062942110a200a0
:10399400090080120c0062a40a0000a66000629272
:1039a4000400423004004014253000001653400f38
:1039b400252000020a0002a61c0040122400bf8f2a
:1039c4001400248e060082240300438800004398d8
:1039d400030083a8000083b804004390040083a07c
:1039e40005004390050083a02800238e3c00652435
:1039f4000a2803002518a0000300a5880000659884
:103a0400030045a8000045b804006490040044a0e5
:103a140005006390050043a01000238e0c006294ff
:103a24000e0042240c0062a42400bf8f2000b48f37
:103a34001c00b38f1800b28f1400b18f1000b08f28
:083a44000800e0032800bd2783
:020000040000fa
:020000041d02db
:103a4c00d8ffbd272400bfaf2000b3af1c00b2af1e
:103a5c001800b1af1400b0af00008290d0ff422428
:103a6c00ff00423040100200448283278a11627c9e
:103a7c000200462c3100c0101300032400a0033cac
:103a8c00400266902d00c214130003242580a00070
:103a9c000300912400a0063c5018c62425282002bf
:103aac009076400f2520400024004004040003249d
:103abc000ce9400f252020021800048e080080100d
:103acc00259040001c00028e05004010ffff533271
:103adc002b1053002100401025306002000080a004
:103aec00ffff4232259040000d00422c0100405057
:103afc000c001224ffff52322530400225282002f0
:103b0c00f4e9400f0900042621901202090040a29a
:103b1c0000a0023c5018422414004394080003a255
:103b2c000e004394040003a60c00438c060003a66d
:103b3c000800428c000002ae251800002510600021
:103b4c002400bf8f2000b38f1c00b28f1800b18fe0
:103b5c001400b08f0800e0032800bd27f4e9400fe3
:103b6c00252820021800068e2130d300dcff00101f
:043b7c000000c0a0e5
:020000040000fa
:020000041d02db
:103b8000e0ffbd271c00bfaf1800b1af1400b0affd
:103b9000258880005000908ce2f0400f2520000224
:103ba000eaf0400f25200002f2f0400f252000022d
:103bb000c4f1400f25200002fdff4014000000006a
:103bc000e6f0400f252000023ff2400f25200002c2
:103bd00032004014d0002326000075bc0f00000006
:103be0000020043c25186400080060ac0c0060aca8
:103bf000100123aee0002326000075bc0f0000007a
:103c000025186400080060ac0c0060ac140123ae01
:103c1000f0002326000075bc0f000000251864008a
:103c2000080060ac0c0060ac180123ae0001222635
:103c3000000055bc0f00000025104400080040acf7
:103c40000c0040ac1c0122aeef630524d6f1400ffe
:103c5000252000022528000035f0400f2520000215
:103c6000252800003af0400f25200002daf0400f2e
:103c700025200002def0400f25200002000605246a
:103c80003df2400f252000021c00bf8f1800b18fad
:103c90001400b08f0800e0032000bd27d6f0400fcd
:0c3ca00025200002c8ff001000000000fa
:020000040000fa
:020000041d02db
:103cac00e0ffbd271c00bfaf1800b2af1400b1afce
:103cbc001000b0af0080023c8852508c23000012e0
:103ccc000080023c8452428c1900401024001026c3
:103cdc00258800000080123cdcff048e1000805010
:103cec00010031268cd5400f000000002bc0400f86
:103cfc00252000022bc0400ff0ff04262bc0400fe4
:103d0c00e0ff0426845242260800448c0c00828c6e
:103d1c0009f84000dcff058edcff00ae0100312607
:103d2c008452428e2b102202ebff40143c001026d2
:103d3c000080103c845210260800048e0c00828ceb
:103d4c0009f840000400058e040000ae0080103c11
:103d5c00845210260800058e0080043c7be9400f3d
:103d6c00a4528424080000ae1c00048e06008010af
:103d7c000080023c4ce8400f000000000080023c38
:103d8c00a05240ac0080023cc852448c0a00801007
:103d9c001c00bf8f2000828c0800423004004014ad
:103dac000080023cb2c7400f000000000080023cc3
:103dbc00c85240ac1c00bf8f1800b28f1400b18fda
:0c3dcc001000b08f0800e0032000bd27ad
:020000040000fa
:020000041d02db
:103dd800e0ffbd271c00bfaf1800b0af1000a0a7c0
:103de8001200a0a7420086942400c01025808000fd
:103df8000300052497aa400f0e008484420005960c
:103e0800f0ffa530420005a60080023c3056448ce5
:103e18000400828c09f8400000000000700002ae27
:103e2800440006962500c0100200052497aa400ffa
:103e38000e0004861000a62702000524c8aa400f19
:103e48000e00048644000596f0ffa530440005a640
:103e58000080023c3056448c0400828c09f84000f3
:103e680000000000740002ae251000001c00bf8f87
:103e78001800b08f0800e0032000bd270080023c36
:103e8800385646940600c01003000524420086a454
:103e980097aa400f0e008484d9ff001042000596af
:103ea8001200a627c8aa400f0e008484d3ff401032
:103eb8001200a297d1ff0010420002a60080023c27
:103ec8003a5646940600c0501000a627440006a69d
:103ed80097aa400f0e000486d7ff00101000a627ef
:103ee80002000524c8aa400f0e000486d1ff401026
:0c3ef8001000a297cfff0010440002a6ab
:020000040000fa
:020000041d02db
:103f04000080023cd05342242c004290ff004230f7
:103f1400430040100080023cd05342241c00438cd8
:103f24002000428c82bf043c1022848c0100843027
:103f3400190080102b204300170080100080043cdf
:103f440082bf093c0600082482bf063cd053842467
:103f540082bf073c0022258d0600a5302b00a81443
:103f6400000000003022ca8c1800858c40580200e2
:103f74002128ab000000aaa4010042241022e58cf1
:103f84000100a5300500a0500080043cf1ff62143c
:103f940000000000251060000080043cd0538424fd
:103fa400200082ac81bf023c0400053c840045ac87
:103fb4002000828c2b184300190060142510800007
:103fc4002c0080a081bf033c0200043c040164accb
:103fd4000400043c040164ac2400428c1000401032
:103fe4000080023ce8ffbd271400bfafd053422439
:103ff4002800448c2400428c09f840000000000092
:104004001400bf8f0800e0031800bd273022ca8cbb
:104014001800858c2128a200d7ff00100000aaa058
:084024000800e00300000000a9
:020000040000fa
:020000041d02db
:10402c000080023cd053422414004290ff004230e6
:10403c0043004010000000000080023cd05342249a
:10404c000400438c0800428c82bf043c1022848cf8
:10405c0000028430180080142b20430016008010be
:10406c0082bf053c82bf093c060008240080063c48
:10407c0082bf073c0022248d060084302b0088145c
:10408c0000000000d053c48c4050020021208a0054
:10409c00000084942022a4ac010042241022e48c61
:1040ac0000028430050080140080043cf1ff62148f
:1040bc0000000000251060000080043cd0538424d4
:1040cc00080082ac81bf023c0800053c840045ac72
:1040dc000800828c2b1843001900601400000000ab
:1040ec0025108000140080a081bf033c0800043c14
:1040fc00040164ac0c00428c110040100000000064
:10410c00e8ffbd271400bfaf0080023cd05342240f
:10411c001000448c0c00428c09f840000000000098
:10412c001400bf8f0800e0031800bd27d053c48cc7
:10413c008a21827c2022a4acd8ff001001004224ea
:08414c000800e0030000000080
:020000040000fa
:020000041d02db
:10415400a0ffbd275c00bfaf5800b2af5400b1afa1
:104164005000b0afcc80828f1300401025888000af
:10417400d880908f2590000046000486ffff02241b
:104184000900825001005226110020521400058ead
:10419400bdab400f1000a5273800a28f1900515065
:1041a4001400058e01005226cc80828f2b1042020f
:1041b400f1ff4014640110265c00bf8f5800b28fd9
:1041c4005400b18f5000b08f0800e0036000bd2799
:1041d400ffff02241200a2148c80848f2000058e1d
:1041e4000300a01000000000d486400f460004869f
:1041f400f972400f46000486ffff0224e9ff001015
:10420400460002a6ffff02241000a2148c80848fb3
:10421400ca73400f46000486e3ff001001005226d3
:104224001400828c09f8400000000000ffff022403
:10423400140002ae620006260800052498e5400f2b
:1042440025200002e6ff00102000058e1400828c59
:1042540009f8400000000000ffff0224140002ae31
:10426400620006260800052498e5400f2520000278
:08427400e7ff0010000000004c
:020000040000fa
:020000041d02db
:10427c00d8ffbd272400bfaf2000b4af1c00b3afe4
:10428c001800b2af1400b1af1000b0af2590800091
:10429c002588a00025a0c0001ed2400f2598e00064
:1042ac002c004010ffff10240080023c5853438c1c
:1042bc0002000224250062140000000023002012da
:1042cc002b103202210040140080023c204e429000
:1042dc0029004010050002240080033c444e632456
:1042ec000100102400006490270080540100102667
:1042fc0001000224000062a0010060a0180060a070
:10430c00190060a03800a28f040062ac080071ace8
:10431c00100074ac140073ac238832020c0071ac26
:10432c001a808297ffff10320024020025800402bd
:10433c00200070ac01004224ffff4230ffff4438e4
:10434c00010003240a1064001a8082a722e0400fa7
:10435c0000000000251000022400bf8f2000b48f45
:10436c001c00b38f1800b28f1400b18f1000b08fe7
:10437c000800e0032800bd27258000000080033cd6
:10438c00dbff0010204e6324d6ff021624006324aa
:08439c00eeff0010ffff1024ea
:020000040000fa
:020000041d02db
:1043a400d8ffbd272400bfaf2000b4af1c00b3afbb
:1043b4001800b2af1400b1af1000b0af2580800078
:1043c400d9f1400f2588a00004004014259800006e
:1043d400e6f0400f2520000203001324def0400f16
:1043e400252000020000328e0400348e52f1400f6a
:1043f4002520000256f1400f2520000282101200f1
:104404002b1082020f00401025280000049d033c5d
:104414007ac26324010005240a0004240000629483
:104424001b004202f4014000121000002b10820213
:10443400050040100100a524f8ffa4140200632421
:10444400090005240100a524ff00a5305af1400ffe
:10445400252000020800228e010042301200401084
:10446400000000002af1400f252000020800228edf
:1044740002004230100040100000000032f1400ff2
:1044840025200002251060022400bf8f2000b48f75
:104494001c00b38f1800b28f1400b18f1000b08fbe
:1044a4000800e0032800bd272ef1400f252000025c
:1044b400efff00100800228e36f1400f2520000285
:0844c400f1ff00102510600259
:020000040000fa
:020000041d02db
:1044cc000000e0acffff82301900422c4400401089
:1044dc0013000324e0ffbd271c00bfaf1800b2afd0
:1044ec001400b1af1000b0afffff903000a0023c41
:1044fc000019100070144224211043000c00428c4f
:10450c0019004414130003240011100000a0033cf4
:10451c0070146324211043000800428c2b90c200bd
:10452c000a3052002590c0000f00c0102518000062
:10453c001400a01400a0023c0000e6ac00811000a6
:10454c0070144224218002020000068e2190d200b9
:10455c00000012ae0800028e0000e38c2310430012
:10456c00080002ae25180000251060001c00bf8f4b
:10457c001800b28f1400b18f1000b08f0800e00348
:10458c002000bd272588e0002538a0000029100058
:10459c00701442240a28457c7b85400f003c847ca7
:1045ac00f1ff401025180000000032ae0081100011
:1045bc0000a0023c70144224218002020000068eee
:1045cc002190d200000012ae0800028e0000238e53
:1045dc0023104300080002aee3ff00102518000072
:0845ec000800e0032510600047
:020000040000fa
:020000041d02db
:1045f400d8ffbd272400bfaf2000b3af1c00b2af6b
:104604001800b1af1400b0af0200022426008210db
:10461400ffff11242590c000010002242a00821407
:104624002580a0002900c010253800000000c28c9d
:10463400260040102528000051dc400f2520c00032
:10464400190040102598400025380000253000024c
:10465400252800000739400f010004242588400064
:10466400ffff022410002212808011000081828f3b
:104674000a80507c440013ae25304002710005923c
:104684007cdd400f252000028400028e01000324fb
:10469400c4de627c840002ae8400028e0100032426
:1046a40004e7627c840002ae251020022400bf8f40
:1046b4002000b38f1c00b28f1800b18f1400b08f8c
:1046c4000800e0032800bd2725380000253000023b
:1046d4000739400f2528000025884000ffff0224e9
:1046e400f1ff2212808011000081828f0a80507ca9
:1046f400440000ae25304002710005927cdd400f7d
:1047040025200002e4ff401625102002e8ff0010d7
:044714002400bf8f2f
:020000040000fa
:020000041d02db
:10471800e0ffbd271c00bfaf1800b1af1400b0af59
:10472800258080000800838c2000919408002432a2
:104738002b0080101000628c01004430280080108b
:10474800c2321100403106000100c63401006290f7
:10475800010044302518c0000004c6340a30640043
:104768004400049622000324050083142016042420
:1047780046000396201663300600641004000524e2
:10478800020042302518c0000008c6340a30620012
:104798000400052495d3400f25200002070040108f
:1047a8000101313201010224090022160400022409
:1047b8001a0002a6060002241c0002a61c00bf8fd5
:1047c8001800b18f1400b08f0800e0032000bd2747
:1047d8001a0002a608000224f8ff00101c0002a616
:1047e800006026320300c010005031320001467cc0
:1047f800403306002518c0000001c6340a30710095
:10480800000142302518c0000040c6340a3062005a
:104818002528000095d3400f25200002e7ff40100f
:10482800040002241a0002a60a000224e3ff001072
:044838001c0002a6b8
:020000040000fa
:020000041d02db
:10483c00e0ffbd271c00bfaf1800b2af1400b1af32
:10484c001000b0af1c00829408004010258080003e
:10485c0001000324250043504000828c9ddc400f56
:10486c00f4ff05241c0000101c00bf8f0800928c64
:10487c001400428e1000428c04004054400002aee2
:10488c00019d023cc82a4224400002ae77e0400f52
:10489c003c0000ae54de400f258840002000438ec3
:1048ac000000638c02882372e70331266210033cfc
:1048bc00d34d632419002302108800008289110053
:1048cc00211022022c0002ae010002241a0002a6c2
:1048dc001c0002a61c00bf8f1800b28f1400b18ff1
:1048ec001000b08f0800e0032000bd2725288000b1
:1048fc00039d043c09f840001c4f8424050040141f
:10490c0000000000020002241a0002a6f1ff0010b1
:10491c001c0000a605004104252840009ddc400f2a
:10492c0025200002ecff00101c00bf8f54de400f4e
:10493c00000000002c00038e2b104300e5ff4014f8
:10494c00fbff05249ddc400f25200002e2ff001038
:04495c001c00bf8fed
:020000040000fa
:020000041d02db
:10496000d8ffbd272400bfaf2000b4af1c00b3aff9
:104970001800b2af1400b1af1000b0af2c00e010bf
:1049800025800000020002243200c214010002242b
:104990001001918c1401928c25a0e0000800428e39
:1049a000100040142598a0003800a68f1800052498
:1049b00009f8e000010004241d00401025800000db
:1049c0000800438e000043ac0400632400e0637cd5
:1049d000140043ac080042ae0c00438e010060504e
:1049e0000c0042ae1200601225806002258000009b
:1049f0003800a68f1800052409f88002010004245d
:104a00000c00405025100002000040ac140040ace7
:104a10000c00238e14006054000062ac080022ae2b
:104a20000c0022ae01001026f2ff70163800a68f8f
:104a3000251000022400bf8f2000b48f1c00b38f0c
:104a40001800b28f1400b18f1000b08f0800e0037f
:104a50002800bd27f6ffc214258000001801918ca4
:104a6000cdff00101c01928c0c00248e0400432406
:104a700000e0637c140083aceaff00100c0022ae5f
:020000040000fa
:020000041d02db
:104a8000d8ffbd272400bfaf2000b4af1c00b3afd8
:104a90001800b2af1400b1af1000b0affc80838f2c
:104aa0000100022433006214f880828f3100401824
:104ab00002000224fc8082aff080828f230040102d
:104ac0002588800014008294010013240498530068
:104ad00025900000808012000081828f0a80507c27
:104ae000160000520100522671f0400f4400048e5f
:104af000110040040100032404184300241873002b
:104b00000d006010010003248400028e0100543067
:104b10000400627c840002ae0020062425280000e8
:104b200088a1400f252000022ba014008400028ed3
:104b30000400827e840002ae01005226f080828f43
:104b40002b104202e4ff40148080120016002392d2
:104b5000020002240f006214f880828fffff4224bb
:104b60000c004014f88082af07c0400f0000000026
:104b7000fc8080af2400bf8f2000b48f1c00b38f57
:104b80001800b28f1400b18f1000b08f0800e0033e
:104b90002800bd2701000224f6ff0010fc8082af30
:020000040000fa
:020000041d02db
:104ba0000700a22c4400401000000000e8ffbd27d1
:104bb0001400bfaf1000b0af80280500029d023c7a
:104bc000d04b42240a28457c0800a00025808000a4
:104bd000ec4b029d004c029db04c029d284c029d66
:104be000784c029da44c029db04c029d2510000003
:104bf0001400bf8f1000b08f0800e0031800bd271d
:104c0000fbff8010251000006eee400f000000003a
:104c100001000324000003a275ee400f2520400090
:104c2000f3ff001001000224f1ff801025100000a6
:104c300000000292ff004230fdff40100000000023
:104c400000000392ff006330e9ff601025100000b0
:104c50006eee400f0000000000000392ffff63248f
:104c6000ff006330000003a275ee400f25204000d6
:104c7000dfff001001000224ddff8010251000007e
:104c80006eee400f0000000000000392010063245c
:104c9000000003a275ee400f25204000d4ff001055
:104ca00001000224000080acd1ff001001000224aa
:104cb000cfff0010010002240800e00325100000cf
:020000040000fa
:020000041d02db
:104cc000e0ffbd271c00bfaf1800b1af1400b0afac
:104cd000258880000e00a290020003242c004310bf
:104ce0002580a000030003241400431001000324c6
:104cf00034004314cb040624adee400f1000848c26
:104d00000a0040141c00bf8f040006968019c57c61
:104d10004020c67c1000a534d2de400f1000248e47
:104d2000030002240e0002a21c00bf8f1800b18fe6
:104d30001400b08f0800e0032000bd27adee400f47
:104d40001000848cf9ff40141c00bf8fb2e9400fa3
:104d50001000248e080002ae040005964020a67cb8
:104d60008019a57c0100c6341000a534d2de400fa6
:104d70001000248e0d000292010042300200042433
:104d8000060003240a188200e7ff00100e0003a2a9
:104d9000adee400f1000848ce4ff40141c00bf8f68
:104da000b2e9400f1000248e001402000800038ea8
:104db00025186200080003ae06000224daff001086
:104dc0000e0002a2049d053c28bfa52491e3400fdc
:104dd0002520000007000224d3ff00100e0002a2cd
:020000040000fa
:020000041d02db
:104de000e8ffbd271400bfaf1000b0af9d9c400f7f
:104df0002580a000110040540000449087f2400f2d
:104e0000000000000300432c08006014ffff022490
:104e100085f2400f00000000049d053c3892a52457
:104e200098d0400f25204000ffff02241400bf8fc0
:104e30001000b08f0800e0031800bd2740100400e8
:104e40002110440080100200231044008010020052
:104e500023104400801002000080033cd44e6324e1
:104e600021104300a800459001000324efffa31484
:104e7000ffff0224401004002110440080100200b3
:104e80002310440080100200231044008010020010
:104e90000080033cd44e632421104300a80040a0ae
:104ea000ff000532c01805002118650080180300b6
:104eb0005800428c211843000c00658c0200b0148d
:104ec000ffff02240800628c4018040021186400cf
:104ed000801803002318640080180300231864005e
:104ee000801803000080043cd44e84242118640000
:0c4ef00001000424cdff0010a80064a005
:020000040000fa
:020000041d02db
:104efc00e0ffbd271c00bfaf1800b1af1400b0af6e
:104f0c0026eb400f2580a000258840003a00201297
:104f1c00251000003800001254000624252800003b
:104f2c004eeb400f252000025c002392010002246e
:104f3c000b006254000000ae1400228e040002ae7e
:104f4c001800228e140002ae1c00228e240002ae29
:104f5c002000228e340002ae01000224000002aeba
:104f6c0028002296440002a62a002296460002a699
:104f7c002400228e480002ae4800228e4c0002a66d
:104f8c000400228e0000238e231043004e0002a644
:104f9c003c00248e040082388000427c5d00239209
:104fac000100663025284000020042340a10a60099
:104fbc000800863025284000040042340b10a6005f
:104fcc000200663025284000080042340a10a60072
:104fdc001000843025284000100042340b10a4002f
:104fec000400633025204000200042340a10830066
:104ffc00500002ae010002241c00bf8f1800b18fbc
:0c500c001400b08f0800e0032000bd2756
:020000040000fa
:020000041d02db
:1050180042008010f2ff02240800838c0080023cca
:10502800b85142243a006250020087840800e00325
:10503800f2ff02243900a010f4ff02243900c01046
:10504800000000000080023ccc51438c330060100b
:10505800f4ff02240000678c3200e010000000001a
:105068000400678c2f00e010000000000800638c2b
:105078002c00601000000000e0ffbd271c00bfaf3f
:105088001800b2af1400b1af1000b0af2590c00047
:105098002588a0001000a28c050040102580800003
:1050a80025288000039d043c09f840001c4f8424f7
:1050b8000080023cb85142240000238e020043a421
:1050c8000400238e100043ac0800238e0a0043a47a
:1050d8000c00238e010043a0280012ae0100022418
:1050e800180002a61c0000a61a0000a6020002a6cc
:1050f8001e0002a6010002241c00bf8f1800b28ff8
:105108001400b18f1000b08f0800e0032000bd2705
:1051180002000324c7ffe310f3ff02240800e003a2
:0c512800000000000800e0030000000090
:020000040000fa
:020000041d02db
:10513400d0ffbd272c00bfaf2800b5af2400b4af0b
:105144002000b3af1c00b2af1800b1af1400b0af71
:105154002580800025a0a0001400828c09f840005e
:105164001000958c259040000c00028e1c0040100d
:10517400258800000800118e0000028e021851726a
:105184002188620000002296010042301e00401473
:10519400259800000a0000102000028e0800118edd
:1051a4000000028e021851722188620000002296cb
:1051b40001004230150040541c00028e2000028e73
:1051c400253080022528200209f84000252000020d
:1051d400020033a62400028e01004224240002ae01
:1051e400251020022c00bf8f2800b58f2400b48f17
:1051f4002000b38f1c00b28f1800b18f1400b08f41
:105204000800e0033000bd271c00028e2530800218
:105214002528200209f8400025200002f0ff401054
:10522400219055020c00028e2b20420223184202c8
:10523400010073262b106202d8ff40140a90640008
:08524400e7ff001025880000bf
:020000040000fa
:020000041d02db
:10524c00d8ffbd272400bfaf2000b4af1c00b3af04
:10525c001800b2af1400b1af1000b0af0f00a01027
:10526c0025a080001000a28c0500401078001124ad
:10527c001400512c140003240a18510025886000d6
:10528c001400b38c421011001800b08c0c000016e6
:10529c000a985300040000109224023c3c00132492
:1052ac00780011249224023c244942242b1022021f
:1052bc0024004014c2101100c0800200238002029e
:1052cc0048ec400fcccc123ccdcc523619005200dd
:1052dc00101800000221030080180400211864003b
:1052ec008018030023104300f6ff7326211053008f
:1052fc0048ec400f100082ae1900520010900000d4
:10530c0002911200801812002190720080901200fd
:10531c0023105200f6ff102621105000140082ae0c
:10532c00180091ae2400bf8f2000b48f1c00b38fe7
:10533c001800b28f1400b18f1000b08f0800e0037a
:10534c002800bd27c080110023801102dcff001053
:04535c00c2801000fb
:020000040000fa
:020000041d02db
:10536000c8ffbd273400bfaf3000b5af2c00b4afcd
:105370002800b3af2400b2af2000b1af1c00b0af23
:10538000259080000700a0102580a0000000a0a0ac
:105390000100a0a00200a0a00300a0a00400a0a003
:1053a0000500a0a028004012010002240000438252
:1053b0002500601025880000000054823fec400f5b
:1053c0002520800220004010251000000100558299
:1053d0003fec400f2520a002240040100438b37e8b
:1053e000047a937eb2c1400fffff64322118b103eb
:1053f000100062a002004282090040103a0003241b
:10540000030043102d0003240f0043142510000057
:105410000100312606000224e7ff2216030052266f
:10542000070000121000a28f030002aa000002bab7
:105430001400a293040002a21500a293050002a288
:105440000500223a0100422c3400bf8f3000b58f96
:105450002c00b48f2800b38f2400b28f2000b18fae
:105460001c00b08f0800e0033800bd27f6ff0010d5
:045470002510000003
:020000040000fa
:020000041d02db
:105474004200a010010002245c0083903f006214eb
:1054840000000000d8ffbd272400bfaf2000b2af4a
:105494001c00b1af1800b0af2588a00025808000a3
:1054a40003f2400f2520a0000000448c1c0004ae31
:1054b4003c00038e1000023c0001422424186200c8
:1054c40001006254140004ae00f2400f25202002b3
:1054d4000000528c1000b2af200012ae3c00028ecd
:1054e40020004230130040141000a52779d7400f44
:1054f4002800248e0f004014f0005232e0000224f1
:105504000c0042121000a28f1800038e0600625095
:105514003c00028e3c00038ec439037c3c0003ae85
:10552400180002ae3c00028e010003248431627c28
:105534003c0002ae2800228e240002ae280002960f
:10554400060040501c00228e3c00028e4005427c26
:10555400050040142400bf8f1c00228e00004294da
:10556400280002a62400bf8f2000b28f1c00b18f38
:105574001800b08f0800e0032800bd270800e003ee
:045584000000000023
:020000040000fa
:020000041d02db
:105588004100a010251000000000a38c3e00601010
:10559800000000003c0080100000000042008394de
:1055a800400063303800601000000000e0ffbd27b5
:1055b8001c00bfaf1800b2af1400b1af1000b0affd
:1055c8002580c0002588a0000080023c71f0400fb3
:1055d8008852528c001902002310620080100200c9
:1055e8002190420225282002f6a1400f0000448e97
:1055f800258840001e002012251000000000239678
:10560800c00063301b0060101c00bf8f09000052ef
:10561800000023961000228e030002aa000002ba9e
:1056280014002292040002a215002292050002a290
:1056380000002396800063300d00601001000224f2
:10564800140052260400302625280002a4b8400f72
:10565800252040020080023c9852428c0c0022ae69
:10566800252800020fb7400f252040020100022420
:105678001c00bf8f1800b28f1400b18f1000b08fbc
:105688000800e0032000bd270800e0030000000038
:020000040000fa
:020000041d02db
:105698004100c0102510e000d0ffbd272c00bfaf8f
:1056a8002800b5af2400b4af2000b3af1c00b2afe0
:1056b8001800b1af1400b0af2598a0002590c00025
:1056c8002580e0001cb9400f010006242500401089
:1056d8002588400025a000000e0022960800238e91
:1056e80021186200231873000c0022960300401052
:1056f800ffff63302b2062000a1844002ba84302e6
:105708000b1855021000601025a860002530000015
:10571800252860001653400f25206002271002003c
:105728000100833203006010ffff42300e53400f28
:105738002520400023905502ffff523221a0b402d9
:10574800ffff9432218002020000318e05002012f2
:10575800000000000300401200000000deff0010ff
:105768000800338e59ee400f252000022710020052
:10577800ffff42302c00bf8f2800b58f2400b48f64
:105788002000b38f1c00b28f1800b18f1400b08fa7
:105798000800e0033000bd270800e0030000000017
:020000040000fa
:020000041d02db
:1057a800000102040703060500000000ffffffffd9
:1057b800fffffffffffffffffffffffffffffffff1
:1057c800ffffffffffffffffffffffffffffffffe1
:1057d800ffffffffffffffffffffffffff000102cb
:1057e80003040506070809ffffffffffffff0a0b79
:1057f8000c0d0e0f101112131415161718191a1b69
:105808001c1d1e1f20212223ffffffffffff0a0b85
:105818000c0d0e0f101112131415161718191a1b48
:105828001c1d1e1f20212223ffffffffffffffff7c
:10583800ffffffffffffffffffffffffffffffff70
:10584800ffffffffffffffffffffffffffffffff60
:10585800ffffffffffffffffffffffffffffffff50
:10586800ffffffffffffffffffffffffffffffff40
:10587800ffffffffffffffffffffffffffffffff30
:10588800ffffffffffffffffffffffffffffffff20
:10589800ffffffffffffffffffffffffffffffff10
:1058a800ffffffffffffffffffffffffff000000fd
:020000040000fa
:020000041d02db
:1058b800d8ffbd272400bfaf2000b4af1c00b3af92
:1058c8001800b2af1400b1af1000b0af0ce9400f30
:1058d80025888000ffff4230010030260e0040146a
:1058e80025182002000020a2010020a20100222683
:1058f8002400bf8f2000b48f1c00b38f1800b28f14
:105908001400b18f1000b08f0800e0032800bd27f5
:105918002510400225188002ffff1126010074247b
:10592800000065902024057cffff52243d000624da
:1059380004008610ffff5232260006240700861452
:105948002b00062425880002ffff00a2f0ff401666
:1059580001001026e4ff0010000020a205008614b4
:10596800250006242588000220000224f7ff0010e5
:10597800ffff02a20f008654258800020200522e63
:10598800d8ff40160300742401006490047a937cc5
:10599800020063900438737cfdff4224ffff5230fd
:1059a80025880002b2c1400fffff6432e7ff0010f4
:0c59b800ffff02a2e5ff0010ffff05a2a8
:020000040000fa
:020000041d02db
:1059c400e0ffbd271c00bfaf1800b1af1400b0af9b
:1059d40025808000a5d7400f9c00848c25280000da
:1059e400e3bf400f252000024aea400f9c00048eca
:1059f400dc80828f0c0002561800048ea5d7400f5d
:105a04009c00048e4aea400f9c00048eb00000ae55
:105a1400a00000aea40000aea80000aeac0000ae32
:105a2400dc8080af1800048effff02240600821081
:105a34004800118e1800228e09f840000000000072
:105a4400ffff0224180002ae1400048effff02249c
:105a540007008210253800020800228e09f8400051
:105a640000000000ffff0224140002ae25380002eb
:105a7400039d063ca434c6240200052402bd400f45
:105a84002520000225300000feff05244ea6400f0d
:105a94002520000225380002039d063c3434c62428
:105aa4000100052402bd400f252000021c0000aea9
:105ab400200000a61c00bf8f1800b18f1400b08f07
:085ac4000800e0032000bd27eb
:020000040000fa
:020000041d02db
:105acc000c00838c0019637c80180300ecff6324aa
:105adc00ff0063303a006010180202241400842482
:105aec0021408300010007240200062434006010ca
:105afc00180202242b1088003100401018020224d6
:105b0c0001008524ffffa29027004010ffff6324b3
:105b1c0023004710ff006330170046540200622c2c
:105b2c000300632c260060141802022401008590e7
:105b3c00040003242200a314251800000200829004
:105b4c00047a437c030082900438437c2510600067
:105b5c00ffff6330b505632c01006050b4050224cf
:105b6c00ffff43301802632c01006054180202241a
:105b7c000800e003ffff42300d004014000000005d
:105b8c00010082902b2862000b00a0140200452417
:105b9c002120850023186200d4ff0010ff00633021
:105bac00d2ff00102520a0000800e00318020224f8
:105bbc000800e003180202240800e0031802022483
:085bcc000800e00300000000e6
:020000040000fa
:020000041d02db
:105bd400e0ffbd271c00bfaf1800b1af1400b0af89
:105be40096c3400f2580800031004014000000005f
:105bf400f2c8400f2520000225884000030002243b
:105c0400250022160a000324a400028e0b0043146c
:105c14000b00032424000224080002ae7dcd400fb3
:105c240025200002251020021c00bf8f1800b18f10
:105c34001400b08f0800e0032000bd270700435480
:105c4400f4ff422428000224080002aebab1400f37
:105c540025200002f4ff0010251020020200422c2f
:105c6400060040102d000224080002aebfa1400f20
:105c740025200002ecff001025102002253800002a
:105c84002530000001000524d4e4400f2520000243
:105c9400e4ff0010080000ae01000224a00002aee0
:105ca400e8dd400f25200002deff0010ffff112475
:105cb40075e6400f25200002daff40100100112490
:105cc40002000224a00002aee8dd400f25200002fd
:085cd400d4ff0010ffff1124b2
:020000040000fa
:020000041d02db
:105cdc003f008014ffff02240080023cb851439027
:105cec0001000224040062541800a38c0080023cc2
:105cfc000800e003b85142240080023cd45143ac6c
:105d0c0033006010ffff0224e0ffbd271c00bfaf73
:105d1c001800b1af1400b0af0080033cb85162243e
:105d2c002000a494060044a401000424b85164a0eb
:105d3c0002000324040043a4080040a40400a38c24
:105d4c000c0043ac1000a38c140043ac039d043c2a
:105d5c001c4f8424180044ac2400a48c200044acb8
:105d6c00240040a014006294160040500080023cb5
:105d7c000080043c145282a4160063940080023c00
:105d8c00b85150245e0003a6de020624049d113c8b
:105d9c0088bf2526bee3400f01000424df02062441
:105dac0088bf2526afe3400f010004242510000214
:105dbc001c00bf8f1800b18f1400b08f0800e003d7
:105dcc002000bd2700410424ebff0010145244a412
:085ddc000800e00300000000d4
:020000040000fa
:020000041d02db
:105de400d0ffbd272c00bfaf2800b5af2400b4af4f
:105df4002000b3af1c00b2af1800b1af1400b0afb5
:105e04002590a000251080003800842c020080100a
:105e14002588c0003800022403004224fcff5030cf
:105e24001d005526f0ffb5321e00b426ffff943244
:105e34009c81848f18000526212885020400828c09
:105e440009f84000feffa5301c00401025984000d2
:105e540018000626252800004eeb400f25204000a0
:105e6400211070020e0055a4120054a433004324e0
:105e74000418037c040043acf4ff73acadde043cb3
:105e8400defa8434f8ff64ac01000324100043a458
:105e9400100062ae0400438c02006424080044ac89
:105ea400140064ae0400117c03004012200071aea3
:105eb40010006324180063ae2f0060a22510600256
:105ec4002c00bf8f2800b58f2400b48f2000b38f1f
:105ed4001c00b28f1800b18f1400b08f0800e003cb
:045ee4003000bd27a6
:020000040000fa
:020000041d02db
:105ee800e0ffbd271c00bfaf1800b1af1400b0af72
:105ef8000200822c310040100100102400a0023c56
:105f080040024390ff0002242c0062142580000008
:105f180040200400448291278a89247e00a0103cf6
:105f280040021026020000a60c0002ae18e4400f42
:105f380025202002040002ae00a0023c7014422476
:105f480080014424ffff0324000043ac080040ac58
:105f580010004224fcff441400a0073c7018e724fa
:105f680006000624252800007b85400f25202002f6
:105f7800120040100100102406000624049d053c70
:105f88005ccaa52400a0043c7ce5400f701884245a
:105f9800100040142580400000a0073c4202e7247e
:105fa80002000624060005247b85400f25202002d8
:105fb8000a00401000a0023c400251a02510000237
:105fc8001c00bf8f1800b18f1400b08f0800e003c9
:105fd8002000bd27f9ff001001001024f7ff001072
:045fe8000100102480
:020000040000fa
:020000041d02db
:105fec000080033cc02063243b008314faff02248e
:105ffc003900801000000000d8ffbd272400bfaf7f
:10600c002000b1af1c00b0af0080103c2538600000
:10601c00039d063cd466c624252800001470400f4e
:10602c002520600025280000166d400fc020042696
:10603c00c02010263a0011962200201225100000d4
:10604c001000a0af0080023c3c21428c04004010a8
:10605c00050005240080043c09f84000e02184245c
:10606c001000a5270080103cdedf400fc020042666
:10607c00c02010267c00028e04004010060005246f
:10608c000080043c09f84000e02184241000a28f19
:10609c002b1822020a0060140080033cfc2065943b
:1060ac000400a01404000624232822020500a010da
:1060bc00251000000080043c1b7e400fc02084246f
:1060cc00251000002400bf8f2000b18f1c00b08f62
:1060dc000800e0032800bd270800e00300000000d2
:020000040000fa
:020000041d02db
:1060ec00010003243c00a31425100000e0ffbd2791
:1060fc001c00bfaf1800b1af1400b0af25808000fa
:10610c0056008394540082942b1862002a0060106d
:10611c00251000003c00828c000847308000033cb6
:10612c000b38670000024230030040104800042482
:10613c000400e734600004242588c0000200e73422
:10614c00100006962cd0400f080005241a004010b1
:10615c00029d033c60356324080043ac0c0050ac3a
:10616c003c00038e00026330180060104800442489
:10617c001000438c000064ac01000324580043a4bd
:10618c00251800000a00205256000396000003aeaa
:10619c001000049621206400040004ae080003ae35
:1061ac00010003245c0003a20c0002ae560003960f
:1061bc0001006324560003a61c00bf8f1800b18f8a
:1061cc001400b08f0800e0032000bd271c00438c96
:1061dc00ecff0010080063240800e003000000003e
:020000040000fa
:020000041d02db
:1061ec00e0ffbd271c00bfaf1800b1af1400b0af6b
:1061fc000e00a290020003242c0043102580a00066
:10620c00030003241600431025888000010003249a
:10621c002c004314f8040624adee400f1000848cbf
:10622c000b0040141c00bf8f040006968019c57c1f
:10623c00080007964020c67c1000a534fdd7400fff
:10624c001000248e030002240e0002a21c00bf8f3b
:10625c001800b18f1400b08f0800e0032000bd2798
:10626c00adee400f1000848cf9ff40141c00bf8f62
:10627c00040005964020a67c8019a57c0a00079690
:10628c000100c6341000a534fdd7400f1000248e39
:10629c000d00029201004230020004240600032487
:1062ac000a188200e9ff00100e0003a2adee400fa9
:1062bc001000848ce5ff401406000224e3ff00105c
:1062cc000e0002a2049d053c40bfa52491e3400fa3
:1062dc002520000007000224dcff00100e0002a2a3
:020000040000fa
:020000041d02db
:1062ec0040ffbd27bc00bfafb800b3afb400b2af26
:1062fc00b000b1afac00b0afd400b38fdc00b28f44
:10630c00e000a38f2e00e01053ff10242d0040124c
:10631c002510000203008010800002242900605226
:10632c002510000226006214ffff10242510e00047
:10633c002538a00025888000e800a38f1800a3afa3
:10634c00e400a38f1400a3af1000a6afd000a68f5b
:10635c0025284000ae9e400f2000a42714004014b6
:10636c000000000006002012d800a68f252860022d
:10637c006e83400f2000a4270d0040140000000085
:10638c008000062425284002c32f400f2000a4279c
:10639c0007004014ffff102480000624252840022b
:1063ac00c32f400f2000a4272b10020023800200d3
:1063bc0009e4400f2000a427ffff03240b80620098
:1063cc0025100002bc00bf8fb800b38fb400b28f91
:1063dc00b000b18fac00b08f0800e003c000bd2747
:020000040000fa
:020000041d02db
:1063ec00982f8a4291443771cffbc0b5a5dbb5e934
:1063fc005bc25639f111f159a4823f92d55e1caba8
:10640c0098aa07d8015b8312be853124c37d0c5535
:10641c00745dbe72feb1de80a706dc9b74f19bc17d
:10642c00c1699be48647beefc69dc10fcca10c246d
:10643c006f2ce92daa84744adca9b05cda88f97651
:10644c0052513e986dc631a8c82703b0c77f59bfbb
:10645c00f30be0c64791a7d55163ca0667292914e7
:10646c00850ab72738211b2efc6d2c4d130d385384
:10647c0054730a65bb0a6a762ec9c281852c729246
:10648c00a1e8bfa24b661aa8708b4bc2a3516cc774
:10649c0019e892d1240699d685350ef470a06a10ad
:1064ac0016c1a419086c371e4c774827b5bcb034fc
:1064bc00b30c1c394aaad84e4fca9c5bf36f2e689a
:1064cc00ee828f746f63a5781478c8840802c78c29
:1064dc00faffbe90eb6c50a4f7a3f9bef27871c62c
:020000040000fa
:020000041d02db
:1064ec00c0ffbd272c00b3af5000b38f3800b6af40
:1064fc003000b4af010073322800b2af2400b1af4a
:10650c002000b0af3c00bfaf3400b5af2590800089
:10651c0025b0a0002580c0002588e000030060168f
:10652c002ba0c7001300805623a030022530000298
:10653c002528c002dfc0400f252040020d00801628
:10654c0023a03002258800023c00bf8f25102002ba
:10655c003800b68f3400b58f3000b48f2c00b38f59
:10656c002800b28f2400b18f2000b08f0800e00308
:10657c004000bd271100862e100002240b1086024d
:10658c0025304000200005241000a4274eeb400fbe
:10659c0025a880021000a22e0b0040100f0086329e
:1065ac001000a527dfc0400f25204002e6ff601633
:1065bc00253000022528c002dfc0400f25204002f4
:1065cc00e2ff00103c00bf8f100006241000a5272e
:1065dc00dfc0400f25204002eeff0010f0ffb52673
:020000040000fa
:020000041d02db
:1065ec001000a38f82bf023c1002488c0080023c3a
:1065fc009853422424004a8c0a000924350049157a
:10660c0025100000080008313200001500000000c1
:10661c000300a010000000002400c0540080023cc5
:10662c002c00e010251000002a0060100000000073
:10663c000080023c985344a498534224080047ac71
:10664c00100043ac040045ac0c0046ac140040ac4c
:10665c00180040ac1000a0100080023c0e00c010ce
:10666c000000000098534224200040ac0080023c03
:10667c0098534224280040ac01000324240043ac6e
:10668c001800a3931d0043a01c00a3931e0043a05d
:10669c000800e00301000224985342240100032463
:1066ac00200043acf2ff00100080023c985344a43d
:1066bc0098534224080047ac100043ac040045ac8e
:1066cc000c0046ac140040ac180040ace5ff0010c8
:0c66dc000080023c0800e0030000000009
:020000040000fa
:020000041d02db
:1066e800e0ffbd271c00bfaf1800b2af1400b1af68
:1066f8001000b0af1c80848fffff022406008210b8
:106708000080023ca2ca400f00000000ffff0224e4
:106718001c8082af0080023cdc5542940d00401082
:106728009881918f258000000080123c0300072487
:10673800020006242528200217a5400fdc55442610
:1067480001001026dc5542962a100202f7ff401479
:106758007000312673f2400f000000000080023cf8
:10676800e455448c080080100080033c0c00828ca7
:1067780009f840009881858f0080023cb9ec400ff1
:10678800e455448c0080033cdc556224080040ac8e
:106798000c0040ac988180afdc5560a4040040a494
:1067a800708180af748180af0080023cf45540acaa
:1067b800f4554224040040ac080040ac0c0040ac46
:1067c800100040ac1c00bf8f1800b28f1400b18fae
:0c67d8001000b08f0800e0032000bd2777
:020000040000fa
:020000041d02db
:1067e400e8ffbd271400bfaf1000b0af2580a000a4
:1067f40000a0053c6cbc400f9018a5243400401048
:106804001400bf8f00a0023c93184590120002248c
:106814002800a210039d033c207e6324010004246d
:10682400090006240000678c2400a71425108000aa
:10683400c0100200039d033c187e63242110430012
:106844000400448c0100033c010063242b188300e2
:106854001e00601425100000ffff033c2118830074
:106864000010652c1a00a0141400bf8f2b10040014
:1068740001000424000004ae040003ae000105245a
:106884000c0005ae022a0300100005ae001005241a
:10689400180005ae021b03001c0003ae080004ae82
:1068a400140004ae200004ae0100033c07000010f5
:1068b400240003aedeff0010251000000100842434
:1068c400d8ff861408006324251000001400bf8f2d
:0c68d4001000b08f0800e0031800bd2782
:020000040000fa
:020000041d02db
:1068e000d8ffbd272400bfaf2000b3af1c00b2af5c
:1068f0001800b1af1400b0af1481828f2f00401880
:1069000002000324160084902c008314ffff42240d
:106910002a004014148182af0c81908f2100001254
:106920000080023c2c56428c190040102588000043
:106930000080123c0c000486ffff02240500821038
:106940002c565326f972400f00000000ffff02246e
:106950000c0002a60400648e0c00828c09f8400032
:106960006c00058e0400648e0c00828c09f84000d7
:106970006800058ef2c6400f252000020100312676
:106980002c56428e2b102202eaff4014b000102633
:106990000080023c3056448c0c00828c09f8400088
:1069a0000c81858f1081848f050080102400bf8f9b
:1069b0004ce8400f00000000108180af2400bf8f22
:1069c0002000b38f1c00b28f1800b18f1400b08f5d
:0869d0000800e0032800bd27c8
:020000040000fa
:020000041d02db
:1069d800e0ffbd271c00bfaf1800b2af1400b1af75
:1069e8001000b0af259080002588a00071f0400ffe
:1069f8005481908f4018020021186200801803000b
:106a080021186200c018030021800302feea400f2b
:106a1800252040025e0002a66000029201000324c5
:106a28000400627c600002a25c0011a6420042964b
:106a38000400627c420042a65000028e11004014fd
:106a480001000524039d043c62bb400ff4808424ac
:106a58000c004014500002ae87f2400f0000000006
:106a68000200422c08004054ffff312685f2400ff7
:106a780000000000049d053cc0a5a52461b7400f97
:106a880025204000ffff31260200312e0800201289
:106a98000100032456000296540002a660000292e8
:106aa8004429627c6ff2400f600002a2200002ae0f
:106ab8001c00bf8f1800b28f1400b18f1000b08f68
:086ac8000800e0032000bd27d7
:020000040000fa
:020000041d02db
:106ad000e0ffbd271c00bfaf1800b2af1400b1af7c
:106ae0001000b0af258080000800928c0080023c2e
:106af000b851422426104202dde0400f0b90020004
:106b00001d0040101c00bf8f34000296220002a618
:106b1000000242301d0040140000000077e0400fea
:106b20000000000054de400f258840002000438e06
:106b30000400638c02882372e70331266210033c51
:106b4000d34d6324190023021088000082891100ac
:106b5000211022022c0002ae0100052463d3400f55
:106b60002520000203004010050002241a0002a69e
:106b70001c0000a61c00bf8f1800b28f1400b18f3c
:106b80001000b08f0800e0032000bd2754de400f46
:106b9000000000002c00038e2b1043000500401065
:106ba0002528000063d3400f25200002f2ff0010cb
:106bb0001c00bf8ff6ff05249ddc400f252000023e
:086bc000edff00101c00bf8f67
:020000040000fa
:020000041d02db
:106bc8000d0a3c68746d6c3e3c626f647920737486
:106bd800796c653d226d617267696e3a313030704b
:106be80078223e3c623e55706c6f6164204d656d45
:106bf8006f727920416c6c6f636174696f6e2045a8
:106c080072726f723c2f623e3c703e3c612068722b
:106c180065663d222f257320223e547279206167d4
:106c280061696e3f3c2f613e3c2f626f64793e3c48
:106c38002f68746d6c3e00000d0a3c68746d6c3ee4
:106c48003c626f6479207374796c653d226d617262
:106c580067696e3a3130307078223e3c623e465366
:106c680020496d61676520436f7272757074206f7b
:106c7800722057726f6e672056657273696f6e3c2b
:106c88002f623e3c703e3c6120687265663d222f53
:106c9800257320223e54727920616761696e3f3cfa
:106ca8002f613e3c2f626f64793e3c2f68746d6c97
:046cb8003e0000009a
:020000040000fa
:020000041d02db
:106cbc000800a38c2f00601001000224253800006e
:106ccc00254000002548000001000b2400e08a7cd0
:106cdc000400628c2f0043042548600004008010df
:106cec00000000000800628c2a004a54254860000d
:106cfc000400628cc001427c1a004054010007243d
:106d0c000400628cc001427cfdff401400000000b6
:106d1c000000628c000060ac140060ac0c00c78cee
:106d2c001600e0540000e3ac0800c3ac0c00c3ac8c
:106d3c000400638c8007637cf1ff605025184000d1
:106d4c00020020510800a2ac000022ad13008014f8
:106d5c00010008252518400025386001dcff60146f
:106d6c000000000003000015251000002b10070088
:106d7c00010042240800e003000000000c00cc8c51
:106d8c000400672400e0e77c140087ade8ff0010e6
:106d9c000c00c3acf1ff00100000638cf1ff00107d
:046dac0001000724b7
:020000040000fa
:020000041d02db
:106db000e0ffbd271c00bfaf1800b2af1400b1af99
:106dc0001000b0af2588a000c21805001000633085
:106dd0000200a5300700a010010062340400c53095
:106de000090063340b1065000800c630040043340a
:106df0000b1066005000908c88bf033c002262acf0
:106e00000291110004002332040042320100642c7c
:106e100025104400b240423488bf043c102282acaa
:106e200012000524150002240a2843003aef400fff
:106e3000252000020c000524e9ed400f252000026a
:106e40001200052440ef400f2520000237000524e2
:106e5000faf0400f252000020f000524fef0400f3d
:106e60002520000200403132090020121c00bf8f93
:106e700002f1400f2520000206f1400f25200002fc
:106e8000010045320af1400f252000021c00bf8f8f
:106e90001800b28f1400b18f1000b08f0800e0030b
:046ea0002000bd27ea
:020000040000fa
:020000041d02db
:106ea400d8ffbd272400bfaf2000b3af1c00b2af92
:106eb4001800b1af1400b0af258880002590a00061
:106ec4002598c00071f0400f5481908f4018020043
:106ed400211862008018030021186200c018030002
:106ee400218003026000029201004230230040101e
:106ef4002400bf8f0a006052600002925e00029676
:106f04000900422c0500401425380000070006241f
:106f1400252820022c4c400f2520000260000292fc
:106f24004408027cc418027c010003244429627cc6
:106f3400600002a2200000ae56000296540002a691
:106f44005000048e0300801000000000fead400fce
:106f540025280000080040525e0000a6600002924e
:106f64000421027c0400027c600002a242002296fa
:106f74000400027c420022a62400bf8f2000b38fad
:106f84001c00b28f1800b18f1400b08f0800e0030a
:046f94002800bd27ed
:020000040000fa
:020000041d02db
:106f9800e0ffbd271c00bfaf1800b1af1400b0afb1
:106fa80026eb400f2588a000258040002c00001209
:106fb800251000003c00028e00304230040040548e
:106fc8003c00028e18d3400f252000023c00028ea0
:106fd800448c027c3c0002ae000b437c5c0003a2a4
:106fe800251840000040423001004050240000ae07
:106ff80000806230070040543c00038e180000ae49
:107008003c00028e8431027cc439027c3c0002ae12
:107018003c00038e8000023c0400422424186200d5
:1070280001006250280000a6120020522c00058e94
:10703800aae0400f2520000273e3400f4000042619
:1070480025284000bebe400f252000023c00028ecd
:1070580001000324448c627c3c0002ae010002243f
:107068001c00bf8f1800b18f1400b08f0800e00318
:107078002000bd271d95400f25200002f4ff0010b9
:047088003c00028e38
:020000040000fa
:020000041d02db
:10708c00e0ffbd271c00bfaf1800b2af1400b1afba
:10709c001000b0af30008014ffff10242590a0002a
:1070ac000080043c46bc400f804f84242a004010d2
:1070bc0025884000080045320500a0501400229697
:1070cc00040042941d00401400000000140022969d
:1070dc00060040102400222624002396170060147a
:1070ec00ffff1024030000100100042414002226ca
:1070fc0025200000080040a0090040a00a0040a084
:10710c000b0040a001000324000043a4020044a48f
:10711c00040051ac020003240400a0100c0043ac8a
:10712c000200239604006334020023a60400239675
:10713c0001006324040023a6258040006eee400f5e
:10714c00000000000000239201006324000023a231
:10715c0075ee400f25204000251000021c00bf8f4b
:10716c001800b28f1400b18f1000b08f0800e0032c
:04717c002000bd270b
:020000040000fa
:020000041d02db
:107180000000a28c0400a38cc0ffbd273800b3af61
:107190003400b2af3000b1af2c00b0af3c00bfaf95
:1071a000259080002580a0000800b38c2000a2afad
:1071b000030060040c00b18c4408027c2000a2afe4
:1071c0002000a2271800a2af080002241400a2afda
:1071d0001000b3af0400c78c0000c68cf68d400fc2
:1071e000252000022000a38f1000633004006010ef
:1071f00030000424ffff422421182202000064a072
:107200002000a38f080063300400601020000424d5
:10721000ffff422421182202000064a01000068e05
:107220002000a38f25386002ffffc6241000a3af03
:107230002330c200212822023b99400f2520400222
:107240000400438e00016330040060103c00bf8fd7
:107250000400038e2a2043000b1064003800b38f13
:107260003400b28f3000b18f2c00b08f0800e003e3
:047270004000bd27f6
:020000040000fa
:020000041d00dd
:1000100020485454503a2044796e616d69632061e0
:100020006c6c6f636174696f6e206661696c656486
:100030000d0a000020485454503a20536f636b65fa
:1000400074206372656174696f6e206661696c65a6
:10005000640d0a0020485454503a20536574746962
:100060006e67205458204275666665722066616925
:100070006c65643a2025640d0a0000002048545441
:10008000503a2053657474696e6720525820427547
:1000900066666572206661696c65643a2025640d48
:1000a0000a00000020485454503a205369676e619a
:1000b0006c206372656174696f6e206661696c653e
:1000c000640d0a0020485454503a20465320536887
:1000d000656c6c206372656174696f6e20666f7207
:1000e000206469726563746f72793a2025732046c3
:1000f00061696c65643a202564210d0a00000000e6
:020000040000fa
:020000041d02db
:10727400ffff8324feff632c3700601025100000fd
:10728400021a0400ff0065303300a014ff008730a9
:10729400ff006530401005002110450080100200f9
:1072a40023104500801002002310450080100200c6
:1072b4000080033cd44e6324211043007800438ca7
:1072c4002b18e30024006010251000000080063c09
:1072d4004018050021186500801803002318650074
:1072e400801803002318650080180300d44ec624b8
:1072f4002118c3004010070021104700c0280200d5
:107304006c00628c211045001000438c1000641442
:1073140000000000080043900f006050251000009a
:1073240000004490401804002118640080180300f1
:1073340023186400801803002318640080180300d5
:107344000a18c37c020063380800e0030b10030032
:107354000800e003251000000800e003000000001e
:020000040000fa
:020000041d02db
:10736400d8ffbd272400bfaf2000b3af1c00b2afcd
:107374001800b1af1400b0af258880002580a000ac
:107384002598c0002590e0000f00a490ff00e23093
:107394002620820092050624049d053c98baa52463
:1073a40091e3400f0100842c252800021bc2400fea
:1073b4002520600219000216140006240c00139202
:1073c400252800004eeb400f25200002252800024e
:1073d40064e8400f84002426010002240f0002a266
:1073e40003000224140062120000000002000224c0
:1073f400040042162400bf8f81f2400f1000248e37
:107404002400bf8f2000b38f1c00b28f1800b18fef
:107414001400b08f0800e0032800bd279e05062451
:10742400049d053c98baa52491e3400f2520000053
:10743400efff001002000224b4ee400f1000248e6f
:1074440002002296c418027ce8ff0010020022a663
:020000040000fa
:020000041d02db
:10745400e0ffbd271c00bfaf1800b2af1400b1afee
:107464001000b0af25908000c2ea400f2580a00034
:10747400258840002b00201225100000290000124e
:10748400010002243c000624252800004eeb400f96
:107494002520000271002392010002240800625496
:1074a4005c0022963c00228e040002ae4000228e34
:1074b400140002ae01000224000002ae5c00229619
:1074c400240002a65e002296260002a64400228e14
:1074d400280002ae700022922c0002ae1800228e08
:1074e4001400238e23104300300002a60400228ed1
:1074f4000000238e23104300320002a6dde2400f79
:1075040025202002340002a6b2c6400f25204002e6
:10751400360002a6ddd9400f25202002380002ae35
:10752400010002241c00bf8f1800b28f1400b18f19
:0c7534001000b08f0800e0032000bd270d
:020000040000fa
:020000041d02db
:1075400036008010251000000080023c8c53438cd4
:107550000c00878c13006010000000000c00628c8f
:107560002b10e200200040142528000025480000d0
:10757000255800000c00628c2110a2002b28450029
:107580002150a900252840001c00688c0a00001525
:10759000254840011c0088ac1c0064ac160000109b
:1075a000251000000c0087ac0080023c8c5344acda
:1075b0000800e003010002240c00068d2110c20027
:1075c0002b3046002130ca00f3ffc0541c0088aca9
:1075d0000300cb142b10e200efff40541c0088acda
:1075e000e4ff0010251800010080023c8c5344acdd
:1075f0001c0083ac010002242328e5000c0085acac
:107600001c00838c07006010000000000c00858cbb
:107610000c00648c232085000c0064ac0800e0039f
:0c762000000000000800e0030000000073
:020000040000fa
:020000041d02db
:10762c00d8ffbd272400bfaf2000b2af1c00b1af04
:10763c001800b0af258080002588a00071f0400fa5
:10764c005481928f401802002118620080180300a8
:10765c0021186200c01803002118430260006590d5
:10766c000100a23016004010001022321a00401007
:10767c002530000025280000a99b400f2520000282
:10768c00010002241000a2af2538000025300000b4
:10769c0025280000e1da400f252000020200062414
:1076ac000100052492c7400f252000022538000058
:1076bc00253000000c000524195e400f2520000227
:1076cc002400bf8f2000b28f1c00b18f1800b08f28
:1076dc000800e0032800bd2700083132f8ff201213
:1076ec000001a57c0100a524769a400f25200002fc
:1076fc0025380000253000000d000524195e400fd0
:0c770c0025200002efff00102400bf8fba
:020000040000fa
:020000041d02db
:10771800e0ffbd271c00bfaf1800b1af1400b0af29
:10772800258080001800918c010031260b0006246a
:10773800049d053ce0c6a5247ce5400f25202002d9
:107748001e004014030003240ce9400f25202002ea
:107758000101422c0400401425302002fdff0524bd
:1077680098e5400f25200002620011261800058eba
:10777800ff0006240100a52462eb400f252020020b
:10778800610100a29880868f0700c050510000a2b6
:107798000800c28c0f0040102528200209f840007c
:1077a80025200002510002a2400002960b0040145e
:1077b8000a000224400002a60500032425106000e8
:1077c8001c00bf8f1800b18f1400b08f0800e003b1
:1077d8002000bd27f4ff0010510000a25c000296b3
:1077e8000442027c5c0002a60b000224400002a6b0
:0877f800f2ff0010050003245c
:020000040000fa
:020000041d02db
:107800004452565f4d454d4f52595f4f70656e283b
:10781000293a20496e76616c6964206472697665e4
:107820007220696e6465782e0a0000004452565f2b
:107830004d454d4f52595f4f70656e28293a20448f
:107840007269766572206973206e6f74207265614b
:1078500064792e0a000000004452565f4d454d4f9a
:1078600052595f4f70656e28293a204472697665d7
:107870007220697320616c7265616479206f706534
:107880006e20696e206578636c7573697665206d0e
:107890006f64652e0a0000004452565f4d454d4fff
:1078a00052595f4f70656e28293a20447269766597
:1078b0007220697320616c7265616479206f7065f4
:1078c0006e2e2043616e2774206265206f70656e96
:1078d000656420696e206578636c757369766520d0
:0878e0006d6f64652e0a0000c3
:020000040000fa
:020000041d02db
:1078e800e0ffbd271c00bfaf1800b2af1400b1af56
:1078f8001000b0af2d008014ffff11240080113c50
:10790800804f31260800238e0200022405006214ed
:107918000080023c824f429401004230240040140f
:10792800251020022590a000a80006242528000084
:107938000080043c4eeb400f804f84241b004052d3
:10794800ffff11246eee400f0080103c010003245d
:10795800804f03a275ee400f25204000804f02267d
:1079680001000324020043a402000324080043acde
:107978000c0040a40400438e100043ac0080103c6f
:10798800b44f10260080123c0450522601000224f5
:107998000f0002a22528000264e8400f25204002bb
:1079a80014001026faff12160100022425102002e6
:1079b8001c00bf8f1800b28f1400b18f1000b08f59
:0879c8000800e0032000bd27c8
:020000040000fa
:020000041d02db
:1079d000d8ffbd272400bfaf2000b2af1c00b1af5d
:1079e0001800b0af258880000800928c0a005096dd
:1079f0001000a0af2dd6400f1000a5274000033285
:107a00001a0060101000a2970a0042a625804000cc
:107a10001000428e80014430251840000400037c91
:107a20000b1064000100443025184000444a037cd8
:107a30000a106400080003321400601004000332ce
:107a400000204234100042ae010002241a0022a697
:107a50001c0020a62400bf8f2000b28f1c00b18f15
:107a60001800b08f0800e0032800bd271100033282
:107a7000e8ff43501000428ef9ff05249ddc400fc3
:107a800025202002e3ff00101000428e030060104a
:107a900002000332ebff00100010423403006010bc
:107aa00001001032e7ff00100080423400404334f0
:087ab000e4ff00100b10700050
:020000040000fa
:020000041d02db
:107ab800c8ffbd273400bfaf3000b4af2c00b3af50
:107ac8002800b2af2400b1af2000b0af25808000fd
:107ad8002590a0002598c00025a0e0008400062479
:107ae8004eeb400f252800004c00a28f780002ae14
:107af8005000a28f7c0002ae080011264800a28f19
:107b08001c00a2af1800b4af1400b3af1000b2af9e
:107b1800040007243700062425282002b157400f07
:107b28002520000211004014010003241c00a0af0e
:107b38001800a0af370002241400a2af1000b1afa4
:107b480025380000370006243f000526b157400fae
:107b5800252000020e0040142518400001000224d0
:107b6800000002ae040000ae800000a225106000f4
:107b78003400bf8f3000b48f2c00b38f2800b28f31
:107b88002400b18f2000b08f0800e0033800bd2723
:087b9800f6ff001001000324b8
:020000040000fa
:020000041d02db
:107ba000d8febd272401bfaf2001b1af1c01b0af8b
:107bb000258880002580a0000201062425280000d9
:107bc0004eeb400f1000a427030020121401a0afb9
:107bd0000a0000161000a627130002242c8282af90
:107be000ffff0324251060002401bf8f2001b18f07
:107bf0001c01b08f0800e0032801bd271401a52750
:107c00002a87400f25202002f6ff4010ffff0324a3
:107c10001401a28f0800438c2800648c0500805456
:107c20002c8280af170002242c8282afedff00105f
:107c3000ffff032412004590010004240500a45016
:107c4000120040a0070002242c8282afe5ff001042
:107c5000ffff03242800628c2528000209f8400059
:107c60001000a4272c8282af1401a38f1200642479
:107c7000030080102b10020001000424120064a0f5
:087c8000d8ff001023180200d8
:020000040000fa
:020000041d02db
:107c8800e8ffbd271400bfaf1000b0af0800828c1a
:107c9800010003240d004310258080000200032406
:107ca800160043505400028e3c00838c2000828cc6
:107cb8000220c37021308200240006ae280007aedf
:107cc800380005ae01000224080002ae510000a2ef
:107cd8005400028e1400428c2400068e3800058e53
:107ce80009f840004c00048e1900401002000324db
:107cf80002000224080002ae5400028e2000428cca
:107d080009f840004c00048e2518400001000224a8
:107d180010006214251060002800028effff422424
:107d28000b004010280002ae3c00048e2400038e95
:107d380021186400240003ae3800028e211044008c
:107d4800380002ae01000224080002ae2518000027
:107d5800251060001400bf8f1000b08f0800e003ea
:047d68001800bd271b
:020000040000fa
:020000041d02db
:107d6c005443502f495020537461636b3a2054692b
:107d7c00636b20726567697374726174696f6e20ce
:107d8c006661696c65643a2025640d0a0000000088
:107d9c005443502f495020537461636b3a20496e01
:107dac00697469616c697a6174696f6e2053595397
:107dbc0020544d52206661696c65643a202564201c
:107dcc002d2041626f7274696e6721200d0a0000cc
:107ddc005443502f495020537461636b3a20496ec1
:107dec00697469616c697a6174696f6e20456e643f
:107dfc006564202d2073756363657373200d0a0011
:107e0c005443502f495020537461636b3a20496e90
:107e1c007465726661636520496e697469616c6929
:107e2c007a6174696f6e206661696c65643a2030a2
:107e3c00782578202d2041626f7274696e6721203d
:047e4c000d0a00001b
:020000040000fa
:020000041d02db
:107e5000840002242200a2500000e28c8500a228a7
:107e600010004010810002240800a2500000e28ca3
:107e7000820002242700a2500000e28c800002242d
:107e80001000a214000000000000e28c0400432453
:107e90000000e3ac0000428c000082ac1500001032
:107ea000000046ac900002241a00a2500000e28cb0
:107eb0009100a22805004010880002240f00a25063
:107ec0000000e28c0800e00325100000a00002245e
:107ed000eeffa2500000e28ce9ff0010c000022477
:107ee000040043240000e3ac0000428c000082ac9c
:107ef000000046a40800e00301000224040043241b
:107f00000000e3ac0000428c000082acf9ff0010de
:107f1000000046a0040043240000e3ac0000428cb3
:107f2000000082ac000046acc3370600f1ff001031
:047f3000040046ac57
:020000040000fa
:020000041d02db
:107f3400d8ffbd272400bfaf2000b3af1c00b2aff1
:107f44001800b1af1400b0af2598a0002588c00078
:107f5400c2ea400f2580e0001c0040502588000044
:107f64001a00201225904000dde2400f2520400039
:107f7400211811022a184300020060102310500037
:107f8400ffff51302000458e2128b0001800508e8c
:107f94002b10050206004050238005021400428e77
:107fa40023100202271002002128a20023800502c8
:107fb40001001026ffff10322b1011020b00401499
:107fc40025302002f4e9400f25206002251020020c
:107fd4002400bf8f2000b38f1c00b28f1800b18f14
:107fe4001400b08f0800e0032800bd2725300002ec
:107ff400f4e9400f25206002233030021400458e3e
:10800400f4e9400f21207002f1ff00102510200236
:020000040000fa
:020000041d02db
:1080140082bf033c08000224002662ac82bf023cfb
:1080240000940434182644ac82bf023cd8000424d3
:10803400402644ac81bf023c00040424140144ac37
:1080440000080424140144ac00100424140144acba
:108054000080043c14538224200040ac280040ac2f
:108064002c0040ac340040a03c0040a0380040aca0
:10807400145380ac080040ac0c0040ac100040a08d
:108084001c0040a0140040ac400040ac0026628cb0
:1080940006004230060003240e004314400003246b
:1080a40014538224300043ac180043ac82bf023c1a
:1080b40000800334082643ac81bf023c000403243f
:1080c400180143ac00080324180143ac0800e00382
:1080d400000000000080023c14534224800003246a
:1080e400300043ac180043acf1ff001082bf023ce7
:020000040000fa
:020000041d02db
:1080f400d0ffbd272c00bfaf2800b3af2400b2af20
:108104002000b1af1c00b0af258880002598a000e6
:10811400049d023cacc9438c1000a3afacc94224fb
:10812400040042941400a2a71400908c01ed400fa7
:108134002800848c1e004010251800002590400063
:1081440006000624252800027ce5400f2520400077
:1081540006004010060006241000a5277ce5400f09
:108164002520400212004014251800001800308e0b
:1081740009000492110002240d0082142518000045
:10818400218013020e53400f0200049625884000fc
:108194000e53400f00000496468184970400911406
:1081a4002518000044818397261862000100632c7f
:1081b400251060002c00bf8f2800b38f2400b28fdd
:1081c4002000b18f1c00b08f0800e0033000bd27f1
:020000040000fa
:020000041d02db
:1081d400e0ffbd271c00bfaf1800b1af1400b0af63
:1081e4002588a0002580c0001ee7400f7e000524de
:1081f4002900401025184000000046807e00052418
:108204000900c51425200000010005242328a2002c
:108214007e0006242120650001006324000067809d
:10822400fdffe65021206500000065801700a010c6
:108234000a1070007e0006241100a6540100632475
:108244000100652401008424213864007e00062492
:108254002320e500ffffa324ffffa8800b000615e1
:108264002548a00001000052ffff20a1f8ff0010e4
:108274000100a524f3ffa610010065240100632476
:1082840000006580fbffa014000000000200805481
:1082940025100000000023ae1c00bf8f1800b18f12
:0c82a4001400b08f0800e0032000bd278c
:020000040000fa
:020000041d02db
:1082b0000d0a3c68746d6c3e3c626f647920737487
:1082c000796c653d226d617267696e3a313030704c
:1082d00078223e3c666f726d206d6574686f643df8
:1082e000706f737420616374696f6e3d222f257304
:1082f0002220656e63747970653d226d756c7469ba
:10830000706172742f666f726d2d64617461223eac
:108310003c623e465320496d6167652055706c6f25
:1083200061643c2f623e3c703e3c696e7075742007
:10833000747970653d66696c65206e616d653d6937
:108340002073697a653d34303e20266e6273703b3f
:10835000203c696e70757420747970653d73756228
:108360006d69742076616c75653d2255706c6f6126
:1083700064223e3c2f666f726d3e3c2f626f6479c3
:0c8380003e3c2f68746d6c3e0000000055
:020000040000fa
:020000041d02db
:10838c00d8ffbd272400bfaf2000b1af1c00b0af99
:10839c0025808000253800002530000086ea400f3b
:1083ac0020000524220040102588400001000224f2
:1083bc00500002a2010006241000a5276355400faf
:1083cc0046000486ffff2626ffffc630d280829728
:1083dc00feff42242b10c2000c00401401000324a9
:1083ec0005000224400002a65c000296c418627cc0
:1083fc005c0002a6050002242400bf8f2000b18f70
:10840c001c00b08f0800e0032800bd271800058e63
:10841c006355400f460004860c00038e2110620049
:10842c00010043240c0003ae26000324000043a0eb
:10843c0025380000253000000a00052486ea400f8c
:10844c002520000201004224ffff45301ba6400fef
:0c845c0025200002e8ff001005000224ab
:020000040000fa
:020000041d02db
:10846800d8ffbd272400bfaf2000b3af1c00b2afb8
:108478001800b1af1400b0af1000918c2800201282
:108488002580a0002000b290010052320000338ef7
:108498001a004012000020ae7c00028e030040103b
:1084a8000500052409f84000200104260800258e4f
:1084b800ea70400f252000027c00028e0300401065
:1084c8000600052409f840002001042601000624be
:1084d8000400258ea2e1400f2520000210002396fb
:1084e800040063300a0060507000038e2000438c43
:1084f800c418037c08000010200043ac01000624c7
:108508000400258ea2e1400f252000027000038e92
:1085180009f8600025204000dcff6016258860020d
:108528002400bf8f2000b38f1c00b28f1800b18fba
:0c8538001400b08f0800e0032800bd27ed
:020000040000fa
:020000041d02db
:108544000080033cc0206324320083142510000003
:1085540030008010000000000080023c6021438c49
:108564002c00601025100000d8ffbd272400bfafe9
:108574002000b4af1c00b3af1800b2af1400b1af09
:108584001000b0af2588a0000080103cc020102649
:108594005000138ec9d9400f2520a000259040001b
:1085a400a5d7400f9c00048e25a04000a400058e92
:1085b4002788110024882502a40011aeac00038e84
:1085c4002710120024104300ac0002ae25284002fc
:1085d400cdf1400f2520600225284002d0f1400f44
:1085e40025206002252880029ce9400f9c00048e0f
:1085f400010002242400bf8f2000b48f1c00b38f1d
:108604001800b28f1400b18f1000b08f0800e0037f
:0c8614002800bd270800e0030000000063
:020000040000fa
:020000041d02db
:10862000e0ffbd271c00bfaf1800b2af1400b1af10
:108630001000b0af258080002588a00070008290d7
:108640000a00422c150040102590c0007000829056
:1086500080180200039d023c688642240a10437c75
:1086600008004000000000009c86029d9c86029d40
:10867000d886029dd886029dd886029dd886029d06
:108680009c86029d9086029dd886029dd886029d7a
:108690000200a2300b0040101c00bf8f03003132db
:1086a00004002012010003248400028e04c6627cb0
:1086b000840002ae25284002f46d400f2520000200
:1086c0001c00bf8f1800b28f1400b18f1000b08f44
:1086d0000800e0032000bd270000828c100082ac5f
:1086e0000c0082ac080082ac253000008e12400fd6
:0c86f00014000524eaff001003003132e2
:020000040000fa
:020000041d02db
:1086fc00e0ffbd271c00bfaf1800b1af1400b0af36
:10870c00a400838c0c0002242000621425808000bd
:10871c008c00878c1600e010049d063c58abc624d8
:10872c0088008594b8c3400f6800848cffff4530e7
:10873c007dcc400f25200002070040142588400006
:10874c002e000224080002ae0080023c3456458cf8
:10875c0018dc400f25200002251020021c00bf8fc2
:10876c001800b18f1400b08f0800e0032000bd2763
:10877c00049d063c64abc62488008594b8c3400fa6
:10878c006800848ceaff0010ffff45308c00878c5a
:10879c000700e010049d063c6cabc6248800859451
:1087ac00b8c3400f6800848ce1ff0010ffff453018
:1087bc00049d063c78abc62488008594b8c3400f52
:0c87cc006800848cdaff0010ffff4530cd
:020000040000fa
:020000041d02db
:1087d800d0ffbd272c00bfaf2800b5af2400b4af31
:1087e8002000b3af1c00b2af1800b1af1400b0af97
:1087f8002588800025a8a0001400828c09f8400074
:108808001000948c259040000c00228e130040101c
:1088180025800000259800000800308e0000228e78
:108828000218507221806200000002960100423056
:10883800140040102530a0021c00228e25280002ba
:1088480009f84000252020020f004014219054020e
:10885800000002964408027c000002a625100002cf
:108868002c00bf8f2800b58f2400b48f2000b38f51
:108878001c00b28f1800b18f1400b08f0800e003fd
:108888003000bd27219054020c00228e2b2042027a
:1088980023184202010073262b106202deff4014e7
:0c88a8000a906400edff00102580000025
:020000040000fa
:020000041d02db
:1088b400a8ffbd270400a1af0800a2af0c00a3af1e
:1088c4001000a4af1400a5af1800a6af1c00a7affa
:1088d4002000a8af2400a9af2800aaaf2c00abaf9a
:1088e4003000acaf3400adaf3800aeaf3c00afaf3a
:1088f4004000b8af4400b9af4800bfaf1240000019
:108904004c00a8af104000005000a8af049d1a3cd2
:10891400f8bb5a27000000000068044000600540ce
:1089240009f84003000000005000a88f1100000166
:108934004c00a88f130000010400a18f0800a28f2f
:108944000c00a38f1000a48f1400a58f1800a68f0d
:108954001c00a78f2000a88f2400a98f2800aa8fad
:108964002c00ab8f3000ac8f3400ad8f3800ae8f4d
:108974003c00af8f4000b88f4400b98f4800bf8fd0
:0c8984005800bd27c00000001800004291
:020000040000fa
:020000041d02db
:10899000e0ffbd271c00bfaf1800b2af1400b1af9d
:1089a0001000b0af258080000800928c0080023c4f
:1089b000b851422426104202dde0400f0b90020025
:1089c0000d0040101c00bf8f34000296220002a64a
:1089d0002800028e0d0040140100052463d3400fcf
:1089e0002520000203004010030002241a0002a602
:1089f0001c0000a61c00bf8f1800b28f1400b18f9e
:108a00001000b08f0800e0032000bd2777e0400f82
:108a10000000000054de400f258840002000438ef7
:108a20000800638c02882372e70331266210033c3e
:108a3000d34d63241900230210880000828911009d
:108a4000211022022c0002ae2528000063d3400f23
:108a500025200002e7ff4010040002241a0002a6ad
:088a6000e4ff00101c0000a659
:020000040000fa
:020000041d02db
:108a6800a8ffbd270400a1af0800a2af0c00a3af68
:108a78001000a4af1400a5af1800a6af1c00a7af44
:108a88002000a8af2400a9af2800aaaf2c00abafe4
:108a98003000acaf3400adaf3800aeaf3c00afaf84
:108aa8004000b8af4400b9af4800bfaf1240000063
:108ab8004c00a8af104000005000a8af0068044068
:108ac80000600540049d023c28bc422409f840008f
:108ad800000000005000a88f110000014c00a88f72
:108ae800130000010400a18f0800a28f0c00a38fbf
:108af8001000a48f1400a58f1800a68f1c00a78f44
:108b08002000a88f2400a98f2800aa8f2c00ab8fe3
:108b18003000ac8f3400ad8f3800ae8f3c00af8f83
:108b28004000b88f4400b98f4800bf8f5800bd2758
:088b3800c0000000180000421b
:020000040000fa
:020000041d02db
:108b4000a8ffbd270400a1af0800a2af0c00a3af8f
:108b50001000a4af1400a5af1800a6af1c00a7af6b
:108b60002000a8af2400a9af2800aaaf2c00abaf0b
:108b70003000acaf3400adaf3800aeaf3c00afafab
:108b80004000b8af4400b9af4800bfaf124000008a
:108b90004c00a8af104000005000a8af006804408f
:108ba00000600540049d023c40bc422409f840009e
:108bb000000000005000a88f110000014c00a88f99
:108bc000130000010400a18f0800a28f0c00a38fe6
:108bd0001000a48f1400a58f1800a68f1c00a78f6b
:108be0002000a88f2400a98f2800aa8f2c00ab8f0b
:108bf0003000ac8f3400ad8f3800ae8f3c00af8fab
:108c00004000b88f4400b98f4800bf8f5800bd277f
:088c1000c00000001800004242
:020000040000fa
:020000041d02db
:108c1800c0ffbd273800b1af3400b0af3c00bfafd4
:108c28002588a0000000a5800400a01025808000f1
:108c380001002282090040542528000011ad400f90
:108c4800252000023c00bf8f231050003800b18f50
:108c58003400b08f0800e0034000bd272000062440
:108c68004eeb400f1000a4270100052400002282cb
:108c78001a0040101000a42700002392010031269a
:108c88004211030080100200211082000000448c71
:108c98000418650025186400f4ff0010000043acb8
:108ca8000100422400004380e6ff6010ff006330ab
:108cb80042210300802004001000a6272120c400c0
:108cc8000000848c0418650024186400f4ff601008
:108cd8003c00bf8fddff001023105000251000025c
:088ce800f0ff0010010005245b
:020000040000fa
:020000041d02db
:108cf000c0ffbd273800b1af3400b0af2588800079
:108d00002580a00020000624252800003c00bfafdd
:108d10004eeb400f1000a4270000038209006010f2
:108d200025100000010002820b0040140100052400
:108d30002510200200004480feff835001004224e1
:108d4000231051003c00bf8f3800b18f3400b08f2a
:108d50000800e0034000bd27000003921000a42794
:108d60000100102642110300801002002110820031
:108d70000000448c0418650025186400000043ac12
:108d800000000282f4ff4014251020020100052497
:108d900000004380eaff60101000a627ff00633048
:108da00042210300802004002120c4000000848ca4
:108db0000418650024186400e2ff6050231051007d
:088dc000f3ff00100100422442
:020000040000fa
:020000041d02db
:108dc800d8ffbd272400bfaf2000b1af1c00b0af53
:108dd800258080001000a0af4800918c1c00228ed6
:108de80009f840001800848c01000324090043108e
:108df8002400bf8f2000228e09f840001800048e3e
:108e0800080040508c00028ebfe2400f252000026f
:108e18002400bf8f2000b18f1c00b08f0800e00332
:108e28002800bd2701004230160040101000a52779
:108e38003400228e09f840001800048e1000a58f17
:108e48000100a53000400324008002340b106500a7
:108e5800252840009000028e2528a200900005ae2b
:108e68009400068e6c9b400f252000022000029281
:108e7800010003240421627c200002a2e4ff001008
:108e8800980000aebfe2400f25200002e1ff00106d
:048e98002400bf8f64
:020000040000fa
:020000041d02db
:108e9c0030008010f2ff02240800838c0080023c1a
:108eac00b851422428006250020086840800e00376
:108ebc00f2ff022418008694010003242700c31437
:108ecc00000000001a0083940100022403006210c9
:108edc00040006241f006614f3ff02243000869061
:108eec00020003241b00c314f4ff0224e0ffbd277f
:108efc001c00bfaf1800b1af1400b0af2588a000a4
:108f0c007fa5400f258080002518400009006004d3
:108f1c00f4ff022402000424060064100100022461
:108f2c00040020122510000034000296000022a636
:108f3c00251000001c00bf8f1800b18f1400b08fdb
:108f4c000800e0032000bd2701000324d9ffc31053
:108f5c00f3ff02240800e003000000000800e00317
:048f6c000000000001
:020000040000fa
:020000041d02db
:108f7000e8ffbd271400bfaf1000b0afdde0400f29
:108f8000258080000f0040101400bf8f340002962f
:108f9000200043300e006014040043302800028e8d
:108fa0000400401000100324000043ac040040ac57
:108fb000080040acf5ff05249ddc400f2520000291
:108fc0001400bf8f1000b08f0800e0031800bd2709
:108fd0000b006014000142302800028e0400401093
:108fe000f5ff0524000040ac040040ac080040ac94
:108ff0009ddc400f25200002f2ff00101400bf8fff
:10900000080040100f00052463d3400f2520000204
:10901000ebff4010020002241a0002a6e8ff001035
:109020001c0000a60600052463d3400f2520000283
:10903000e3ff4010050002241a0002a6e0ff001022
:049040001c0000a66a
:020000040000fa
:020000041d02db
:10904400a0ffbd275c00bfaf5800b3af5400b2af60
:109054005000b1af4c00b0af258080002598a0002f
:109064002590c000270080102588e00044d6400fda
:109074007000848c251840001b006010f1fe02244f
:109084000400648c180080101000a5272800a0afed
:109094002c00a0af3000a0af3400a0af3800a0afc8
:1090a4003c00a0af4000a0af010002241000a2af1a
:1090b400060002241400a2af2400b0af1800b3af1e
:1090c4001c00b2af2000b1af0400628c0800668cb3
:1090d40009f840000000648c52ff03242618430062
:1090e400f1fe04240a1083005c00bf8f5800b38f84
:1090f4005400b28f5000b18f4c00b08f0800e003d1
:109104006000bd273ec2400f25200000daff00109a
:0491140025184000da
:020000040000fa
:020000041d02db
:10911800e0ffbd271c00bfaf1800b0afffff03245e
:10912800080083141000a3af251080000900032451
:109138002c8283af1c00bf8f1800b08f0800e0039b
:109148002000bd2700008390050060142580800062
:10915800090002242c8282aff6ff0010ffff0224d0
:109168000400828c0800438c0c00638c050060545a
:1091780012004490170002240c0082acedff00108e
:10918800ffff02240100032405008350120040a0c1
:10919800070002240c0002aee6ff00101000a28fa8
:1091a8000400028e0800428c0c00428c1000a72795
:1091b80009f840000800048e0400038e120064249d
:1091c8000200801001000424120064a0d9ff40505e
:1091d8001000a28f0c0002aeffff0224eeff001069
:0491e8001000a2af22
:020000040000fa
:020000041d02db
:1091ec00e0ffbd271c00bfaf1800b2af1400b1af39
:1091fc001000b0af2590a0001400858cffff022456
:10920c000b00a210258080008c80848f1400828c2f
:10921c0009f8400000000000620006260800052442
:10922c0098e5400f25200002ffff0224140002ae37
:10923c003400058e0600a01000000000a37c400f37
:10924c00252000023400058efcffa0140000000055
:10925c00ca73400f46000486100040102588400059
:10926c005c000296010003248431627cc439027cc8
:10927c00030040125c0002a6eeab400f46000486d1
:10928c00251020021c00bf8f1800b28f1400b18f64
:10929c001000b08f0800e0032000bd27020002245c
:1092ac00f5ff421225102002f7ff00101c00bf8fa3
:020000040000fa
:020000041d02db
:1092bc00e8ffbd271400bfaf1000b0af0c00828ccc
:1092cc00010003240c0043102580800002000324bd
:1092dc00140043505400028e4000838c2000828c7a
:1092ec000220c37021308200240006ae280007ae95
:1092fc00010002240c0002ae510000a25400028ea8
:10930c000800428c2400058e09f840004c00048ea5
:10931c001600401002000324020002240c0002aece
:10932c005400028e2000428c09f840004c00048e40
:10933c0025184000010002240d0062142510600065
:10934c002800028effff422408004010280002aec5
:10935c002400028e4000038e21104300240002ae34
:10936c00010002240c0002ae25180000251060003c
:10937c001400bf8f1000b08f0800e0031800bd2749
:020000040000fa
:020000041d02db
:10938c000080033cc02063242f008314faff0224c6
:10939c00d8ffbd272400bfaf2000b4af1c00b3af73
:1093ac001800b2af1400b1af1000b0af2588a00008
:1093bc001d0080102598c0000300e0100000000084
:1093cc00080002240000e2ac170020122510000057
:1093dc001500601225a00000039d103c48191026b2
:1093ec000080123cc02052262400062425280002ae
:1093fc0062eb400f252020020c00028e09f8400081
:10940c005000448e240022ae280031260100942600
:10941c000900622e080003240b1862022b10830231
:10942c00f1ff4014100010262400bf8f2000b48fd1
:10943c001c00b38f1800b28f1400b18f1000b08fc6
:10944c000800e0032800bd270800e003000000002e
:020000040000fa
:020000041d02db
:10945c00d8ffbd272400bfaf2000b3af1c00b2afb4
:10946c001800b1af1400b0af259080002580a0008b
:10947c00100085ac5800a294140082a4160086a09b
:10948c00170087a0039d113cbc173126039d133c8c
:10949c0038177326f4ff31260800228e09f8400095
:1094ac0025204002fbff331625280002e7a6400fbb
:1094bc00010004245000048e060080504c00048ee1
:1094cc004400028e2000428c09f84000000000008d
:1094dc004c00048e06008050500000ae4400028efa
:1094ec000c00428c09f8400000000000500000ae57
:1094fc004c0000ae420002968431027c8473027ce4
:10950c00420002a62400bf8f2000b38f1c00b28f34
:10951c001800b18f1400b08f0800e0032800bd279d
:020000040000fa
:020000041d02db
:10952c002f008010f2ff02240800838c0080023c84
:10953c00b851422427006250020087840800e003df
:10954c00f2ff022418008794010003242600e31480
:10955c00000000001a008394010002240300621032
:10956c00040007241e006714f3ff022430008390cc
:10957c001b006014f4ff0224e8ffbd271400bfafea
:10958c001000b0af2580800001000224300082a0c2
:10959c00320085a403000224310082a0b98c400f54
:1095ac00360086a42518400006006004f4ff02244f
:1095bc00030004240300641425100000300000a2f2
:1095cc00010002241400bf8f1000b08f0800e003cc
:1095dc001800bd2701000324daffe310f3ff022477
:1095ec000800e003000000000800e0030000000099
:020000040000fa
:020000041d02db
:1095fc00e0ffbd271c00bfaf1800b0af3000839058
:10960c00020002240a0062108d010624049d053c10
:10961c0048b0a524afe3400f252000002510000022
:10962c001c00bf8f1800b08f0800e0032000bd277e
:10963c00258080001000848c060080149301062481
:10964c00049d053cbee3400f48b0a524f4ff001078
:10965c00ffff02240c00028e3800428c1000a6275b
:10966c0009f840001400058e251840000100042460
:10967c00ebff641002000224090061049f01062420
:10968c00049d053c48b0a524afe3400f2520000005
:10969c00feff0224140000aee1ff0010300000a217
:1096ac003100049203000324faff831425100000f8
:1096bc001000a28f340002a6f6ff00102510000047
:020000040000fa
:020000041d02db
:1096cc00e8ffbd271400bfafffff0224080082147f
:1096dc001000b0af090002242c8282afffff0224dd
:1096ec001400bf8f1000b08f0800e0031800bd27d6
:1096fc000000829004004014090002242c8282afe6
:10970c00f7ff0010ffff02240400828c0800438c3a
:10971c001400638c050060540c0080ac170002240c
:10972c000c0082aceeff0010ffff022412004590eb
:10973c00010003240500a3102580800007000224eb
:10974c000c0082ace6ff0010ffff0224120040a0c8
:10975c000400828c0800428c1400428c09f84000f2
:10976c000800848c0400038e120064240200801014
:10977c0001000424120064a0030040540c0002ae4b
:10978c00d7ff0010000000a2d5ff0010ffff02243d
:020000040000fa
:020000041d02db
:10979c00e8ffbd271400bfafffff022408008214ae
:1097ac001000b0af090002242c8282afffff02240c
:1097bc001400bf8f1000b08f0800e0031800bd2705
:1097cc000000829004004014090002242c8282af15
:1097dc00f7ff0010ffff02240400828c0800438c6a
:1097ec007c00638c050060540c0080ac17000224d4
:1097fc000c0082aceeff0010ffff0224120045901b
:10980c00010003240500a31025808000070002241a
:10981c000c0082ace6ff0010ffff0224120040a0f7
:10982c000400828c0800428c7c00428c09f84000b9
:10983c000800848c0400038e120064240200801043
:10984c0001000424120064a0030040540c0002ae7a
:10985c00d7ff0010000000a2d5ff0010ffff02246c
:020000040000fa
:020000041d02db
:10986c0070ffbd278c00bfaf8800b4af8400b3afce
:10987c008000b2af7c00b1af7800b0af25a0800003
:10988c002590a000eb51103c1f8510361900b0003c
:10989c0010800000428110006400a22c0d004014c6
:1098ac0025880000ffff1326ffff73326400062497
:1098bc001000a5276355400f46008486218851006f
:1098cc00ffff7326ffff7332ffff0234f7ff6216b0
:1098dc00ffff31324030100021300602c03006004c
:1098ec00213006028030060023304602ffffc630ce
:1098fc000500c0101000a5276355400f4600848654
:10990c0021885100ffff3132251020028c00bf8fbf
:10991c008800b48f8400b38f8000b28f7c00b18f2d
:0c992c007800b08f0800e0039000bd2719
:020000040000fa
:020000041d02db
:10993800c8ffbd273400bfaf3000b3af2c00b2afb3
:109948002800b1af2400b0af258080002590a0008a
:109958002588c0001000a0af1400a0af0600c010fa
:109968001800a0af7c00828c03004010050005247d
:1099780009f840002401842454001326cee2400f45
:1099880025206002120040142528400006002012fd
:10999800000000007c00028e030040100600052431
:1099a80009f8400024010426cee2400f1000a42745
:1099b8000b0040143400bf8f3000b38f2c00b28fdf
:1099c8002800b18f2400b08f0800e0033800bd27bd
:1099d80080e7400f1000a427e8ff001000000000f7
:1099e8007400038e401006242528400209f8600000
:0c99f80025204000ecff001000000000e3
:020000040000fa
:020000041d02db
:109a0400e0ffbd271c00bfaf1800b1af1400b0af1a
:109a140096c3400f25808000200040140000000001
:109a2400f2c8400f252000022588400003000224cc
:109a34000a00221630000224080002aefbaf400fd9
:109a440025200002251020021c00bf8f1800b18fb2
:109a54001400b08f0800e0032000bd270200022498
:109a6400060022162f000224080002ae49c1400f4e
:109a740025200002f4ff001025102002010002241a
:109a8400a00002aef2c6400f25200002e8dd400f20
:109a940025200002ebff0010ffff112475e6400fa4
:109aa40025200002e7ff40100100112402000224d7
:109ab400a00002aef2c6400f25200002e8dd400ff0
:0c9ac40025200002dfff0010ffff11242e
:020000040000fa
:020000041d02db
:109ad000e0ffbd271c00bfaf1800b1af1400b0af4e
:109ae000258080004d94400f2588a0001b00405425
:109af000000043942400048e0c00038e1f00831486
:109b00001c00bf8f1800038e1d0060501800b18f1d
:109b100009f8600025200002180040101c00bf8fcb
:109b200000004394010063300700601025282002e4
:109b3000000043940400037c000043a42400028e30
:109b4000ffff4224240002ae4d94400f2520000266
:109b50000a0040101c00bf8f0000439401006330d6
:109b60000a00601401000424000043940400837c74
:109b70004408837c000043a41c00bf8f1800b18ff1
:109b80001400b08f0800e0032000bd2700004394bc
:0c9b90004408037cf8ff0010000043a410
:020000040000fa
:020000041d02db
:109b9c00c8ffbd273400bfaf3000b1af2c00b0af51
:109bac002588a0001000a0af1400a0af1800a0af33
:109bbc001c00a0af2000a0af2400a0af4080040088
:109bcc0021200402802004000080103c2850102624
:109bdc002180040273e3400f252000020c0040108a
:109bec00252840002800428c05005114000000007c
:109bfc00f8e7400f1000a427f6ff0010000000004b
:109c0c00f8e7400f1c00a427f2ff00100000000032
:109c1c0073e3400f1000a427060040100100062437
:109c2c00f5ff0524ffd2400f25204000f8ff00105f
:109c3c00000000001c00a28f030040101c00a52790
:109c4c003edc400f252000023400bf8f3000b18f66
:0c9c5c002c00b08f0800e0033800bd278a
:020000040000fa
:020000041d02db
:109c6800e8ffbd271400bfaf1000b0af1c008294fe
:109c7800010003241500431025808000201e027c6b
:109c880007006010020003241e00431000000000bb
:109c98009ddc400ff4ff0524090000101400bf8f5d
:109ca80063d3400f02000524040040100200022480
:109cb8001a0002a6010002241c0002a61400bf8f8d
:109cc8001000b08f0800e0031800bd27dde0400f4a
:109cd80000000000faff40101400bf8f3400029605
:109ce800440002a60300052463d3400f2520000288
:109cf800f2ff4010020002241a0002a6efff001033
:109d08001c0002a6dde0400f00000000ecff401040
:109d18001400bf8f34000296460002a603000224f6
:0c9d28001a0002a6e5ff00101c0000a6b7
:020000040000fa
:020000041d02db
:109d34003000801053ff0224e0ffbd271c00bfaf9a
:109d44001800b2af1400b1af1000b0af2588c00046
:109d54002590a00025808000096a023c67e6423411
:109d6400000082ac67bb023c85ae4234040082ac86
:109d74006e3c023c72f34234080082ac4fa5023cb4
:109d84003af542340c0082ac0e51023c7f5242241c
:109d9400100082ac059b023c8c684224140082ac07
:109da400831f023cabd94234180082ace05b023c16
:109db40019cd42341c0082ac600080ac640080acdd
:109dc400680080ac89f2400f780080ac6c0012ae61
:109dd400700011ae740000ae251000001c00bf8f8f
:109de4001800b28f1400b18f1000b08f0800e00388
:0c9df4002000bd270800e0030000000074
:020000040000fa
:020000041d02db
:109e0000e0ffbd271c00bfaf1800b1af1400b0af1a
:109e1000258080002588a000e078400f46008484db
:109e20000800401401000224000022a225100000b6
:109e30001c00bf8f1800b18f1400b08f0800e00322
:109e40002000bd271800028e0c0002aeffff022486
:109e5000510002a277e0400f500000a254de400ff4
:109e600025884000401811002120710000190400cd
:109e70002318640021106200040002aeffff0224d8
:109e8000080002ae000000ae4c0000a6400000a694
:109e9000600000a65c00029680004230040040147e
:109ea000253000000200052498e5400f252000021f
:109eb0002510000001000324c439627c5c0002a666
:089ec000dbff00100100022489
:020000040000fa
:020000041d02db
:109ec800d8ffbd272400bfaf2000b4af1c00b3af3c
:109ed8001800b2af1400b1af1000b0af25908000e9
:109ee8002580a0002598c0000080023c71f0400f3a
:109ef8008852518c00000496400083301000601492
:109f080003001424001902002318620080180300bb
:109f1800800084301700801421882302040005265d
:109f2800a4b8400f24002426010014241400272676
:109f3800253060028000052460cc400f25200002f7
:109f4800253880021000062608000526ceaf400fef
:109f5800252040022400bf8f2000b48f1c00b38f3f
:109f68001800b28f1400b18f1000b08f0800e00302
:109f78002800bd2704000526a4b8400f1400242695
:089f8800eaff0010020014249e
:020000040000fa
:020000041d02db
:109f900082bf043c1026838c0e0063300080023c9c
:109fa00014534224400043ac1026828c0e004230f1
:109fb000180040100080023c1026828c02004230c3
:109fc0000300401082bf023c02000324142643ac6d
:109fd00082bf023c1026428c010042300700401034
:109fe00082bf033c82bf043c3026828c1026628ce8
:109ff00001004230fcff40140000000081bf023c21
:10a0000000040324940043ac00080324940043acf0
:10a010000080023c145342242000428c0c0040106b
:10a0200000000000e8ffbd271400bfaf0080023c25
:10a03000145342242400458c2000428c09f840002f
:10a04000020004241400bf8f0800e0031800bd279d
:08a050000800e003000000001d
:020000040000fa
:020000041d02db
:10a05800e8ffbd271400bfaf1000b0af2580800017
:10a06800f9aa400f0e0084841f0040100a00032440
:10a07800a400028e0b0043140b00032424000224c6
:10a08800080002ae7dcd400f2520000225180000f3
:10a09800251060001400bf8f1000b08f0800e00387
:10a0a8001800bd2707004314f4ff422428000224a7
:10a0b800080002aebab1400f25200002f4ff0010dc
:10a0c800251800000200422cf1ff4010251800005e
:10a0d8002d000224080002aebfa1400f2520000277
:10a0e800ebff00102518000075e6400f2520000240
:10a0f800e7ff401025180000f2c6400f2520000297
:10a1080002000224a00002aee8dd400f2520000274
:08a11800dfff0010ffff03242c
:020000040000fa
:020000041d02db
:10a12000e8ffbd271400bfafffff02240800821420
:10a130001000b0af090002242c8282afffff02247e
:10a140001400bf8f1000b08f0800e0031800bd2777
:10a150000000829004004014090002242c8282af87
:10a16000f7ff0010ffff02240400828c0800438cdc
:10a170001c00638c050060540c0080ac17000224a6
:10a180000c0082aceeff0010ffff0224120045908d
:10a19000010003240500a31025808000070002248d
:10a1a0000c0082ace6ff0010ffff0224120040a06a
:10a1b0000400828c0800428c1c00428c09f840008c
:10a1c0000800848c0400038e1200642402008010b6
:10a1d00001000424120064a0d9ff410401000324fb
:08a1e000d7ff00100c0003aed4
:020000040000fa
:020000041d02db
:10a1e800e8ffbd271400bfafffff02240800821458
:10a1f8001000b0af090002242c8282afffff0224b6
:10a208001400bf8f1000b08f0800e0031800bd27ae
:10a218000000829004004014090002242c8282afbe
:10a22800f7ff0010ffff02240400828c0800438c13
:10a238002400638c050060540c0080ac17000224d5
:10a248000c0082aceeff0010ffff022412004590c4
:10a25800010003240500a3102580800007000224c4
:10a268000c0082ace6ff0010ffff0224120040a0a1
:10a278000400828c0800428c2400428c09f84000bb
:10a288000800848c0400038e1200642402008010ed
:10a2980001000424120064a0d9ff41040100032432
:08a2a800d7ff00100c0003ae0b
:020000040000fa
:020000041d02db
:10a2b0000080063ce456ca8c2b004011251000009b
:10a2c0002518400125380000254000000000658c5d
:10a2d0000800a4141000698c0200e050e456c9acd8
:10a2e0001000e9ac0800e00310006224f7ff001042
:10a2f000251820012b588500070060110000000080
:10a300001b0040502540e00000004b8c2b28ab0088
:10a310000b40e5000b106500f4ff201525386000a8
:10a3200011004010000000000000438c1000458c1c
:10a33000231864001100692c070020151000472421
:10a34000000044acf0ff63242120e400100085ac41
:10a35000000083ac2528800002004255100005ada6
:10a36000e456c5ac2510e0000800e0030000000042
:08a37000e9ff00102510600058
:020000040000fa
:020000041d02db
:10a3780030ab039d10f1019df0ec029d4887039dd1
:10a38800f02b039d3cb7029d782b039d80b6029d60
:10a39800002b039de8e6029dcc80039db437039d06
:10a3a8003cf9029d283e039da8f8029d4437039d71
:10a3b80014f8029dd436039d80f7029d6436039df0
:10a3c800ecf6029dbc3d039d50e1029d503d039d6e
:10a3d80058f6029d74d4029d2434029d14cf029d28
:10a3e800c4f5029d68ce029d30f5029d84e7029d6a
:10a3f800d45b029de43c039de050019d58a0029d62
:10a40800f435039dc4b5029db005039da0c0029d0f
:10a41800e8c6029d98c7029d0882019d4049039d98
:10a42800a4bb029dfc86029d049a029d2405039dff
:04a43800ecbf029dd6
:020000040000fa
:020000041d02db
:10a43c00e0ffbd271c00bfaf1800b2af1400b1afd6
:10a44c001000b0af2588a0000c00b28c71f0400f4a
:10a45c005481908f4018020021186200801803006c
:10a46c0021186200c010030021180202040002240b
:10a47c000b0042520400248e0700022407004212f3
:10a48c000300042415004416251000005c0065949c
:10a49c00020004241200a4101c00bf8f0400248ea0
:10a4ac00060084280d008014ffff02240000258e76
:10a4bc00360002240000a2a0040002240100a2a085
:10a4cc000200a42424006224030043880000439863
:10a4dc000500a3a8000083b8060002241c00bf8f4f
:10a4ec001800b28f1400b18f1000b08f0800e00379
:04a4fc002000bd2758
:020000040000fa
:020000041d02db
:10a500002e00a01025100000e0ffbd271c00bfafeb
:10a510001800b2af1400b1af1000b0af2590e0004a
:10a520002580c00011c9400f2588a0001e004010e2
:10a530001c00bf8f1c004052251000000000058e3b
:10a540001a0025521800b28f0400072625180000b3
:10a550002530000025200000254040000600a054c2
:10a5600001008424040060540100842425180001a3
:10a570002530800001008424070044560400e724ad
:10a58000080060102510600080300600218006025f
:10a5900004000010000011aefcffe58cefffb114c9
:10a5a000000000001c00bf8f1800b28f1400b18f94
:10a5b0001000b08f0800e0032000bd270800e00372
:04a5c0000000000097
:020000040000fa
:020000041d02db
:10a5c4005443502f495020537461636b3a202573d0
:10a5d400204d414320696e697469616c697a6174c4
:10a5e400696f6e206661696c65640d0a0000000085
:10a5f4005443502f495020537461636b3a202573a0
:10a60400204d4143204f70656e206661696c65641e
:10a614000d0a00005443502f495020537461636b5a
:10a624003a204d6f64756c65206e6f3a2025642066
:10a63400496e697469616c697a6174696f6e2066c8
:10a6440061696c65640d0a005443502f49502053ce
:10a654007461636b3a202573204d41432065766510
:10a664006e74206e6f74696669636174696f6e20bd
:10a6740073657474696e67206661696c65640d0a3c
:04a6840000000000d2
:020000040000fa
:020000041d02db
:10a68800e8ffbd271400bfaf1000b0af9881828fdc
:10a6980008004010000000000080033cdc556324e3
:10a6a800251060001400bf8f1000b08f0800e00371
:10a6b8001800bd27faffa010ffff03242580a00083
:10a6c800908180af888180af848180af8c8180af9a
:10a6d8007c8180af788180af0080023cdc5540ac43
:10a6e800dc554224040040ac080040ac0c0040acef
:10a6f800100040ac140040ac049d053c20aca524df
:10a7080098d0400f252000001400028e6c8182af83
:10a718000100032408004014708183af401f400fdc
:10a7280025200002deff4010ffff03240080033cc9
:10a73800dbff0010dc5563240080033cd8ff0010c9
:04a74800dc55632455
:020000040000fa
:020000041d02db
:10a74c002c008010f2ff02240800838c0080023c55
:10a75c00b851422424006250020088840800e003af
:10a76c00f2ff02241800889401000324230003152f
:10a77c00000000001a008394010002240300621000
:10a78c00040008241b006814f3ff0224300083909b
:10a79c0018006014f4ff0224e8ffbd271400bfafbb
:10a7ac0001000224300082a0320085a42800a2936c
:10a7bc002b10020001004224310082a0340086a438
:10a7cc00b98c400f360087a42518400003006004a4
:10a7dc00f4ff0224030062380100422c1400bf8fe6
:10a7ec000800e0031800bd2701000324ddff03115e
:10a7fc00f3ff02240800e003000000000800e0035f
:04a80c000000000048
:020000040000fa
:020000041d02db
:10a81000e8ffbd271400bfaf1000b0af1c0082944a
:10a820000800401025808000010003241000431020
:10a83000000000009ddc400ff4ff0524090000101b
:10a840001400bf8f63d3400f252800000400401080
:10a85000020002241a0002a6010002241c0002a623
:10a860001400bf8f1000b08f0800e0031800bd2750
:10a87000dde0400f00000000faff40101400bf8f21
:10a88000340002860f0041042528000054de400fea
:10a89000000000002c00038e2b1043000400401029
:10a8a000020002241a0002a6edff00101c0000a600
:10a8b000fcff05249ddc400f25200002e9ff00106d
:10a8c0001400bf8f9ddc400f25200002e5ff001023
:04a8d0001400bf8f22
:020000040000fa
:020000041d02db
:10a8d400a8ffbd275400bfaf5000b2af4c00b1afca
:10a8e4004800b0af258080002590a000250080108e
:10a8f4002588c00044d6400f1400848c25184000dd
:10a904001a006010f1fe02240400648c1700801009
:10a914001000a5272000a0af2400a0af2800a0affe
:10a924002c00a0af3000a0af3400a0af3800a0af1f
:10a934003c00a0af4000a0af040002241000a2af6e
:10a944001400b0af1800b2af1c00b1af0400628ca9
:10a954000800668c09f840000000648c52ff032450
:10a9640026184300f1fe04240a1083005400bf8f0c
:10a974005000b28f4c00b18f4800b08f0800e00344
:10a984005800bd273ec2400f25200000dcff001008
:04a994002518400042
:020000040000fa
:020000041d02db
:10a99800201c047c2d00601825100000ff00833067
:10a9a8000b00632c29006010ffff84242026047c00
:10a9b800c018040021186400801003000080033cc4
:10a9c800e84a63248a19627c200060102510000080
:10a9d800c010040021104400801002000080033cd5
:10a9e800e84a6324211043000800428c0800488c80
:10a9f8000a0000150080023cc018040021206400f1
:10aa080080180400e84a442421208300ffff022420
:10aa1800030082a00800e00325100000e8ffbd271e
:10aa28001400bfafc018040021206400801804007f
:10aa3800e84a44242120830009f8000106008484a0
:10aa48001400bf8f0800e0031800bd270800e003ca
:04aa580000000000fa
:020000040000fa
:020000041d02db
:10aa5c00201c047c2d00601825100000ff008330a2
:10aa6c000b00632c29006010ffff84242026047c3b
:10aa7c00c018040021186400801003000080033cff
:10aa8c00e84a63248a19627c2000601025100000bb
:10aa9c00c010040021104400801002000080033c10
:10aaac00e84a6324211043000800428c1000478cb4
:10aabc000a00e0140080023cc0180400212064004d
:10aacc0080180400e84a442421208300ffff02245c
:10aadc00030082a00800e00325100000e8ffbd275a
:10aaec001400bfafc01804002120640080180400bb
:10aafc00e84a44242120830009f8e00006008484fd
:10ab0c001400bf8f0800e0031800bd270800e00305
:04ab1c000000000035
:020000040000fa
:020000041d02db
:10ab2000201c047c2d00601825100000ff008330dd
:10ab30000b00632c29006010ffff84242026047c76
:10ab4000c018040021186400801003000080033c3a
:10ab5000e84a63248a19627c2000601025100000f6
:10ab6000c010040021104400801002000080033c4b
:10ab7000e84a6324211043000800428c0c00478cf3
:10ab80000a00e0140080023cc01804002120640088
:10ab900080180400e84a442421208300ffff022497
:10aba000030082a00800e00325100000e8ffbd2795
:10abb0001400bfafc01804002120640080180400f6
:10abc000e84a44242120830009f8e0000600848438
:10abd0001400bf8f0800e0031800bd270800e00341
:04abe0000000000071
:020000040000fa
:020000041d02db
:10abe400201c047c2d00601825100000ff00833019
:10abf4000b00632c29006010ffff84242026047cb2
:10ac0400c018040021186400801003000080033c75
:10ac1400e84a63248a19627c200060102510000031
:10ac2400c010040021104400801002000080033c86
:10ac3400e84a6324211043000800428c1400458c28
:10ac44000a00a0140080023cc01804002120640003
:10ac540080180400e84a442421208300ffff0224d2
:10ac6400030082a00800e00325100000e8ffbd27d0
:10ac74001400bfafc0180400212064008018040031
:10ac8400e84a44242120830009f8a00006008484b3
:10ac94001400bf8f0800e0031800bd270800e0037c
:04aca40000000000ac
:020000040000fa
:020000041d02db
:10aca800201c047c2d00601825100000ff00833054
:10acb8000b00632c29006010ffff84242026047ced
:10acc800c018040021186400801003000080033cb1
:10acd800e84a63248a19627c20006010251000006d
:10ace800c010040021104400801002000080033cc2
:10acf800e84a6324211043000800428c1800458c60
:10ad08000a00a0140080023cc0180400212064003e
:10ad180080180400e84a442421208300ffff02240d
:10ad2800030082a00800e00325100000e8ffbd270b
:10ad38001400bfafc018040021206400801804006c
:10ad4800e84a44242120830009f8a00006008484ee
:10ad58001400bf8f0800e0031800bd270800e003b7
:04ad680000000000e7
:020000040000fa
:020000041d02db
:10ad6c00201c047c2d00601825100000ff0083308f
:10ad7c000b00632c29006010ffff84242026047c28
:10ad8c00c018040021186400801003000080033cec
:10ad9c00e84a63248a19627c2000601025100000a8
:10adac00c010040021104400801002000080033cfd
:10adbc00e84a6324211043000800428c1c00458c97
:10adcc000a00a0140080023cc0180400212064007a
:10addc0080180400e84a442421208300ffff022449
:10adec00030082a00800e00325100000e8ffbd2747
:10adfc001400bfafc01804002120640080180400a8
:10ae0c00e84a44242120830009f8a0000600848429
:10ae1c001400bf8f0800e0031800bd270800e003f2
:04ae2c000000000022
:020000040000fa
:020000041d02db
:10ae3000201c047c2d00601825100000ff008330ca
:10ae40000b00632c29006010ffff84242026047c63
:10ae5000c018040021186400801003000080033c27
:10ae6000e84a63248a19627c2000601025100000e3
:10ae7000c010040021104400801002000080033c38
:10ae8000e84a6324211043000800428c2400458cca
:10ae90000a00a0140080023cc018040021206400b5
:10aea00080180400e84a442421208300ffff022484
:10aeb000030082a00800e00325100000e8ffbd2782
:10aec0001400bfafc01804002120640080180400e3
:10aed000e84a44242120830009f8a0000600848465
:10aee0001400bf8f0800e0031800bd270800e0032e
:04aef000000000005e
:020000040000fa
:020000041d02db
:10aef400201c047c2d00601825100000ff00833006
:10af04000b00632c29006010ffff84242026047c9e
:10af1400c018040021186400801003000080033c62
:10af2400e84a63248a19627c20006010251000001e
:10af3400c010040021104400801002000080033c73
:10af4400e84a6324211043000800428c2c00468cfc
:10af54000a00c0140080023cc018040021206400d0
:10af640080180400e84a442421208300ffff0224bf
:10af7400030082a00800e00325100000e8ffbd27bd
:10af84001400bfafc018040021206400801804001e
:10af9400e84a44242120830009f8c0000600848480
:10afa4001400bf8f0800e0031800bd270800e00369
:04afb4000000000099
:020000040000fa
:020000041d02db
:10afb800201c047c2d00601825100000ff00833041
:10afc8000b00632c29006010ffff84242026047cda
:10afd800c018040021186400801003000080033c9e
:10afe800e84a63248a19627c20006010251000005a
:10aff800c010040021104400801002000080033caf
:10b00800e84a6324211043000800428c3800458c2c
:10b018000a00a0140080023cc0180400212064002b
:10b0280080180400e84a442421208300ffff0224fa
:10b03800030082a00800e00325100000e8ffbd27f8
:10b048001400bfafc0180400212064008018040059
:10b05800e84a44242120830009f8a00006008484db
:10b068001400bf8f0800e0031800bd270800e003a4
:04b0780000000000d4
:020000040000fa
:020000041d02db
:10b07c002e008010ffff0224d8ffbd272400bfaf95
:10b08c002000b3af1c00b2af1800b1af1400b0afca
:10b09c00259080000080103c982210260080113ce6
:10b0ac00684931260080133c183c7326f0ff00a23f
:10b0bc00f4ff00aef8ff00aeff00062425280000c8
:10b0cc004eeb400f25200002fcff00ae000020a23a
:10b0dc00040020ae080020ae0c0020ae100110269b
:10b0ec00f2ff7016100031263c8282270000438e3e
:10b0fc00000043ac0400438e040043ac0100022466
:10b10c00308282a30080033c1a5662a025100000f6
:10b11c002400bf8f2000b38f1c00b28f1800b18f9a
:10b12c001400b08f0800e0032800bd270800e003de
:04b13c00000000000f
:020000040000fa
:020000041d02db
:10b140002e008014ffff0224d0ffbd272c00bfafcc
:10b150002800b4af2400b3af2000b2af1c00b1afe1
:10b160001800b0af0080023c5022508c1400028eb8
:10b17000ffff0324190043102590e0002598c0002c
:10b180002588a0000800038e1c00638c09f860006d
:10b190002520400025a04000421f11000400022489
:10b1a000030062142528400288e0400f2520200279
:10b1b00002000224240002ae1400048e0800028e55
:10b1c0001000b2af1800428c2338740225302002e0
:10b1d00009f840001c0005261c00028e2c00bf8fc1
:10b1e0002800b48f2400b38f2000b28f1c00b18fd1
:10b1f0001800b08f0800e0033000bd270800e0030e
:04b20000000000004a
:020000040000fa
:020000041d02db
:10b204002d00a010fbff02240000a38c2a00601074
:10b214000000000028008010faff022442008394fa
:10b22400400063302400601000000000e0ffbd27f0
:10b234001c00bfaf1800b2af1400b1af1000b0af24
:10b244002580a000259080000080023c71f0400f12
:10b254008852518c001902002310620080100200f1
:10b264002188220225280002f6a1400f0000248e26
:10b27400258040000a000012ffff02242528000256
:10b28400e8d0400f25202002feff072425300000cf
:10b2940008000526ceaf400f2520400225100000ef
:10b2a4001c00bf8f1800b28f1400b18f1000b08f34
:10b2b4000800e0032000bd270800e00300000000b0
:020000040000fa
:020000041d02db
:10b2c400e0ffbd271c00bfaf1800b1af1400b0af42
:10b2d400258880000e00a290010003240b00431077
:10b2e4002580a000020003241b00431057040624f9
:10b2f400049d053c28c2a52491e3400f25200000ad
:10b30400070002240f0000100e0002a2adee400f51
:10b314001000848c0c0040141c00bf8f040006969f
:10b3240006000596d2de400f1000248e0d00029216
:10b334000100423002000424060003240a1882009b
:10b344000e0003a21c00bf8f1800b18f1400b08f31
:10b354000800e0032000bd27adee400f1000848cf0
:10b36400f9ff40141c00bf8fb2e9400f1000248e77
:10b37400080002ae06000224f2ff00100e0002a232
:020000040000fa
:020000041d02db
:10b38400e0ffbd271c00bfaf1800b2af1400b1af7f
:10b394001000b0af2588a000f7ed400f2590c00045
:10b3a4004018020021186200c018030096f1400ff3
:10b3b400212062001e004016251000001c00bf8fd3
:10b3c4001800b28f1400b18f1000b08f0800e00392
:10b3d4002000bd2748ec400f000000002118300277
:10b3e400000062a0c31f1000421f030021100302cb
:10b3f40007004230f9ff422409004354010010269b
:10b40400f7ed400f00000000401802002118620010
:10b41400c018030096f1400f21206200010010269d
:10b42400ecff121625100000e5ff00101c00bf8f72
:10b4340048ec400f25800000f8ff0010000022a215
:020000040000fa
:020000041d02db
:10b44400e8ffbd27ff00a5301000b0af1400bfaf68
:10b454000f00a014258080000ce9400f00000000bc
:10b46400218002021400bf8f251000021000b08f4b
:10b474000800e0031800bd2700000282f9ff401015
:10b48400ff004230f8ff45101400bf8f0100102662
:10b4940003000232f8ff40140101043c010184243a
:10b4a4000220a470fefe073c8080083cfffee734c7
:10b4b400808008350000038e263064002110670068
:10b4c40027180300241043002118c7002730060062
:10b4d400243066002510460024104800f5ff405033
:10b4e4000400102600000282deff4010ff004230fc
:10b4f400ddff45101400bf8ffaff00100100102675
:020000040000fa
:020000041d02db
:10b5040070ffbd278400b2af8000b1af7c00b0af44
:10b514002588a000258080002590c00025280000f3
:10b524004c0006242400a4278800b3af8c00bfafce
:10b534004eeb400f2598e000ffff02241000a2af5d
:10b5440002010224020000161400a2af7000b0270a
:10b554001800b0af1c00b1af02002012251000008b
:10b56400ffff22260c0021062000a2af0080023c2f
:10b574004f000324dc5643acffff02248c00bf8f32
:10b584008800b38f8400b28f8000b18f7c00b08fad
:10b594000800e0039000bd2701002056000000a22f
:10b5a40025306002252840021000a4272800b0afef
:10b5b40045e4400f2400b0aff1ff00108c00bf8fb2
:020000040000fa
:020000041d02db
:10b5c400e0ffbd271c00bfaf1800b1af1400b0af3f
:10b5d40096c3400f258080001e0040140000000028
:10b5e400f2c8400f252000022588400003000224f1
:10b5f4000a00221627000224080002ae28b0400fd9
:10b6040025200002251020021c00bf8f1800b18fd6
:10b614001400b08f0800e0032000bd2702000224bc
:10b624000600221626000224080002ae6cc1400f58
:10b6340025200002f4ff001025102002010002243e
:10b64400a00002aee8dd400f25200002edff00104f
:10b65400ffff112475e6400f25200002e9ff40108a
:10b664000100112402000224a00002aee8dd400f14
:0cb6740025200002e3ff0010ffff11245e
:020000040000fa
:020000041d02db
:10b68000e0ffbd271c00bfaf1800b1af1400b0af82
:10b6900096c3400f258080001e004014000000006b
:10b6a000f2c8400f25200002258840000400022433
:10b6b0000a00221608000224080002aec0ca400f89
:10b6c00025200002251020021c00bf8f1800b18f1a
:10b6d0001400b08f0800e0032000bd2703000224ff
:10b6e000060022160a000224080002ae33e0400fd2
:10b6f00025200002f4ff0010251020020100022482
:10b70000a00002aee8dd400f25200002edff001092
:10b71000ffff112475e6400f25200002e9ff4010cd
:10b720000100112402000224a00002aee8dd400f57
:0cb7300025200002e3ff0010ffff1124a1
:020000040000fa
:020000041d02db
:10b73c00e0ffbd271c00bfaf1800b1af1400b0afc5
:10b74c0096c3400f258080001e00401400000000ae
:10b75c00f2c8400f25200002258840000400022476
:10b76c000a00221606000224080002aedeca400fb0
:10b77c0025200002251020021c00bf8f1800b18f5d
:10b78c001400b08f0800e0032000bd270300022442
:10b79c00060022160a000224080002ae33e0400f15
:10b7ac0025200002f4ff00102510200201000224c5
:10b7bc00a00002aee8dd400f25200002edff0010d6
:10b7cc00ffff112475e6400f25200002e9ff401011
:10b7dc000100112402000224a00002aee8dd400f9b
:0cb7ec0025200002e3ff0010ffff1124e5
:020000040000fa
:020000041d02db
:10b7f800e0ffbd271c00bfaf1800b2af1400b1af07
:10b808001000b0af258080002590a0000080113c7a
:10b81800b7cc400f3c5624263c56228e14004010cc
:10b828002588000008005050080002920000428c51
:10b838000f00401025880000fdff02560000428cd2
:10b8480025804000080002922b10020008005210c8
:10b858002588000010004012000000002081828f1f
:10b8680001004224208182af080012a201001124a5
:10b878000080043ca5da400f3c56842425102002a1
:10b888001c00bf8f1800b28f1400b18f1000b08f4a
:10b898000800e0032000bd272081828fffff42249b
:0cb8a800208182aff1ff0010080012a206
:020000040000fa
:020000041d02db
:10b8b400e0ffbd271c00bfaf1800b1af1400b0af4c
:10b8c40048818487ffff0224060082105481908ff0
:10b8d400fabb400f00000000ffff0224488182a74a
:10b8e4005481908f110000125081828f0a00401001
:10b8f400258800005000048e0300801001003126ca
:10b90400e2e1400f000000005081828f2b102202e0
:10b91400f8ff4014680010263c81848f0c00828c50
:10b9240009f840005481858f548180af3c81858f14
:10b934000080043c7be9400f5c5684244081848f62
:10b9440005008050508180af4ce8400f000000009b
:10b95400408180af508180af1c00bf8f1800b18f31
:0cb964001400b08f0800e0032000bd2795
:020000040000fa
:020000041d02db
:10b97000e8ffbd271400bfafffff022408008214b8
:10b980001000b0af090002242c8282af2510000005
:10b990001400bf8f1000b08f0800e0031800bd270f
:10b9a000000082900300401409000324f8ff0010f7
:10b9b0002c8283af0400828c0800438c2000638caf
:10b9c000050060540c0080ac170002240c0082ac0f
:10b9d000efff001025100000120045900100032425
:10b9e0000500a31025808000070002240c0082ac13
:10b9f000e7ff001025100000120040a00400828c18
:10ba00000800428c2000428c09f840000800848c19
:10ba10000400038e12006424deff80101400bf8f28
:0cba200001000424daff0010120064a0f2
:020000040000fa
:020000041d02db
:10ba2c0000800340c011637c0100072429006714c7
:10ba3c0001800240402e437c001080400018804062
:10ba4c000028804000308040252000000080043c0d
:10ba5c000000834000508440c000000002000042ff
:10ba6c0000408420ffff6320f9ff601400000000f9
:10ba7c00c0bf043c7806843400308440c0bf053c11
:10ba8c007006a524c0bf063cd006c624253800008d
:10ba9c001000a610ff01093c00e029350028894060
:10baac00000087400000a88c0400a98c0800aa8c18
:10babc000010894000188a4000508840c0000000e7
:10bacc00020000420c00a5200100e720f0ff00104e
:0cbadc00000000000800e0030000000073
:020000040000fa
:020000041d02db
:10bae8000000a28c0400a38cc0ffbd273800b3afb0
:10baf8003400b2af3000b1af2c00b0af3c00bfafe4
:10bb0800258880002580a0000800b28c2000a2af04
:10bb1800030060040c00b38c4408027c2000a2af30
:10bb28002000a2271800a2af0a0002241400a2af26
:10bb38001000b2af0400c78c0000c68cf68d400f11
:10bb4800252000021000068e2000a38f2538400211
:10bb5800ffffc6241000a3af2330c20021286202d1
:10bb68003b99400f252020020400238e00016330fa
:10bb7800040060103c00bf8f0400038e2a2043009d
:10bb88000b1064003800b38f3400b28f3000b18fcf
:0cbb98002c00b08f0800e0034000bd2727
:020000040000fa
:020000041d02db
:10bba40068ffbd279400bfaf9000b1af8c00b0af69
:10bbb4009c0080ac7c0080ac1c0082900a00401089
:10bbc4002100022439cf400f080082ac25880000f0
:10bbd400251020029400bf8f9000b18f8c00b08f8d
:10bbe4000800e0039800bd2729c5400f2580800088
:10bbf40013004014258840001000a527bdab400f5a
:10bc04000c0004864c00a527bdab400f0e00048633
:10bc14002c0002262400a38f2f0003aa000043b89f
:10bc24007200a297400002a61f000224080002ae80
:10bc3400e1b9400f25200002e6ff00102510200284
:10bc440009000224a00002aee8dd400f2520000216
:08bc5400e0ff001025102002a2
:020000040000fa
:020000041d02db
:10bc5c002b00801025288000e0ffbd271c00bfaf03
:10bc6c001800b1af1400b0af258080000080043cf8
:10bc7c00aebb400fa05684240c000486ffff0224a8
:10bc8c00050082100080113cf972400f000000008a
:10bc9c00ffff02240c0002a62c5631260400248e31
:10bcac000c00828c09f840006c00058e0400248e78
:10bcbc000c00828c09f840006800058e25380000c5
:10bccc002530000003000524d4e4400f2520000299
:10bcdc00ac0000a6640000ae080000ae25280002ef
:10bcec000080043cf8e7400fac5684241c00bf8f46
:10bcfc001800b18f1400b08f0800e0032000bd279e
:08bd0c000800e0030000000044
:020000040000fa
:020000041d02db
:10bd1400e0ffbd271c00bfaf1800b2af1400b1afe5
:10bd24001000b0af2588a0000c00b28c71f0400f59
:10bd34005481908f4018020021186200801803007b
:10bd440021186200c010030021180202fdff4226e0
:10bd54000200422c0600401401000424150044167d
:10bd64001c00bf8f3400648c130080101800b28f45
:10bd74000400248e060084280d008014ffff022492
:10bd84000000258e320002240000a2a00400022438
:10bd94000100a2a00200a42434006224030043880a
:10bda400000043980500a3a8000083b806000224fd
:10bdb4001c00bf8f1800b28f1400b18f1000b08f19
:08bdc4000800e0032000bd2788
:020000040000fa
:020000041d02db
:10bdcc0078ffbd278000b2af7c00b1af7800b0af78
:10bddc008400bfaf258080002588a0002590c0007e
:10bdec001c00a0af5400a4af2000a4af040080043a
:10bdfc00ffff0224ff7f023cffff42342110820030
:10be0c00252800001800a42720ea400f5800a2aff4
:10be1c009800a28f9c00a38f252840021800a4270d
:10be2c001000a2af1400a3afc116400f01000624ee
:10be3c002520400008002012252860005800a28f01
:10be4c005400a38f231862006c00a28f211862008b
:10be5c0021800302000030ae8400bf8f25108000cb
:10be6c002518a0008000b28f7c00b18f7800b08fb5
:08be7c000800e0038800bd2767
:020000040000fa
:020000041d02db
:10be840080bf023c300040ac99aa033c5566632451
:10be9400300043ac6655033caa996334300043ac8c
:10bea40080bf033c0000648c0463047c000064ac29
:10beb40080bf043c01100524400085ac80bf043cd5
:10bec40003000524500085ac80bf053cff01043c01
:10bed400d70184246000a4ac80bf043cfb0105248a
:10bee400700085ac80bf053c1d30043c352f842494
:10bef4008000a4ac80bf053c8300043c0100842482
:10bf04009000a4ac80bf043c5000053ca00085ac6c
:10bf14000000648c010005240463a47c000064ac6c
:10bf24003333033c33336324300043ac0800e00371
:04bf34000000000009
:020000040000fa
:020000041d02db
:10bf3800d0ffbd272c00bfaf2800b4af2400b3af9b
:10bf48002000b2af1c00b1af1800b0af2588800048
:10bf580025a0a0002598c0002590e0000080043ca2
:10bf6800b7cc400fa45284240080023ca452508cc9
:10bf7800120000520080043c0c00028e0400405065
:10bf88000800028e0a0051540000108e0800028e2c
:10bf98001000a2af0400028e25384002253060024e
:10bfa8002528800209f84000252020020000108e74
:10bfb800f2ff00560c00028e0080043ca5da400f08
:10bfc800a45284242c00bf8f2800b48f2400b38f80
:10bfd8002000b28f1c00b18f1800b08f0800e0035a
:04bfe8003000bd2741
:020000040000fa
:020000041d02db
:10bfec00e0ffbd271c00bfaf1800b0af258080005c
:10bffc001000a0a71c78400f1000a527ffff0424f9
:10c00c001f004410010003248600029602004230f7
:10c01c001b0040101000a297080040509800048e9e
:10c02c001000a5271c78400f252000021000a297b5
:10c03c00fcff40141000a5279800048effff02247b
:10c04c0004008250840000a6b3a5400f000000003d
:10c05c00840000a6840007267400068e01000524c7
:10c06c0028e3400f2520000205dc400f25200002ac
:10c07c0025184000860002964408027c860002a621
:10c08c00251060001c00bf8f1800b08f0800e00363
:04c09c002000bd279c
:020000040000fa
:020000041d02db
:10c0a000e0ffbd271c00bfaf1800b0af25808000a7
:10c0b0001000a0a71c78400f1000a527ffff042444
:10c0c0001f00441001000324860002960200423043
:10c0d0001b0040101000a297080040509800048eea
:10c0e0001000a5271c78400f252000021000a29701
:10c0f000fcff40141000a5279800048effff0224c7
:10c1000004008250840000a6b3a5400f0000000088
:10c11000840000a6840007267400068e0100052412
:10c1200028e3400f2520000205dc400f25200002f7
:10c1300025184000860002964408027c860002a66c
:10c14000251060001c00bf8f1800b08f0800e003ae
:04c150002000bd27e7
:020000040000fa
:020000041d02db
:10c15400d8ffbd272400bfaf2000b3af1c00b2af8f
:10c164001800b1af251080002590800042270400fc
:10c17400040003241c0083141400b0af2598a0000d
:10c18400258840000418117c2380510027201000ca
:10c194005b010724049d063c24c1c624049d053c80
:10c1a400c887a524d5c1400fc2270400ffff02326f
:10c1b4000f007326211053001000432c0700601455
:10c1c4000211020025180000000035be010063249e
:10c1d4002b206200fcff8014100031260f000000a9
:10c1e4000020023c251042022400bf8f2000b38fa0
:10c1f4001c00b28f1800b18f1400b08f0800e00348
:04c204002800bd272a
:020000040000fa
:020000041d02db
:10c20800d8ffbd272400bfaf2000b3af1c00b2afda
:10c218001800b1af1400b0af0000918c18002012c4
:10c22800258080000c00228e15004010259000000b
:10c2380025284002eaea400f2520200225984000e0
:10c2480025284000ece7400f252020021000048e2e
:10c258000c00828c09f840000400658e300006242a
:10c26800252800004eeb400f2520600201005226d1
:10c278000c00228e2b104202eeff401425284002ab
:10c288001000048e0c00828c09f840000000058e16
:10c29800000000ae260000a62400bf8f2000b38f48
:10c2a8001c00b28f1800b18f1400b08f0800e00393
:04c2b8002800bd2776
:020000040000fa
:020000041d02db
:10c2bc00e0ffbd271c00bfaf1800b1af1400b0af3a
:10c2cc000e00a290010003240b0043102580a00057
:10c2dc00020003241d00431078040624049d053c31
:10c2ec003cc2a52491e3400f252000000700022446
:10c2fc00110000100e0002a225888000adee400f48
:10c30c001000848c0d0040141c00bf8f0800079691
:10c31c000400069606000596fdd7400f1000248eeb
:10c32c000d00029201004230020004240600032496
:10c33c000a1882000e0003a21c00bf8f1800b18fd8
:10c34c001400b08f0800e0032000bd27adee400fb5
:10c35c001000848cf8ff401406000224f6ff001035
:04c36c000e0002a21b
:020000040000fa
:020000041d02db
:10c370005000828ce8ffbd271000b0af1400bfafa3
:10c380000b004010258080005400838c2a1062002e
:10c3900007004014000000004c0000aeffff022424
:10c3a0001400bf8f1000b08f0800e0031800bd27f5
:10c3b00028d9400f25200002f8ff42044c0000aeaf
:10c3c0004000038e5000048e3c00058e0900801052
:10c3d000253060005400068e233865002320860037
:10c3e0002a38e4000300e01425306000ffff8424b5
:10c3f0002130a400060060104c0006ae5400048eec
:10c40000231865000100632421188300540003ae43
:10c41000ffffa390e2ff6254ffffa2a0e1ff001024
:04c420001400bf8fb6
:020000040000fa
:020000041d02db
:10c42400f8ffbd270800acf70c00a38f0055627c11
:10c4340033044428150080100800a0d7001080445d
:10c444000010e04432602246100001450000000064
:10c45400049d043c0f00610420c084d40160244680
:10c464000000244601002c46ff0342280e00401021
:10c474000800a1d70000a0f714006004049d023c4a
:10c484000800a0af0c00a0af0800a0d70800e0038c
:10c494000800bd270800a1d7000024460100244657
:10c4a400f1ff0010010021463c11204640082046bf
:10c4b400f5ff04450800a1f7049d023c28c040d4c0
:10c4c40001082046f0ff00100800a0f7fdff00104f
:04c4d40018c040d478
:020000040000fa
:020000041d02db
:10c4d800e8ffbd271400bfaf1000b0af2000829066
:10c4e800200042300c0040142580800054de400fac
:10c4f800000000008400038e231043008800038e90
:10c508002b1043000c004014010003242000029269
:10c518004429627c200002a22000029208004230d6
:10c528000900401401000324200002920421627cc7
:10c53800200002a2980000ae1400bf8f1000b08f38
:10c548000800e0031800bd274800028e3800428c1e
:10c55800253000002528000009f840001800048e46
:10c568000500410403000224bfe2400f2520000219
:10c57800f2ff00101400bf8fefff0010980002ae0a
:020000040000fa
:020000041d02db
:10c58800e0ffbd271c00bfaf1800b2af1400b1af69
:10c598001000b0af0080113c585331260400228ea1
:10c5a8001800428c09f8400025908000140022ae43
:10c5b8001400308e1000228e2380020261cd400fbd
:10c5c800252000026eee400f000000002800288e93
:10c5d8002c00298e213008022b80d0002128090246
:10c5e800280026ae2c0025ae75ee400f2520400011
:10c5f800509d400f25204002080040101c00bf8fae
:10c608006eee400f00000000017d400f25804000c5
:10c6180075ee400f252000021c00bf8f1800b28f56
:10c628001400b18f1000b08f0800e0032000bd2770
:020000040000fa
:020000041d02db
:10c638000080023c145342242c00438c2800498c6f
:10c648001c00a0102510a000230069502518200107
:10c65800254080002510000082bf0c3c06000b24fa
:10c668000080073c3851e72400800a3c14534a25cf
:10c678000026868d0600c6301300cb144030030018
:10c688008a69e67c00000da10100c6248a31e67c97
:10c69800010006a1010063243000468d2b3066009e
:10c6a800010042240300a2100a180600f0ff231517
:10c6b800020008250080043c145384242c0083ac19
:10c6c8000800e003000000008a69e37c2130820052
:10c6d800f0ff00100000cda0f6ff001025100000ac
:020000040000fa
:020000041d02db
:10c6e800e0ffbd271c00bfaf1800b1af1400b0af0a
:10c6f8008c00878c0700e014258080009000918cc6
:10c708002f0005248ae5400f252020022538200225
:10c718000a3802005c00029216004010049d063c94
:10c7280048bdc62488000596b8c3400f6800048e2b
:10c73800ffff45307dcc400f252000020700401444
:10c748002588400029000224080002ae0080023c2f
:10c758003456458c18dc400f252000022510200295
:10c768001c00bf8f1800b18f1400b08f0800e003c1
:10c778002000bd27049d063c54bdc62488000596ac
:10c78800b8c3400f6800048eeaff0010ffff453071
:020000040000fa
:020000041d02db
:10c79800e0ffbd271c00bfaf1800b1af1400b0af59
:10c7a80096c3400f25808000190040140000000047
:10c7b800f2c8400f2520000225884000feff4224d1
:10c7c8000200422c0a0040102a000224080002ae8f
:10c7d8008260400f25200002251020021c00bf8f18
:10c7e8001800b18f1400b08f0800e0032000bd27a7
:10c7f80001000224a00002aef2c6400f252000026c
:10c80800e8dd400f25200002f3ff0010ffff112490
:10c8180075e6400f25200002efff401001001124ab
:10c8280002000224a00002aef2c6400f252000023a
:10c83800e8dd400f25200002e7ff0010ffff11246c
:020000040000fa
:020000041d02db
:10c84800d8ffbd272400bfaf2000b4af1c00b3af92
:10c858001800b2af1400b1af1000b0af2588800047
:10c8680025a0a0002598c0000800908c0400828ca8
:10c87800238002022720100044070724049d063c59
:10c88800c8c5c624049d053c509fa524d5c1400faa
:10c89800c22704002b907002251060020a101202b1
:10c8a800060080122590400004004010253040000a
:10c8b8000400258ef4e9400f252080020400228e12
:10c8c80021905200040032ae2b10130201004238ae
:10c8d8002400bf8f2000b48f1c00b38f1800b28fc4
:10c8e8001400b18f1000b08f0800e0032800bd27a6
:020000040000fa
:020000041d02db
:10c8f800d0ffbd272c00bfaf2800b4af2400b3afd2
:10c908002000b2af1c00b1af1800b0af2580800086
:10c918002590c0002520000017000012ffff022408
:10c9280025a0a0000ce9400f252000022588400022
:10c938002520400010002012ffff02240080133c35
:10c94800dc5660ae253080021000a5270aea400fa9
:10c958002520000225204000dc56638e0600601466
:10c96800ffff02241000a38f2318700026187100ff
:10c978002b1803002310030001004056000044aeaa
:10c988002c00bf8f2800b48f2400b38f2000b28ff3
:10c998001c00b18f1800b08f0800e0033000bd27dd
:020000040000fa
:020000041d02db
:10c9a800d0ffbd272c00bfaf2800b4af2400b3af21
:10c9b8002000b2af1c00b1af1800b0af25808000d6
:10c9c8002588c0002520000017000012ffff022460
:10c9d80025a0a0000ce9400f25200002259040006a
:10c9e8002520000010004012ffff02240080133ca5
:10c9f800dc5660ae253080021000a52715ea400fee
:10ca08002520000225204000dc56638e06006014b5
:10ca1800ffff02241000a38f23187000261872004d
:10ca28002b1803002310030001002056000024ae39
:10ca38002c00bf8f2800b48f2400b38f2000b28f42
:10ca48001c00b18f1800b08f0800e0033000bd272c
:020000040000fa
:020000041d02db
:10ca5800e0ffbd271c00bfaf1800b1af1400b0af96
:10ca68000e00a290010003240e0043102580a000b0
:10ca7800201c027c1a006010fcff4224ff00423098
:10ca88000200422c160040100800a524ffd5400fd4
:10ca98001000848c0d004010050002240b000010cb
:10caa8000e0002a225888000adee400f1000848c95
:10cab800070040141c00bf8f040006960600059668
:10cac800fed8400f1000248e0e0002a21c00bf8f5b
:10cad8001800b18f1400b08f0800e0032000bd27b4
:10cae80095040624049d053c50c2a52491e3400ffb
:10caf8002520000007000224f4ff00100e0002a207
:020000040000fa
:020000041d02db
:10cb0800d8ffbd272000b1af0080113c3c02228e27
:10cb18001c00b0af2400bfaf0e004010258080007d
:10cb280021e1400f000000001000a42736e4400f68
:10cb38001000a2af0f0042241000a58f0418027c39
:10cb480080eb400f252040000c0040102400bf8fd0
:10cb58003c0220ae01000052010010240f001026f4
:10cb68000418107c090000160080023c0c00032405
:10cb7800dc5643ac251000002400bf8f2000b18f85
:10cb88001c00b08f0800e0032800bd270400022e17
:10cb9800040003240b806200aca8400f252000028b
:10cba800f5ff4054fcff50acf4ff00102400bf8f89
:020000040000fa
:020000041d02db
:10cbb80081bf023c00100324080043ac0400042495
:10cbc80081bf023c480144ac0400023c81bf033ce5
:10cbd800780162ac0004032481bf053c9801a3ac32
:10cbe80081bf053cb801a2ac81bf053c8803a3ac5a
:10cbf8008803a2ac0004063c8803a6ac81bf053cb0
:10cc08009803a4ac9803a2ac81bf053ca803a3accd
:10cc180081bf053ce803a2ace803a6ac81bf053c94
:10cc2800f803a4ac81bf043c080483ac080482acbc
:10cc380081bf033c5476023c10324224100062ac9f
:10cc48005476023c103242241000648cfeff821499
:0ccc5800000000000800e00300000000e5
:020000040000fa
:020000041d02db
:10cc6400485454502f312e31202573002573200d44
:10cc74000a000000436f6e6e656374696f6e3a203c
:10cc8400636c6f73650d0a00436f6e74656e742d6b
:10cc94004c656e6774683a2025640d0a0000000034
:10cca400436f6e74656e742d547970653a202573e4
:10ccb4000d0a0000436f6e74656e742d456e636fcc
:10ccc40064696e673a20677a69700d0a0000000093
:10ccd40043616368652d436f6e74726f6c3a206ea6
:10cce4006f2d63616368650d0a000000436163682a
:10ccf400652d436f6e74726f6c3a206d61782d618f
:0ccd040067653d3630300d0a000000006d
:020000040000fa
:020000041d02db
:10cd10002800a104feff02241001838c0800628c0d
:10cd20000c00648c060082540000448c080060ac47
:10cd3000040040140c0060ac0800e003030002246f
:10cd4000080064ac00e0a37c080043ac003406009b
:10cd50008001c634040046ac422f050004000324c1
:10cd60000600a354000040ac0400438c01000424de
:10cd70008452837c040043ac000040ac140040acff
:10cd80000c00e38c05006054000062ac0800e2accb
:10cd90000c00e2ac0800e003251000000c00e48c5d
:10cda0000400432400e0637c140083ac0c00e2ac7c
:0ccdb000251000000800e0030000000057
:020000040000fa
:020000041d02db
:10cdbc00e0ffbd271c00bfaf1800b1af1400b0af2f
:10cdcc001ed2400f258080001a0040100100112453
:10cddc00d2c6400f252000021400401025804000d0
:10cdec000100429011004014258800000c00028eb6
:10cdfc00040040140080023c0800028e0c0002aebd
:10ce0c000080023c88534290100040140000000047
:10ce1c0062b1400f25200002180000a2190000a2e8
:10ce2c0001000224010002a22588000022e0400f2c
:10ce3c0000000000251020021c00bf8f1800b18fcd
:10ce4c001400b08f0800e0032000bd27509d400f58
:0cce5c0025200002f0ff00100000000084
:020000040000fa
:020000041d02db
:10ce6800e0ffbd271c00bfaf1800b1af1400b0af82
:10ce78002000828c010003241e00431025808000be
:10ce8800020003241e00431003000324030043147c
:10ce980025380000049d073c68bde724049d063c36
:10cea8006cbdc62488000596b8c3400f6800048e80
:10ceb800ffff45307dcc400f2520000207004014bd
:10cec800258840001e000224080002ae0080023cb3
:10ced8003456458c18dc400f25200002251020020e
:10cee8001c00bf8f1800b18f1400b08f0800e0033a
:10cef8002000bd27049d073ce8ff001064bde7241f
:0ccf0800049d073ce5ff001060bde7241d
:020000040000fa
:020000041d02db
:10cf1400e0ffbd271c00bfaf1800b1af1400b0afd5
:10cf24002800828c010003241e0043102580800009
:10cf3400020003241e0043100300032403004314cf
:10cf440025380000049d073c80bde724049d063c71
:10cf540084bdc62488000596b8c3400f6800048ebb
:10cf6400ffff45307dcc400f252000020700401410
:10cf7400258840001c000224080002ae0080023c08
:10cf84003456458c18dc400f252000022510200261
:10cf94001c00bf8f1800b18f1400b08f0800e0038d
:10cfa4002000bd27049d073ce8ff00107cbde7245a
:0ccfb400049d073ce5ff001078bde72459
:020000040000fa
:020000041d02db
:10cfc000e0ffbd271c00bfaf1800b2af1400b1af27
:10cfd0001000b0af1c008010258080000000828c03
:10cfe000190040502580000009f2400f00000000a9
:10cff000259040000200422c1000401425880000bb
:10d000001ce8400f2520200240e8400f252040006a
:10d0100008004010010031260000038e0400448cfb
:10d02000261864000800448c241864000600605030
:10d0300025804000f2ff51160000000009ce400f8d
:10d040000100042425804000251000021c00bf8f31
:10d050001800b28f1400b18f1000b08f0800e003e9
:0cd060002000bd27f8ff001025804000d4
:020000040000fa
:020000041d02db
:10d06c00e0ffbd271c00bfaf1800b1af1400b0af7c
:10d07c00200080102588000048008290ff0042307c
:10d08c00fdff40102580800048008290ff00423058
:10d09c000a0040502400028e6eee400f000000008b
:10d0ac0048000392ffff6324ff006330480003a293
:10d0bc0075ee400f252040002400028e0600401023
:10d0cc00258800000400438c2b2023020000428c96
:10d0dc00fcff40140b8864006eee400f0000000053
:10d0ec004800039201006324480003a275ee400f30
:10d0fc0025204000001111001c00bf8f1800b18fbb
:0cd10c001400b08f0800e0032000bd27d5
:020000040000fa
:020000041d02db
:10d11800d8ffbd272400bfaf2000b3af1c00b2afbb
:10d128001800b1af1400b0af258080000f0080a0b8
:10d1380025908000258800000f001324e5ee400f9d
:10d1480000004492ff00423016004014000042a242
:10d158000f00222e0d0040102400bf8f211811024d
:10d1680001001026218011020e000224238851009c
:10d17800ff0031322180110220000224000062a049
:10d1880001006324fdff70142400bf8f2000b38fbb
:10d198001c00b28f1800b18f1400b08f0800e00394
:10d1a8002800bd2701003126ff003132e3ff331686
:0cd1b80001005226f5ff00102400bf8f7c
:020000040000fa
:020000041d02db
:10d1c400d8ffbd272400bfaf2000b4af1c00b3af0d
:10d1d4001800b2af1400b1af1000b0af25988000b2
:10d1e4002580a0002590c00025a0e000b7cc400f0a
:10d1f4002520a0001000401025884000252860024a
:10d20400aebb400f252000021400401000000000b7
:10d21400030080120000000009f88002252040006d
:10d22400a5da400f252000020c00428e252860025a
:10d2340009f8400025204002251020022400bf8f59
:10d244002000b48f1c00b38f1800b28f1400b18f6c
:10d254001000b08f0800e0032800bd27a5da400fb6
:0cd2640025200002f4ff001025880000c7
:020000040000fa
:020000041d02db
:10d27000e0ffbd271c00bfaf1800b2af1400b1af74
:10d280001000b0af1c00a010258000002590a00069
:10d290001900c0102580c00026eb400f00000000e0
:10d2a0001c00401025884000d0e6400f252040009b
:10d2b00011004050258000000800248e0400228eba
:10d2c0002310440025184000ffff42302b100202bb
:10d2d0000100405425180002ffff703006000012c4
:10d2e00025300002f4e9400f252840020800228e74
:10d2f00021105000080022ae251000021c00bf8f34
:10d300001800b28f1400b18f1000b08f0800e00336
:0cd310002000bd27f8ff00102580000061
:020000040000fa
:020000041d02db
:10d31c00e0ffbd271c00bfaf1800b2af1400b1afc7
:10d32c001000b0af2590a00097c0400f010005245d
:10d33c001b004010ffff11240400508c25284002d4
:10d34c00efc5400f252040000c004010feff1124bb
:10d35c000e0043900600632c900006260300601418
:10d36c00020007249c000626030007242528400001
:10d37c00d99c400f252000022588000009000012ce
:10d38c00251020026eee400f0000000000000392fa
:10d39c0001006324000003a275ee400f252040001d
:10d3ac00251020021c00bf8f1800b28f1400b18f03
:0cd3bc001000b08f0800e0032000bd2727
:020000040000fa
:020000041d02db
:10d3c800e0ffbd271c00bfaf1800b1af1400b0af1d
:10d3d8000080023c5422508c00000392120060101e
:10d3e800258880000500062425288000049d043c2b
:10d3f80098df400f4cca8424110040100200052613
:10d40800ffe9400f252020020700401425180000de
:10d418001800028e0800438c0000638c09f8600035
:10d428001400448c25184000251060001c00bf8f94
:10d438001800b18f1400b08f0800e0032000bd274a
:10d44800ffe9400f05002426f7ff401425180000c7
:10d458001800028e0800438c0000638c09f86000f5
:0cd468001400448cf0ff00102518400058
:020000040000fa
:020000041d02db
:10d47400e0ffbd271c00bfaf1800b1af1400b0af70
:10d484002400828c1e004010010003241f0043105e
:10d49400020003241400431425880000049d073c63
:10d4a40098bde72425808000049d063c9cbdc624cd
:10d4b40088008594b8c3400f6800848cffff453012
:10d4c4007dcc400f25200002070040142588400031
:10d4d4001a000224080002ae0080023c3456458c37
:10d4e40018dc400f25200002251020021c00bf8fed
:10d4f4001800b18f1400b08f0800e0032000bd278e
:10d50400049d073ce7ff001090bde724049d073c01
:08d51400e4ff001094bde724c0
:020000040000fa
:020000041d02db
:10d51c00e0ffbd271c00bfaf1800b2af1400b1afc5
:10d52c001000b0af2590a0000f0080102588c0001f
:10d53c0042008294400042301b0040142580800041
:10d54c000b00e01425282002f0b3400f25204002e8
:10d55c000e00401025804000f1ec400f2520000209
:10d56c000a000010000022aef7ffe0102528200270
:10d57c0030c9400f252000000400401425804000d5
:10d58c00f0b3400f252040022580400025100002fa
:10d59c001c00bf8f1800b28f1400b18f1000b08f19
:10d5ac000800e0032000bd27ebffe010251000026f
:08d5bc00f8ff00101c00bf8ff6
:020000040000fa
:020000041d02db
:10d5c4000c00838c2600601025100000d8ffbd27b6
:10d5d4002400bfaf2000b3af1c00b2af1800b1af3e
:10d5e4001400b0af258080005c81928f1c00538ea4
:10d5f4002588000025282002eaea400f25200002a1
:10d6040000004394810063308100042409006454c1
:10d61400010031261400448e010080501800448c0f
:10d624000800438c231863022b1864000500601063
:10d63400010031260c00028e2b102202eeff401452
:10d64400252820022400bf8f2000b38f1c00b28f36
:10d654001800b18f1400b08f0800e0032800bd2724
:08d664000800e00300000000d3
:020000040000fa
:020000041d02db
:10d66c000d0082902600401000000000e0ffbd2756
:10d67c001c00bfaf1800b1af1400b0af0c0082900b
:10d68c00ff004230fdff4010258080000c0082908e
:10d69c00ff0042300a004010258800026eee400f59
:10d6ac00000000000c000392ffff6324ff006330b6
:10d6bc000c0003a275ee400f2520400025880002c7
:10d6cc0073e3400f25202002fdff401400000000f2
:10d6dc006eee400f000000000c000392010063246a
:10d6ec000c0003a275ee400f252040001c00bf8fdc
:10d6fc001800b18f1400b08f0800e0032000bd2784
:08d70c000800e003000000002a
:020000040000fa
:020000041d02db
:10d71400e0ffbd271c00bfaf1800b2af1400b1afcb
:10d724001000b0af2588a00026eb400f2590c00064
:10d73400258040001a000012251000005c000492ad
:10d7440001000324170083141c00bf8f3c00038ec8
:10d7540003006330140060541800b28f01000224e7
:10d7640009002212ffff0324020003240c002316e5
:10d774002510000028e8400f25204002251840000d
:10d784000700601025100000140003ae3c00028e58
:10d79400010003240442627c3c0002ae0100022426
:10d7a4001c00bf8f1800b28f1400b18f1000b08f0f
:08d7b4000800e0032000bd277e
:020000040000fa
:020000041d02db
:10d7bc00e8ffbd271400bfaf200083940800878cbe
:10d7cc001000e28c08006630252840000400057c1f
:10d7dc000a10a600220085940030a83025304000a5
:10d7ec00c418067c0a10c800006068302530400060
:10d7fc000421067c0a10c80000186830253040004f
:10d80c004429067c0a10c800005066300001a8307c
:10d81c002530c800254040004408087c0a10060149
:10d82c00002863308000a5302518650025284000ad
:10d83c008410057c0a10a3001000e2ac2800838c35
:10d84c00000062ac9ddc400f252800001400bf8f47
:08d85c000800e0031800bd27dd
:020000040000fa
:020000041d02db
:10d86400d8ffbd272400bfaf2000b3af1c00b2af68
:10d874001800b1af1400b0af258880000b00c010b1
:10d884002580c0002598a0008c80848f0000828ca5
:10d894002530000009f840002528000225904000aa
:10d8a400ffff02240d00421625300002253000023d
:10d8b400ffff052498e5400f25202002feff0224e7
:10d8c4002400bf8f2000b38f1c00b28f1800b18fcb
:10d8d4001400b08f0800e0032800bd2707000524ca
:10d8e40098e5400f252020022538600225300002eb
:10d8f40025284002125c400f25202002f1ff001071
:04d904002400bf8fad
:020000040000fa
:020000041d02db
:10d90800d8ffbd272400bfaf2000b3af1c00b2afc3
:10d918001800b1af1400b0af259080002588a00092
:10d928002598c0003000a29401004224ffff423035
:10d938003000a2a40000d08c049d053cf8c2a524a8
:10d94800ffe9400f2520000206004010049d053c19
:10d9580000c3a524ffe9400f252000020c00401455
:10d96800253000020400668e2528200219b6400fd3
:10d97800252040022400bf8f2000b38f1c00b28fe7
:10d988001800b18f1400b08f0800e0032800bd27ed
:10d998000580053498e5400f25204002f5ff00106a
:04d9a8000100022454
:020000040000fa
:020000041d02db
:10d9ac00d8ffbd272400bfaf2000b4af1c00b3af1d
:10d9bc001800b2af1400b1af1000b0af25988000c2
:10d9cc0025a0a0002588c000c2ea400f2590e000e9
:10d9dc0025804000130000122510000070000492f6
:10d9ec00fdff8324ff0063300300632c0d006014e3
:10d9fc00080003240c0083102400bf8f0600401283
:10da0c0025304002252880022cb8400f25206002ca
:10da1c00050040102400bf8f0200201201000224d8
:10da2c005c0011a62400bf8f2000b48f1c00b38fa4
:10da3c001800b28f1400b18f1000b08f0800e003f3
:04da4c002800bd27ca
:020000040000fa
:020000041d02db
:10da5000d8ffbd272400bfaf2000b2af1c00b1af7c
:10da60000300e0141800b0af1b008010ffff10246b
:10da70001900c010ffff10242588e0002510c00009
:10da80002590a000258080000080033c6453648cb6
:10da9000e803062425380000190082001220000047
:10daa0000e3c400f102800001000b1af2538400296
:10dab00025300002252840009f90400f25200000bf
:10dac00025804000ffff02240400021225100002fe
:10dad0006fb3400f25200002251000022400bf8fe5
:10dae0002000b28f1c00b18f1800b08f0800e00337
:04daf0002800bd2726
:020000040000fa
:020000041d02db
:10daf4000400a38c0600632824006014ffff0224a2
:10db04000000a38c010065900300a6301f00c01420
:10db14000400a52c1d00a0140000000060008290e9
:10db2400040042301700401402006624400082249e
:10db34000300c5880000c598430085a8000045b8c7
:10db44006400829001000524c418a27c640082a0b1
:10db5400010062900800422c0a004014060066246a
:10db6400440082240300c5880000c598470085a8a6
:10db7400000045b864008290010005240421a27cc1
:10db8400640082a001006290020042240800e003c5
:04db9400000000008d
:020000040000fa
:020000041d02db
:10db9800e0ffbd271c00bfaf1800b2af1400b1af43
:10dba8001000b0af5c81918f0b002012251000008f
:10dbb800258080002510a0000d00a0102590c00031
:10dbc8000500801025100000420082944000423079
:10dbd80009004014010005241c00bf8f1800b28ff3
:10dbe8001400b18f1000b08f0800e0032000bd279b
:10dbf800f9ff80100100052432e2400f25200002c1
:10dc0800f5ff40100100032442000496c418647c08
:10dc180003004316420004a6efff0010040030aed4
:10dc280002000324ecff4352080030aeebff001063
:04dc38001c00bf8f7e
:020000040000fa
:020000041d02db
:10dc3c000d0082902500401000000000e0ffbd2781
:10dc4c001c00bfaf1800b1af1400b0af0c00829035
:10dc5c00ff004230fdff40102588a0002580800089
:10dc6c000c008290ff0042300a0040102528200250
:10dc7c006eee400f000000000c000392ffff6324c7
:10dc8c00ff0063300c0003a275ee400f252040000e
:10dc9c0025282002f8e7400f252000026eee400fe9
:10dcac00000000000c000392010063240c0003a28e
:10dcbc0075ee400f252040001c00bf8f1800b18f5f
:10dccc001400b08f0800e0032000bd270800e0031b
:04dcdc000000000044
:020000040000fa
:020000041d02db
:10dce0002600c01025100000e0ffbd271c00bfafbc
:10dcf0001800b1af1400b0af258880000900a01053
:10dd00001400908c0300a2880000a298030002aacd
:10dd1000000002ba0400a290040002a20500a29032
:10dd2000050002a22520e000060002260300c388a9
:10dd30000000c398090003aa000043b80400c39080
:10dd4000040043a00500c3900e53400f050043a0fc
:10dd50000c0002a61000238e0c0062940e004224d8
:10dd60000c0062a4010002241c00bf8f1800b18fb8
:10dd70001400b08f0800e0032000bd270800e00376
:04dd8000000000009f
:020000040000fa
:020000041d02db
:10dd8400e0ffbd271c00bfaf2800a6af220080140f
:10dd94002c00a7af0080023cd056428c1e004010dd
:10dda4000080023cd456428c1b0040104682839370
:10ddb40001000224180062142530a000468280a3ca
:10ddc4002800a7271000a7afc80005240080043c42
:10ddd40041ad400f584d8424ffff4324c700632cfa
:10dde4000b0060100080053c584da5242118450007
:10ddf400000060a00080033cd05663240400648cbf
:10de04001800878c2530400009f8e0000800648c75
:10de140001000224468282a31c00bf8f0800e00395
:04de24002000bd27f6
:020000040000fa
:020000041d02db
:10de2800e0ffbd271800b2af1400b1af1c00bfafb0
:10de38001000b0af2590a000140080140080113ca1
:10de4800e056308e0b0000121c00bf8f2520000208
:10de58003ca3400f252840022180020200000282d4
:10de68000c00405425284002e05620ae25800000d2
:10de78001c00bf8f251000021800b28f1400b18f4c
:10de88001000b08f0800e0032000bd27efff00104e
:10de98002580800006a3400f2520000221100202e1
:10dea8000000438005006010e05622ae01004324c4
:10deb800e05623aeeeff0010000040a0ecff00107b
:04dec800e05620ae52
:020000040000fa
:020000041d02db
:10decc00756c033cc8ffbd27286e63241800a3aff4
:10dedc006c2903242800b2af2000b0af3400bfafd0
:10deec003000b4af2c00b3af2400b1af259080004c
:10defc002510e0001c00a3a71e00a0a30200c01068
:10df0c001800b0272580c0000400b18c0800b38c29
:10df1c00030040140000b48c0ce9400f25200002d3
:10df2c00020020062b1822020b1023021000b4afa3
:10df3c002538600225280002252040023b99400f1d
:10df4c00253040003400bf8f3000b48f2c00b38fcd
:10df5c002800b28f2400b18f2000b08f0800e0039e
:04df6c003800bd2795
:020000040000fa
:020000041d02db
:10df70000080033cc020632423008314faff0224a2
:10df80002100801000000000e8ffbd271400bfaf93
:10df90001000b0af2580a00025386000039d063c2e
:10dfa000d466c624252800001470400f2520600088
:10dfb00008000012252800021000038e09006010de
:10dfc000f5ff0224251000020000428c09004014d5
:10dfd000252800020080043c166d400fc0208424d8
:10dfe000010002241400bf8f1000b08f0800e0036e
:10dff0001800bd271000438cf4ff60540000428cd1
:10e00000f8ff0010f5ff02240800e0030000000004
:020000040000fa
:020000041d02db
:10e010000800a28c240040102530a000e0ffbd279e
:10e020001c00bfaf1800b1af1400b0af2580800056
:10e030005000918c0400438c01000424c4ff837cb5
:10e04000040043ac0c00a28c0400438c84f7837c56
:10e05000040043ac253800001401058e5777400fab
:10e060002520000241f2400f252020020700401425
:10e07000000000001401028e0800458c0400a52455
:10e0800000e0a57c35f0400f25202002eef0400f87
:10e09000252020021c00bf8f1800b18f1400b08f04
:10e0a0000800e0032000bd270800e0030000000096
:020000040000fa
:020000041d02db
:10e0b0002500c01025100000e0ffbd271c00bfafe9
:10e0c0001800b1af1400b0af2588c000c2ea400ffd
:10e0d0002580a0000d0040142520400025100000e0
:10e0e0001c00bf8f1800b18f1400b08f0800e00330
:10e0f0002000bd27faffc314251000000000228e67
:10e100003c0082acf6ff0010010002247100469032
:10e11000ff001032f2ffd01425100000700085902f
:10e12000fdffa324ff0063300300632cedff6014a8
:10e130001c00bf8f08000224eeffa214010003247c
:10e14000e7ff0010251000000800e00300000000b9
:020000040000fa
:020000041d02db
:10e15000e0ffbd271c00bfaf1800b1af1400b0af87
:10e1600096c3400f25808000170040140000000077
:10e17000f2c8400f25200002258840000300022439
:10e180000c00221601000224ac0002964408027c16
:10e19000ac0002a6e2e4400f252000022510200278
:10e1a0001c00bf8f1800b18f1400b08f0800e0036f
:10e1b0002000bd27a00002aee8dd400f25200002b0
:10e1c000f6ff0010ffff112475e6400f2520000226
:10e1d000f2ff40100100112402000224a00002ae50
:10e1e000e8dd400f25200002ecff0010ffff1124a6
:020000040000fa
:020000041d02db
:10e1f0001800801000000000d8ffbd272400bfaf2a
:10e200002000b3af1c00b2af1800b1af1400b0af24
:10e21000259080001400a0102588a000010052263f
:10e2200001003126ffff3382deee400fffff448204
:10e2300025804000deee400f252060020b000052da
:10e2400023100202f5ff0212231002020800001040
:10e250002400bf8f0c00a010251000000000a28039
:10e260000800e00323100200000082802400bf8f1a
:10e270002000b38f1c00b28f1800b18f1400b08f34
:10e280000800e0032800bd270800e00300000000ac
:020000040000fa
:020000041d02db
:10e29000e0ffbd271c00bfaf1800b1af1400b0af46
:10e2a0000d0082901c004010258800000c00829018
:10e2b000ff004230fdff4010258080002588a0002f
:10e2c0000c008290ff0042300a00401025282002f6
:10e2d0006eee400f000000000c000392ffff63246d
:10e2e000ff0063300c0003a275ee400f25204000b4
:10e2f00025282002aebb400f252000026eee400f05
:10e30000258840000c000392010063240c0003a246
:10e3100075ee400f25204000251020021c00bf8f05
:10e320001800b18f1400b08f0800e0032000bd2753
:020000040000fa
:020000041d02db
:10e33000e0ffbd271c00bfaf1800b1afffff913059
:10e340000c0020161400b0af0080023cbc444224f4
:10e350001800509408004294258002022510000203
:10e360001c00bf8f1800b18f1400b08f0800e003ad
:10e370002000bd276eee400f000000000080033c2f
:10e38000bc44632418007094080065940200233292
:10e39000040060100080043c2518a0004408037ca1
:10e3a000c44483a401003132040020120080043ce4
:10e3b000251800020400037cd44483a425800502b0
:10e3c00075ee400f25204000e5ff001025100002eb
:020000040000fa
:020000041d02db
:10e3d000e0ffbd271c00bfaf1800b1af1400b0af05
:10e3e000258080002588c0002000a38c08006334ad
:10e3f0002000a3ac2800a4ac0080043cf8e7400f48
:10e4000034508424160020121c00bf8f6eee400f83
:10e41000000000005a000396100063345a0003a65f
:10e420009081838f01006324908183af0080033c3f
:10e43000bc4463241800649401008434180064a46c
:10e4400075ee400f25204000253000000100052416
:10e450000080043c12e2400fcc4484241c00bf8f97
:10e460001800b18f1400b08f0800e0032000bd2712
:020000040000fa
:020000041d02db
:10e470001300c0101000828c230040100000000028
:10e480001c00848c0800438c2b3083001c00c0547b
:10e490000000428c0e004694211866002b30640068
:10e4a0001700c0540000428c2b20a40003008014ed
:10e4b0002b18650014006010000000000000428c62
:10e4c00011004010000000000800438c2b20a30026
:10e4d000070080540000428c0e0044942118640010
:10e4e0002b18650008006010000000000000428c3e
:10e4f000f6ff40540800438c0800e00300000000d1
:10e50000e1ff40540800438c0800e00300000000d5
:020000040000fa
:020000041d02db
:10e51000e0ffbd271c00bfaf1800b2af1400b1afc1
:10e520001000b0af0800928c0080023cb851422429
:10e53000261042020b9002002800828c0900401431
:10e54000000000009ddc400f252800001c00bf8f4c
:10e550001800b28f1400b18f1000b08f0800e003d4
:10e560002000bd2777e0400f2588800054de400f53
:10e57000258040002000438e0000638c02800372df
:10e58000e70310266210033cd34d632419000302f5
:10e590001080000082811000211002022c0022aea7
:10e5a000020002241a0022a6e8ff00101c0020a688
:020000040000fa
:020000041d02db
:10e5b000e0ffbd271c00bfaf1800b1af1400b0af23
:10e5c000258880001800908c1400828c2380020221
:10e5d000dde2400fffff103223100202ffff433045
:10e5e0001100031201000624620024962b288300e8
:10e5f0001100a010251000004280100023186400b4
:10e6000068002296ffff44302b2004020100805452
:10e6100025100002ffff42302a1843000600601058
:10e620002510000001000624100005248e12400f62
:10e6300025202002010002241c00bf8f1800b18f8a
:0ce640001400b08f0800e0032000bd278c
:020000040000fa
:020000041d02db
:10e64c000080023c9052428c2200401800000000d6
:10e65c00e8ffbd271400bfaf1000b0af16008590c7
:10e66c00040003241400a314ffff42240080023c86
:10e67c00945242900c0040100080023c8852508c06
:10e68c0071f0400f1000848c0019020023106200fe
:10e69c008010020021200202040080101400bf8fa1
:10e6ac00f2db400f000000001400bf8f1000b08f91
:10e6bc000800e0031800bd270080033cfaff40145b
:10e6cc00905262ac2b8f400f00000000f7ff00103f
:0ce6dc001400bf8f0800e00300000000e5
:020000040000fa
:020000041d02db
:10e6e800e0ffbd271c00bfaf1800b1af1400b0afea
:10e6f80096c3400f258080001600401400000000db
:10e70800f2c8400f2520000225884000030002249b
:10e718000a0022160a000224080002ae33e0400f65
:10e7280025200002251020021c00bf8f1800b18f81
:10e738001400b08f0800e0032000bd270100022468
:10e74800a00002aee8dd400f25200002f5ff001012
:10e75800ffff112475e6400f25200002f1ff40104d
:10e768000100112402000224a00002aee8dd400fdf
:0ce7780025200002ebff0010ffff112421
:020000040000fa
:020000041d02db
:10e78400c8ffbd273400bfaf3000b1af2c00b0af1d
:10e794002580800040008294ff0043302000a3af16
:10e7a400021202001c00a2af2f0082901800a2af38
:10e7b4002e0082901400a2af2d0082901000a2af10
:10e7c4002c008790049d063c30b8c62488008594ac
:10e7d400b8c3400f6800848cffff45307dcc400fe8
:10e7e4002520000207004014258840002000022450
:10e7f400080002ae0080023c3456458c18dc400f01
:10e8040025200002251020023400bf8f3000b18f74
:0ce814002c00b08f0800e0033800bd2786
:020000040000fa
:020000041d02db
:10e820002400801000100224d8ffbd272400bfafb1
:10e830002000b4af1c00b3af1800b2af1400b1afea
:10e840001000b0af0080023cdc5554940d008012e3
:10e8500000100224258080009881938f259000006d
:10e860004400718e0f002052010052260400258eb4
:10e87000ffe9400f252000020a0040140100522643
:10e88000000022962400bf8f2000b48f1c00b38f9d
:10e890001800b28f1400b18f1000b08f0800e00391
:10e8a0002800bd27eeff541670007326f5ff0010f8
:0ce8b000001002240800e003000000003b
:020000040000fa
:020000041d02db
:10e8bc00e0ffbd271c00bfaf1800b2af1400b1af12
:10e8cc001000b0af1900a0102580c0002588a00052
:10e8dc0097c0400f0100052415004050ffff022493
:10e8ec0018000016080051ac0400528c08004012ad
:10e8fc00258020026eee400f0000000000004392c5
:10e90c0001006324000043a275ee400f2520400057
:10e91c00251000021c00bf8f1800b28f1400b18f9d
:10e92c001000b08f0800e0032000bd27fdff02247b
:10e93c00f8ff005225100002000002aef4ff001098
:0ce94c0025800000e8ff0010000000ae75
:020000040000fa
:020000041d02db
:10e95800e8ffbd271400bfaf1000b0afdde0400fe7
:10e9680025808000170040101400bf8f0800028e19
:10e978001000438c0100623015004010080064301c
:10e9880007008010251000004000627c4013020040
:10e998000400633025204000001042340a10830030
:10e9a8003400039624104300220002a63c0000ae67
:10e9b800040002241a0002a6030002241c0002a676
:10e9c8001400bf8f1000b08f0800e0031800bd27a7
:10e9d800f3ff80102510000002006330002002249d
:0ce9e80000100424eeff00100a10830051
:020000040000fa
:020000041d02db
:10e9f400ffff032423008310251000000080023c45
:10ea0400cc5242240800438c1e00601025100000e4
:10ea1400e8ffbd271400bfaf00a0053c6cbc400f4d
:10ea24009018a524140040101200042400a0023cf5
:10ea34009318429004004410010003241800423843
:10ea4400980004240b1882000080023ccc5242241b
:10ea5400240043a0080040ac070003241ddb400f42
:10ea6400040043ac040040140080033ccc526324f3
:10ea740002000424080064ac1400bf8f0800e00303
:0cea84001800bd270800e003000000009f
:020000040000fa
:020000041d02db
:10ea9000e8ffbd271400bfaf1000b0af2580800095
:10eaa0000400828c010004241d0044102518e0009d
:10eab00002000424110044505400028e9000028e83
:10eac0002000078e0220c270213887000100022436
:10ead000040002ae5400028e1000428c253060000b
:10eae00009f840004c00048e080040100200032486
:10eaf00002000224040002ae5400028e2000428c68
:10eb000009f840004c00048e2518400025106000d4
:10eb10001400bf8f1000b08f0800e0031800bd275d
:08eb2000ecff00102538000095
:020000040000fa
:020000041d02db
:10eb2800496e76616c6964204d656d6f72792064f9
:10eb380072697665722068616e646c652e0a0000e1
:10eb48004d656d6f727920447269766572204f70d9
:10eb5800656e6564207769746820696e76616c6992
:10eb68006420696e74656e742e0a00004d656d6fc1
:10eb780072792044726976657220496e76616c6993
:10eb880064204275666665722e0a00004d656d6fd9
:10eb980072792044726976657220496e76616c6973
:10eba8006420426c6f636b20706172616d6574657f
:08ebb80072732e0a0000000038
:020000040000fa
:020000041d02db
:10ebc0000080033cc02063242000831425108000b3
:10ebd0001f008010000000000300e0100000000093
:10ebe000200002240000e2ac1900a0102510000053
:10ebf0002000c62c1600c014000000000080023c5b
:10ec0000c020422430004a8c3400498c3800488ca3
:10ec10003c00478c4000468c4400448c4800438ca8
:10ec20004c00428c0000aaac0400a9ac0800a8acbf
:10ec30000c00a7ac1000a6ac1400a4ac1800a3ac48
:10ec40001c00a2ac0800e0032000022425100000f4
:08ec50000800e00300000000d1
:020000040000fa
:020000041d02db
:10ec58002300a010fbff02240000a38c20006010fa
:10ec6800000000001e00c01000000000d8ffbd27f3
:10ec78002400bfaf2000b2af1c00b1af1800b0af86
:10ec88002590e0002588c00040e8400f2580a000be
:10ec9800252040000c008010faff022442008294d4
:10eca800001042300300401000104332060060108c
:10ecb800f8ff02241000a0af2538400225302002ba
:10ecc8002c76400f252800022400bf8f2000b28f29
:10ecd8001c00b18f1800b08f0800e0032800bd2782
:08ece8000800e0030000000039
:020000040000fa
:020000041d02db
:10ecf000e0ffbd271c00bfaf1800b1af1400b0afdc
:10ed000096c3400f258080001500401400000000cd
:10ed1000f2c8400f2520000225884000030002248d
:10ed20000a00225601000224080002aed2e1400f80
:10ed300025200002251020021c00bf8f1800b18f73
:10ed40001400b08f0800e0032000bd27a00002ae31
:10ed500017af400f25200002f6ff0010ffff11241f
:10ed600075e6400f25200002f2ff4010010011243b
:10ed700002000224a00002ae17af400f25200002bf
:08ed8000ecff0010ffff11245d
:020000040000fa
:020000041d02db
:10ed8800d0ffbd272c00bfaf2800b1af2400b0af23
:10ed98003481908f19000012251000021c00801089
:10eda8002588a0001000a0af1800a0af1400a4afe1
:10edb8001800a5a30c0007241000a6272528000288
:10edc8000080043c6ec9400f3c5684240a00401061
:10edd80025804000080020120080113cb7cc400f6d
:10ede8003c5624262081828f01004224208182af54
:10edf800a5da400f3c562426251000022c00bf8fb0
:10ee08002800b18f2400b08f0800e0033000bd2730
:08ee1800f9ff00102580000045
:020000040000fa
:020000041d02db
:10ee2000e8ffbd271400bfaf1000b0af2580800001
:10ee30005e0085a4010002240800c0105c0082a4ca
:10ee40005400829440100200ffff42304100432ce6
:10ee50001700605040000224540082a46000029217
:10ee6000200042300a00401001000324600002929a
:10ee70004429627c600002a22000028e06004054f9
:10ee8000600002926ff2400f00000000200002ae0e
:10ee90006000029201000324c439627c600002a277
:10eea0001400bf8f1000b08f0800e0031800bd27ca
:08eeb000eaff0010540082a4e7
:020000040000fa
:020000041d02db
:10eeb8000000828c0b00451400000000e8ffbd270d
:10eec8001400bfaf1000b0af73e3400f2580a0005f
:10eed800251000021400bf8f1000b08f0800e00357
:10eee8001800bd2716004010000000000000438ce9
:10eef8000f00a314000000000000a38c000043ac26
:10ef08000400838c01006550040082ac0800828ce8
:10ef1800ffff4224080082ac0800e0032510a0008f
:10ef28000000628cf4ff4550251060002518400051
:10ef3800fbff6014251060000800e00300000000db
:08ef48000800e00300000000d6
:020000040000fa
:020000041d02db
:10ef5000e0ffbd271c00bfaf1800b1af1400b0af79
:10ef60000d0082901a004010258800000c0082904d
:10ef7000ff004230fdff4010258080000c00829091
:10ef8000ff00423009004010000000006eee400f0c
:10ef9000000000000c000392ffff6324ff006330b9
:10efa0000c0003a275ee400f2520400073e3400fd4
:10efb000252000026eee400f258840000c000392d1
:10efc000010063240c0003a275ee400f25204000d1
:10efd000251020021c00bf8f1800b18f1400b08fc5
:08efe0000800e0032000bd273a
:020000040000fa
:020000041d02db
:10efe800e8ffbd271400bfaf26eb400f1000b0affd
:10eff800258040001c00001225100000f881829333
:10f00800ff004230fdff401000000000f8818293ad
:10f01800ff0042300a004010000000006eee400f72
:10f0280000000000f881842700008390ffff63241c
:10f03800ff006330000083a075ee400f25204000dc
:10f0480025ce400f252000026eee400f0000000084
:10f05800f881839301006324f88183a375ee400f40
:10f0680025204000010002241400bf8f1000b08f3b
:08f078000800e0031800bd27a9
:020000040000fa
:020000041d02db
:10f080002300c01025100000e0ffbd271c00bfaf0b
:10f090001800b1af1400b0af2588c00026eb400fb8
:10f0a0002580a00014004014251840002510000001
:10f0b0001c00bf8f1800b18f1400b08f0800e00350
:10f0c0002000bd27faff8514251000003c00648c49
:10f0d00003008430f6ff8014010004240000228e17
:10f0e000140062ac3c00628c0442827c3c0062ac46
:10f0f000efff0010010002245c004490ff0010327a
:10f10000f0ff901001000524e9ff00102510000019
:08f110000800e003000000000c
:020000040000fa
:020000041d02db
:10f11800e0ffbd271c00bfaf1800b1af1400b0afaf
:10f1280019008010258800000800838c0200022442
:10f138001b0062142588800002008294010042307e
:10f14800110040502588000000002292ff00423044
:10f15800fdff40100000000000008290ff004230d8
:10f168000a004010251020026eee400f2580800016
:10f1780000000392ffff6324ff006330000003a236
:10f1880075ee400f25204000251020021c00bf8f7f
:10f198001800b18f1400b08f0800e0032000bd27cd
:08f1a800f9ff001025880000aa
:020000040000fa
:020000041d02db
:10f1b000ffff032422008310251000000080023c82
:10f1c000cc5242240800438c1d0060102510000022
:10f1d000e8ffbd271400bfaf0080043ccc5284245c
:10f1e000080080ac0a000224040082ac00a0023cab
:10f1f0009fff0324b01843a0b01842243c0082ac07
:10f2000001000224400082ac380085ac04000224d6
:10f21000440082ac0080053cb8d1400f0453a524c3
:10f220000080023ccc5242240800438cfeff601058
:10f230001400bf8f010002240800e0031800bd275e
:08f240000800e00300000000db
:020000040000fa
:020000041d02db
:10f248000080023ccc52439021006014ffff02244e
:10f25800e0ffbd271c00bfaf1800b2af1400b1af6c
:10f268001000b0af258880000080023ccc525024aa
:10f278000c0000ae01000324cc5243a0140000aee1
:10f288000400a28c280002aed0e8400f252000021e
:10f298002800048e0f008530010012240428b200d3
:10f2a80072ed400f02210400080012ae0200022491
:10f2b8000c0002ae251020021c00bf8f1800b28f70
:10f2c8001400b18f1000b08f0800e0032000bd27a4
:08f2d8000800e0030000000043
:020000040000fa
:020000041d02db
:10f2e000b8ffbd274400bfaf4000b1af3c00b0af96
:10f2f00025808000000080aca68082931600401418
:10f300002588a000049d063c74aec6242800052470
:10f31000b8c3400f1000a42725380000ffff463077
:10f320001000a52703c1400f25200002040040144f
:10f330000c00032401000224000022a20b0003247d
:10f34000251060004400bf8f4000b18f3c00b08f9b
:10f350000800e0034800bd27049d063c94aec62487
:10f3600028000524b8c3400f1000a427ebff0010ad
:04f37000253800003c
:020000040000fa
:020000041d02db
:10f37400d0ffbd272c00bfaf2800b2af2400b1af2f
:10f384002000b0afa680829317004014259000009f
:10f394002538a00025888000049d063cccc8c624de
:10f3a4000b000524b8c3400f1000a427258040009b
:10f3b400ffff52302e0e0724049d063c44b2c6249f
:10f3c400049d053cc896a524d5c1400f0b00442ece
:10f3d40005002012ffff1032253000021000a5277f
:10f3e400f4e9400f23203002251040022c00bf8f87
:10f3f4002800b28f2400b18f2000b08f0800e003f2
:04f404003000bd27f0
:020000040000fa
:020000041d02db
:10f40800d8ffbd272400bfaf2000b3af1c00b2afa8
:10f418001800b1af1400b0af258080002598a00077
:10f428002588c0000200a230090040102590e000a5
:10f438002530e0002528200245cd400f1001848c9e
:10f44800253040022528200245cd400f1401048ea6
:10f45800010073320800601225304002252820027e
:10f4680045cd400f1801048e253040022528200282
:10f4780045cd400f1c01048e2400bf8f2000b38fa0
:10f488001c00b28f1800b18f1400b08f0800e00381
:04f498002800bd2764
:020000040000fa
:020000041d02db
:10f49c000080023c8c53438c20006010251000002f
:10f4ac000d0064501c00828c1c00628c1b004050b0
:10f4bc0025100000fcff8254251840001c00828c93
:10f4cc0007004014000000001c00828c1c0062ac81
:10f4dc001000001025100000060040102518000038
:10f4ec000c00868c0c00458c2128a6000c0045ac29
:10f4fc0025106000f4ff4014251840000080023ce9
:10f50c00585342243400438c1c00638c340043acad
:10f51c00010002240800e0031c0080ac0800e0039a
:04f52c0000000000db
:020000040000fa
:020000041d02db
:10f53000e0ffbd271c00bfaf1800b1af1400b0af93
:10f5400096c3400f25808000140040140000000086
:10f55000f2c8400f25200002258840000300022445
:10f560000900221601000224e2e4400f25200002d7
:10f57000251020021c00bf8f1800b18f1400b08f1f
:10f580000800e0032000bd27a00002aee8dd400f28
:10f5900025200002f6ff0010ffff112475e6400f42
:10f5a00025200002f2ff4010010011240200022475
:10f5b000a00002aee8dd400f25200002ecff0010a5
:04f5c000ffff112414
:020000040000fa
:020000041d02db
:10f5c400e0ffbd271c00bfaf1800b1af1400b0afff
:10f5d40096c3400f258080001400401400000000f2
:10f5e400f2c8400f252000022588400003000224b1
:10f5f4000900221601000224e2e4400f2520000243
:10f60400251020021c00bf8f1800b18f1400b08f8a
:10f614000800e0032000bd27a00002aee8dd400f93
:10f6240025200002f6ff0010ffff112475e6400fad
:10f6340025200002f2ff40100100112402000224e0
:10f64400a00002aee8dd400f25200002ecff001010
:04f65400ffff11247f
:020000040000fa
:020000041d02db
:10f65800e0ffbd271c00bfaf1800b1af1400b0af6a
:10f6680096c3400f2580800014004014000000005d
:10f67800f2c8400f2520000225884000030002241c
:10f688000900221601000224e2e4400f25200002ae
:10f69800251020021c00bf8f1800b18f1400b08ff6
:10f6a8000800e0032000bd27a00002aee8dd400fff
:10f6b80025200002f6ff0010ffff112475e6400f19
:10f6c80025200002f2ff401001001124020002244c
:10f6d800a00002aee8dd400f25200002ecff00107c
:04f6e800ffff1124eb
:020000040000fa
:020000041d02db
:10f6ec00e0ffbd271c00bfaf1800b1af1400b0afd6
:10f6fc0096c3400f258080001400401400000000c9
:10f70c00f2c8400f25200002258840000300022487
:10f71c000900221601000224e2e4400f2520000219
:10f72c00251020021c00bf8f1800b18f1400b08f61
:10f73c000800e0032000bd27a00002aee8dd400f6a
:10f74c0025200002f6ff0010ffff112475e6400f84
:10f75c0025200002f2ff40100100112402000224b7
:10f76c00a00002aee8dd400f25200002ecff0010e7
:04f77c00ffff112456
:020000040000fa
:020000041d02db
:10f78000e0ffbd271c00bfaf1800b1af1400b0af41
:10f7900096c3400f25808000140040140000000034
:10f7a000f2c8400f252000022588400003000224f3
:10f7b0000900221601000224e2e4400f2520000285
:10f7c000251020021c00bf8f1800b18f1400b08fcd
:10f7d0000800e0032000bd27a00002aee8dd400fd6
:10f7e00025200002f6ff0010ffff112475e6400ff0
:10f7f00025200002f2ff4010010011240200022423
:10f80000a00002aee8dd400f25200002ecff001052
:04f81000ffff1124c1
:020000040000fa
:020000041d02db
:10f81400e0ffbd271c00bfaf1800b1af1400b0afac
:10f8240096c3400f2580800014004014000000009f
:10f83400f2c8400f2520000225884000030002245e
:10f844000900221601000224e2e4400f25200002f0
:10f85400251020021c00bf8f1800b18f1400b08f38
:10f864000800e0032000bd27a00002aee8dd400f41
:10f8740025200002f6ff0010ffff112475e6400f5b
:10f8840025200002f2ff401001001124020002248e
:10f89400a00002aee8dd400f25200002ecff0010be
:04f8a400ffff11242d
:020000040000fa
:020000041d02db
:10f8a800e0ffbd271c00bfaf1800b1af1400b0af18
:10f8b80096c3400f2580800014004014000000000b
:10f8c800f2c8400f252000022588400003000224ca
:10f8d8000900221601000224e2e4400f252000025c
:10f8e800251020021c00bf8f1800b18f1400b08fa4
:10f8f8000800e0032000bd27a00002aee8dd400fad
:10f9080025200002f6ff0010ffff112475e6400fc6
:10f9180025200002f2ff40100100112402000224f9
:10f92800a00002aee8dd400f25200002ecff001029
:04f93800ffff112498
:020000040000fa
:020000041d02db
:10f93c00e0ffbd271c00bfaf1800b1af1400b0af83
:10f94c0096c3400f25808000140040140000000076
:10f95c00f2c8400f25200002258840000300022435
:10f96c000900221601000224e2e4400f25200002c7
:10f97c00251020021c00bf8f1800b18f1400b08f0f
:10f98c000800e0032000bd27a00002aee8dd400f18
:10f99c0025200002f6ff0010ffff112475e6400f32
:10f9ac0025200002f2ff4010010011240200022465
:10f9bc00a00002aee8dd400f25200002ecff001095
:04f9cc00ffff112404
:020000040000fa
:020000041d02db
:10f9d000e0ffbd271c00bfaf1800b1af1400b0afef
:10f9e0000f00052442e2400f2400042418004010b8
:10f9f0000080023ca056448c15008010039d113cf1
:10fa00000000908c78a33126ae0082900c0040104c
:10fa1000000000000800828c801002000a10227e84
:10fa200009f8400000000000ffff03240400431415
:10fa3000049d053c88c5a52498d0400f25200000d2
:10fa40000300001225200002efff00100000108ebe
:10fa50001c00bf8f1800b18f1400b08f0800e003a6
:04fa60002000bd279e
:020000040000fa
:020000041d02db
:10fa6400e0ffbd271c00bfaf1800b1af1400b0af5a
:10fa74000200822c19004014258000002588a00073
:10fa84002580c000ffff8430001104000080043c86
:10fa9400bc44842421208200080082942510a20002
:10faa400080082a412e2400f253000000001223237
:10fab400030040107481828f01004224748182af5c
:10fac4000600001625300000252820020080043c92
:10fad40012e2400fcc4484240100102425100002bb
:10fae4001c00bf8f1800b18f1400b08f0800e00312
:04faf4002000bd270a
:020000040000fa
:020000041d02db
:10faf800e0ffbd271c00bfaf1800b1af1400b0afc6
:10fb0800258080002c00848c040080102588a000ab
:10fb180009000624ffd2400f020005241400201219
:10fb28002c0011ae1c00238e1000228e300002ae75
:10fb38000c004294f8ff4224340002a604006294a8
:10fb4800360002a61c00228e08004224380002aead
:10fb5800252820021d95400f252000021c00bf8f7c
:10fb68001800b18f1400b08f0800e0032000bd27f3
:10fb7800300000ae340000a6360000a6f4ff0010e6
:04fb8800380000ae93
:020000040000fa
:020000041d02db
:10fb8c00e8ffbd271400bfaf26eb400f1000b0af4d
:10fb9c001b00401025180000258040005c0044909c
:10fbac000100022417008214251060000c00028e44
:10fbbc0006004010010006242000428c0800423050
:10fbcc00080040503c00028e0c0000ae01000524e1
:10fbdc003b98400f2520000209004010251800001a
:10fbec003c00028e0002423005004014c005032484
:10fbfc000400038e0800028e23186200ffff63309e
:10fc0c00251060001400bf8f1000b08f0800e003b7
:04fc1c001800bd27e8
:020000040000fa
:020000041d02db
:10fc200000a0023c4c02438c20006410010002241e
:10fc3000e8ffbd271400bfaf1000b0af25808000e3
:10fc400000a0023c420245940400a324ffff84303c
:10fc500000a0023c00210400701442242110440042
:10fc60000400428c402802002128a20080280500c0
:10fc70002328a2002128a30000a0073c7018e72435
:10fc800016000624402805007b85400f003c047eba
:10fc90000200401000a0033c4c0270ac1400bf8f67
:10fca0001000b08f0800e0031800bd270800e00333
:04fcb0000000000050
:020000040000fa
:020000041d02db
:10fcb4002200a010130002240000a390d0ff6324ac
:10fcc400ff00633040100300448283278a19627c5a
:10fcd4000200652c1900a0101300022400a0023cad
:10fce400400245901500a3141300022400a0023c16
:10fcf4005002468cff0005241000c514070002249e
:10fd040048828293002e0200001c03002518a300e1
:10fd140000a0053c5002a3ac01004224ff00423085
:10fd2400ff0045380a100500488282a3000083ac16
:10fd340000a0023c480240ac251000000800e0038b
:04fd440000000000bb
:020000040000fa
:020000041d02db
:10fd4800e8ffbd271000b0af1400bfaf48008280a5
:10fd5800ffff432425104300480082a01800838c2d
:10fd68001400828c2b106200050040102580800052
:10fd78002c00828c2530000009f84000252800005e
:10fd88000400028e280000ae180000ae02004330c6
:10fd980008006010140000ae10004234040002aee7
:10fda800ffff02241400bf8f1000b08f0800e0038b
:10fdb8001800bd270800038e0c00048ec000427c8a
:10fdc8002310020021186400400003aef5ff001064
:04fdd8003c0003ae3a
:020000040000fa
:020000041d02db
:10fddc00e0ffbd271c00bfaf1800b2af1400b1afdd
:10fdec001000b0afa6808293110040142590000043
:10fdfc00010002241500a210020002241600a21019
:10fe0c00049d103c049d103cf0c2102625888000f7
:10fe1c000ce9400f2520000205002012ffff523094
:10fe2c002530400025280002f4e9400f252020024f
:10fe3c00251040021c00bf8f1800b28f1400b18f28
:10fe4c001000b08f0800e0032000bd27049d103c7b
:10fe5c00eeff001094ae1026ecff0010e8c2102646
:020000040000fa
:020000041d02db
:10fe6c00e0ffbd271c00bfaf1800b1af1400b0af4e
:10fe7c00258080004800918c1c00228e09f84000df
:10fe8c001800848c01000324090043101c00bf8f50
:10fe9c002000228e09f840001800048e0800405003
:10feac003c00228ebfe2400f252000021c00bf8fb9
:10febc001800b18f1400b08f0800e0032000bd279c
:10fecc008c0006262528000009f840001800048e36
:10fedc000500410404000224bfe2400f252000026b
:10feec00f3ff00101c00bf8ff0ff0010980002ae53
:020000040000fa
:020000041d02db
:10fefc00e0ffbd271c00bfaf1800b1af1400b0afbe
:10ff0c00258080004800918c1c00228e09f840004e
:10ff1c001800848c01000324090043101c00bf8fbf
:10ff2c002000228e09f840001800048e0800405072
:10ff3c008c00028ebfe2400f252000021c00bf8ff8
:10ff4c001800b18f1400b08f0800e0032000bd270b
:10ff5c0001004230050040542000028ebfe2400fe9
:10ff6c0025200002f6ff00101c00bf8f0001427c10
:10ff7c00020003240b180200f0ff0010980003aedf
:020000040000fa
:020000041d02db
:10ff8c00e8ffbd271400bfaf1000b0af0100a530d3
:10ff9c000b00a0105000908ceaf0400f25200002be
:10ffac00c7f1400f25200002fdff401400000000a7
:10ffbc00caf1400f25200002fdff40140000000094
:10ffcc00eaf0400f25200002f2f0400f252000023d
:10ffdc00daf0400f25200002def0400f2520000251
:10ffec00e2f0400f25200002c4f1400f2520000252
:10fffc00fdff4014ef630524d6f1400f25200002cd
:020000041d03da
:10000c001400bf8f1000b08f0800e0031800bd274c
:020000040000fa
:020000041d03da
:10001c00e8ffbd271400bfaf1000b0af0081828f86
:10002c000f004010f080828f0d00401025800000e2
:10003c00802010000081828f0a20447c03008010f5
:10004c002530000088a1400f020005240100102675
:10005c00f080828f2b100202f6ff401480201000db
:10006c00f480848f0c00828c09f840000081858f0d
:10007c00008180aff08080afec80848f0500801011
:10008c001400bf8f4ce8400f00000000ec8080afe4
:10009c001400bf8f1000b08f0800e0031800bd27bc
:020000040000fa
:020000041d03da
:1000ac000d0082902000401000000000e0ffbd27f2
:1000bc001c00bfaf1800b1af1400b0af0c008290a1
:1000cc00ff004230fdff4010258080000c00829024
:1000dc00ff0042300a004010258800026eee400fef
:1000ec00000000000c000392ffff6324ff0063304c
:1000fc000c0003a275ee400f25204000258800025d
:10010c0073e3400f25202002fdff40140000000087
:10011c000d0000a21c00bf8f1800b18f1400b08f0f
:10012c000800e0032000bd270800e00300000000e9
:020000040000fa
:020000041d03da
:10013c00e8ffbd271400bfaf0080023cc454448cc0
:10014c00060080100080023c46e3400f00000000d7
:10015c000080023cc45440ac0080023cbc54448c33
:10016c00060080100080023c4ce8400f00000000ac
:10017c000080023cbc5440ac0080023ca45444843b
:10018c00ffff0224070082100080023cfabb400fe4
:10019c00000000000080023cffff0324a45443a491
:1001ac000080023ca45442240c0040ac100040ac33
:1001bc00040040a41400bf8f0800e0031800bd2702
:020000040000fa
:020000041d03da
:1001cc00e0ffbd271c00bfaf1800b2af1400b1afe9
:1001dc001000b0af2588a00026eb400f2590c00082
:1001ec00258040001200001225100000d0e6400fc0
:1001fc00252000020f0040101c00bf8f020040524f
:10020c000000058e0800058e2128b1000000038e29
:10021c002b18a30006006054251000000400038e68
:10022c002b1865000200605425100000080005ae74
:10023c001c00bf8f1800b28f1400b18f1000b08f4c
:10024c000800e0032000bd27f9ff00102510000076
:020000040000fa
:020000041d03da
:10025c00e8ffbd271400bfaf1000b0af0d00801039
:10026c002580000000008294190040102580800039
:10027c000c00838c020002240600625425800000ce
:10028c000900a0500400828c46bc400f0400848cf2
:10029c000a800200251000021400bf8f1000b08fde
:1002ac000800e0031800bd27faff405025804000ed
:1002bc000800448c02000324f6ff835425800000c0
:1002cc000200429401004230f2ff00100a8002004a
:1002dc00f0ff001025800000eeff0010258040008c
:020000040000fa
:020000041d03da
:1002ec00e8ffbd271400bfaf1000b0afdde0400f3a
:1002fc0025808000140040101400bf8f340003963a
:10030c0004006230050040542800048e2000029640
:10031c0010004014010005242800048e06008010f3
:10032c008000627c100063302528400004004234b9
:10033c000a10a300000082ac252800009ddc400fb1
:10034c00252000021400bf8f1000b08f0800e003be
:10035c001800bd2763d3400f25200002f9ff401081
:10036c00020002241a0002a6f6ff00101c0000a6d0
:020000040000fa
:020000041d03da
:10037c000400828ce0ffbd271c00bfaf000147309a
:10038c001800b1af1700e0101400b0af1000828c51
:10039c002518c0002b88c2000a1851000c006010f0
:1003ac0025886000258080001400848cf4e9400fbf
:1003bc00253060001400028e1000038e21105100b5
:1003cc0023887100140002ae100011ae000040a092
:1003dc001c00bf8f1800b18f1400b08f0800e00311
:1003ec002000bd2710004230faff40541c00bf8f84
:1003fc002be7400f00000000f6ff00101c00bf8f21
:020000040000fa
:020000041d03da
:10040c00d8ffbd272400bfaf2000b3af1c00b2af94
:10041c001800b1af1400b0af259080002598a00053
:10042c002588c0000400e0102580c0002b80e60069
:10043c000b38d0002580e000253000002528000274
:10044c00a750400f460044862b8050000800001631
:10045c002510000006006012010002242530200245
:10046c0025286002c683400f460044860100022402
:10047c002400bf8f2000b38f1c00b28f1800b18fe7
:0c048c001400b08f0800e0032800bd271a
:020000040000fa
:020000041d03da
:100498000080033cc02063241e0083142510000044
:1004a8001c008010000000000080023ce020439007
:1004b800040063301700601025100000e8ffbd2716
:1004c8001400bfaf1000b0af0080103cc020102651
:1004d8004800028e1000428c09f840001400048e77
:1004e8009800028e80180200049d023cc0c042247d
:1004f8000a10437c09f840002520000220000292df
:100508000001427c1400bf8f1000b08f0800e00388
:0c0518001800bd270800e00300000000f0
:020000040000fa
:020000041d03da
:10052400d8ffbd272400bfaf2000b1af1c00b0af7f
:10053400258880001c78400f1000a527ffff0324a6
:100544000e0043100100102496c3400f2520200202
:100554000a00401425804000f2c8400f25202002e4
:1005640025804000030002240a0002163000022401
:10057400080022aefbaf400f252020022510000208
:100584002400bf8f2000b18f1c00b08f0800e0034f
:100594002800bd2701000224a00022aee8dd400fa0
:0c05a40025202002f5ff0010ffff1024ae
:020000040000fa
:020000041d03da
:1005b000d8ffbd272400bfaf2000b1af1c00b0aff3
:1005c000258880001c78400f1000a527ffff03241a
:1005d0000e0043100100102496c3400f2520200276
:1005e0000a00401425804000f2c8400f2520200258
:1005f00025804000030002240a000216270002247e
:10060000080022ae28b0400f25202002251000024d
:100610002400bf8f2000b18f1c00b08f0800e003c2
:100620002800bd2701000224a00022aee8dd400f13
:0c06300025202002f5ff0010ffff102421
:020000040000fa
:020000041d03da
:10063c000000a294010043301e0060108000423084
:10064c00e0ffbd271c00bfaf1800b1af1400b0af66
:10065c002580a0000d00401425888000260082947f
:10066c00ffff42242016027c260082a427100200e1
:10067c0017010724049d063c80bec624049d053c3e
:10068c00509fa524d5c1400fc22702002528000287
:10069c00ece7400f0000248e270000a2260000a2e9
:1006ac001c00bf8f1800b18f1400b08f0800e0033e
:0c06bc002000bd270800e0030000000043
:020000040000fa
:020000041d03da
:1006c800201e047c031a0300470065280300a014b9
:1006d80025108000e0ff6324047a627c201c047cdf
:1006e8004700632804006014201e027ce0ff842475
:1006f8000438827c201e027c031a03003a00652815
:10070800d0ff64240300a0142024047cc9ff6324c0
:100718002024037c047a827c201c027c3a00652811
:10072800d0ff64240300a0142024047cc9ff6324a0
:100738002024037c0438827c003a437c001903009f
:0c074800251062000800e003ff004230b2
:020000040000fa
:020000041d03da
:100754002000801400000000d8ffbd272400bfaf94
:100764002000b2af1c00b1af1800b0af2580a000cc
:100774002588c0002590e0002f0005248ae5400f5d
:1007840025200002050040145c0005248ae5400f82
:1007940025200002030040501000b2af0100502495
:1007a4001000b2af2538200225300002049d053c1c
:1007b400f893a52461b7400f252000002400bf8fc3
:1007c4002000b28f1c00b18f1800b08f0800e00326
:0c07d4002800bd270800e0030000000022
:020000040000fa
:020000041d03da
:1007e000e8ffbd271400bfaf1000b0af26eb400fed
:1007f0002580a000180040102518000011000052ac
:10080000240040ac42000396400063300300605473
:100810003c00438c0b000010240040ac448c037c53
:100820003c0043ac07006004240050ac5d004390e2
:1008300002006330040060143c00438cc418037c45
:100840003c0043ac3c00438c01000424448c837c7a
:100850003c0043ac01000324251060001400bf8f4e
:0c0860001000b08f0800e0031800bd2756
:020000040000fa
:020000041d03da
:10086c000000828c0800451400000000e8ffbd2742
:10087c001400bfafa0e3400f000000001400bf8fb6
:10088c000800e0031800bd2716004010000000000f
:10089c000000438c0f00a314000000000000a38c88
:1008ac00000043ac0400838c01006550040082ac52
:1008bc000800828cffff4224080082ac0800e00391
:1008cc002510a0000000628cf4ff4550251060003c
:1008dc0025184000fbff6014251060000800e003a1
:0c08ec00000000000800e0030000000015
:020000040000fa
:020000041d03da
:1008f800080083281500601025100000401004002f
:1009080021104400801802000080023c2452422436
:100918000a10437cfeff0324120043144010040015
:1009280021104400801802000080023c2452422416
:100938002110430008000524feff0324010084243d
:10094800040085540c004224251000000800e00330
:10095800000000000000468cf9ffc3500100842409
:100968004010040021104400802002000080023c56
:0c097800245242240800e0032110440037
:020000040000fa
:020000041d03da
:100984000c00a7af0c00a38f0800a6af25108000b1
:1009940002450300ff0705310e00a0140800a48fd0
:1009a400049d033c0008864488b560d40008e744ed
:1009b400000805240208204600000644000067449d
:1009c4002520c0000055e67c0200c0102518e00078
:1009d400c1ffc524c2370400401803002518c30012
:1009e40040200400000044ac00a0637c2000043cd0
:1009f40025188300ccfba52400080831040043ac6f
:0c0a0400080045ac0800e0030c0048ac02
:020000040000fa
:020000041d03da
:100a10000004c2281300401402fcc328049d023cb9
:100a200088c640d401fcc224000443280600601498
:100a3000026320460263204602f8c22400044428d0
:100a4000ff0303240a10640025200000ff03422452
:100a500000008444002d02000000e5440800e0038b
:100a600002602046f8ff60102510c000049d033c82
:100a700090c660d4c903c22402fc4328f2ff601070
:100a8000026320469207c22402fc442802fc03248d
:0c0a900002632046ecff00100b10640015
:020000040000fa
:020000041d03da
:100a9c00e0ffbd271400b0af0080103ce054028e84
:100aac001800b1af1c00bfaf0800401025888000b3
:100abc0011002006e054028e0080033ce454638c49
:100acc0023186200110000102b1871008088400f51
:100adc0000000000e054028ef5ff401400000000fe
:100aec00ffff02241c00bf8f1800b18f1400b08fc1
:100afc000800e0032000bd270080033ce854638c11
:100b0c0023201100231843002b186400f4ff6014f9
:0c0b1c0021885100f3ff0010e05411aede
:020000040000fa
:020000041d03da
:100b280082bf023c08000324002243ac82bf023c7f
:100b380000940334182243ac82bf023c2b0a0324de
:100b4800402243ac81bf023c0200033c040143ac99
:100b58000400033c040143ac0800033c040143ac1b
:100b68000080033cd0536224180040ac1c0040ac09
:100b7800200040ac2c0040a0240040acd05360ac16
:100b8800040040ac080040ac140040a00c0040ac8d
:100b9800300040ac82bf023c00800334082243ace2
:080ba8000800e003000000005a
:020000040000fa
:020000041d03da
:100bb000e85e029d646d039d5830029dcc44029d09
:100bc000000000000454039d0011039dfc60039d80
:100bd000804f039d088a039d4c3a029d000000004f
:100be0000000000000000000000000000000000005
:100bf00000000000000000000000000000000000f5
:100c000000000000000000000000000000000000e4
:100c100000000000000000000000000000000000d4
:100c200000000000b4fc029d98ab019d9c90039dc8
:080c30000000000000000000bc
:020000040000fa
:020000041d03da
:100c38001f00801025100000e0ffbd271c00bfaf7b
:100c48001800b2af1400b1af1000b0af1ee7400fec
:100c58002e000524258840000d00201225100000d4
:100c6800010031260080103c682210260080123cca
:100c78007c2252260000058effe9400f2520200225
:100c88000900401004001026faff12162510000073
:100c98001c00bf8f1800b28f1400b18f1000b08fe6
:100ca8000800e0032000bd27f9ff0010010002241e
:080cb8000800e0030000000049
:020000040000fa
:020000041d03da
:100cc000e8ffbd271400bfaf1000b0af9480828f43
:100cd00009f84000c8010424160040102580400097
:100ce00028004224000002ae040000ae20000224ce
:100cf000080002ae0d0002240c0002ae0100022426
:100d0000100002ae039d023c34664224140002ae81
:100d1000180000ae049d023c24b242241c0002ae26
:100d2000049d023cfc964224200002ae64e3400f86
:100d300025200002251000021400bf8f1000b08f84
:080d40000800e0031800bd27c4
:020000040000fa
:020000041d03da
:100d4800e8ffbd271400bfaf9d9c400f1000b0af57
:100d5800110040540000439087f2400f2580400066
:100d68000300422c080040142510000285f2400fb1
:100d780000000000049d053ccc97a52498d0400fa6
:100d880025204000251000021400bf8f1000b08fee
:100d98000800e0031800bd2740100300211043009d
:100da800801002002310430080100200231043002b
:100db800801002007c0042240080103cd44e102693
:080dc800f0ff0010218002027f
:020000040000fa
:020000041d03da
:100dd00081bf033c0100023c140162ac0200053cef
:100de000140165ac0400043c140164ac82bf033cf4
:100df000001860ac82bf033c2018638c81bf033ca9
:100e0000940062ac940065ac940064ac82bf033c77
:100e100001000424301864ac82bf033c4000042469
:100e2000141864ac82bf033c60004224081862ac12
:100e300005000224081862ac0080023c30544224b1
:100e40001c0040a0200040ac00800234081862acb6
:080e50000800e00300000000af
:020000040000fa
:020000041d03da
:100e5800e0ffbd271c00bfaf1800b1af1400b0af52
:100e680025808000780080a4f9aa400f0c008484b3
:100e78001300401001000324e078400f0c000486a2
:100e8800258840000e004010010003242530400052
:100e98006c00058e6355400f0c000486780002a68e
:100ea8000700401001000324253820026c00068e3c
:100eb80004000524d4e4400f252000022518000072
:100ec800251060001c00bf8f1800b18f1400b08f70
:080ed8000800e0032000bd2723
:020000040000fa
:020000041d03da
:100ee000d0ffbd272c00bfaf2800b3af2400b2afa6
:100ef0002000b1af1c00b0af2588a0003c00a7af18
:100f00003c00a72741ad400f1000a7af258040004f
:100f10002720020018090724049d133c18c86626e0
:100f2000049d123cc0934526d5c1400fc227040042
:100f30002b2030021c09072418c86626c0934526ba
:100f4000d5c1400f01008438251000022c00bf8f4e
:100f50002800b38f2400b28f2000b18f1c00b08f07
:080f60000800e0033000bd278a
:020000040000fa
:020000041d03da
:100f6800ffff03241e008310251000001c00a010a2
:100f7800000000001a00c010000000000080023cc1
:100f8800cc5242240800438c150060102510000044
:100f9800e8ffbd271400bfaf0080023ccc524224ba
:100fa800080040ac200046ac1c0045ac180047ac1b
:100fb800040040ac2528e00092c8400f0b00042430
:100fc800040040140080033ccc5263240200042433
:100fd800080064ac1400bf8f0800e0031800bd27a8
:080fe8000800e0030000000016
:020000040000fa
:020000041d03da
:100ff000ffff03241e008310251000001c00a0101a
:10100000000000000080023ccc5242240800438cc7
:101010001700601025100000e8ffbd271400bfafc7
:101020000080023ccc524224080040ac0200032461
:10103000240043a000010324200043ac1c0045ac65
:10104000180046ac020003241ddb400f040043ac33
:10105000040040140080033ccc52632402000424aa
:10106000080064ac1400bf8f0800e0031800bd271f
:081070000800e003000000008d
:020000040000fa
:020000041d03da
:10107800e0ffbd271c00bfaf1800b2af1400b1af2e
:101088001000b0af50ac400f25808000258840008c
:10109800ffff032412002312251000002528200238
:1010a800fcdc400f25200002ffff43240200632cd4
:1010b8000a006010ff0012320fdd400f25204002a9
:1010c80025282002fcdc400f25200002ffff4324d6
:1010d8000200632cf8ff6014000000000100422c9d
:1010e8001c00bf8f1800b28f1400b18f1000b08f92
:0810f8000800e0032000bd2701
:020000040000fa
:020000041d03da
:10110000e0ffbd271c00bfaf1800b1af1400b0afa7
:10111000258080006ee5400f2588a0001400401057
:101120000100032408bf400f2520000200a0023c5c
:101130007818458c2b10b1000d00401401000324d9
:10114000ffff10320081100000a0023c7014422406
:101150002180020200a0023c7418428c2110510030
:10116000000002ae2328b100080005ae25180000db
:10117000251060001c00bf8f1800b18f1400b08fc5
:081180000800e0032000bd2778
:020000040000fa
:020000041d03da
:101188000000aa801e0040110000000000008980b5
:101198001700205125100000070049112510800074
:1011a80001008980120020512510000001008424cc
:1011b800fbff4915251080000100a3800e00601078
:1011c8000000000001008980f6ff23150200a32417
:1011d80004000010020087240000e880f3ff0615d1
:1011e8000100e72400006680fbffc01401006324af
:1011f8000800e003000000000800e0030000000011
:081208000800e003251080003e
:020000040000fa
:020000041d03da
:10121000e0ffbd271c00bfaf1800b1af1400b0af96
:10122000a6808293170040142588a0001400858ca6
:10123000ffff02240b00a210258080008c80848f89
:101240001400828c09f840000000000062000626ad
:101250000800052498e5400f25200002ffff022426
:10126000140002ae01000224000022a2251000009a
:101270001c00bf8f1800b18f1400b08f0800e0036e
:101280002000bd2703000224600082a4f8ff0010a4
:041290001000022424
:020000040000fa
:020000041d03da
:10129400e8ffbd271400bfaf9d9c400f0000000075
:1012a400100040540000439087f2400f00000000fb
:1012b4000300432c080060142510000085f2400f41
:1012c40000000000049d053c3498a52498d0400fec
:1012d40025204000251000001400bf8f0800e00303
:1012e4001800bd27401003002110430080100200a5
:1012f40023104300801002002310430080100200da
:101304000080033cd44e632421104300f2ff0010fc
:041314002000428ce7
:020000040000fa
:020000041d03da
:101318000080033cc02063241c008314faff0224cd
:101328001a008010000000000080023cdc20448c81
:101338000200032415008314feff02241300a010ea
:1013480025100000e8ffbd271400bfaf1000b0afa4
:101358002580a0000080023c34e6400f1021448c18
:1013680003000224080002ae010002240c0002aeb1
:10137800dc050224100002ae251000001400bf8f07
:101388001000b08f0800e0031800bd270800e00334
:041398000000000051
:020000040000fa
:020000041d03da
:10139c0071008590010003241c00a314ffff02249c
:1013ac003c00838c1900601001000624e8ffbd2767
:1013bc001400bfaf3e0082943c0083942110430084
:1013cc005c008394211043005e008394261043003c
:1013dc006e0082a4720080a0e080828f82100200d6
:1013ec004c0082ac8e12400f020005240500401008
:1013fc001400bf8f0300401c01000224ffff0224d5
:10140c001400bf8f0800e0031800bd270800e0039c
:04141c0000000000cc
:020000040000fa
:020000041d03da
:101420001e00a010fbff02240000a38c1b00601014
:101430000000000019008010faff0224420083948b
:10144000400068301500001100000000e0ffbd27db
:101450000b00e0101c00bfaf0010633005006014eb
:10146000f8ff02241000a6af010007242c76400fdd
:10147000040086241c00bf8f0800e0032000bd2765
:101480006295400f0000000002000324ffff0424c7
:101490000b206200f7ff0010251080000800e00319
:0414a0000000000048
:020000040000fa
:020000041d03da
:1014a4000e008584ffff03241c00a31425100000f4
:1014b400e0ffbd271c00bfaf1800b0af258080003f
:1014c4001400a0af1000a0af253800001400868cd3
:1014d400060005249241400f2520000025204000ed
:1014e400ffff032409008310ffff02240e0004a65b
:1014f40025380002039d063c7855c6241e84400fff
:1015040000060524768f400f252000021c00bf8fa3
:101514001800b08f0800e0032000bd270800e00396
:0415240000000000c3
:020000040000fa
:020000041d03da
:10152800e8ffbd271400bfaf2881848f0500801015
:101538003481858fc2e1400f00000000288180af10
:101548003481858f0080043c7be9400f3c5684241d
:10155800208180af0080043c2bc0400f4c5684246f
:101568003081848f050080102c81858f4ce8400fd6
:1015780000000000308180af2c81858f0500a0100d
:101588003481848f0c00828c09f840000000000030
:101598002c8180af348180af1400bf8f0800e00336
:0415a8001800bd2743
:020000040000fa
:020000041d03da
:1015ac0088ffbd277400bfaf7000b1af6c00b0af47
:1015bc005881828f16004018258080005c81918fa5
:1015cc001000a527bf93400f24002486060040106e
:1015dc005800a38f1000028e030062140100052432
:1015ec00e69b400f2400248616000392020002247e
:1015fc00070062145881828fffff422404004014bc
:10160c00588182af29d4400f252020025c8180af05
:10161c007400bf8f7000b18f6c00b08f0800e003b6
:04162c007800bd275e
:020000040000fa
:020000041d03da
:101630001e00801025100000e0ffbd271c00bfaf7a
:101640001800b2af1400b1af1000b0af2588800011
:10165000049d103ca4b31026049d123cbcb352263a
:10166000080010260400058e0c00a01000000000e9
:10167000ffe9400f25202002080040140000000070
:101680000000028e1c00bf8f1800b28f1400b18fb3
:101690001000b08f0800e0032000bd27f1ff1216f4
:1016a00008001026f7ff0010251000000800e003d6
:0416b0000000000036
:020000040000fa
:020000041d03da
:1016b4001e00a010251000000200832c1b006014e3
:1016c40000000000ffff83302700632c1700601028
:1016d40000000000ffff8430002104000080023c71
:1016e400bc444224211044000000438c03006010d9
:1016f400000000000d006554251000000800c01013
:10170400000045ac7c81838f25206000201e037c73
:101714002a186600010060542520c0002036047c8d
:101724000a0046a40800e0030c0046a40800e003f5
:0417340000000000b1
:020000040000fa
:020000041d03da
:1017380002000000540d019d4ce6029d03000000cc
:10174800e083019df80a029d060000009001009dbb
:10175800488a039d090000002c08029de8a0019d0d
:101768000a000000f8c6019d804a029d0c00000096
:101778009465019d4450039d0e00000014b6019d20
:101788004820039d140000001caf019da463039d25
:101798000f000000cc10019dac15039d1600000041
:1017a8006c89009dac61039d24000000f4bc019d80
:0417b800e068029d46
:020000040000fa
:020000041d03da
:1017bc00e8ffbd271400bfaf1000b0af1000a010a1
:1017cc002580a0000f00a490feff8224ff00423071
:1017dc000200422c0a004050258000000e00a2900e
:1017ec000600422c0b0040107b05062402008438b6
:1017fc00049d053c10bfa52491e3400f0100842cef
:10180c00251000021400bf8f1000b08f0800e003f9
:10181c001800bd27030084387f050624049d053c71
:10182c0010bfa52491e3400f0100842cf5ff00109c
:04183c002510000271
:020000040000fa
:020000041d03da
:10184000e0ffbd271c00bfaf1800b2af1400b1af5e
:101850001000b0af1400a010f9ff12242588a000da
:1018600097c0400f010005240f004010ffff122415
:101870000400508c25282002e990400f1000048eaf
:101880002590400002000296020042346eee400fa6
:10189000020002a60000039201006324000003a2dc
:1018a00075ee400f25204000251040021c00bf8f20
:1018b0001800b28f1400b18f1000b08f0800e00341
:0418c0002000bd2720
:020000040000fa
:020000041d03da
:1018c400fcffa8241b000011251000000500032db7
:1018d400040002240b1003012518400025380000e1
:1018e4002510000003000c2404000b2413006018ce
:1018f4002530800021688300254800008a51c37c7c
:101904000000ce9026504e010100c624fbffa61510
:1019140025482a010a1089010400e7242318a70096
:101924000500662c0a1866012b30e800efffc0148e
:10193400040084240800e00300000000f6ff001007
:041944000300022476
:020000040000fa
:020000041d03da
:1019480046524d54584f4b20000000006cb7039d81
:1019580046524d52584f4b200000000050b7039d8f
:101968005258425546434e540000000034b7039d78
:1019780052584f56464c4f570000000018b7039d69
:101988004643534552524f5200000000fcb6039d97
:10199800414c474e4552522000000000e0b6039dde
:1019a80053434f4c46524d2000000000c4b6039ddf
:1019b8004d434f4c46524d2000000000a8b6039df1
:020000040000fa
:020000041d03da
:1019c8008400878c0004023c2438e2000400e01004
:1019d800000000004400838c1700601401000224fa
:1019e800e8ffbd271400bfaf1000b0af258080000e
:1019f8002b380700400086243c00852447b5400f5b
:101a08004400848c25184000440002ae0600601093
:101a1800251000008400028e0100032484d6627c15
:101a2800840002ae010002241400bf8f1000b08fa2
:101a38000800e0031800bd270800e00300000000cc
:020000040000fa
:020000041d03da
:101a4800d8ffbd272400bfaf2000b3af1c00b2af42
:101a58001800b1af09db400f1400b0afffff4230f0
:101a680000c0503400401124ffff133400c012346a
:101a78008edd400f252000020a0040542510000288
:101a8800030013522580400201001026ffff103288
:101a9800ffff3126f6ff2016000000002580000019
:101aa800251000022400bf8f2000b38f1c00b28fc6
:101ab8001800b18f1400b08f0800e0032800bd277c
:020000040000fa
:020000041d03da
:101ac800e8ffbd271400bfafc2ea400f1000b0af57
:101ad80025804000160000122510000071000492b5
:101ae80001000324130083141400bf8f4800038ee1
:101af800110060501000b08f7000039203000224a0
:101b08000300621008000424090064142510000072
:101b180030d5400f252000020400038e0000048efb
:101b280023186400ffff632423106200ffff423084
:101b38001400bf8f1000b08f0800e0031800bd2705
:020000040000fa
:020000041d03da
:101b4800ffff8324feff632c1b006010251000009c
:101b5800ffff83300500652c1700a0100080053cae
:101b6800c01003002110430080100200204ea5245d
:101b7800211045002000458c0f00a41425100000fa
:101b8800c020030021208300801004000080043c52
:101b9800204e84248a21827c0700801025100000b2
:101ba800c010030021184300801803000080023c85
:101bb800204e4224211043000800e00300000000ea
:020000040000fa
:020000041d03da
:101bc800e8ffbd271400bfaf1000b0af258080002c
:101bd8000e008484ffff0224060082504200029611
:101be800f972400f00000000ffff02240e0002a659
:101bf80042000296060040100080023c3056448c99
:101c08000c00828c09f840007000058e420000a686
:101c180044000296060040100080023c3056448c76
:101c28000c00828c09f840007400058e440000a660
:101c38001400bf8f1000b08f0800e0031800bd2704
:020000040000fa
:020000041d03da
:101c4800e0ffbd271c00bfaf1800b2af1400b1af52
:101c58001000b0af1300a010ffff10241100c01037
:101c68002588c0002fee400f2590a0000d004010e1
:101c7800faff1024ffff3126560050942b803002c3
:101c8800feff03240a18100025806000253020027a
:101c98005901452462eb400f25204002218851025a
:101ca800000020a2251000021c00bf8f1800b28f70
:101cb8001400b18f1000b08f0800e0032000bd278a
:020000040000fa
:020000041d03da
:101cc800e0ffbd271c00bfaf1800b2af1400b1afd2
:101cd8001000b0af1300a010ffff10241100c010b7
:101ce8002588c0002fee400f2590a0000d00401061
:101cf800faff1024ffff3126540050942b80300245
:101d0800feff03240a1810002580600025302002f9
:101d18005900452462eb400f2520400221885102da
:101d2800000020a2251000021c00bf8f1800b28fef
:101d38001400b18f1000b08f0800e0032000bd2709
:020000040000fa
:020000041d03da
:101d4800e8ffbd27ffff8230160084300a008014a8
:101d58001400bfaf5a00a394251043005a00a2a450
:101d68009081828f01004224908182af1400bf8f3e
:101d78000800e0031800bd275a00a394251043006b
:101d88005a00a2a49081828f01004224908182afe0
:101d98000080023cbc444224180043940100633490
:101da800180043a425300000010005240080043ced
:101db80012e2400fcc448424edff00101400bf8fc2
:020000040000fa
:020000041d03da
:101dc800d8ffbd272400bfaf2000b3af1c00b2afbf
:101dd8001800b1af1400b0af0080023cdc5553943a
:101de8000a006012259080009881908f2588000055
:101df80025284002ffe9400f67000426080040102c
:101e080001003126faff33167000102608ba400f79
:101e180025204002a3d5400f252040002580400002
:101e2800251000022400bf8f2000b38f1c00b28f42
:101e38001800b18f1400b08f0800e0032800bd27f8
:020000040000fa
:020000041d03da
:101e4800040002240700c214010002240b00a2149b
:101e580001000324420082940400627c0800e0032d
:101e6800420082a4020002241300c21000000000f5
:101e7800030002241000a21000000000e8ffbd27a4
:101e88001400bfaf42008294f8ff423001000324df
:101e98000463627c420082a42400828c100082ac1d
:101ea8002800828c42de400f140082ac1400bf8fe1
:101eb8000800e0031800bd270800e0030000000048
:020000040000fa
:020000041d03da
:101ec8002000828c010042301b00401400000000fa
:101ed800e0ffbd271c00bfaf1800b1af1400b0afc2
:101ee8001000858c0b00a010258080001000a294a3
:101ef80001004230050040140000b18c9c81848fa1
:101f08000c00828c09f8400000000000f7ff201642
:101f1800252820029c81848f0c00828c09f84000bf
:101f2800252800021c00bf8f1800b18f1400b08f45
:101f38000800e0032000bd270800e00300000000bf
:020000040000fa
:020000041d03da
:101f4800e8ffbd271400bfafa881828f110040149d
:101f58000100032402000224a88182af6eee400f24
:101f6800b08180af01000324ac8183a375ee400fdc
:101f7800252040000080043ce9e9400f504c8424af
:101f88000a0043040080023ca88180af04000010ce
:101f9800251000000800431001000224251000004d
:101fa8001400bf8f0800e0031800bd27504c4224de
:101fb800b08182af01000224f9ff0010a88182af2e
:020000040000fa
:020000041d03da
:101fc800d8ffbd272400bfaf2000b3af1c00b2afbd
:101fd8001800b1af1400b0af258080001000928cbb
:101fe8000800828ccdda400f020044942598400006
:101ff8000ce9400f25204000030051240e000396f1
:102008002b18710007006014ffff0224030002244c
:10201800000042a22528600258eb400f0100442628
:10202800251020022400bf8f2000b38f1c00b28f20
:102038001800b18f1400b08f0800e0032800bd27f6
:020000040000fa
:020000041d03da
:10204800e8ffbd271400bfaff481828f100040184d
:10205800040005241600839010006554020004242f
:102068001400829401000324041843002718030075
:102078000080023ca45442240c00448c2420830099
:102088000c0044ac1000448c24188300100043acae
:102098001400bf8f0800e0031800bd27fcff64147c
:1020a800ffff4224faff4014f48182af4fc0400f73
:1020b800000000000080023cf5ff0010b85440ac5e
:020000040000fa
:020000041d03da
:1020c800d8ffbd272400bfaf2000b3af1c00b2afbc
:1020d8001800b1af48ec400f1400b0afffff42301a
:1020e80000c0503400401124ffff133400c01234e4
:1020f8008ade400f252000020a0040542510000205
:10210800030013522580400201001026ffff103201
:10211800ffff3126f6ff2016000000002580000092
:10212800251000022400bf8f2000b38f1c00b28f3f
:102138001800b18f1400b08f0800e0032800bd27f5
:020000040000fa
:020000041d03da
:10214800e0ffbd271c00bfaf1800b1af1400b0af4f
:102158002580a00026eb400f2588c00025184000e8
:102168001200601025100000110020121c00bf8f03
:102178005c006490ff000232030082100100042416
:102188000a000010251000000800041625100000a1
:102198000000228e180062ac3c00628c6000423461
:1021a800c439027c3c0062ac010002241c00bf8fd1
:1021b8001800b18f1400b08f0800e0032000bd277d
:020000040000fa
:020000041d03da
:1021c800e8ffbd271400bfaf1000b0afdde0400f3f
:1021d800258080000e0040101400bf8f3400069642
:1021e8002000c230120040542200059654de400ff1
:1021f800000000002c00038e2b1043000700401045
:102208000100052463d3400f252000021400bf8f6e
:102218001000b08f0800e0031800bd27f5ff052463
:102228009ddc400f25200002f9ff00101400bf8f2d
:1022380072e2400f25200002f5ff00101400bf8f46
:020000040000fa
:020000041d03da
:10224800e8ffbd271400bfaf00a0023cb01844a0af
:10225800b0184224021c0500010043a0021a050020
:10226800020043a0030045a00b00022405008214cd
:102278000400032400a0023cffff0324b41843a079
:10228800050003240080043ccc52842400a0023cb6
:10229800b01842243c0082ac400083ac380080accb
:1022a800440080ac0080053cb8d1400f0453a524fd
:1022b800010002241400bf8f0800e0031800bd27a6
:020000040000fa
:020000041d03da
:1022c800d3e160c35b99f340b2628264d175106058
:1022d800e0045da383ff57a57d73a673d2b8d80d1c
:1022e800aaf6a6c35a91bb4579d73fd0c8fed111eb
:1022f800b0391306828adfed528f018121b3febd0a
:10230800c343e797b87dbb63db1333ded9d1ece178
:1023180077cfa6b71fe8ab1da46624ed6415e51cae
:10232800cde2c7ca86e283990eeaeb9112041552f0
:102338008b2295910281b02dd431f4c9f70427df9f
:020000040000fa
:020000041d03da
:1023480004eec63bb231df2c630a1afbe724949de6
:10235800005a587851e1aa795e477347c8b0566267
:102368001c18bddcdd8d99fc5fc2b92053d8cfacf9
:10237800fb0bb8831205fad1ddd6c071318a60181b
:10238800f03b73f5ede4d4d071f9de03fd7aea1081
:102398005d9299b8af99aa075bdb4db9aa28c18da0
:1023a800174b56ee2a014d098896ff2282c955a877
:1023b8001969e069fa8ce007a180183a07dfae17bf
:020000040000fa
:020000041d03da
:1023c800e0ffbd271c00bfaf1000a0af1000a6277c
:1023d8000a0005246ab2400f6c00848c1000a38f99
:1023e8009cff64246400842c1100801402000224e1
:1023f80038ff64246400842c0d0080140300022438
:10240800d4fe64246400842c09008014040002248f
:1024180070fe64246400842c0500801405000224e6
:102428000cfe62246400422c0100422c0600422467
:0c2438001c00bf8f0800e0032000bd273f
:020000040000fa
:020000041d03da
:10244400e0ffbd271c00bfaf1800b1af1400b0af50
:10245400258880002580a000a9e6400f2520a00043
:10246400120040101c00bf8f420003960800633026
:102474000d006010251000001800238e01000224b6
:10248400ffff6214000000000400038e06006010c9
:10249400251000001000038e0300601401000224c4
:1024a4001400028e2b1002001c00bf8f1800b18f85
:0c24b4001400b08f0800e0032000bd27da
:020000040000fa
:020000041d03da
:1024c0001c00a0102510a0000000a68c1900c01050
:1024d000251000000080023cdc5547941500e010f8
:1024e000251000009881828f25280000040080506c
:1024f000420043940c0082540100a52442004394fe
:1025000040006330080060500100a5240400438ca3
:102510002618c3000800488c2418680005006010c5
:10252000000000000100a524f0ffa7147000422461
:0c253000251000000800e003000000007f
:020000040000fa
:020000041d03da
:10253c00e0ffbd271c00bfaf1800b1af1400b0af57
:10254c00258080002588c000401004002110440024
:10255c00801002000080043c28508424f8e7400fcf
:10256c00212082000b002012ffff1032008110008e
:10257c000080043cbc4484242120900008008294f8
:10258c0001004234080082a42530000012e2400f02
:10259c0001000524010002241c00bf8f1800b18f1c
:0c25ac001400b08f0800e0032000bd27e1
:020000040000fa
:020000041d03da
:1025b800d8ffbd272400bfaf2000b3af1c00b2afc7
:1025c8001800b1af1400b0af259880002520a000f6
:1025d8002588c0002590e0000400a28c09f840007e
:1025e8002528e00009004010258040000400201242
:1025f8002530400225282002f4e9400f252040001c
:10260800252800020fb7400f252060022510000280
:102618002400bf8f2000b38f1c00b28f1800b18f29
:0c2628001400b08f0800e0032800bd275c
:020000040000fa
:020000041d03da
:10263400e8ffbd271400bfafb081828f06004014ad
:1026440000000000d2c7400f00000000b081828f5c
:10265400140040101400bf8fac818293ff004230fd
:10266400fdff401000000000ac818293ff00423067
:102674000b004010b081828f6eee400f000000000e
:10268400ac81842700008390ffff6324ff00633044
:10269400000083a075ee400f25204000b081828f9a
:0c26a4001400bf8f0800e0031800bd27e1
:020000040000fa
:020000041d03da
:1026b000e0ffbd271c00bfaf1800b1af1400b0afe2
:1026c0001200801025800000258880000f00a010d7
:1026d0002580a0008dc9400f0000000011004010af
:1026e000253000022528200211e7400f2520400058
:1026f0006eee400f00000000ac8183930100632464
:10270000ac8183a375ee400f252040002510000208
:102710001c00bf8f1800b18f1400b08f0800e003b9
:0c2720002000bd27f2ff00102580000003
:020000040000fa
:020000041d03da
:10272c00e0ffbd271c00bfaf1800b1af1400b0af65
:10273c002580800026eb400f2588a0001300401058
:10274c001c00bf8f2c00438c100060102530200221
:10275c001c00658c1000648c300044ac0c0084941c
:10276c00f8ff8424340044a40400a494360044a448
:10277c001c00638c08006324380043ac252800003f
:10278c002069400f252000021c00bf8f1800b18f5c
:0c279c001400b08f0800e0032000bd27ef
:020000040000fa
:020000041d03da
:1027a800e8ffbd271400bfaf47828293040040149e
:1027b8000000000001000224468282a3478282a30f
:1027c80013008014ffff02241200a0101400bf8f12
:1027d8000080023cd056438c0d006014ffff022499
:1027e8000800a48c0080033cd05666240800c4acc2
:1027f8000400a28c0400c2ac02000624d05666acc9
:102808000800428c09f840000000a58c2510000043
:0c2818001400bf8f0800e0031800bd276b
:020000040000fa
:020000041d03da
:102824000800e003000000002518e003009d043cbc
:10283400a42a842416008010000000000000858c67
:102844001300a010040084240000868c0400842457
:1028540000008b8404008424049d0c3cb4c28c25a9
:1028640080580b0021606c0100008c8d09f88001f8
:10287400000000002520400003008424fcff0624ff
:102884002420c4000000858cecffa014000000008c
:0c28940025f860000800e00300000000d0
:020000040000fa
:020000041d03da
:1028a0001c00c010ffffc8240000a3800100a72463
:1028b000010082240e006010000083a02130a600d9
:1028c000060000102128a8000100e724ffffe48093
:1028d00009008010ffff64a0251060002340a700be
:1028e000f9ffc714010043240800e00300000000c2
:1028f0002518400025108000fbff001121206800f2
:1029000001006324feff8314ffff60a00800e003c2
:0c2910000a1082000800e003251080007f
:020000040000fa
:020000041d03da
:10291c0020000524000082800d004510f7ff4324a1
:10292c000500632c0a0060142b0003240a004310da
:10293c002d00032403004314252800000100052466
:10294c000100842425100000070000100a00072451
:10295c00f0ff001001008424f9ff0010252800006e
:10296c00010084242310430000008380d0ff6324e3
:10297c000a00662cfaffc054021047700100a050e8
:0c298c00231002000800e003000000001f
:020000040000fa
:020000041d03da
:102998000080023c985342243400439082bf043c98
:1029a80000040524140285ac81bf043c1000053cda
:1029b800840085ac0a000424240044ac02000424ea
:1029c800280044ac2c00428c0d004010ff006330fe
:1029d8000b0060140080023ce8ffbd271400bfaf65
:1029e800985342243000448c2c00428c09f8400053
:1029f800000000001400bf8f0800e0031800bd2786
:082a08000800e00300000000db
:020000040000fa
:020000041d03da
:102a1000e0ffbd271c00bfaf1800b2af1400b1af7c
:102a20006eee400f1000b0af258840000080103cd3
:102a3000585310260400028e1800428c09f84000fa
:102a4000000000001000038e231043002800048eb5
:102a50002c00058e219044002b104202218045005d
:102a600075ee400f25202002251040022518000297
:102a70001c00bf8f1800b28f1400b18f1000b08ff0
:082a80000800e0032000bd275f
:020000040000fa
:020000041d03da
:102a8800e0ffbd271c00bfaf1800b1af1400b0af06
:102a98001ed2400f25808000110040100100112433
:102aa800d2c6400f252000020b00401025804000b0
:102ab80001004290040040100000000027bd400fb4
:102ac80025200002010000a2180000a2190000a29f
:102ad800000000a22588000022e0400f000000004e
:102ae800251020021c00bf8f1800b18f1400b08f72
:082af8000800e0032000bd27e7
:020000040000fa
:020000041d03da
:102b0000e0ffbd271c00bfaf1800b1af1400b0af8d
:102b1000258080005000878c049d063cdcc7c624bd
:102b200088008594b8c3400f6800848cffff45304f
:102b30007dcc400f2520000207004014258840006e
:102b400009000224080002ae0080023c3456458c85
:102b500018dc400f2520000204000224a40002ae6d
:102b6000251020021c00bf8f1800b18f1400b08ff9
:082b70000800e0032000bd276e
:020000040000fa
:020000041d03da
:102b7800e0ffbd271c00bfaf1800b1af1400b0af15
:102b8800258080004c00878c049d063ce8c7c6243d
:102b980088008594b8c3400f6800848cffff4530d7
:102ba8007dcc400f252000020700401425884000f6
:102bb80007000224080002ae0080023c3456458c0f
:102bc80018dc400f2520000203000224a40002aef6
:102bd800251020021c00bf8f1800b18f1400b08f81
:082be8000800e0032000bd27f6
:020000040000fa
:020000041d03da
:102bf000e0ffbd271c00bfaf1800b1af1400b0af9d
:102c0000258080004800878c049d063cf4c7c624bc
:102c100088008594b8c3400f6800848cffff45305e
:102c20007dcc400f2520000207004014258840007d
:102c300005000224080002ae0080023c3456458c98
:102c400018dc400f2520000202000224a40002ae7e
:102c5000251020021c00bf8f1800b18f1400b08f08
:082c60000800e0032000bd277d
:020000040000fa
:020000041d03da
:102c68001b00c01000000000e0ffbd271c00bfaf24
:102c78001800b2af1400b1af1000b0af2580c0008b
:102c88002590a0000ce9400f2520c0004100512ce0
:102c9800400003240b18510025886000253060008f
:102ca80025280002f4e9400f2000448e2000428ebf
:102cb80021885100000020a21c00bf8f1800b28f8d
:102cc8001400b18f1000b08f0800e0032000bd276a
:082cd8000800e0030000000009
:020000040000fa
:020000041d03da
:102ce000e0febd271c01bfaf1801b2af1401b1afa8
:102cf0001001b0af2590a0002fee400f2588c00036
:102d0000258040000a000012ffff02240001072472
:102d10001000a627252840024151400f252000021f
:102d20000900401025282002500002aeffff0224b7
:102d30001c01bf8f1801b28f1401b18f1001b08f29
:102d40000800e0032001bd27185d400f1000a427f4
:082d5000f8ff00101c01bf8f09
:020000040000fa
:020000041d03da
:102d5800e0febd271c01bfaf1801b2af1401b1af2f
:102d68001001b0af2590a0002fee400f2588c000bd
:102d7800258040000a000012ffff022400010724fa
:102d88001000a627252840024151400f25200002a7
:102d98000900401025282002500002aeffff02243f
:102da8001c01bf8f1801b28f1401b18f1001b08fb1
:102db8000800e0032001bd27e89e400f1000a4276b
:082dc800f8ff00101c01bf8f91
:020000040000fa
:020000041d03da
:102dd0009481828f040040500080023c180044140b
:102de0000080023c948180afdc5545941200a01015
:102df000251000009881828f420043944000633088
:102e00000b0060549481838f010063240300655498
:102e10007000422405000010251000004200449478
:102e200040008430f9ff8010010063249481838f77
:102e300003006014000000000800e003948182afea
:082e40000800e003000000009f
:020000040000fa
:020000041d03da
:102e48000080023cb854428c190040102518a0009c
:102e58008410037c08000224030062100e00022480
:102e68001300a21400000000e8ffbd27090080102d
:102e78001400bfaf0080033ca4546324580084941a
:102e880001000224041082000c00648c2510440008
:102e98000c0062ac253000000001052499be400feb
:102ea8000e0004241400bf8f0800e0031800bd279b
:082eb8000800e0030000000027
:020000040000fa
:020000041d03da
:102ec000e0ffbd271c00bfaf1800b2af1400b1afc8
:102ed0001000b0af258880000800908c2c000226de
:102ee0000a101000258040000ce9400f252040000a
:102ef000030052240e0023962b1872000800601461
:102f0000ffff02241000248e04000224000082a08f
:102f10002528000258eb400f0100842425104002b0
:102f20001c00bf8f1800b28f1400b18f1000b08f3b
:082f30000800e0032000bd27aa
:020000040000fa
:020000041d03da
:102f3800e0ffbd271c00bfaf1800b1af1400b0af51
:102f48002588a00097c0400f0100052410004010fc
:102f5800ffff10240800438c03007114fdff1024a8
:102f6800080040ac258000000400518c09002012a4
:102f7800251000026eee400f0000000000002392b2
:102f880001006324000023a275ee400f25204000b5
:102f9800251000021c00bf8f1800b18f1400b08fdd
:082fa8000800e0032000bd2732
:020000040000fa
:020000041d03da
:102fb00082bf023c1022428c0e00423017004010ab
:102fc00082bf023c1022428c0200423003004010bb
:102fd00082bf023c02000324142243ac82bf023ca5
:102fe0001022428c010042300700401082bf033c97
:102ff00082bf043c3022828c1022628c010042305d
:10300000fcff40140000000081bf023c0200033cb2
:10301000840043ac0400033c840043ac0800e0039c
:0430200000000000ac
:020000040000fa
:020000041d03da
:103024004554484d414300004d434850424f41529e
:10303400445f45003139322e3136382e3130302e4e
:10304400313000003235352e3235352e3235352ebd
:10305400300000003139322e3136382e3130302ee6
:1030640031000000302e302e302e300066756c6c2e
:1030740000000000706f6f6c2e6e74702e6f72679c
:10308400000000002f6d6e742f6d636870536974b7
:0430940065312f0073
:020000040000fa
:020000041d03da
:10309800e8ffbd271400bfaf1000b0af2580800047
:1030a8000e53400f00008494000002a60e53400ff8
:1030b80002000496020002a60b53400f0400048e7f
:1030c800040002ae0b53400f0800048e080002ae45
:1030d8000e53400f0e0004960e0002a60e53400f2a
:1030e80010000496100002a60e53400f120004961a
:1030f800120002a61400bf8f1000b08f0800e00372
:043108001800bd27c7
:020000040000fa
:020000041d03da
:10310c00e8ffbd271400bfafc2ea400f1000b0affc
:10311c001300401025180000258040008400428ccc
:10312c004005427c09004014010003248400028ef7
:10313c0004c6627c840002ae010005242886400f80
:10314c002520000206004010010003242530000059
:10315c000100052488a1400f252000020100032452
:10316c00251060001400bf8f1000b08f0800e00322
:04317c001800bd2753
:020000040000fa
:020000041d03da
:1031800025108000000083948439037c2528650085
:103190000800c010000085a40300c3880000c39885
:1031a000100083ac0400c390140083a00500c390fa
:1031b000150083a00080033c9852638c0c0043ac44
:1031c000010003240900e010160043a4e8ffbd2716
:1031d0001400bfaf2520e0000fb7400f04004524c6
:1031e0001400bf8f0800e0031800bd270800e003ab
:0431f00000000000db
:020000040000fa
:020000041d03da
:1031f400e0ffbd271c00bfaf1800b1af1400b0af93
:10320400258080002588a0007a0080a42530000055
:10321400a750400f0c0084840c00401001000324cc
:10322400253820026800068e05000524d4e4400fea
:1032340025200002253020026800058ec683400f39
:103244000c0004867a0002a62518000025106000f0
:103254001c00bf8f1800b18f1400b08f0800e0036a
:043264002000bd2762
:020000040000fa
:020000041d03da
:103268001a008010f7ff02242400828c15004010f9
:10327800f9ff02243000828c03004010f9ff022479
:103288000800e003380082ace8ffbd271400bfaf98
:103298001000b0af25808000240006244eeb400fbc
:1032a800252800004400028e09f840004000048ee2
:1032b800251000001400bf8f1000b08f0800e00335
:1032c8001800bd270800e003380082ac0800e003be
:0432d80000000000f2
:020000040000fa
:020000041d03da
:1032dc000d00829019004010000000000c0082903c
:1032ec00ff004230fdff4010000000000c008390f6
:1032fc00ff0063301100601025100000e8ffbd27af
:10330c001400bfaf1000b0af6eee400f25808000f0
:10331c000c000392ffff6324ff0063300c0003a238
:10332c0075ee400f25204000010002241400bf8fd1
:10333c001000b08f0800e0031800bd270800e00360
:04334c00000000007d
:020000040000fa
:020000041d03da
:10335000e8ffbd271400bfaf1000b0afdde0400fa5
:10336000258080000c0040101400bf8f34000296ae
:1033700000f042300b0040100900052463d3400fd9
:103380002520000203004010030002241a0002a6b8
:103390001c0000a61400bf8f1000b08f0800e003cf
:1033a0001800bd270600052463d3400f2520000226
:1033b000f8ff4010050002241a0002a6f5ff0010d5
:0433c0001c0000a647
:020000040000fa
:020000041d00dd
:10011000e8ffbd271400bfaf1000b0af82bf023ca4
:100120001022428c0e0042300080103cd05310262a
:10013000300002ae81bf023c0200033c040143ac2c
:100140000400033c040143ac2c0000a2eccb400fa4
:10015000000000002400028e060040101400bf8f33
:100160002800048e2400028e09f8400000000000e0
:100170001400bf8f1000b08f0800e0031800bd27e7
:020000040000fa
:020000041d00dd
:10019000160084900300032417008310010002243a
:1001a000e8ffbd271400bfaf7880828f0e00401497
:1001b00025300000029d053c90e6a524adc5400f0a
:1001c0000600042407004014748082af23e9400f26
:1001d00000000000251000001400bf8f0800e0039d
:1001e0001800bd277880828f01004224788082af7a
:1001f000f9ff0010010002240800e00300000000e5
:020000040000fa
:020000041d03da
:1033c4005100828005004004000000000300022434
:1033d400400082a40800e00309000224e8ffbd279e
:1033e4001400bfaf1000b0af258080000c00828ca9
:1033f400000040a02e96400f1800848c0c0002aef2
:10340400400004960a0003240500831009000224e6
:1034140050000292500000a20100422c07004224f6
:103424001400bf8f1000b08f0800e0031800bd2700
:020000040000fa
:020000041d03da
:10343400e0ffbd271c00bfaf1800b1af1400b0af50
:10344400258880002580a000252880001ae6400fea
:103454002520000209004010010006242528400010
:10346400a2e1400f252000021000438c000060ac54
:103474007000038e09f86000252040006800028e69
:103484002528200209f840006000048e1c00bf8f2c
:103494001800b18f1400b08f0800e0032000bd278e
:020000040000fa
:020000041d03da
:1034a400e0ffbd271c00bfaf1800b1af1400b0afe0
:1034b400258880002580a000252880001ae6400f7a
:1034c400252000020900401002000624252840009f
:1034d400a2e1400f252000027400038e4010062450
:1034e400feff052409f86000252040006800028ed4
:1034f4002528200209f840006000048e1c00bf8fbc
:103504001800b18f1400b08f0800e0032000bd271d
:020000040000fa
:020000041d03da
:10351400e0ffbd271c00bfaf1800b2af1400b1af6d
:103524001000b0af258080002588a0002590c00041
:103534000800048e0c00028e0a0082540000828c63
:10354400080000ae080080140c0000ae1c00bf8f01
:103554001800b28f1400b18f1000b08f0800e00380
:103564002000bd27080002aef2ff20520800048e9e
:1035740009f8200225284002eeff00100800048efe
:020000040000fa
:020000041d03da
:103584000080023c8c53428c0b0040500080023c73
:10359400090080500080023c0c00438c2b1864000e
:1035a4000a006014000000000c00438c2320640017
:1035b4000c0044ac0080023c585342241400438c59
:1035c400100043ac0800e003000000000c00438c32
:1035d4000c0040ac1c00428cf6ff401023208300fa
:1035e400edff801400000000f3ff00100080023c97
:020000040000fa
:020000041d03da
:1035f400e0ffbd271c00bfaf1800b1af1400b0af8f
:10360400258080008c00878c049d063ca0c7c624be
:1036140088008594b8c3400f6800848cffff453050
:103624007dcc400f2520000207004014258840006f
:1036340025000224080002ae0080023c3456458c6a
:1036440018dc400f25200002251020021c00bf8f2b
:103654001800b18f1400b08f0800e0032000bd27cc
:020000040000fa
:020000041d03da
:10366400e0ffbd271c00bfaf1800b1af1400b0af1e
:10367400258080008c00878c049d063cacc7c62442
:1036840088008594b8c3400f6800848cffff4530e0
:103694007dcc400f252000020700401425884000ff
:1036a40014000224080002ae0080023c3456458c0b
:1036b40018dc400f25200002251020021c00bf8fbb
:1036c4001800b18f1400b08f0800e0032000bd275c
:020000040000fa
:020000041d03da
:1036d400e0ffbd271c00bfaf1800b1af1400b0afae
:1036e400258080008c00878c049d063cb8c7c624c6
:1036f40088008594b8c3400f6800848cffff453070
:103704007dcc400f2520000207004014258840008e
:1037140012000224080002ae0080023c3456458c9c
:1037240018dc400f25200002251020021c00bf8f4a
:103734001800b18f1400b08f0800e0032000bd27eb
:020000040000fa
:020000041d03da
:10374400e0ffbd271c00bfaf1800b1af1400b0af3d
:10375400258080008c00878c049d063cc4c7c62449
:1037640088008594b8c3400f6800848cffff4530ff
:103774007dcc400f2520000207004014258840001e
:1037840010000224080002ae0080023c3456458c2e
:1037940018dc400f25200002251020021c00bf8fda
:1037a4001800b18f1400b08f0800e0032000bd277b
:020000040000fa
:020000041d03da
:1037b400e0ffbd271c00bfaf1800b1af1400b0afcd
:1037c400258080008c00878c049d063cd0c7c624cd
:1037d40088008594b8c3400f6800848cffff45308f
:1037e4007dcc400f252000020700401425884000ae
:1037f4000c000224080002ae0080023c3456458cc2
:1038040018dc400f25200002251020021c00bf8f69
:103814001800b18f1400b08f0800e0032000bd270a
:020000040000fa
:020000041d03da
:10382400e8ffbd27050080101400bfaf40e8400f3b
:103834009481848f140040141400bf8f0080023cd4
:10384400dc5545940f00a010251000009881828f4c
:103854002518000042004494400084300600805043
:103864000100632464004490010084300600801445
:103874001400bf8f01006324f6ff65147000422416
:10388400251000001400bf8f0800e0031800bd27b6
:020000040000fa
:020000041d03da
:10389400e8ffbd271400bfaf1000b0af18d3400f2e
:1038a400258080003c00028e448c027c3c0002aee9
:1038b400aae0400f252000022c00048e0300801093
:1038c40009000624ffd2400fefff052412000286f0
:1038d400801802001082828f21104300000040ac47
:1038e4000882848f0c00828c09f84000252800028d
:1038f4001400bf8f1000b08f0800e0031800bd272c
:020000040000fa
:020000041d03da
:10390400e8ffbd271400bfaf1000b0afdde0400feb
:10391400258080001200401009000524340006961a
:103924002200039600206430fffdc2300002c6343a
:103934000b10c40000106330fffe46300001423417
:103944000b30430095d3400f2520000204004010a3
:10395400040002241a0002a6080002241c0002a685
:103964001400bf8f1000b08f0800e0031800bd27bb
:020000040000fa
:020000041d03da
:10397400e8ffbd271400bfaf1000b0afdde0400f7b
:10398400258080000e0040101400bf8f3400029682
:10399400080042300d0040100012062425280000c3
:1039a40095d3400f25200002040040100400022497
:1039b4001a0002a60a0002241c0002a61400bf8feb
:1039c4001000b08f0800e0031800bd27f7ff05249e
:1039d4009ddc400f25200002f9ff00101400bf8f6a
:020000040000fa
:020000041d03da
:1039e400e8ffbd271400bfaf1000b0af25808000f2
:1039f4000800828c1400438c0000638c0a004694f7
:103a040025288000039d043c09f860001c4f842491
:103a140009004014010003243c0000ae0400022409
:103a24001a0002a61c0002a61400bf8f1000b08f5b
:103a34000800e0031800bd27fbff431025284000c1
:103a44009ddc400f25200002f8ff00101400bf8ffa
:020000040000fa
:020000041d03da
:103a5400e0ffbd271c00bfaf1800b2af1400b1af28
:103a64001000b0af0080023c5422528c00005192ee
:103a74000c0020122580a00002004526ffe9400f1b
:103a84000500842407004054258800000100429268
:103a94004d0042380100422c40100200040002aee6
:103aa400000000ae251020021c00bf8f1800b28f4a
:103ab4001400b18f1000b08f0800e0032000bd2770
:020000040000fa
:020000041d03da
:103ac400170080100080073ce456e28cf0ff862447
:103ad400150040102540e000f0ff838c0000458c69
:103ae40021488300070049141000a5241000428ccb
:103af40021186500f0ff83ac000082ac0800e003ed
:103b0400e456e6ac213845000300c71421186500cb
:103b14000800e003000043ac000082ace45606adac
:103b24000800e00300000000fcff0010000080ac6f
:020000040000fa
:020000041d03da
:103b340081bf023c4000043c040144ac1000033c3f
:103b4400040143ac82bf023c9e000524400245ac04
:103b540082bf023c00200524040245ac0002052477
:103b6400040245ac00010524040245ac81bf023cbb
:103b7400840044ac840043ac82bf023c0080033424
:103b8400080243ac0080023c985342240a000324f8
:0c3b9400240043ac0800e0030000000027
:020000040000fa
:020000041d03da
:103ba000e0ffbd271c00bfaf1800b1af1400b0afdd
:103bb0002588a0009d9c400f2580c0001100405426
:103bc0000c0051ac87f2400f000000000300422cb3
:103bd000080040141c00bf8f85f2400f0000000059
:103be000049d053c848aa52498d0400f25204000e0
:103bf0001c00bf8f1800b18f1400b08f0800e003c5
:0c3c00002000bd27faff0010140050ac9b
:020000040000fa
:020000041d03da
:103c0c00e8ffbd271400bfaf1000b0af25808000c7
:103c1c000c000224700082a07400828480180200c0
:103c2c000081828f21104300000040acf480848f0f
:103c3c000c00828c09f840001400058ef480848fef
:103c4c000c00828c09f840000000058ef480848ff3
:103c5c000c00828c09f84000252800021400bf8f4c
:0c3c6c001000b08f0800e0031800bd2716
:020000040000fa
:020000041d03da
:103c7800e0ffbd271c00bfaf1800b2af1400b1af02
:103c88001000b0af0c00c0102580c0002590a00027
:103c9800c2ea400f2588e000070040502580000058
:103ca8007800438c0400605425800000780050acf4
:103cb800760052a47c0051ac251000021c00bf8f76
:103cc8001800b28f1400b18f1000b08f0800e00305
:0c3cd8002000bd27f8ff00102580000030
:020000040000fa
:020000041d03da
:103ce400e0ffbd271c00bfaf1800b1af1400b0af98
:103cf40025808000049d063c6cc9c62488008594f8
:103d0400b8c3400f6800848cffff45307dcc400f62
:103d140025200002070040142588400022000224c8
:103d2400080002ae0080023c3456458c18dc400f7b
:103d340025200002251020021c00bf8f1800b18f1f
:0c3d44001400b08f0800e0032000bd2731
:020000040000fa
:020000041d03da
:103d5000e0ffbd271c00bfaf1800b1af1400b0af2b
:103d600025808000049d063c74c9c6248800859483
:103d7000b8c3400f6800848cffff45307dcc400ff6
:103d80002520000207004014258840001800022466
:103d9000080002ae0080023c3456458c18dc400f0f
:103da00025200002251020021c00bf8f1800b18fb3
:0c3db0001400b08f0800e0032000bd27c5
:020000040000fa
:020000041d03da
:103dbc00e0ffbd271c00bfaf1800b1af1400b0afbf
:103dcc0025808000049d063c7cc9c624880085940f
:103ddc00b8c3400f6800848cffff45307dcc400f8a
:103dec0025200002070040142588400016000224fc
:103dfc00080002ae0080023c3456458c18dc400fa3
:103e0c0025200002251020021c00bf8f1800b18f46
:0c3e1c001400b08f0800e0032000bd2758
:020000040000fa
:020000041d03da
:103e2800e0ffbd271c00bfaf1800b1af1400b0af52
:103e380025808000049d063c84c9c624880085949a
:103e4800b8c3400f6800848cffff45307dcc400f1d
:103e58002520000207004014258840000e00022497
:103e6800080002ae0080023c3456458c18dc400f36
:103e780025200002251020021c00bf8f1800b18fda
:0c3e88001400b08f0800e0032000bd27ec
:020000040000fa
:020000041d03da
:103e940018008014ffff02242518a0000080023cb3
:103ea400cc564590010004241200a414ffff022400
:103eb400e8ffbd271400bfaf1000b0af2528c00035
:103ec4000080023cc4565024080000a2c456428c10
:103ed4000000428c09f84000252060000100032402
:103ee400080003a21400bf8f1000b08f0800e00385
:0c3ef4001800bd270800e00300000000db
:020000040000fa
:020000041d03da
:103f000018008014ffff02242518a0000080023c46
:103f1000cc564590010004241200a414ffff022493
:103f2000e8ffbd271400bfaf1000b0af2528c000c8
:103f30000080023cc4565024080000a2c456428ca3
:103f40000c00428c09f84000252060000100032489
:103f5000080003a21400bf8f1000b08f0800e00318
:0c3f60001800bd270800e003000000006e
:020000040000fa
:020000041d03da
:103f6c00e0febd271c01bfaf1801b1af1401b0af0b
:103f7c002fee400f2588a000258040000a0000127b
:103f8c00ffff0224000107241000a6272528200289
:103f9c004151400f25200002080040100000000095
:103fac00500002aeffff02241c01bf8f1801b18f1d
:103fbc001401b08f0800e0032001bd2792f1400fdf
:0c3fcc001000a427f9ff00101c01bf8f9b
:020000040000fa
:020000041d03da
:103fd800e0febd271c01bfaf1801b1af1401b0af9f
:103fe8002fee400f2588a000258040000a0000120f
:103ff800ffff0224000107241000a627252820021d
:104008004151400f25200002080040100000000028
:10401800500002aeffff02241c01bf8f1801b18fb0
:104028001401b08f0800e0032001bd278ef1400f76
:0c4038001000a427f9ff00101c01bf8f2e
:020000040000fa
:020000041d03da
:10404400e0febd271c01bfaf1801b1af1401b0af32
:104054002fee400f2588a000258040000a000012a2
:10406400ffff0224000107241000a62725282002b0
:104074004151400f252000020800401000000000bc
:10408400500002aeffff02241c01bf8f1801b18f44
:104094001401b08f0800e0032001bd278087400f82
:0c40a4001000a427f9ff00101c01bf8fc2
:020000040000fa
:020000041d03da
:1040b000e0ffbd271c00bfaf1800b1af1400b0afc8
:1040c0002588a0004004f07c28000324140002246a
:1040d0000b107000258040002128a60021284500f3
:1040e0002530e0007997400fffffa5300700401012
:1040f0001c00bf8f060020121800b18f1800438cdf
:10410000218070001c0050ac1c00bf8f1800b18fc4
:0c4110001400b08f0800e0032000bd2761
:020000040000fa
:020000041d03da
:10411c000b00a010240085ac3c00828c08004004ed
:10412c00000000005d008290020042300400401448
:10413c00000000003c00828cc418027c3c0082ac65
:10414c000c00c010251000005c00859001000324b9
:10415c000800a314000000000000c28c180082ac00
:10416c003c00828c60004234c439027c3c0082ac3e
:0c417c00010002240800e0030000000025
:020000040000fa
:020000041d03da
:10418800e0ffbd271c00bfaf1800b2af1400b1afed
:104198001000b0af0c00c0102580c0002588a0001a
:1041a80026eb400f2590e0000700405025800000d6
:1041b8004c00438c04006054258000004c0050ac37
:1041c800500052ac5a0051a4251000021c00bf8fa9
:1041d8001800b28f1400b18f1000b08f0800e003f0
:0c41e8002000bd27f8ff0010258000001b
:020000040000fa
:020000041d03da
:1041f40018008010f2ff02240800838c0080023c27
:10420400b851422410006250020085840800e00383
:10421400f2ff02240f00c010f4ff0224280086ac31
:10422400200087a402000224180082a41c0080a499
:104234001a0080a401000224020082a41e0082a4a9
:104244000800e0030100022402000324f1ffa3108c
:0c425400f3ff02240800e003000000005b
:020000040000fa
:020000041d03da
:10426000180080140080023cd056428c150040108b
:104270000080023ce0ffbd271c00bfaf1800b1afbb
:104280001400b0afd456518c090020122580a00034
:104290000ce9400f2520a0001800238e2530400097
:1042a000252800020080023c09f86000d856448ca2
:1042b0001c00bf8f1800b18f1400b08f0800e003fe
:0c42c0002000bd270800e0030000000003
:020000040000fa
:020000041d03da
:1042cc00200003240b20a5000b180500022c040071
:1042dc000400a0140212050010006334252880008d
:1042ec00021205000400401402210200080063348d
:1042fc002510a0000221020004008054821004004a
:10430c000400633425204000821004000400405453
:10431c00421002000200633425108000421002009b
:0c432c00010042380800e00325104300a7
:020000040000fa
:020000041d03da
:1043380003000000c8c2039d060000000000000042
:104348000200000078a9039d09000000b4c8039d7d
:104358000a000000acc8039d0c000000a4c8039d1f
:104368000e0000004c5500800f00000048c0039d5f
:104378001400000038b6039d24000000b0c6039d59
:104388001600000060a4039d010000003822008090
:0843980040100000e4b1039d98
:020000040000fa
:020000041d03da
:1043a000e0ffbd271c00bfaf1800b1af1400b0afd5
:1043b000258080000000a494400082300c00401052
:1043c0002588a00004000426a4b8400f0400252678
:1043d00025282002ece7400f0000048e1c00bf8f50
:1043e0001800b18f1400b08f0800e0032000bd2733
:1043f0008000843024000226140003260b10640081
:08440000f1ff0010252040002f
:020000040000fa
:020000041d03da
:104408000400a38c0900632815006014ffff022430
:104418000000a38c3d000224000062a007000224d3
:10442800010062a001000224020062a03c00822474
:104438000a10040025204000030062240300858838
:1044480000008598060065a8000045b80400839020
:10445800040043a005008390050043a0090002243e
:084468000800e0030000000061
:020000040000fa
:020000041d03da
:104470000400a38c0600632815006014ffff0224cb
:104480000000a68c0100c3900400632c100060148f
:104490000000000060008290040042300a004014d6
:1044a0000200c524380082240300a3880000a398da
:1044b0003b0083a8000043b86400829001000324fd
:1044c0004408627c640082a00100c2900200422481
:0844d0000800e00300000000f9
:020000040000fa
:020000041d03da
:1044d8000400a38c0600632815006014ffff022463
:1044e8000000a38c01006690040005241000c51488
:1044f80000000000600085900400a5300c00a014a6
:10450800060002243c00852402006224030043883c
:10451800000043983f0083a80000a3b8640082907d
:10452800010003248410627c640082a00600022437
:084538000800e0030000000090
:020000040000fa
:020000041d03da
:10454000e0ffbd271c00bfaf1800b2af1400b1af31
:104550001000b0af77e0400f25908000258040002c
:1045600054005196ffff312648ec400f028822721a
:10457000408010001b005000f40100021080000079
:104580002180110254de400f000050ae040042ae04
:104590001c00bf8f1800b28f1400b18f1000b08fb5
:0845a0000800e0032000bd2724
:020000040000fa
:020000041d03da
:1045a80017008010f2ff02240800838c0080023c70
:1045b800b85142240f006250020085840800e003cd
:1045c800f2ff02240e00c010f4ff0224280086ac7b
:1045d80004000224180082a41c0080a41a0080a4ed
:1045e80001000224020082a41e0082a40800e00345
:1045f8000100022402000324f2ffa310f3ff0224a7
:084608000800e00300000000bf
:020000040000fa
:020000041d03da
:10461000e8ffbd271400bfaf1000b0afdde0400fd2
:1046200025808000080040101400bf8f34000296df
:104630000800423007004014f7ff05249ddc400fbe
:10464000252000021400bf8f1000b08f0800e00387
:104650001800bd27001206242528000095d3400f1e
:1046600025200002f7ff4010020002241a0002a6d3
:08467000f4ff00101c0000a67d
:020000040000fa
:020000041d03da
:10467800e8ffbd271400bfaf1000b0af2580800051
:104688000800828c1400438c0400638c1000468c54
:1046980025288000039d043c09f860001c4f8424f1
:1046a80007004104252840009ddc400f252000021a
:1046b8001400bf8f1000b08f0800e0031800bd275a
:1046c800fbff4014040002241a0002a6050002247d
:0846d800f7ff00101c0002a610
:020000040000fa
:020000041d03da
:1046e000e0ffbd271c00bfaf1800b1af1400b0af92
:1046f000258880002580a0002800848c0f0082304f
:10470000010005240428450079ed400f0221040032
:10471000080020ae3400228e0000428c0c00078e70
:104720000000068e0800058e09f840000400048e83
:10473000010002241c00bf8f1800b18f1400b08f3d
:084740000800e0032000bd2782
:020000040000fa
:020000041d03da
:10474800e0ffbd271c00bfaf1800b2af1400b1af27
:104758001000b0af259080002588a00044d6400ff7
:104768002580c00006004054000052ac44d6400fdb
:10477800feff0424050040107cff0324000052ac17
:10478800040051ac080050ac25180000251060004a
:104798001c00bf8f1800b28f1400b18f1000b08fab
:0847a8000800e0032000bd271a
:020000040000fa
:020000041d03da
:1047b00016008010251800000000828013004010b1
:1047c00000000000e0ffbd271c00bfaf1800b0af25
:1047d0002580a0001000a0af1000a6276ab2400fed
:1047e0000a00052404004004020003241000a28fe4
:1047f000000002ae01000324251060001c00bf8fe2
:104800001800b08f0800e0032000bd270800e00377
:04481000251060000f
:020000040000fa
:020000041d03da
:10481400e8ffbd271400bfaf0400848c2400858cfe
:104824001200a0100080033c845263241400628ca4
:104834000800a58c231045003400638c2b10430022
:10484400020040541400842424008424d4bb400f68
:1048540000000000fcff43240a1802002510600039
:104864001400bf8f0800e0031800bd27f7ff0010f5
:044874001400842484
:020000040000fa
:020000041d03da
:104878000080023c88534390140060140100022415
:104888000080023c90534490010003240f008314dd
:1048980025100000e8ffbd271400bfaf1000b0af1f
:1048a8000080103c58531026380000a2a5d7400fae
:1048b8000800048e310002a2010002241400bf8ff8
:1048c8001000b08f0800e0031800bd270800e003bf
:0448d80000000000dc
:020000040000fa
:020000041d03da
:1048dc00f8ffbd270400bfaf006802400008033c8e
:1048ec002510430000688240c00000000100032432
:1048fc0081bf023cc40043ac25100000004882403c
:10490c00c0000000ffff022400588240c0000000dd
:10491c0000680240c4de027c00688240c0000000d7
:10492c0081bf023cc80043ac0400bf8f0800e00309
:04493c000800bd278b
:020000040000fa
:020000041d03da
:10494000e8ffbd271400bfaf1000b0af96c3400f03
:1049500025808000090040141400bf8ff2c8400f6a
:104960002520000203000324070043140100022451
:1049700005dc400f252000021400bf8f1000b08f0f
:104980000800e0031800bd27a00002aef2c6400fe9
:1049900025200002e8dd400f25200002f6ff001070
:0449a000ffff0224ef
:020000040000fa
:020000041d03da
:1049a400e0ffbd271c00bfaf1800b1af1400b0afcb
:1049b4002580c0000002c230050040102588e000b8
:1049c400010006240100052499be400f240004249c
:1049d40000041032070000121c00bf8f86002296cc
:1049e40004004234860022a617af400f252020027f
:1049f4001c00bf8f1800b18f1400b08f0800e003b3
:044a04002000bd27aa
:020000040000fa
:020000041d03da
:104a080016008014ffff02240080023ccc5644901c
:104a18000100032411008314ffff0224e8ffbd27cf
:104a28001400bfaf1000b0af0080023cc456502441
:104a3800080000a2c456428c1000428c09f84000bd
:104a48000000000001000324080003a21400bf8f27
:104a58001000b08f0800e0031800bd270800e0032d
:044a6800000000004a
:020000040000fa
:020000041d03da
:104a6c0016008014ffff02240080023ccc564490b8
:104a7c000100032411008314ffff0224e8ffbd276b
:104a8c001400bfaf1000b0af0080023cc4565024dd
:104a9c00080000a2c456428c1400428c09f8400055
:104aac000000000001000324080003a21400bf8fc3
:104abc001000b08f0800e0031800bd270800e003c9
:044acc0000000000e6
:020000040000fa
:020000041d03da
:104ad00016008014ffff02240080023ccc56449054
:104ae0000100032411008314ffff0224e8ffbd2707
:104af0001400bfaf1000b0af0080023cc456502479
:104b0000080000a2c456428c0800428c09f84000fc
:104b10000000000001000324080003a21400bf8f5e
:104b20001000b08f0800e0031800bd270800e00364
:044b30000000000081
:020000040000fa
:020000041d03da
:104b340016008014ffff02240080023ccc564490ef
:104b44000100032411008314ffff0224e8ffbd27a2
:104b54001400bfaf1000b0af0080023cc456502414
:104b6400080000a2c456428c0400428c09f840009c
:104b74000000000001000324080003a21400bf8ffa
:104b84001000b08f0800e0031800bd270800e00300
:044b9400000000001d
:020000040000fa
:020000041d03da
:104b9800251080000000a48c0001033c7f006324e2
:104ba80012008310000000000080023cdc55459490
:104bb8000e00a010251000009881828f0400438cfd
:104bc8000a0083100000000025180000010063247b
:104bd80003006554700042240800e003251000001b
:104be8000400468cfaff8654010063240800e003a1
:044bf80000000000b9
:020000040000fa
:020000041d03da
:104bfc00e8ffbd270200a0101400bfaf2e0085a057
:104c0c000800828c060040100000000009f84000eb
:104c1c000c00858c1400bf8f0800e0031800bd2722
:104c2c0087f2400f000000000200422cfaff4054b3
:104c3c001400bf8f85f2400f00000000049d053c5e
:104c4c0024b4a52461b7400f25204000f2ff0010ca
:044c5c001400bf8ff2
:020000040000fa
:020000041d03da
:104c6000e8ffbd271400bfaf1000b0af5c00839019
:104c70000100022408006214258080000c00848c4e
:104c8000060080500c0000ae2000828c08004230ec
:104c900006004010000000000c0000ae1400bf8fa2
:104ca0001000b08f0800e0031800bd27b2c7400f06
:104cb0000000000056000296ffff4224f6ff00109d
:044cc000560002a6f2
:020000040000fa
:020000041d03da
:104cc4000200032415008310ffff0224e8ffbd2720
:104cd4001400bfaf2510e0002538c0002530a00027
:104ce400252840008c56400f01000424ffff0324b4
:104cf40007004310801802001082848f0a18837cf6
:104d04003c00648c01000524448ca47c3c0064ac0d
:104d14001400bf8f0800e0031800bd270800e0035b
:044d2400000000008b
:020000040000fa
:020000041d03da
:104d2800e8ffbd271400bfaf46bc400f1000b0af6e
:104d380010004010258040001400442414004294c0
:104d480004004050240002969269400f00000000c1
:104d58002400029603004010240004269269400fa4
:104d680000000000a8000624252800004eeb400f94
:104d7800252000021400bf8f1000b08f0800e00348
:044d88001800bd272b
:020000040000fa
:020000041d03da
:104d8c00e8ffbd271400bfaf1000b0af2580800036
:104d9c0001000224300082a0320085a4030002240a
:104dac00310082a00800828c02004294b98c400f22
:104dbc00360082a4252040000300433805008104fe
:104dcc002b100300f4ff05249ddc400f252000026e
:104ddc00251000001400bf8f1000b08f0800e003f6
:044dec001800bd27c7
:020000040000fa
:020000041d03da
:104df000e8ffbd271400bfaf1000b0af25808000d2
:104e00000800838c1000628c060045300400443496
:104e10000a10850038004530200044340a1085000f
:104e2000100062ac0100052463d3400f252000026e
:104e300004004010040002241a0002a6010002240b
:104e40001c0002a61400bf8f1000b08f0800e00302
:044e50001800bd2762
:020000040000fa
:020000041d03da
:104e5400e8ffbd271400bfaf1000b0af258080006d
:104e640001000224300082a0320085a4310082a017
:104e7400340086a40800828c02004294b98c400f4e
:104e8400360082a425204000030043380500810435
:104e94002b100300f4ff05249ddc400f25200002a5
:104ea400251000001400bf8f1000b08f0800e0032d
:044eb4001800bd27fe
:020000040000fa
:020000041d03da
:104eb800e8ffbd271400bfaf1000b0afdde0400f22
:104ec80025808000080040101400bf8f340002962f
:104ed8000010423007004014f8ff05249ddc400f05
:104ee800252000021400bf8f1000b08f0800e003d7
:104ef8001800bd272528000063d3400f2520000295
:104f0800f8ff4010020002241a0002a6f5ff001064
:044f18001c0000a6d3
:020000040000fa
:020000041d03da
:104f1c00dc5c029da094039d24b0039d84b4039d8e
:104f2c002452039d3413029d4c60039d20a7039dc6
:104f3c00f4a6039db883039d907b039d1850029d9e
:104f4c005858039db458039dc451039da845039d17
:104f5c00f441039d6451039d3083039db0a2039dd6
:104f6c002c95029d9c8e029decba039dc4b4039dae
:044f7c00e0a2039d0f
:020000040000fa
:020000041d03da
:104f8000e8ffbd271400bfaf1000b0af6ee5400fc3
:104f900025808000100040101400bf8f08bf400f14
:104fa00025200002ffff10320081100000a0023c0b
:104fb00000a0033c70186324701442240a10507c33
:104fc0000400648c231044000800638c2610430006
:104fd0000100422c1400bf8f1000b08f0800e003c6
:044fe0001800bd27d1
:020000040000fa
:020000041d03da
:104fe400e0ffbd271c00bfaf1800b1af1400b0af85
:104ff400258080002588a0002538000062008624d2
:10500400125c400f1400858c020003240900431431
:10501400ffff022401000224000022a20c0002244b
:105024001c00bf8f1800b18f1400b08f0800e0037c
:105034002000bd27140002aef9ff00100d00022469
:020000040000fa
:020000041d03da
:10504400e8ffbd271400bfaf1000b0af4c81828fc2
:105054000f00401025808000010006240100052473
:10506400a99b400f1000848c1600039202000224b6
:10507400070062144c81828fffff42240400401415
:105084004c8182af2dae400f000000003c8180af08
:105094001400bf8f1000b08f0800e0031800bd2774
:020000040000fa
:020000041d03da
:1050a400e8ffbd271400bfaf1000b0af258080001b
:1050b40024008484ffff0224060082500c00048e26
:1050c400fabb400f00000000ffff0224240002a6e8
:1050d4000c00048e04008010000000004ce8400f17
:1050e400000000000c0000ae82b0400f252000023a
:1050f4001400bf8f1000b08f0800e0031800bd2714
:020000040000fa
:020000041d03da
:10510400e8ffbd271400bfaf1000b0af5000838c80
:105114000e006010f2ff10244400828c3000428c98
:1051240009f8400025206000258040002720020067
:10513400e5140724049d063cd8c1c624049d053cff
:105144006894a524d5c1400fc2270400251000028d
:105154001400bf8f1000b08f0800e0031800bd27b3
:020000040000fa
:020000041d03da
:1051640015008010f2ff02240800838c0080023caa
:10517400b85142240d006250020086840800e00306
:10518400f2ff0224280085ac06000224180082a441
:105194001c0080a41a0080a401000224020082a43e
:1051a4001e0082a40800e00301000224020003247c
:1051b400f4ffc310f3ff02240800e0030000000022
:020000040000fa
:020000041d03da
:1051c40015008010f2ff02240800838c0080023c4a
:1051d400b85142240d006250020085840800e003a7
:1051e400f2ff0224280086ac03000224180082a4e3
:1051f4001c0080a41a0080a401000224020082a4de
:105204001e0082a40800e00301000224020003241b
:10521400f4ffa310f3ff02240800e00300000000e1
:020000040000fa
:020000041d03da
:105224000080023cb8514224100044500080023ceb
:105234000800e00300000000e8ffbd271400bfaf32
:10524400f451429480180200049d023c40bb422465
:105254000a10437c0080043c09f84000dc5184249b
:105264001400bf8f0800e0031800bd27dc514290f2
:10527400f1ff40540080023c0800e00300000000fd
:020000040000fa
:020000041d03da
:10528400e8ffbd271400bfaf1000b0afdde0400f52
:10529400258080000f0040101400bf8f2800048e6a
:1052a4000900801025280000340003968000627ce9
:1052b4001000633025284000040042340a10a30083
:1052c400000082ac252800009ddc400f2520000250
:1052d4001400bf8f1000b08f0800e0031800bd2732
:020000040000fa
:020000041d03da
:1052e400e8ffbd271400bfaf00a0023ca018422471
:1052f400010040a000a0033c05000424b01864a0f1
:105304000080043ccc528424b01863243c0083ac59
:1053140001000324400083ac380082ac0200022464
:10532400440082ac0080053cb8d1400f0453a5244e
:10533400010002241400bf8f0800e0031800bd27f9
:020000040000fa
:020000041d03da
:10534400110080100100022411008210ffff0224ca
:105354000080023c5c22428c0f0040100080033c21
:10536400662263900c00601400000000e8ffbd2773
:105374001400bfaf09f840000300c6901400bf8fab
:105384000800e0031800bd27f1ff00102400c0aca2
:10539400efff00102400c2ac0800e003000000008e
:020000040000fa
:020000041d03da
:1053a4000080023c5022438c0000689012000015db
:1053b400ffff022401000224000062a0080066ac82
:1053c400100064ac060065a4ffff0224140062ac64
:1053d400010002240c0062ac180067ac010060a05c
:1053e400040060a0030060a061000224020062a027
:1053f400200060ac251060000800e00300000000fd
:020000040000fa
:020000041d03da
:10540400ffff83301900632c130060101300022483
:10541400ffff833000a0023c0029030070144224e3
:10542400211045000c00458c0b00a4141300022429
:105434000019030000a0023c7014422421106200f1
:10544400ffff0324000043ac080040acff0003242a
:105454000c0043ac251000000800e003000000002d
:020000040000fa
:020000041d03da
:105464000d0a3430343a2046696c65206e6f74201e
:10547400666f756e643c62723e557365203c6120b4
:10548400687265663d222f6d70667375706c6f610e
:1054940064223e4d5046532055706c6f61643c2f1e
:1054a400613e20746f2070726f6772616d20776542
:0c54b400622070616765730d0a00000043
:020000040000fa
:020000041d03da
:1054c000700083900300022403006210080005248a
:1054d00010006514251000000800868c0c00838cd9
:1054e0002b10c30009004054231066000400858c73
:1054f0000000828c2310a200ffff42242318c30067
:10550000231043000800e003ffff4230ffff422466
:0c551000ffff42300800e0030000000034
:020000040000fa
:020000041d03da
:10551c00e8ffbd271400bfafc2ea400f1000b0afc8
:10552c000d004010251800002580400070004490ac
:10553c000b0002240900821425106000e7c4400f00
:10554c00252000020400400425180000010002245c
:10555c00700002a201000324251060001400bf8f0c
:0c556c001000b08f0800e0031800bd27fd
:020000040000fa
:020000041d03da
:10557800e0ffbd271c00bfaf1800b1af1400b0afeb
:105588002580c0000002c230050040102588e000d8
:10559800010006240100052499be400f24000424bc
:1055a80000041032050000121c00bf8f86002296ee
:1055b80002004234860022a61c00bf8f1800b18f5b
:0c55c8001400b08f0800e0032000bd2795
:020000040000fa
:020000041d03da
:1055d400e0ffbd271c00bfaf1800b1af1400b0af8f
:1055e4000000b18c0c0020162510000040e8400f8c
:1055f4002580a000090040101c00bf8f4200439486
:1056040000106330060060501800b18f2000038e34
:10561400c005637c0a1023021c00bf8f1800b18fe1
:0c5624001400b08f0800e0032000bd2738
:020000040000fa
:020000041d03da
:105630000c00828c13004010251800000000828ca2
:10564000000045940100a5300800a0500800858c9a
:10565000000045940400057c000045a42400858cce
:10566000ffffa524240085ac0800858c211045008f
:10567000010063240c00858c2b286500f1ffa054e9
:0c568000000045940800e003000000005a
:020000040000fa
:020000041d03da
:10568c000010032413008310251000000080023c3e
:10569c00dc5545940f00a010251000009881828fd6
:1056ac00ffff8430020043940a00641000000000e5
:1056bc002518000001006324030065547000422487
:1056cc000800e0032510000002004694faffc454c1
:0c56dc00010063240800e003000000004f
:020000040000fa
:020000041d03da
:1056e8000e0083940900632c12006014ffff02244b
:1056f8001000858c020002240000a2a00800828c01
:105708003c0043240a180200251060000100a3246d
:1057180003004488000044980400a4a8000064b86a
:1057280004004490040064a005004290050062a0b3
:0c573800090002240800e003000000004b
:020000040000fa
:020000041d03da
:10574400e8ffbd271400bfaf26eb400f1000b0af39
:10575400258040000d000012251000003000028e4c
:1057640004004010000000003600029608004014b7
:105774001400bf8fdde6400f252000023000038ea9
:105784000200601025100000360002961400bf8f3e
:0c5794001000b08f0800e0031800bd27d3
:020000040000fa
:020000041d03da
:1057a000e8ffbd271400bfaf1000b0af97c0400f97
:1057b000010005240d004010258040009269400f33
:1057c000252040000400108e090000121400bf8f35
:1057d0006eee400f00000000000003920100632401
:1057e000000003a275ee400f252040001400bf8f7b
:0c57f0001000b08f0800e0031800bd2777
:020000040000fa
:020000041d03da
:1057fc00e0ffbd271c00bfaf1800b1af1400b0af65
:10580c0025808000dff1400f2588a000090040149e
:10581c00251800000400201200000000b2e9400f1f
:10582c0025200002000022ae42f1400f252000028c
:10583c0001000324251060001c00bf8f1800b18fdd
:0c584c001400b08f0800e0032000bd270e
:020000040000fa
:020000041d03da
:1058580014008010f2ff02240800838c0080023cb0
:10586800b85142240c006250020085840800e0030d
:10587800f2ff022405000224180082a41c0080a460
:105888001a0080a401000224020082a41e0082a43f
:105898000800e0030100022402000324f5ffa3101e
:0c58a800f3ff02240800e00300000000f1
:020000040000fa
:020000041d03da
:1058b40014008010f2ff02240800838c0080023c54
:1058c400b851422406006250c1bf023c0800e00304
:1058d400f2ff0224251864000800e0030000a3acd2
:1058e400c0ff438c0006647c01008424c0ff438c09
:1058f4004006637c0100632c00190300f5ffa0142b
:0c590400251000000800e0030000000077
:020000040000fa
:020000041d03da
:105910000080023c2452428c0e0082100080033c26
:105920003052632401000224080005240000668c24
:105930000a00c454010042244018020021106200f1
:10594000801802000080023c245242240800e00338
:1059500021104300f8ff001025100000f3ff45144c
:0c5960000c0063240800e0032510000088
:020000040000fa
:020000041d03da
:10596c0044ba039d607a019dc82d029d7c5c019d0b
:10597c007cd2009d9c5f039d000000000000000095
:10598c00986f029d00000000e8ef029dfc4e029d06
:10599c008421019d000000008889039d8841039d9e
:1059ac00b87a039d80a4019d70d2029d4457039d3b
:0859bc008cfb029d40a0039d3d
:020000040000fa
:020000041d03da
:1059c40028ba039d607a019dc82d029d7c5c019dcf
:1059d4007cd2009d9c5f039d00000000000000003d
:1059e400986f029d00000000e8ef029dfc4e029dae
:1059f4008421019d000000008889039d8841039d46
:105a0400b87a039d80a4019d70d2029d4457039de2
:085a14008cfb029d40a0039de4
:020000040000fa
:020000041d03da
:105a1c00b08b039d802c029dacd9029df4d3019dcb
:105a2c00447e019dc876039d8076039d909e039dc8
:105a3c007092039d1c55039d0c31039d5474029d63
:105a4c007c6f039d347f029d2c5c039d783c039df1
:105a5c001077039de0f9019d3040019dc09e039d90
:085a6c00ec8b039d10a0039dcb
:020000040000fa
:020000041d03da
:105a7400f445029d802c029dacd9029df4d3019d76
:105a8400447e019dc876039d8076039d909e039d70
:105a94007092039d1c55039d0c31039d5474029d0b
:105aa4007c6f039d347f029d2c5c039d783c039d99
:105ab4001077039de0f9019d3040019dc09e039d38
:085ac400ec8b039d10a0039d73
:020000040000fa
:020000041d03da
:105acc00e8ffbd271400bfaf1000b0af2580a000c9
:105adc009880858f0c00a010080002240000a28c76
:105aec00090040500800022409f8400000000000a2
:105afc0002000324040043140800022401000224c1
:105b0c00000002a2070002241400bf8f1000b08f07
:085b1c000800e0031800bd279a
:020000040000fa
:020000041d03da
:105b2400e0ffbd271c00bfaf1800b1af1400b0af39
:105b3400258080002588a0005c008594c22805008b
:105b44007ba4400f0200a5302530000060000596bc
:105b540098e5400f2520000201000224000022a243
:105b6400251000001c00bf8f1800b18f1400b08fe7
:085b74000800e0032000bd273a
:020000040000fa
:020000041d03da
:105b7c00e8ffbd271400bfaf9d9c400f0000000044
:105b8c000d0040140100032487f2400f00000000b8
:105b9c000300422c080040142518000085f2400f29
:105bac0000000000049d053c0098a52498d0400fef
:105bbc002520400025180000251060001400bf8f20
:085bcc000800e0031800bd27ea
:020000040000fa
:020000041d03da
:105bd4004010010004c7039dd0aa009d0062039dec
:105be400dcc8039dc08a039d60d2019d6075039d3e
:105bf400c886039d9804039d342b029de4c8039d2d
:105c040070df029d3853019dec5f029d9cec019d69
:105c14001813039d8c93029dc0eb029de8de019d49
:085c24004485029dd09d039d03
:020000040000fa
:020000041d03da
:105c2c00e0ffbd271c00bfaf1800b1afc2ea400fa8
:105c3c001400b0af0a0040102588000025804000f9
:105c4c00dde2400f25204000050040102588400073
:105c5c001c00028e200002ae6cb9400f2520000201
:105c6c00251020021c00bf8f1800b18f1400b08fbc
:085c7c000800e0032000bd2731
:020000040000fa
:020000041d03da
:105c84001300a010251000000080023c8c52428cae
:105c94000f00401010000724d8ffbd272400bfaf19
:105ca4001000a0af1400a5af1800a6af1c00a4af4d
:105cb4001000a627252840000080043c6ec9400f30
:105cc400a45284242400bf8f0800e0032800bd27c9
:085cd4000800e00300000000dd
:020000040000fa
:020000041d03da
:105cdc000400a38c0300632811006014ffff02244e
:105cec000000a38c01006790010006240c00e61450
:105cfc0000000000020063900800a3ac0200052421
:105d0c0007006514030002246000829004004230f6
:105d1c00ffff0424030003240b18820025106000ed
:085d2c000800e0030000000084
:020000040000fa
:020000041d03da
:105d34001300a01025100000d0ffbd272c00bfaf1a
:105d44003c81828f0b004010140007241000a0af88
:105d54001400a5af1800a0af1c00a6af2000a4af8c
:105d64001000a627252840000080043c6ec9400f7f
:105d74005c5684242c00bf8f0800e0033000bd274c
:085d84000800e003000000002c
:020000040000fa
:020000041d03da
:105d8c001c81023c1200a010c59d423421288500c4
:105d9c001c81023cc59d42340036020040180200b2
:105dac00003902002118670021186200c039020076
:105dbc002118670000120200211062002118c20095
:105dcc0001008424ffff8290f3ffa41426104300eb
:085ddc000800e00300000000d4
:020000040000fa
:020000041d03da
:105de40013008010251000004200839440006330ab
:105df4000f006010000000000000a68cffff0324c9
:105e04000900c31001000224e8ffbd271400bfaf3e
:105e140082e3400f00000000010042301400bf8ff5
:105e24000800e0031800bd270800e0030100423029
:085e34000800e003000000007b
:020000040000fa
:020000041d03da
:105e3c00e0ffbd271c00bfaf1800b1af1400b0af1e
:105e4c00258880002520a0002580c000a4b8400f24
:105e5c002528200206004010251800000c00028e98
:105e6c002528200209f84000252000020100032407
:105e7c00251060001c00bf8f1800b18f1400b08f6c
:085e8c000800e0032000bd271f
:020000040000fa
:020000041d03da
:105e9400e0ffbd271c00bfaf1800b2af1400b1afc4
:105ea4001000b0af2590800000607141c000000078
:105eb40051ec400f000000002580400040ea400ff4
:105ec4002520400254ea400f01002432251000022c
:105ed4001c00bf8f1800b28f1400b18f1000b08f58
:085ee4000800e0032000bd27c7
:020000040000fa
:020000041d03da
:105eec00e8ffbd271400bfafd7ee400f1000b0afd6
:105efc000080103cec541026c746400f0400048e62
:105f0c00039d023c107b428c09f840001000048e6b
:105f1c002f10400f0c00048e5681400f1c00048e75
:105f2c0077dc400f000000001400bf8f1000b08f12
:085f3c000800e0031800bd2776
:020000040000fa
:020000041d03da
:105f4400e0ffbd271c00bfaf1800b1af1400b0af15
:105f54002588c0002580e000c88184af54de400f4e
:105f6400bc8185af2528400012eb400f252020027c
:105f7400050000121c00bf8f54de400f000000001b
:105f8400e08182af1c00bf8f1800b18f1400b08f66
:085f94000800e0032000bd2716
:020000040000fa
:020000041d03da
:105f9c00e8ffbd271400bfaf26eb400f1000b0afd9
:105fac00258040000c000012251000003000028eed
:105fbc00040040545c000492dde6400f25200002f2
:105fcc005c000492010003240300831425100000dc
:105fdc001400028e2b1002001400bf8f1000b08f23
:085fec000800e0031800bd27c6
:020000040000fa
:020000041d03da
:105ff400e0ffbd271c00bfaf1800b2af1400b1af63
:106004001000b0af258080002590c0002588e000f6
:106014003af1400fff00a530ff0045323ef1400f3a
:1060240025200002252820026add400f25200002d9
:106034001c00bf8f1800b28f1400b18f1000b08ff6
:086044000800e0032000bd2765
:020000040000fa
:020000041d03da
:10604c00130080100080023c0800838cb85142245d
:10605c000f00621400000000e8ffbd271400bfaf62
:10606c001000b0af258080000c00828c1c00428c8c
:10607c0009f840001000848c000000a2020000a669
:10608c001400bf8f1000b08f0800e0031800bd276c
:08609c000800e0030000000011
:020000040000fa
:020000041d03da
:1060a4001300801053ff02245c0085ac4567023c5a
:1060b400012342244c0082accdef023c89ab423434
:1060c400500082acba98023cfedc4234540082acec
:1060d4003210023c76544224580082ac000080ac5a
:1060e400040080ac080080ac600080ac2510000087
:0860f4000800e00300000000b9
:020000040000fa
:020000041d03da
:1060fc00e8ffbd271400bfaf1000b0af6ee5400f36
:10610c00258080000b0040102518000008bf400fb0
:10611c0025200002ffff10320081100000a0033c7c
:10612c00701463240a18707c00a0023c7418428c12
:10613c0023186200251060001400bf8f1000b08f70
:08614c000800e0031800bd2764
:020000040000fa
:020000041d03da
:10615400049d063c2510000000c0c624401802001f
:1061640021186600000067800300e0540000858c5d
:106174000800e00301006290010042240000a880ae
:1061840004000715ff004230010062900100a524bd
:10619400000085ac0b00432cf1ff60144018020092
:0861a4000800e0030000000008
:020000040000fa
:020000041d03da
:1061ac00e8ffbd271400bfaf1000b0afc880828fce
:1061bc000c004018258080005590400f1000848cf6
:1061cc00160003920200022406006214c880828f1b
:1061dc00ffff422403004014c88082af327f400f7f
:1061ec00252000021400bf8f1000b08f0800e003c0
:0461fc001800bd27a3
:020000040000fa
:020000041d03da
:106200000080023cc02042241000821400000000e4
:106210000e008010000000000080023ce020429050
:10622000010042300900401000000000e8ffbd27d7
:106230001400bfaf0080043c7196400fc02084243e
:106240001400bf8f0800e0031800bd270800e0031a
:04625000000000004a
:020000040000fa
:020000041d03da
:10625400e8ffbd271400bfaf1000b0af2580800059
:106264004800828c4000428c253800008c00862433
:106274002528000009f840001800848c0700410418
:1062840001000224bfe2400f252000021400bf8f4a
:106294001000b08f0800e0031800bd27fbff0010ba
:0462a400980002aeae
:020000040000fa
:020000041d03da
:1062a800e0ffbd271c00bfaf1800b1af2fee400fb5
:1062b8001400b0af2580400009000012faff022444
:1062c8004c00118e5c020624252800004eeb400f7e
:1062d8002520000209f820022520000225100000d0
:1062e8001c00bf8f1800b18f1400b08f0800e003a6
:0462f8002000bd279e
:020000040000fa
:020000041d03da
:1062fc00251800000080023c102242240080063c3d
:10630c003822c624000047940a00e0140000000064
:10631c000a18430004004224fbff46540000479433
:10632c000600a0102510a0000000a3ac0800e0039c
:10633c0025100000f8ffe454040042240800e00398
:04634c00000000004d
:020000040000fa
:020000041d03da
:10635000e8ffbd271400bfaf1000b0af0b008010e6
:106360009c8180af258080000400828c09f8400069
:106370003800052405004010252840000c00038e3d
:1063800009f86000252000029c8190af9c81828fdb
:106390002b1002001400bf8f1000b08f0800e00324
:0463a0001800bd27fd
:020000040000fa
:020000041d03da
:1063a400e8ffbd271400bfafe481828f0e004018c0
:1063b400f081838f1000858c0300a314070003244d
:1063c400f08180afc88183af16008490020003245b
:1063d40005008314ffff422403004014e48182afcc
:1063e4008adc400f000000001400bf8f0800e003a7
:0463f4001800bd27a9
:020000040000fa
:020000041d03da
:1063f800e0ffbd271c00bfaf1800b1af1400b0af5d
:10640800258080002588c0003af1400fff00a530a4
:10641800ff0025323ef1400f2520000242f1400fd7
:106428002520000246f1400f252000020400022426
:106438001c00bf8f1800b18f1400b08f0800e00354
:046448002000bd274c
:020000040000fa
:020000041d03da
:10644c000000043ce8ffbd270000842403008010fa
:10645c001400bfaf09f88000000000000000843079
:10646c000000a530049d083c04b2082509f8000181
:10647c00000000000000023c000042240300401019
:10648c000000000009f8400000000000f9ff0010b7
:04649c0000000000fc
:020000040000fa
:020000041d03da
:1064a000e0ffbd271800b0af1c00bfaf52bf400fc8
:1064b00025808000060040504400028effff022429
:1064c0001c00bf8f1800b08f0800e0032000bd271c
:1064d000010006241000a52709f84000252000022d
:1064e00001000324f5ff43141000a293f5ff0010f0
:0464f0001c00bf8f3e
:020000040000fa
:020000041d03da
:1064f400d8ffbd272400bfaf1c00a0af1800a0af79
:106504001400a0af1000a0af7b99400f2538000005
:106514000800401082bf033c01000424080264ac5c
:1065240081bf033c4000043c080164ac1000043cff
:10653400080164ac2400bf8f0800e0032800bd27d5
:020000040000fa
:020000041d03da
:10654400d8ffbd272400bfaf1c00a0af1800a0af28
:106554001400a0af3800a28f7b99400f1000a2afa7
:106564000800401082bf033c01000424080264ac0c
:1065740081bf033c4000043c080164ac1000043caf
:10658400080164ac2400bf8f0800e0032800bd2785
:020000040000fa
:020000041d03da
:10659400d0ffbd272c00bfaf1000a0af2400a0afd8
:1065a400049d023c888542241400a2af0100022409
:1065b4001800a2af039d023c384342241c00a2af42
:1065c4000d0002242000a2af1000a527a2a9400fad
:1065d400252000002c00bf8f0800e0033000bd27f9
:020000040000fa
:020000041d03da
:1065e400e8ffbd271400bfaf1000b0af25808000c6
:1065f400010002240000a2a07ba4400f0100052496
:1066040006004010100003242530000060000596a9
:1066140098e5400f25200002251800002510600091
:106624001400bf8f1000b08f0800e0031800bd27ce
:020000040000fa
:020000041d03da
:10663400e0ffbd271c00bfaf1800b1af1400b0af1e
:10664400258880002580a0000ce9400f2520a000ab
:106654002528400063d7400f252000020c00238e1c
:106664001b004300f4016000101000001c00bf8fe9
:106674001800b18f1400b08f0800e0032000bd277c
:020000040000fa
:020000041d03da
:106684005365742d436f6f6b69653a2000000000f9
:106694002e2e2f7372632f636f6e6669672f646586
:1066a4006661756c742f6c6962726172792f7463a0
:1066b4007069702f7372632f74637069705f68659b
:1066c4006c706572735f707269766174652e6800b0
:020000040000fa
:020000041d03da
:1066d400e8ffbd271400bfaf1000b0af2580a000b5
:1066e4000200062425288000a2e1400f2520000294
:1066f4007400038e401006240100052409f860008c
:10670400252040004001028e01004224400102aed7
:106714001400bf8f1000b08f0800e0031800bd27dd
:020000040000fa
:020000041d03da
:106724000011040000404330c21104000400423050
:10673400251043004219040008006330251062004c
:10674400801904004020633025186200c010040042
:10675400800342302518430080100400200042309a
:10676400251043004008847c0800e00325108200c3
:020000040000fa
:020000041d03da
:1067740070008590fdffa324ff0063300300632ca9
:1067840005006014030002240800a5380100022457
:10679400030003240a1065008400838c0002653022
:1067a40025204000040042340a10850000046330b0
:1067b40025204000080042340800e0030a1083004a
:020000040000fa
:020000041d03da
:1067c4008400828c000b427c080040500400828cc0
:1067d400010042380100422c010042388400838cbd
:1067e40044ef437c0800e003840083ac0000838c06
:1067f40023104300660085944018050021186500a5
:10680400421803002b104300f3ff0010010042382c
:020000040000fa
:020000041d03da
:10681400544350204e554c4c2064796e616d69632d
:1068240020616c6c6f636174696f6e2068616e6463
:106834006c652f696e6974206461746100000000e6
:10684400205443502044796e616d696320616c6cff
:106854006f636174696f6e206661696c65640000c2
:020000040000fa
:020000041d03da
:10686400495076343a204661696c656420746f201f
:10687400726567697374657220415250206e6f743b
:10688400696669636174696f6e21200d0a000000f6
:10689400495076343a2041525020656e74726965cd
:1068a4007320706f6f6c20656d707479210d0a0010
:020000040000fa
:020000041d03da
:1068b4000400a38c060063280f006014ffff022469
:1068c4000000a38c01006690040004240a00c41490
:1068d40000000000020062901300a2a00300629076
:1068e4001200a2a0040062901100a2a00500629010
:1068f4001000a2a0060002240800e003000000002b
:020000040000fa
:020000041d03da
:106904000400a38c060063280f006014ffff022418
:106914000000a38c01006690040004240a00c4143f
:1069240000000000020062901700a2a00300629021
:106934001600a2a0040062901500a2a005006290b7
:106944001400a2a0060002240800e00300000000d6
:020000040000fa
:020000041d03da
:106954000400a38c060063280f006014ffff0224c8
:106964000000a38c01006690040004240a00c414ef
:1069740000000000020062901b00a2a003006290cd
:106984001a00a2a0040062901900a2a0050062905f
:106994001800a2a0060002240800e0030000000082
:020000040000fa
:020000041d03da
:1069a4000400a38c050063280f006014ffff022479
:1069b4000000a28c37000324000043a0030003243a
:1069c400010043a0049d033c74ca6490020044a0e7
:1069d40074ca632401006490030044a0020063901d
:1069e400040043a0050002240800e00300000000a6
:020000040000fa
:020000041d03da
:1069f400e0ffbd271c00bfaf1800b1af1400b0af5b
:106a0400258880002580a0000ce9400f2520a000e7
:106a14002528400063d7400f252000020c00238e58
:106a24001b004300f4016000101000001c00bf8f25
:106a34001800b18f1400b08f0800e0032000bd27b8
:020000040000fa
:020000041d03da
:106a4400e0ffbd271c00bfaf1800b1af1400b0af0a
:106a540025808000000080ac040080ac6eee400f06
:106a6400080080ac010011240c0011a275ee400f47
:106a7400252040000d0011a2010002241c00bf8f3c
:106a84001800b18f1400b08f0800e0032000bd2768
:020000040000fa
:020000041d03da
:106a9400e0ffbd271c00bfaf1800b1af1400b0afba
:106aa4000d00919009002012251020026eee400f77
:106ab400258080000c000392010063240c0003a2d3
:106ac40075ee400f25204000251020021c00bf8fca
:106ad4001800b18f1400b08f0800e0032000bd2718
:020000040000fa
:020000041d03da
:106ae4000080023cdc5546940f00c01025100000c5
:106af4009881828f25180000420045944000a530fb
:106b04000600a050010063240400478c0000858c1b
:106b14000500e5100000000001006324f6ff661480
:106b240070004224251000000800e003000000006b
:020000040000fa
:020000041d03da
:106b34000080023cdc5546940f00c0102510000074
:106b44009881858f25180000ffff84304400a28cb3
:106b54000600405001006324000047940300e454fd
:106b6400010063240800e0030400428cf7ff66146c
:106b74007000a524251000000800e00300000000b8
:020000040000fa
:020000041d03da
:106b840011008010000000000300a01000000000ad
:106b94000000a28c040082ac0300c01000000000be
:106ba4000000c28c080082ac0400e05042008294d1
:106bb4000000e28c0c0082ac420082941000a3938b
:106bc4000463627c420082a40800e0030000000029
:020000040000fa
:020000041d03da
:106bd400e0ffbd271c00bfaf1800b1af1400b0af79
:106be400258880002580a000d4bb400f25202002ea
:106bf400050040141c00bf8f1800b18f1400b08f23
:106c04000800e0032000bd270c00038e2528400067
:106c140009f8600025200002f3ff001000000000c6
:020000040000fa
:020000041d03da
:106c2400e0ffbd271c00bfaf8dc9400f1000a0af0f
:106c340004004010040006241000a52711e7400fab
:106c4400252040006eee400f00000000ac818393cd
:106c540001006324ac8183a375ee400f252040001e
:106c64001000a28f1c00bf8f0800e0032000bd2786
:020000040000fa
:020000041d03da
:106c7400e8ffbd271400bfaf00a0023c06000324b8
:106c8400b01843a00080043ccc528424b0184224a1
:106c94003c0082ac380080ac01000224400082ac8d
:106ca400440080ac0080053cb8d1400f0453a524b7
:106cb400010002241400bf8f0800e0031800bd2760
:020000040000fa
:020000041d03da
:106cc400c8ffbd273400bfaffeff02242800a2afd7
:106cd4002400a0af5000a28f2000a2af4c00a28fce
:106ce4001c00a2af4800a28f1800a2af1400a7afe7
:106cf4001000a6af2538a00025300000bb98400f37
:106d0400252800003400bf8f0800e0033800bd27a9
:020000040000fa
:020000041d03da
:106d14001400e38c100060100080043ce8ffbd27e1
:106d24001400bfafe84a84242320e4008320040035
:106d3400e338023c398e42340220827001008424fc
:106d44001800e78c09f860002026047c1400bf8f2b
:106d54000800e0031800bd270800e003000000005d
:020000040000fa
:020000041d03da
:106d64000200832c10006010010002244020040063
:106d740000a0023c40024390448282278a21447c42
:106d8400090064140100022400a0023c40024324d0
:106d9400020060a4ff0004240c0064acffff032481
:106da400400243a0251000000800e003000000009a
:020000040000fa
:020000041d03da
:106db400e8ffbd271400bfaf1080858f049d043cfd
:106dc40080ed400fd8c284240080023c0c5540acb6
:106dd4000c554224040040ac080040ac0c0040ac0c
:106de400100040ac140040ac180040ac1c0040ac97
:0c6df4001400bf8f0800e0031800bd274a
:020000040000fa
:020000041d03da
:106e00004000839480100300049d033c08866324a3
:106e10000a18627c0b00601025100000e8ffbd27f7
:106e20001400bfaf2538a0002528c0002520e000b1
:106e300034dd400f253060001400bf8f0800e003f0
:0c6e40001800bd270800e003000000005f
:020000040000fa
:020000041d03da
:106e4c00e0ffbd271c00bfaf1800b0af258080004d
:106e5c001000a627c8aa400f020005240600401007
:106e6c0025180000e078400f252000021000a397a1
:106e7c0023186200ffff6330251060001c00bf8fd9
:0c6e8c001800b08f0800e0032000bd27b4
:020000040000fa
:020000041d03da
:106e98000800838c0d006010251000000000648c31
:106ea8000a008010000000000400638cc001637cad
:106eb800261865000100632c04008010211043008f
:106ec8000000868c0300c014251880000800e00329
:0c6ed80000000000f4ff00102520c000a6
:020000040000fa
:020000041d03da
:106ee400e0ffbd271c00bfaf1800b1af1400b0af66
:106ef400258880002580a000cee2400f25200002d6
:106f0400050040141c00bf8f1800b18f1400b08f0f
:106f14000800e0032000bd272528400080e7400f3b
:0c6f240025202002f4ff001000000000f7
:020000040000fa
:020000041d03da
:106f300001000224980282ac000000000000000062
:106f40000000000000000000000000000000000041
:106f50000000000000000000000000000000000031
:106f60000000000000000000000000000000000021
:0c6f7000000000000800e003000000002a
:020000040000fa
:020000041d03da
:106f7c00e8ffbd271400bfafc2ea400f00000000bd
:106f8c00252040000a00801025100000710085901b
:106f9c00010003240700a3141400bf8f4800838c46
:106fac00040060100000000000e0400f0000000032
:0c6fbc001400bf8f0800e0031800bd2780
:020000040000fa
:020000041d03da
:106fc800e8ffbd271400bfaf1000b0af25808000d8
:106fd8000000848c0a0080101400bf8f8cd5400fed
:106fe800000000009bb5400f240004269bb5400f0d
:106ff800140004269bb5400f040004261400bf8f1c
:0c7008001000b08f0800e0031800bd2746
:020000040000fa
:020000041d03da
:10701400e8ffbd271400bfaf1000b0aff2c6400fa9
:1070240025808000eeab400f0c000486940000ae77
:10703400253800002530000001000524d4e4400f69
:1070440025200002080000ae251000001400bf8fa8
:0c7054001000b08f0800e0031800bd27fa
:020000040000fa
:020000041d03da
:10706000e0ffbd271c00bfaf1800b2af1400b1afe6
:107070001000b0af2588800077e0400f2590a00079
:1070800054de400f25804000021812722110620069
:10709000a80022ae1c00bf8f1800b28f1400b18f61
:0c70a0001000b08f0800e0032000bd27a6
:020000040000fa
:020000041d03da
:1070ac00e0ffbd271c00bfaf1800b1af1400b0af9c
:1070bc000288a6706275400f25282002050040103a
:1070cc002580400025302002252800004eeb400f83
:1070dc0025204000251000021c00bf8f1800b18f26
:0c70ec001400b08f0800e0032000bd2756
:020000040000fa
:020000041d03da
:1070f800e0ffbd271c00bfaf1800b1af1400b0af50
:10710800258880002580a00073e3400f2520000219
:107118000500401025284000f8e7400f25202002f0
:10712800f9ff0010000000001c00bf8f1800b18f8d
:0c7138001400b08f0800e0032000bd2709
:020000040000fa
:020000041d03da
:10714400e8ffbd271400bfaf1000b0af08008010e7
:107154002580a0000000828c050040100000000083
:10716400b9da400f00000000050040141400bf8f7e
:1071740002000012251000009481828f1400bf8f3a
:0c7184001000b08f0800e0031800bd27c9
:020000040000fa
:020000041d03da
:107190001000a010251000000000a38c0d0060104e
:1071a000000000000900c0500a00a6a47c81828f64
:1071b000251840002016027c2a1046000100405489
:1071c0002518c0002036037c0a00a6a40c00a6a443
:0c71d000010002240800e00300000000a1
:020000040000fa
:020000041d03da
:1071dc00e8ffbd271400bfafb481828f06004010ba
:1071ec000100032409004310000000001400bf8fad
:1071fc000800e0031800bd276ddb400f0000000005
:10720c0001000224f9ff0010b48182af852e400fdb
:0c721c0000000000f6ff00101400bf8fff
:020000040000fa
:020000041d03da
:10722800e8ffbd271400bfaf20808487ffff02243a
:1072380006008250e881848ffabb400f00000000ee
:10724800ffff0224208082a7e881848f0500801038
:107258001400bf8f4ce8400f00000000e88180afa9
:0c7268001400bf8f0800e0031800bd27d1
:020000040000fa
:020000041d03da
:107274001c0080a41a0080a4180080a40200022428
:10728400020082a40b00a1041e0085a4e8ffbd2710
:107294001400bfaf2530a000049d053ce4b4a52430
:1072a40061b7400f252000001400bf8f0800e003e1
:0c72b4001800bd270800e00300000000e7
:020000040000fa
:020000041d03da
:1072c000e8ffbd271400bfaf1000b0afdde0400ff6
:1072d0002580800009004010040005243400029637
:1072e000220002a663d3400f2520000203004010b5
:1072f000070002241a0002a61c0000a61400bf8f7b
:0c7300001000b08f0800e0031800bd274b
:020000040000fa
:020000041d03da
:10730c00e8ffbd271400bfaf1000b0afdde0400fa9
:10731c0025808000090040100500052434000296e9
:10732c00200002a663d3400f25200002030040106a
:10733c00060002241a0002a61c0000a61400bf8f2f
:0c734c001000b08f0800e0031800bd27ff
:020000040000fa
:020000041d03da
:10735800e8ffbd271400bfaf1000b0afdde0400f5d
:10736800258080000900401006000524340002969c
:10737800260002a663d3400f252000020300401018
:10738800050002241a0002a61c0000a61400bf8fe4
:0c7398001000b08f0800e0031800bd27b3
:020000040000fa
:020000041d03da
:1073a400e8ffbd271400bfaf1000b0afdde0400f11
:1073b40025808000090040100a000524340002964c
:1073c400240002a663d3400f2520000203004010ce
:1073d400040002241a0002a61c0000a61400bf8f99
:0c73e4001000b08f0800e0031800bd2767
:020000040000fa
:020000041d03da
:1073f00010008014ffff02240080023c5022438cc6
:107400001400648cffff06240a008610ffff02248c
:10741000e8ffbd271400bfaf0800628c1400428c47
:1074200009f84000000000001400bf8f0800e003ce
:0c7430001800bd270800e0030000000069
:020000040000fa
:020000041d03da
:10743c00100080140080023c5022428c00004390cb
:10744c000c006010000000000800438c2c00638cc2
:10745c000800601000000000e8ffbd271400bfaf5b
:10746c0009f860001000448c1400bf8f0800e00382
:0c747c001800bd270800e003000000001d
:020000040000fa
:020000041d03da
:10748800e8ffbd271400bfaf81bf023c4000448c19
:107498008003847c81bf023c00400324440043ac49
:1074a8005880828f05004010588082270400458c40
:1074b8000000428c09f84000000000001400bf8f53
:0874c8000800e0031800bd27d5
:020000040000fa
:020000041d03da
:1074d000e0ffbd271c00bfaf1800b0af2580a000a3
:1074e0002c00a7af2c00a72741ad400f1000a7af7d
:1074f000070040042b185000ffff10260a1003025b
:107500001c00bf8f1800b08f0800e0032000bd27cb
:08751000fbff00102510000034
:020000040000fa
:020000041d03da
:10751800e8ffbd271400bfaf253880002520a00054
:107528005c00e29420004230080040142528c00086
:10753800029d063c406cc62434dd400f6200e724ff
:107548001400bf8f0800e0031800bd27029d063c09
:08755800f9ff0010c86bc62406
:020000040000fa
:020000041d03da
:10756000401003240e008314ffff02240080023c1d
:10757000e02043900100643009008010ffff0224e6
:107580000200633006006014010004240080023c05
:10759000c0204224200043904408837c200043a064
:0875a0000800e00300000000f8
:020000040000fa
:020000041d03da
:1075a800b00285a4000000000000000000000000f8
:1075b80000000000000000000000000000000000c3
:1075c80000000000000000000000000000000000b3
:1075d80000000000000000000000000000000000a3
:0875e8000800e00300000000b0
:020000040000fa
:020000041d03da
:1075f0000600c0102510000071008390ff00a2302b
:107600000400621001000324251000000800e003bc
:1076100000000000fdffa314251000000000c28c34
:10762000400082ac8400828c84d6627c840082ac70
:087630000800e0030100022440
:020000040000fa
:020000041d03da
:10763800f080858f0e00a010010002240081838f46
:10764800251000000000668c0500c050010042248f
:107658005e00c6940600c4502510000001004224b4
:10766800f8ff4514040063240800e0030100022425
:087678000800e003000000001f
:020000040000fa
:020000041d03da
:10768000e8ffbd271400bfafc2ea400f00000000b2
:1076900009004010010003248400448c000284305f
:1076a00005008010251800008400438c444a037ca8
:1076b000840043ac01000324251060001400bf8f38
:0876c0000800e0031800bd27db
:020000040000fa
:020000041d03da
:1076c800e8ffbd271400bfafc2ea400f000000006a
:1076d8002518400009006010251000007000649013
:1076e800fdff8324ff0063300300632c0300601454
:1076f80001000224080082380100422c1400bf8fc8
:087708000800e0031800bd2792
:020000040000fa
:020000041d03da
:10771000e8ffbd271400bfaf1000b0afc2ea400fb2
:107720002580a00007004010251800007800448c38
:107730000500905425106000780040ac760040a40d
:1077400001000324251060001400bf8f1000b08fcb
:087750000800e0031800bd274a
:020000040000fa
:020000041d03da
:10775800e8ffbd271400bfaf81bf023c4000448c46
:1077680081bf023c01000324440043ac0481828fa2
:107778000600401001008430048182270400458cf3
:107788000000428c09f84000000000001400bf8f80
:087798000800e0031800bd2702
:020000040000fa
:020000041d03da
:1077a000e8ffbd271400bfaf1000b0af25808000f8
:1077b0002538000025300000d4e4400f02000524e5
:1077c000080000aea000068e049d053c10c1a52453
:1077d00061b7400f252000001400bf8f1000b08f4c
:0877e0000800e0031800bd27ba
:020000040000fa
:020000041d03da
:1077e800e8ffbd271400bfaf0f00052442e2400f99
:1077f8000c000424020043300600601401004230eb
:1078080005004014252000001400bf8f0800e00385
:107818001800bd2701000424b614400f0000000022
:08782800faff00101400bf8fed
:020000040000fa
:020000041d03da
:1078300035000000dc5c039d01000000d844039d7e
:10784000030000007044039d06000000f4da029d6e
:10785000360000009881039d33000000b468039d4a
:107860003a0000000469039d3b0000005469039d39
:08787000ff000000a4c9039d04
:020000040000fa
:020000041d03da
:10787800e02c039d582d039d6c3f039d4440039dc0
:10788800d83f039d48b9039dd8b8039d2cb9039de3
:1078980094af039d10b9039df4b8039d70af039d89
:1078a8004caf039d1ceb019d481c039dc81c039d08
:0878b800a862039d809f039d5f
:020000040000fa
:020000041d03da
:1078c000e8ffbd271400bfaf8c81828f01004224e6
:1078d0008c8182af0080023cbc4442240800439467
:1078e00002006334080043a4253000000200052490
:1078f0000080043c12e2400fcc4484241400bf8f6b
:087900000800e0031800bd2798
:020000040000fa
:020000041d03da
:1079080018008224080040101c0082241800828c71
:10791800040082ac1c00828c080082ac2000828c9f
:10792800050000100c0082acfaff401420008224ed
:10793800fbff40542000828c420082940463027c46
:087948000800e003420082a4e4
:020000040000fa
:020000041d03da
:10795000e8ffbd271400bfafa081828f0400401450
:107960000000000041e6400f01000424a08182af26
:1079700084ca400f00000000a081868f25380000d7
:10798000252040000e3c400f252860001400bf8fca
:087990000800e0031800bd2708
:020000040000fa
:020000041d03da
:10799800e8ffbd271400bfafa081828f0400401408
:1079a8000000000041e6400f01000424a08182afde
:1079b80084ca400f00000000a081868f253800008f
:1079c800252040000e3c400f252860001400bf8f82
:0879d8000800e0031800bd27c0
:020000040000fa
:020000041d03da
:1079e0000e0083940700632c0d006014ffff022437
:1079f000f8ffbd271000828c05000324000043a07f
:107a00000800838c0400638c0000a3af040043a82b
:107a1000010043b8070002240800e0030800bd2766
:087a20000800e0030000000073
:020000040000fa
:020000041d03da
:107a28000c82858f0e00a018010002241082838f1b
:107a3800251000000000668c0500c050010042249b
:107a48002a00c6940600c4502510000001004224f4
:107a5800f8ff4514040063240800e0030100022431
:087a68000800e003000000002b
:020000040000fa
:020000041d03da
:107a7000e8ffbd271400bfaf1000b0af26eb400fea
:107a80002580a0000700401025180000280050a401
:107a90003c00438c01000424448c837c3c0043acb8
:107aa00001000324251060001400bf8f1000b08f68
:087ab0000800e0031800bd27e7
:020000040000fa
:020000041d03da
:107ab800e8ffbd271400bfaf1000b0af26eb400fa2
:107ac8002580a00007004010251800004c00448cb9
:107ad80005009054251060004c0040ac5a0040a4aa
:107ae80001000324251060001400bf8f1000b08f20
:087af8000800e0031800bd279f
:020000040000fa
:020000041d03da
:107b0000e878029df4c9039d284d039da89b039d21
:107b1000b438019d8c70029d4018039da057039db1
:107b20009ca6039dbce8029d382f039dc0a1039d28
:107b3000f0a1039d20a2039d102f029d1cd3029d46
:087b400080a2039d50a2039de9
:020000040000fa
:020000041d03da
:107b4800e0ffbd271c00bfaf1800b1af1400b0aff5
:107b5800258080002588c0003af1400fff00a5303d
:107b6800ff0025323ef1400f25200002ccdb400ffc
:107b7800252000021c00bf8f1800b18f1400b08fa1
:087b88000800e0032000bd2706
:020000040000fa
:020000041d03da
:107b900006008010f2ff02240800838c0080023c63
:107ba000b851422407006210f2ff02240800e003eb
:107bb00000000000ba5142940000c2ac0800e0038b
:107bc00025100000fbffc0540080023c251000007f
:087bd0000800e00300000000c2
:020000040000fa
:020000041d03da
:107bd800e8ffbd271400bfaf1a0082940300432cae
:107be8000900601080180200049d023c3cc8422431
:107bf8000a10437c09f84000000000001400bf8f01
:107c08000800e0031800bd279ddc400ff4ff0524a1
:087c1800fbff00101400bf8ff8
:020000040000fa
:020000041d03da
:107c2000e8ffbd271400bfaf1a0082940300432c65
:107c30000900601080180200049d023c48c84224dc
:107c40000a10437c09f84000000000001400bf8fb8
:107c50000800e0031800bd279ddc400ff4ff052459
:087c6000fbff00101400bf8fb0
:020000040000fa
:020000041d03da
:107c6800e8ffbd271400bfaf1a0082940800432c18
:107c78000900601080180200049d023c04b54224eb
:107c88000a10437c09f84000000000001400bf8f70
:107c98000800e0031800bd279ddc400ff4ff052411
:087ca800fbff00101400bf8f68
:020000040000fa
:020000041d03da
:107cb000e8ffbd271400bfaf1a0082940600432cd2
:107cc0000900601080180200049d023ca0bf4224fd
:107cd0000a10437c09f84000000000001400bf8f28
:107ce0000800e0031800bd279ddc400ff4ff0524c9
:087cf000fbff00101400bf8f20
:020000040000fa
:020000041d03da
:107cf800e8ffbd271400bfaf1a0082940300432c8d
:107d08000900601080180200049d023c54c84224f7
:107d18000a10437c09f84000000000001400bf8fdf
:107d28000800e0031800bd279ddc400ff4ff052480
:087d3800fbff00101400bf8fd7
:020000040000fa
:020000041d03da
:107d4000e8ffbd271400bfaf1a0082940500432c42
:107d500006006014801802009ddc400ff4ff05242b
:107d60001400bf8f0800e0031800bd27049d023ceb
:107d70008cc242240a10437c09f840000000000035
:087d8000f8ff00101400bf8f92
:020000040000fa
:020000041d03da
:107d8800e8ffbd271400bfaf1c0082940b00432cf2
:107d98000900601080180200049d023c4ca7422490
:107da8000a10437c09f84000000000001400bf8f4f
:107db8000800e0031800bd279ddc400ff4ff0524f0
:087dc800fbff00101400bf8f47
:020000040000fa
:020000041d03da
:107dd000e8ffbd271400bfaf0080023ccc52422414
:107de000080040ac240044a0180045ac0600032461
:107df0001ddb400f040043ac040040140080033c32
:107e0000cc52632402000424080064ac1400bf8f29
:087e10000800e0031800bd2783
:020000040000fa
:020000041d03da
:107e180012000000000004005400000000000800e8
:107e280018000000000010005800000000001000ba
:107e380001000000000020004100000000002000b8
:107e48000200000000004000420000000000400066
:087e580043000000000080005f
:020000040000fa
:020000041d03da
:107e60000f00c01025100000ffffc62425180000d9
:107e700021108300000042902138a3000700401029
:107e80000000e7900600e050231047000400c350b4
:107e900023104700f6ff471001006324231047001a
:087ea0000800e00300000000ef
:020000040000fa
:020000041d03da
:107ea8008000a3280e006014251000008200a3287b
:107eb80003006014830003240900a31400000000d9
:107ec8000000c28c070042240410027c08004324ee
:107ed8000000c3ac000040d401000224000080f47c
:087ee8000800e00300000000a7
:020000040000fa
:020000041d03da
:107ef000009e029dcc67019d1877029d5472019de2
:107f00008c83029d0cb5009dc433039dcc5a039d08
:107f100094a5009de0c8009d3c3b019de0f2029dc0
:107f2000e44f039dbc17009d1012039d245b039d2d
:047f3000e465039d64
:020000040000fa
:020000041d03da
:107f34000e00a01000000000e8ffbd271400bfaf32
:107f44001000b0af2580a00025280000a6db400f5c
:107f54001c01848c000002ae251000001400bf8fa9
:107f64001000b08f0800e0031800bd270800e003ec
:047f740025100000d4
:020000040000fa
:020000041d03da
:107f78000e00a01000000000e8ffbd271400bfafee
:107f88001000b0af2580a00001000524a6db400f3b
:107f98001c01848c000002ae251000001400bf8f65
:107fa8001000b08f0800e0031800bd270800e003a8
:047fb8002510000090
:020000040000fa
:020000041d03da
:107fbc000e00a01000000000e8ffbd271400bfafaa
:107fcc001000b0af2580a00025280000a6db400fd4
:107fdc001401848c000002ae251000001400bf8f29
:107fec001000b08f0800e0031800bd270800e00364
:047ffc00251000004c
:020000040000fa
:020000041d03da
:108000000800858c1000838c0c00a3102510000044
:10801000600083940900601001000624e8ffbd277a
:108020001400bfaf8e12400f100005240100422c37
:108030001400bf8f0800e0031800bd270800e0030c
:04804000000000003c
:020000040000fa
:020000041d03da
:10804400e8ffbd271400bfaf1000b0af258080004b
:108054000e53400f00008494000002a60e53400ffc
:1080640002000496020002a60e53400f0600049676
:10807400060002a61400bf8f1000b08f0800e003b2
:048084001800bd27fc
:020000040000fa
:020000041d03da
:10808800e8ffbd271400bfaf1000b0af0080103c60
:1080980058531026310005929ce9400f0800048ec1
:1080a80030000292030040140080023c01000324c7
:1080b800905343a01400bf8f1000b08f0800e00356
:0480c8001800bd27b8
:020000040000fa
:020000041d03da
:1080cc00e8ffbd271400bfaf1000b0af25808000c3
:1080dc00ac00829402004234ac0082a4253800002b
:1080ec0025300000d4e4400f01000524080000ae48
:1080fc00251000001400bf8f1000b08f0800e003a3
:04810c001800bd2773
:020000040000fa
:020000041d03da
:108110000e008010251080000000848c01000324d4
:108120000800831400000000e8ffbd271400bfaf63
:108130006582400f252040001400bf8f0800e00337
:108140001800bd270800e003251000000800e00328
:04815000000000002b
:020000040000fa
:020000041d03da
:108154000400a38c030063280c006014ffff0224b6
:108164000000a38c35000224000062a00100022458
:10817400010062a00c00a28c09004538030004240d
:108184000a108500020062a0030002240800e00334
:0481940000000000e7
:020000040000fa
:020000041d03da
:108198000400a38c060063280c006014ffff02246f
:1081a8000000a38c01006690040004240700c41496
:1081b8000c00a424020062240300438800004398b2
:1081c8000f00a3a8000083b8060002240800e003fb
:0481d80000000000a3
:020000040000fa
:020000041d03da
:1081dc00e8ffbd271400bfafa081828f04004014bc
:1081ec000000000041e6400f01000424a08182af92
:1081fc00e2f1400f00000000a081838f1b004300c0
:10820c00f4016000121000001400bf8f0800e0039e
:04821c001800bd2762
:020000040000fa
:020000041d03da
:10822000e0ffbd271c00bfaf1800b1af1400b0af16
:10823000258080007cee400f2588a00002000324ea
:108240000300431025282002f7eb400f25200002f1
:108250001c00bf8f1800b18f1400b08f0800e0031e
:048260002000bd2716
:020000040000fa
:020000041d03da
:10826400e0ffbd271c00bfaf1800b1af1400b0afd2
:10827400258080007cee400f2588a00002000324a6
:108284000300431025282002eeeb400f25200002b6
:108294001c00bf8f1800b18f1400b08f0800e003da
:0482a4002000bd27d2
:020000040000fa
:020000041d03da
:1082a800e8ffbd271400bfaf1000b0af4000902416
:1082b80073e3400f25200002060040100900062441
:1082c800efff0524ffd2400f25204000f8ff0010e3
:1082d800000000001400bf8f1000b08f0800e003fa
:0482e8001800bd2796
:020000040000fa
:020000041d03da
:1082ec00554450204e554c4c2064796e616d696339
:1082fc0020616c6c6f636174696f6e2068616e6471
:10830c006c6500005544502044796e616d696320a2
:10831c00616c6c6f636174696f6e206661696c650a
:04832c0064000000e9
:020000040000fa
:020000041d03da
:1083300006008010f2ff02240800838c0080023cbb
:10834000b851422406006210f2ff02240800e00344
:10835000000000000000a2ac0800e00325100000af
:10836000fcffa0543c00828c251000000800e003b4
:048370000000000009
:020000040000fa
:020000041d03da
:10837400e8ffbd271400bfaf1000b0af7fa5400fca
:108384002580800025204000020043380500810438
:108394002b100300f4ff05249ddc400f2520000270
:1083a400251000001400bf8f1000b08f0800e003f8
:0483b4001800bd27c9
:020000040000fa
:020000041d03da
:1083b8000e008010f2ff02240800838c0080023c2b
:1083c800b851422409006214f2ff0224e8ffbd27d5
:1083d8001400bfaf9ddc400ff1ff052425100000fd
:1083e8001400bf8f0800e0031800bd270800e00351
:0483f8000000000081
:020000040000fa
:020000041d03da
:1083fc00ffff03240d008310251000000080023cb9
:10840c00cc5242240800438c080060102510000058
:10841c00e8ffbd271400bfaf74df400f2000042419
:10842c001400bf8f0800e0031800bd270800e0030c
:04843c00000000003c
:020000040000fa
:020000041d03da
:1084400000606041c000000099aa033c80bf023c6c
:1084500055666324300040ac300043ac6655033ca5
:10846000aa996334300043ac80bf023c010003246e
:10847000581243ac80bf023c5012428c12e1400bb8
:0484800000000000f8
:020000040000fa
:020000041d03da
:108484000080023ce054438ce8ffbd271000b0afed
:108494001400bfaf03006014258040008088400fa3
:1084a400000000000080023ce454438c1400bf8fa1
:1084b400e054028e1000b08f1800bd270800e003be
:0484c400231062001f
:020000040000fa
:020000041d03da
:1084c800e8ffbd271400bfaf488082270400448c12
:1084d8000000428c0500401081bf023c4880828f1a
:1084e80009f840000000000081bf023c0040033c46
:1084f800440043ac1400bf8f0800e0031800bd27f8
:020000040000fa
:020000041d03da
:10850800e8ffbd271400bfaf508082270400448cc9
:108518000000428c0500401081bf023c5080828fd1
:1085280009f840000000000081bf023c2000033c25
:10853800440043ac1400bf8f0800e0031800bd27b7
:020000040000fa
:020000041d03da
:1085480084bf023c00800334040443ac84bf023c73
:1085580070000324080443ac84bf023c100440ac00
:1085680084bf023cffff0334200443ac81bf023cbc
:1085780000400324c80043ac0800e00300000000ea
:020000040000fa
:020000041d03da
:108588002430039d2c30039d000000003830039deb
:108598004830039d5830039d5830039d6830039d33
:1085a8007030039d09000000d45b039d00000000ab
:1085b80000000000000000000000000000000000b3
:020000040000fa
:020000041d03da
:1085c8000000000000000000006e039d006e039d87
:1085d800f0a9039d006e039d006e039d006e039d30
:1085e800409d039d006e039d109d039d00000000ab
:1085f8000000000000000000006e039d1875039d38
:020000040000fa
:020000041d03da
:10860800000000000000000060ec009d94ec009d5c
:1086180000000000bcec009df4ec009d30ed009dd6
:108628000000000068ed009d000000000000000050
:10863800000000000000000094ed009d0000000014
:020000040000fa
:020000041d03da
:1086480004ee009d04ee009d10ee009d24ee009dba
:1086580064ee009d90ee009dacee009dc8ee009d7e
:10866800e0ee009df8ee009d08ef009d0000000080
:10867800000000000000000008ef009d2cef009da6
:020000040000fa
:020000041d03da
:108688007800838c090060102510a000e8ffbd2742
:108698001400bfaf2528c00009f86000252040005d
:1086a8001400bf8f0800e0031800bd272c00858c3c
:1086b80024104500260085840800e0030a10457c44
:020000040000fa
:020000041d03da
:1086c8000080023cc02042240b00821400000000fd
:1086d800090080100080023ce020429001004230f6
:1086e800050040100080023cc02042242000439036
:1086f8004408037c200043a00800e00300000000b9
:020000040000fa
:020000041d03da
:108708000d008010251000000080023c8c52468c21
:108718000900c01025100000e8ffbd271400bfaff6
:108728000080053c8fd7400fa452a5241400bf8faa
:108738000800e0031800bd270800e003000000005f
:020000040000fa
:020000041d03da
:10874800e8ffbd271400bfaf1000b0af2580800040
:1087580001000224ac0082a4253800002530000066
:10876800d4e4400f01000524080000ae25100000e5
:108778001400bf8f1000b08f0800e0031800bd2759
:020000040000fa
:020000041d03da
:108788000d00801025100000e8ffbd271400bfafc2
:108798003481868f0500c010049d073ca4b2e724ed
:1087a8000080053c71b4400f3c56a5241400bf8fcf
:1087b8000800e0031800bd270800e00300000000df
:020000040000fa
:020000041d03da
:1087c8002e2e2f7372632f636f6e6669672f646531
:1087d8006661756c742f6c6962726172792f74634b
:1087e8007069702f7372632f74637069705f686546
:1087f8006c706572735f707269766174652e68005b
:020000040000fa
:020000041d03da
:108808002e2e2f7372632f636f6e6669672f6465f0
:108818006661756c742f6c6962726172792f74630a
:108828007069702f7372632f74637069705f686505
:108838006c706572735f707269766174652e68001a
:020000040000fa
:020000041d03da
:108848000400838c0c0060102538c000e8ffbd27a9
:108858001400bfaf2530a0000080023cbc44422475
:108868002310820009f86000032902001400bf8f5a
:108878000800e0031800bd270800e003000000001e
:020000040000fa
:020000041d03da
:108888000d00801400000000e0ffbd271c00bfaff2
:108898002510e0002538c0002530a0001000a2af48
:1088a800049d053c61b7400f3094a5241c00bf8f80
:1088b8000800e0032000bd270800e00300000000d6
:020000040000fa
:020000041d03da
:1088c8000d00801025100000020002240500a214eb
:1088d8000100032442008294080042380800e003a3
:1088e800c000427c0400a3142510000042008294ba
:1088f800100042380001427c0800e003000000003c
:020000040000fa
:020000041d03da
:10890800ffff8430001104000080043cbc44842430
:10891800212082000800829427180500241862008c
:108928000001a5300400a010080083a47481838f7f
:10893800ffff6324748183af0800e0030000000098
:020000040000fa
:020000041d03da
:10894800e8ffbd271400bfaf26eb400f1000b0af03
:108958000600401025804000d0e6400f252040004a
:1089680002004050258000000800108e25100002eb
:108978001400bf8f1000b08f0800e0031800bd2757
:020000040000fa
:020000041d03da
:10898800e8ffbd271400bfaf26eb400f1000b0afc3
:1089980006004010258000003000438c0100605420
:1089a80036005094dde6400f2520400025100002d7
:1089b8001400bf8f1000b08f0800e0031800bd2717
:020000040000fa
:020000041d03da
:1089c800e8ffbd271400bfaf0010a33007006010f8
:1089d800f8ff02240002a5300400a014f6ff0224c8
:1089e8002000c630f5ff02240b1006009ddc400f66
:1089f800252840001400bf8f0800e0031800bd2799
:020000040000fa
:020000041d03da
:108a0800e8ffbd271400bfaf1000b0af6ee5400f00
:108a180025808000050040102518000008bf400f81
:108a28002520000200a0023c7818438c2510600025
:108a38001400bf8f1000b08f0800e0031800bd2796
:020000040000fa
:020000041d03da
:108a4800e8ffbd271400bfaf7880828f0800401868
:108a5800020003241600849005008314ffff4224bb
:108a680003004014788082af23e9400f0000000023
:0c8a78001400bf8f0800e0031800bd27a9
:020000040000fa
:020000041d03da
:108a84004452565f4d454d4f52595f5472616e7357
:108a940066657248616e646c657253657428293a20
:108aa40020496e76616c696420647269766572200f
:0c8ab40068616e646c652e0a0000000012
:020000040000fa
:020000041d03da
:108ac0000080033cc02063240a008314ffff0224bb
:108ad00008008010000000000080023ce02043906d
:108ae0000100633003006010ffff02240080023c9d
:0c8af000dc20428c0800e00300000000c5
:020000040000fa
:020000041d03da
:108afc00e8ffbd271400bfaf1000b0af2580800089
:108b0c00200082900421027c4429027c54de400f18
:108b1c00200082a0840002ae980000ae1400bf8f2b
:0c8b2c001000b08f0800e0031800bd2707
:020000040000fa
:020000041d03da
:108b38000000828c09004010000000000400838cb3
:108b4800080062540000438c000080ac040080ac34
:108b58000800838cffff6324080083ac0800e0034f
:0c8b680000000000faff0010000083acc9
:020000040000fa
:020000041d03da
:108b74001c00828c2000858c2b1845000400605456
:108b84001800838c231045000800e003ffff4230e7
:108b9400231865001400848c231044002110620003
:0c8ba400010042240800e003ffff423003
:020000040000fa
:020000041d03da
:108bb000010003240b008314ffff0224e8ffbd27fc
:108bc0001400bfaf2538c0002530a00001000524e7
:108bd0000739400f010004241400bf8f0800e00390
:0c8be0001800bd270800e00300000000a2
:020000040000fa
:020000041d03da
:108bec00e8ffbd271400bfafc2ea400f0000000031
:108bfc002520400006008010251000004800838cc2
:108c0c00040060101400bf8f30d5400f000000002e
:0c8c1c001400bf8f0800e0031800bd2703
:020000040000fa
:020000041d03da
:108c2800e8ffbd271400bfaf0100063c0200c624c0
:108c38001c0005247997400f3800042404004010d4
:108c4800049d033ca8926324080043ac0c0040ac8c
:0c8c58001400bf8f0800e0031800bd27c7
:020000040000fa
:020000041d03da
:108c6400e8ffbd271400bfaf1000b0af258080001f
:108c74002520a00063d7400f040005240c00038eb8
:108c84001b004300f4016000101000001400bf8fab
:0c8c94001000b08f0800e0031800bd279e
:020000040000fa
:020000041d03da
:108ca0006000838c0b00601025100000e0ffbd27e2
:108cb0001c00bfaf2510e0002538c0001000a2af97
:108cc00009f86000a400868c1c00bf8f0800e00338
:0c8cd0002000bd270800e00300000000a9
:020000040000fa
:020000041d03da
:108cdc000c0080142538c000e8ffbd271400bfaf7e
:108cec002530a000049d053c61b7400fe0aea524e3
:108cfc001881828ffeff40141400bf8f0800e00320
:0c8d0c001800bd270800e0030000000074
:020000040000fa
:020000041d03da
:108d18000c00801025100000e8ffbd271400bfaf2d
:108d28003c81868f0500c0101400bf8f0080053c71
:108d38008fd7400f5c56a5241400bf8f0800e003ae
:0c8d48001800bd270800e0030000000038
:020000040000fa
:020000041d03da
:108d5400e8ffbd27010003240700c3141400bfafbc
:108d640025300000756a400f010007241400bf8fee
:108d74000800e0031800bd272510c0002530a0001e
:0c8d840002004238f7ff00100a2802002d
:020000040000fa
:020000041d03da
:108d9000240080ac0c00828c0a00401025100000da
:108da0000000838c000060a40800858c21186500f9
:108db000010042240c00858c2b284500faffa054aa
:0c8dc000000060a40800e00300000000b8
:020000040000fa
:020000041d03da
:108dcc000000828c09004010000000000400838c1d
:108ddc00080062540000438c000080ac040080ac9e
:108dec000800838cffff6324080083ac0800e003b9
:0c8dfc0000000000faff0010000083ac33
:020000040000fa
:020000041d03da
:108e08000c0080102510000042008394400063305d
:108e180008006010000000000800828c2710020083
:108e28000400838c251043000000a38c2610430007
:0c8e38000100422c0800e00300000000d4
:020000040000fa
:020000041d03da
:108e44000c0080142538c000e8ffbd271400bfaf14
:108e54002530a000049d053c61b7400f00b0a52457
:108e64001482828ffeff40141400bf8f0800e003b9
:0c8e74001800bd270800e003000000000b
:020000040000fa
:020000041d03da
:108e80000000828c09004010000000000400838c68
:108e9000080062540000438c040080ac000080ace9
:108ea0000800838cffff6324080083ac0800e00304
:0c8eb00000000000faff0010000083ac7e
:020000040000fa
:020000041d03da
:108ebc000c0080142538c000e8ffbd271400bfaf9c
:108ecc002530a000049d053c61b7400f64b4a52477
:108edc001882828ffeff40141400bf8f0800e0033d
:0c8eec001800bd270800e0030000000093
:020000040000fa
:020000041d03da
:108ef8000c0080142538c000e8ffbd271400bfaf60
:108f08002530a000049d053c61b7400fa4b4a524fa
:108f18001c82828ffeff40141400bf8f0800e003fc
:0c8f28001800bd270800e0030000000056
:020000040000fa
:020000041d03da
:108f3400e8ffbd271400bfaf1000b0af258080004c
:108f440063d3400f010005240400401004000224f0
:108f54001a0002a6090002241c0002a61400bf8ff6
:0c8f64001000b08f0800e0031800bd27cb
:020000040000fa
:020000041d03da
:108f7000e8ffbd271400bfaf1000b0af2580800010
:108f800063d3400f090005240400401004000224ac
:108f90001a0002a6070002241c0002a61400bf8fbc
:0c8fa0001000b08f0800e0031800bd278f
:020000040000fa
:020000041d03da
:108fac00e8ffbd271400bfaf1000b0af25808000d4
:108fbc000080063495d3400f252800000300401094
:108fcc00010002241a0002a61c0000a61400bf8f88
:0c8fdc001000b08f0800e0031800bd2753
:020000040000fa
:020000041d03da
:108fe800e8ffbd271400bfaf1000b0afdde0400fb1
:108ff80025808000060040101400bf8f34000696bc
:109008002200059672e2400f252000021400bf8f4f
:0c9018001000b08f0800e0031800bd2716
:020000040000fa
:020000041d03da
:109024008400832425108000000040a00100422415
:10903400fdff4314000000002518800084008424f0
:10904400251000000000659001006324fdff6414f6
:0c905400251045000800e0032b1002006e
:020000040000fa
:020000041d03da
:109060000c00801425100000e8ffbd271400bfafde
:109070000080023c5022428c0800438c1c00638c10
:1090800009f860001400448c1400bf8f0800e0034e
:0c9090001800bd270800e00300000000ed
:020000040000fa
:020000041d03da
:10909c00ff0003240b0083101300022400a0023ce9
:1090ac005002438c070064141300022400a0023cfd
:1090bc0040024224ff000324100043ac080040ace3
:0c90cc00251000000800e0030000000078
:020000040000fa
:020000041d03da
:1090d8000000848c03008104251000000800e003d0
:1090e80000000000e8ffbd271400bfafa7c2400f73
:1090f80000000000ffff032401004350251000007a
:0c9108001400bf8f0800e0031800bd2712
:020000040000fa
:020000041d03da
:10911400e0ffbd271800b0af1000a6af2580800087
:109124001c00bfaf4025400f1000a6270400038e8b
:109134001c00bf8fffff0424100063300b1083005a
:0c9144001800b08f0800e0032000bd27d9
:020000040000fa
:020000041d03da
:109150000800c0102510800020000324231866009a
:109160000600601c0620c500252000000610c50072
:10917000252880000800e0032518a0000610c20082
:1091800004286500faff0010251045000800c010f3
:109190002510800020000424232086000600805c27
:1091a0000418c200251800000428c2002510600021
:1091b0000800e0032518a0000428c500061082005e
:0891c000faff00102528a200af
:020000040000fa
:020000041d03da
:1091c800e8ffbd271400bfaf0c00a28c0000479435
:1091d800020003240200e314253000000400468c3a
:1091e80019b6400f1000a58c251000001400bf8f81
:0891f8000800e0031800bd2788
:020000040000fa
:020000041d03da
:10920000d8ffbd272400bfaf020002241c00a2af7c
:10921000030002241800a2af010002241400a2af30
:109220003800a28ff937400f1000a2af2400bf8f83
:089230000800e0032800bd273f
:020000040000fa
:020000041d03da
:109238004452565f4d454d4f52595f436f6d6d61b6
:109248006e6453746174757347657428293a2049ac
:109258006e76616c696420647269766572206861f3
:089268006e646c652e0a000023
:020000040000fa
:020000041d03da
:10927000e8ffbd271400bfafc2ea400f00000000a6
:109280002520400005008010251000002886400f92
:109290000100052427100200c21702001400bf8f2e
:0892a0000800e0031800bd27df
:020000040000fa
:020000041d03da
:1092a8000080023cc852428c080044502000828c46
:1092b800e8ffbd271400bfafb2c7400f0000000091
:1092c8001400bf8f0800e0031800bd27c418027cf3
:0892d8000800e003200082ac55
:020000040000fa
:020000041d03da
:1092e0000080033c145363240c00628c0800648cdf
:1092f0002b188200030060140080033c0800e00388
:1093000023108200145363241800638c2118640016
:089310000800e00323106200d5
:020000040000fa
:020000041d03da
:109318000080033c145363242800648c2c00628c66
:109328002b188200030060140080033c0800e0034f
:1093380023108200145363243000638c21186400c6
:089348000800e003231062009d
:020000040000fa
:020000041d03da
:109350006400838c0a0060102510e000e0ffbd2748
:109360001c00bfaf2538c0001000a2af09f8600094
:10937000a400868c1c00bf8f0800e0032000bd27de
:089380000800e00300000000fa
:020000040000fa
:020000041d03da
:10938800e8ffbd271400bfaf1000b0af25808000f4
:109398002538000025300000d4e4400f01000524e2
:1093a800080000ae251000001400bf8f1000b08f19
:0893b8000800e0031800bd27c6
:020000040000fa
:020000041d03da
:1093c0002e2e2f7372632f636f6e6669672f64652d
:1093d0006661756c742f6c6962726172792f746347
:1093e0007069702f7372632f74637069705f686542
:0893f0006c706572732e6300be
:020000040000fa
:020000041d03da
:1093f800544350495020537461636b204173736523
:1094080072743a20696e2066696c653a2025732c5f
:109418002066756e633a2025732c206c696e653a58
:089428002025642c200d0a0030
:020000040000fa
:020000041d03da
:10943000544350495020537461636b20436f6e64f2
:109440003a20696e2066696c653a2025732c206687
:10945000756e633a2025732c206c696e653a202561
:08946000642c200d0a0000003d
:020000040000fa
:020000041d03da
:109468002e2e2f7372632f636f6e6669672f646584
:109478006661756c742f6c6962726172792f74639e
:109488007069702f7372632f74637069705f6d6198
:089498006e616765722e63002e
:020000040000fa
:020000041d03da
:1094a0000080023cb8514224090044140080023c70
:1094b000b851422402000324040043a40400a38cf6
:1094c0000c0043ac1000a38c140043ac240040a05b
:0894d0000800e00300000000a9
:020000040000fa
:020000041d03da
:1094d800e8ffbd271400bfaf1000b0af25808000a3
:1094e80063d3400f0100052403004010010002244b
:1094f8001a0002a61c0000a61400bf8f1000b08f2f
:089508000800e0031800bd2774
:020000040000fa
:020000041d03da
:10951000e8ffbd271400bfaf1000b0af258080006a
:1095200063d3400f01000524030040100100022412
:109530001a0002a61c0000a61400bf8f1000b08ff6
:089540000800e0031800bd273c
:020000040000fa
:020000041d03da
:10954800e8ffbd271400bfaf1000b0af2580800032
:1095580063d3400f252800000300401001000224b7
:109568001a0002a61c0000a61400bf8f1000b08fbe
:089578000800e0031800bd2704
:020000040000fa
:020000041d03da
:10958000e8ffbd271400bfaf1000b0af25808000fa
:1095900063d3400f010005240300401001000224a2
:1095a0001a0002a61c0000a61400bf8f1000b08f86
:0895b0000800e0031800bd27cc
:020000040000fa
:020000041d03da
:1095b800ffff83301900632c09006010251000009c
:1095c800ffff823000a0033c0011020070146324e6
:1095d800211862000c00628c261044000100422c05
:0895e8000800e0030000000090
:020000040000fa
:020000041d03da
:1095f000251800000a00c31000000000211083009d
:10960000010063242138a30000004290ffffe7908f
:10961000f8ff4710231047000800e0030000000097
:089620000800e0032510000022
:020000040000fa
:020000041d03da
:10962800e8ffbd271400bfaf1000b0af1c00a5af06
:109638000ce9400f258080001c00a58f2520000222
:109648006ceb400f010046241400bf8f1000b08f50
:089658000800e0031800bd2723
:020000040000fa
:020000041d03da
:10966000e8ffbd271400bfaf9880878f0700e01088
:109670001400bf8f1800e28c0400401000000000ae
:1096800009f84000000000001400bf8f0800e0034c
:049690001800bd27da
:020000040000fa
:020000041d03da
:10969400000202240900c21401000624e8ffbd27c9
:1096a4001400bfaf0100052499be400f1600042426
:1096b4001400bf8f0800e0031800bd270800e00372
:0496c40000000000a2
:020000040000fa
:020000041d03da
:1096c8002e2e2f7372632f636f6e6669672f646522
:1096d8006661756c742f6c6962726172792f74633c
:1096e8007069702f7372632f687474705f6e65741d
:0496f8002e630000dd
:020000040000fa
:020000041d03da
:1096fc00e8ffbd271400bfaf1000b0af2580a0005d
:10970c002528c0000a00062462eb400f090004263d
:10971c00130000a21400bf8f1000b08f0800e003ec
:04972c001800bd273d
:020000040000fa
:020000041d03da
:1097300078ef009d84ef009d84ef009d84ef009df5
:1097400090ef009d9cef009da8ef009db4ef009d61
:10975000c0ef009dccef009de8ef009de8ef009d7d
:04976000fcef009d7d
:020000040000fa
:020000041d03da
:109764000cf0009d64ef009d68ef009d70ef009d7c
:1097740074ef009d10f0009d14f0009d18f0009d02
:109784001cf0009d20f0009d24f0009d2cf0009d15
:0497940034f0009d10
:020000040000fa
:020000041d03da
:10979800d8ffbd272400bfaf020002241c00a2afdf
:1097a8001800a2af1400a2af1000a7af2538c00060
:1097b800f937400f253000002400bf8f0800e00370
:0497c8002800bd2791
:020000040000fa
:020000041d03da
:1097cc004452565f4d454d4f52595f47656f6d651d
:1097dc0074727947657428293a20496e76616c69f0
:1097ec0064206472697665722068616e646c652ea3
:0497fc000a0000005f
:020000040000fa
:020000041d03da
:109800004452565f4d454d4f52595f4973417474f0
:10981000616368656428293a20496e76616c6964e1
:10982000206472697665722068616e646c652e0ac8
:049830000000000034
:020000040000fa
:020000041d03da
:109834004452565f4d454d4f52595f4164647265c1
:10984400737347657428293a20496e76616c69649c
:10985400206472697665722068616e646c652e0a94
:049864000000000000
:020000040000fa
:020000041d03da
:109868000800a28c09004010000000000400a38c2e
:109878008002637c030060100080033c0800e00362
:109888002510430000a0033c251043000800e00316
:0498980000000000cc
:020000040000fa
:020000041d03da
:10989c000000a290200382a00100a290210382a0cc
:1098ac000200a290100382a00300a290110382a0d8
:1098bc000400a290000382a00500a2900800e0031f
:0498cc00010382a072
:020000040000fa
:020000041d03da
:1098d000200382900000a2a0210382900100a2a098
:1098e000100382900200a2a0110382900300a2a0a4
:1098f000000382900400a2a0010382900800e0030c
:049900000500a2a01c
:020000040000fa
:020000041d03da
:10990400e8ffbd271400bfaf0080023c6453428cc3
:10991400e803062425380000190044001220000042
:109924000e3c400f102800001400bf8f0800e00315
:049934001800bd2733
:020000040000fa
:020000041d03da
:10993800f8ffbd270400bfaf006802400008033ce1
:109948002510430000688240c000000081bf023c2f
:1099580001000324c40043ac0400bf8f0800e003e7
:049968000800bd270f
:020000040000fa
:020000041d03da
:10996c00e8ffbd271400bfaf1000b0af0080023c71
:10997c00145342243000508cc6e4400fffff1026d5
:10998c00231002021400bf8f1000b08f0800e003f8
:04999c001800bd27cb
:020000040000fa
:020000041d03da
:1099a000e8ffbd271400bfaf1000b0af0080023c3d
:1099b000145342241800508cb8e4400fffff1026c7
:1099c000231002021400bf8f1000b08f0800e003c4
:0499d0001800bd2797
:020000040000fa
:020000041d03da
:1099d400e8ffbd271400bfaf1000b0af54de400f46
:1099e40025808000a800038e231043002710020066
:1099f400c21702001400bf8f1000b08f0800e003ec
:049a04001800bd2762
:020000040000fa
:020000041d03da
:109a0800000102240900c21401000624e8ffbd2752
:109a18001400bfaf0100052499be400f0c000424b8
:109a28001400bf8f0800e0031800bd270800e003fa
:049a3800000000002a
:020000040000fa
:020000041d03da
:109a3c00000102240900c21401000624e8ffbd271e
:109a4c001400bfaf0100052499be400f0f00042481
:109a5c001400bf8f0800e0031800bd270800e003c6
:049a6c0000000000f6
:020000040000fa
:020000041d03da
:109a700042008294c420027c420082a40800a230ea
:109a80000600401000000000420082940100032400
:109a9000c418627c420082a4010002240800e00392
:049aa00000000000c2
:020000040000fa
:020000041d03da
:109aa400e8ffbd271400bfaf40e8400f00000000ee
:109ab4002518400004006010251000004200629444
:109ac400001042380003427c1400bf8f0800e003fa
:049ad4001800bd2792
:020000040000fa
:020000041d03da
:109ad800000102240900c21401000624e8ffbd2782
:109ae8001400bfaf0100052499be400f14000424e0
:109af8001400bf8f0800e0031800bd270800e0032a
:049b08000000000059
:020000040000fa
:020000041d03da
:109b0c00000102240900c21401000624e8ffbd274d
:109b1c001400bfaf0100052499be400f0e000424b1
:109b2c001400bf8f0800e0031800bd270800e003f5
:049b3c000000000025
:020000040000fa
:020000041d03da
:109b40005c008590010003240800a3142510000088
:109b50000c00828c050040502b1002002000438c2a
:109b6000080063300b1003002b1002000800e00314
:049b700000000000f1
:020000040000fa
:020000041d03da
:109b7400e8ffbd271400bfaf1000b0af2580800000
:109b840073e3400f4000842425284000bebe400fec
:109b9400252000021400bf8f1000b08f0800e003de
:049ba4001800bd27c1
:020000040000fa
:020000041d03da
:109ba8000a008010ffff02240800828c02000324b0
:109bb80006004354ffff022402008394010063302f
:109bc800ffff04240800e0030a1083000800e003f4
:049bd8000000000089
:020000040000fa
:020000041d03da
:109bdc000a00801053ff02240800a01000000000af
:109bec00e8ffbd271400bfafd06e400f000000008f
:109bfc001400bf8f0800e0031800bd270800e00325
:049c0c000000000054
:020000040000fa
:020000041d03da
:109c10000a00801053ff02240800a010000000007a
:109c2000e8ffbd271400bfaf6273400f00000000c3
:109c30001400bf8f0800e0031800bd270800e003f0
:049c40000000000020
:020000040000fa
:020000041d03da
:109c44000a00801053ff02240800a0100000000046
:109c5400e8ffbd271400bfaf376c400f00000000c1
:109c64001400bf8f0800e0031800bd270800e003bc
:049c740000000000ec
:020000040000fa
:020000041d03da
:109c7800e8ffbd271000b0af1400bfaf11ad400f13
:109c88002580a000000043901400bf8fff00103211
:109c9800261870000b1003001000b08f0800e003b6
:049ca8001800bd27bc
:020000040000fa
:020000041d03da
:109cac002c00838ce8ffbd27060060101400bfafaa
:109cbc0009f86000000000001400bf8f0800e003ea
:109ccc001800bd2721f2400f0000848cfbff001010
:049cdc001400bf8f22
:020000040000fa
:020000041d03da
:109ce000525443002573202d20257309202530343c
:109cf000752d253032752d2530327554253032754d
:109d00003a253032753a253032750d0a00000000d0
:020000040000fa
:020000041d03da
:109d1000e8ffbd271400bfaf2510a0002528c00014
:109d200062008724039d063cb082c62434dd400fc8
:109d3000252040001400bf8f0800e0031800bd2755
:020000040000fa
:020000041d03da
:109d4000e8ffbd271400bfaf2510a0002528c000e4
:109d50001800878c049d063c58bcc62434dd400f97
:109d6000252040001400bf8f0800e0031800bd2725
:020000040000fa
:020000041d03da
:109d7000d8ffbd272400bfaf010002241c00a2af02
:109d80001800a0af1400a0af3800a28ff937400f21
:109d90001000a2af2400bf8f0800e0032800bd27f9
:020000040000fa
:020000041d03da
:109da0007c5b039d480d039d709d039d0092039d68
:109db000a03b039de04d029d709d039d9412039d69
:109dc0009897039dacf7009da4be019d1c1b019daf
:020000040000fa
:020000041d03da
:109dd0000080033cc020632406008314251080000b
:109de0000500801000000000a400628c0800e00361
:109df00000000000251000000800e0030000000043
:020000040000fa
:020000041d03da
:109e00000000a0ac0400828c07004054000045ac68
:109e1000000085ac040085ac0800828c010042245f
:109e20000800e003080082acfbff0010040085acd2
:020000040000fa
:020000041d03da
:109e30000319050008006010ffff0224f007022448
:109e4000140082ac00190300f0076330180083ace3
:109e50002510a0000418027c0800e00300000000a8
:020000040000fa
:020000041d03da
:109e600082bf023c1018438c0080023c30544224d4
:109e70001c004490ff008430030080140100022481
:109e800080006338c001627c0800e003000000002d
:020000040000fa
:020000041d03da
:109e9000e8ffbd271400bfafc2ea400f000000007a
:109ea0002518400003006010251000008400628c1b
:109eb0008002427c1400bf8f0800e0031800bd2719
:020000040000fa
:020000041d03da
:109ec000e8ffbd271400bfafc2ea400f000000004a
:109ed000252040000300801025100000dde2400f27
:109ee000000000001400bf8f0800e0031800bd2729
:020000040000fa
:020000041d03da
:109ef000000000000300000094a5039d943e039d14
:109f0000344b039dd04a039d003f039d084a039da7
:109f10006c4a039d9cc9039dd8bd039d94c9039db4
:020000040000fa
:020000041d03da
:109f20002e2e2f7372632f636f6e6669672f6465c1
:109f30006661756c742f6c6962726172792f7463db
:109f40007069702f7372632f646863702e630000f2
:020000040000fa
:020000041d03da
:109f50002e2e2f7372632f636f6e6669672f646591
:109f60006661756c742f6c6962726172792f7463ab
:109f70007069702f7372632f646e732e630000001c
:020000040000fa
:020000041d03da
:109f8000e8ffbd271400bfaf2fee400f0000000018
:109f900003004010faff03245000438c500040acf3
:109fa000251060001400bf8f0800e0031800bd27d3
:020000040000fa
:020000041d03da
:109fb0000000a294010042300700401000000000a1
:109fc0000000a2940400027c0000a2a42400828c61
:109fd000ffff4224240082ac0800e00300000000e0
:020000040000fa
:020000041d03da
:109fe0000000a0ac0400828c07004054000045ac87
:109ff000000085ac040085ac0800828c010042247e
:10a000000800e003080082acfbff0010040085acf0
:020000040000fa
:020000041d03da
:10a01000e8ffbd271400bfafbfd8400f25280000c0
:10a020002518400003006010251000000200629017
:10a03000010042301400bf8f0800e0031800bd2764
:020000040000fa
:020000041d03da
:10a04000e8ffbd271400bfafbfd8400f2528000090
:10a0500025184000030060102510000002006294e3
:10a060004000427c1400bf8f0800e0031800bd27a9
:020000040000fa
:020000041d03da
:10a070000080023cdc5543942b18830006006010de
:10a0800025100000c010040023104400001102003d
:10a090009881848f211082000800e00300000000f6
:020000040000fa
:020000041d03da
:10a0a00009008010251000004200839440006330b6
:10a0b00005006010000000000800828c27100200dc
:10a0c0000400838c251043000800e003000000001a
:020000040000fa
:020000041d03da
:10a0d000420082940410027c420082a40100a2305b
:10a0e0000500401000000000420083940100052498
:10a0f0000400a37c420083a40800e00300000000e9
:020000040000fa
:020000041d03da
:10a1000009008010251080004200839440006330d5
:10a11000050060502510000064008390010063304a
:10a120000800e0030a1003000800e003000000003c
:020000040000fa
:020000041d03da
:10a130000900801000000000e8ffbd271400bfaf39
:10a14000100006244eeb400f252800001400bf8f9e
:10a150000800e0031800bd270800e003000000002d
:020000040000fa
:020000041d03da
:10a16000e8ffbd271400bfaf4010040021104400d9
:10a17000801002000080043c2850842473e3400fc8
:10a18000212082001400bf8f0800e0031800bd27c3
:020000040000fa
:020000041d03da
:10a190000000a0ac0400828c07004054000045acd5
:10a1a000040085ac000085ac0800828c01004224cc
:10a1b0000800e003080082acfbff0010040085ac3f
:020000040000fa
:020000041d03da
:10a1c000d8ffbd272400bfaf010002241800a2afb2
:10a1d0003800a28f1400a2af1000a7af057a400f7d
:10a1e000253800002400bf8f0800e0032800bd27a9
:020000040000fa
:020000041d03da
:10a1f000d8ffbd272400bfaf020002241800a2af81
:10a200003c00a28f1400a2af3800a28f057a400f45
:10a210001000a2af2400bf8f0800e0032800bd2774
:020000040000fa
:020000041d03da
:10a22000d8ffbd272400bfaf030002241800a2af4f
:10a230003800a28f1400a2af1000a7af057a400f1c
:10a24000253800002400bf8f0800e0032800bd2748
:020000040000fa
:020000041d03da
:10a25000d8ffbd272400bfaf040002241800a2af1e
:10a260003800a28f1400a2af1000a7af057a400fec
:10a27000253800002400bf8f0800e0032800bd2718
:020000040000fa
:020000041d03da
:10a28000d8ffbd272400bfaf050002241800a2afed
:10a290003c00a28f1400a2af3800a28f057a400fb5
:10a2a0001000a2af2400bf8f0800e0032800bd27e4
:020000040000fa
:020000041d03da
:10a2b00009008010f2ff02240800838c0080023c19
:10a2c000b8514224030062503c0085ac0800e00312
:10a2d000f2ff0224251000000800e0030000000047
:020000040000fa
:020000041d03da
:10a2e000e8ffbd271400bfaf7fa5400f00000000ae
:10a2f00003004004f4ff0324020042380100432c11
:10a30000251060001400bf8f0800e0031800bd276f
:020000040000fa
:020000041d03da
:10a31000ffff022408008210000000000080023cc1
:10a32000e052428c0400401000000000ffff422475
:10a330000080033ce05262ac0800e0030000000033
:020000040000fa
:020000041d03da
:10a34000e8ffbd271400bfaf0000a28c340082ac30
:10a350001400428c25288000049d043c09f840002c
:10a36000c0ac84241400bf8f0800e0031800bd2790
:020000040000fa
:020000041d03da
:10a370000900801053ff0224e8ffbd271400bfaf7f
:10a38000feff062429d8400f252800001400bf8fa7
:10a390000800e0031800bd270800e00300000000eb
:020000040000fa
:020000041d03da
:10a3a000a65ad0f345db4e0effe875c3a2e71f4265
:10a3b000c7129d620ff5c119a9ef55f05185e0fb59
:10a3c0008581f9317517276e06e9607ddbcbcc2ed0
:020000040000fa
:020000041d03da
:10a3d00063363377e41e86468deb0ab4a8ed683ffa
:10a3e0006a134e47e014c700454e81e95358a569ea
:10a3f000808aa38f2a72a62359915a9f8a04ca6819
:020000040000fa
:020000041d03da
:10a400000900801053ff0224e8ffbd271400bfafee
:10a41000dce8400f00000000251000001400bf8f92
:10a420000800e0031800bd270800e003000000005a
:020000040000fa
:020000041d03da
:10a43000000082800800401000000000251080000d
:10a440000100422400004380feff605401004224ca
:10a450000800e003231044000800e003251000007a
:020000040000fa
:020000041d03da
:10a46000040064000004000450000a000a00030015
:10a470000000040000020a000a000a0000000000b8
:0ca4800008cb029dc43a039d8830039d68
:020000040000fa
:020000041d03da
:10a48c00e8ffbd271400bfaf7480848f05008010d7
:10a49c001400bf8f4ce8400f00000000748080afa8
:0ca4ac001400bf8f0800e0031800bd275b
:020000040000fa
:020000041d03da
:10a4b800e8ffbd271400bfaf9c80828f04004010c6
:10a4c800252880000400438c09f8600025204000fe
:0ca4d8001400bf8f0800e0031800bd272f
:020000040000fa
:020000041d03da
:10a4e400e8ffbd271400bfaf9c80828f040040109a
:10a4f400252880000c00438c09f8600025204000ca
:0ca504001400bf8f0800e0031800bd2702
:020000040000fa
:020000041d03da
:10a51000e8ffbd271400bfaf2510c0006400c38c46
:10a520002530a0002528800009f860006000448cd8
:0ca530001400bf8f0800e0031800bd27d6
:020000040000fa
:020000041d03da
:10a53c00f8ffbd270400bfaf006802400008033cd1
:10a54c002510430000688240c0000000048180afe9
:0ca55c000400bf8f0800e0030800bd27ca
:020000040000fa
:020000041d03da
:10a56800080080102510000042008294400042300c
:10a5780004004010000000005e008294ecff4224ba
:0ca58800ffff42300800e003000000006c
:020000040000fa
:020000041d03da
:10a59400080080140080033cc45662240100042493
:10a5a400080044a00000a48cc45664ac0100032439
:0ca5b400040043ac0800e00300000000bd
:020000040000fa
:020000041d03da
:10a5c000444843503a204661696c656420746f20aa
:10a5d00072656769737465722049507634206669c4
:0ca5e0006c74657221200d0a0000000060
:020000040000fa
:020000041d03da
:10a5ec00e8ffbd271400bfaf1000b0aff5da400f85
:10a5fc00258080002bc0400f252000021400bf8f47
:0ca60c001000b08f0800e0031800bd270c
:020000040000fa
:020000041d03da
:10a6180008008010251000001000838c05006010d1
:10a62800000000000c0064940000638cfdff6014bf
:0ca63800211044000800e003ffff423046
:020000040000fa
:020000041d03da
:10a64400e8ffbd271400bfafa48186af0100072433
:10a6540025308000049d043c94b6400f44b4842407
:0ca664001400bf8f0800e0031800bd27a1
:020000040000fa
:020000041d03da
:10a670000800a01000000000e8ffbd271400bfafd5
:10a6800036ea400f000000001400bf8f0800e0030e
:0ca690001800bd270800e00300000000d7
:020000040000fa
:020000041d03da
:10a69c00e8ffbd271400bfaf97c0400f252800006e
:10a6ac002518400002006010ffff02240c00628c91
:0ca6bc001400bf8f0800e0031800bd2749
:020000040000fa
:020000041d03da
:10a6c800e8ffbd271400bfaf1000b0af4ef1400f38
:10a6d8002580800059f2400f252000021400bf8f0a
:0ca6e8001000b08f0800e0031800bd2730
:020000040000fa
:020000041d03da
:10a6f40008008010f2ff02240800838c0080023cd2
:10a70400b8514224030062501e0082840800e00312
:0ca71400f2ff02240800e0030000000037
:020000040000fa
:020000041d03da
:10a7200008008010ffff02240800838c0080023c98
:10a73000b851422403006250020082840800e00302
:0ca74000ffff02240800e00300000000fe
:020000040000fa
:020000041d03da
:10a74c00f04d039d580c029d58e9029de439039d80
:10a75c007846039d1847029d708f039d0439039d15
:0ca76c00348f039d7439039dbcd7029dff
:020000040000fa
:020000041d03da
:10a77800e0ffbd271c00bfaffeff02241000a2af00
:10a788002538000025300000894d400f252800009d
:0ca798001c00bf8f0800e0032000bd275c
:020000040000fa
:020000041d03da
:10a7a4000800801053ff0224e8ffbd271400bfaf48
:10a7b400dee9400f000000001400bf8f0800e00332
:0ca7c4001800bd270800e00300000000a2
:020000040000fa
:020000041d03da
:10a7d0000800c01025108000213086002518800058
:10a7e0000100a524ffffa79001006324fcff66146d
:0ca7f000ffff67a00800e003000000006d
:020000040000fa
:020000041d03da
:10a7fc00000082800000a38003004314ff0063303c
:10a80c000400405401008424ff0042300800e0039f
:0ca81c0023104300f6ff00100100a524eb
:020000040000fa
:020000041d03da
:10a82800e0ffbd27ffff0224251800001000a2af9b
:10a838001400a3af1c00bfaf73af400f00000000af
:0ca848001c00bf8f0800e0032000bd27ab
:020000040000fa
:020000041d03da
:10a85400e0ffbd270080023c251800001000a2afd5
:10a864001400a3af1c00bfaf73af400f0000000083
:0ca874001c00bf8f0800e0032000bd277f
:020000040000fa
:020000041d03da
:10a880004000838c3c00868c500085ac2310660011
:10a890000400a010540082ac2a10a2000100405411
:0ca8a0002118c5000800e0034c0083ac48
:020000040000fa
:020000041d03da
:10a8ac000080043cc854822401000324080043acfb
:10a8bc000080033cf0566324c85483ac0000033c76
:0ca8cc00000263240800e003040043ac19
:020000040000fa
:020000041d03da
:10a8d800421104000029020081bf023cc00042244a
:10a8e800211045000100032404188300080043ac2c
:08a8f8000800e003000000006d
:020000040000fa
:020000041d03da
:10a90000421104000029020081bf023cc000422421
:10a91000211045000100032404188300040043ac07
:08a920000800e0030000000044
:020000040000fa
:020000041d03da
:10a92800421104000029020081bf023c4000422479
:10a93800211045000100032404188300040043acdf
:08a948000800e003000000001c
:020000040000fa
:020000041d03da
:10a950000700801000000000f8ffbd270400bfaf13
:10a96000206062410400bf8f0800e0030800bd279b
:08a970000800e00300000000f4
:020000040000fa
:020000041d03da
:10a978000500000001000000b00400003c000000d9
:10a9880002000000320000004b000000010000003f
:08a998000300000001000000b3
:020000040000fa
:020000041d03da
:10a9a00000000000002088bf000000004000000000
:10a9b000b8bf039d00000000007b039dc4c8039d39
:08a9c000000000007c22008071
:020000040000fa
:020000041d03da
:10a9c8000000000050ae039d0100000000000000e0
:10a9d80001040000600200a0ac5500808054008093
:08a9e800010000000100000065
:020000040000fa
:020000041d03da
:10a9f000e8ffbd271400bfaf2520a0002528c00018
:10aa0000039d063c34dd400f6454c6241400bf8f00
:08aa10000800e0031800bd2757
:020000040000fa
:020000041d03da
:10aa1800e0ffbd271c00bfaf1000a5a31100a0a335
:10aa2800f476400f1000a527ffff42301c00bf8faf
:08aa38000800e0032000bd2727
:020000040000fa
:020000041d03da
:10aa40000d0a0d0a000000004d504653020100009f
:10aa50002f6d6e742f776562000000002f6465769d
:08aa60002f6e766d61310000dc
:020000040000fa
:020000041d03da
:10aa6800436f6f6b69653a00417574686f72697af4
:10aa78006174696f6e3a0000436f6e74656e742d71
:08aa88004c656e6774683a002a
:020000040000fa
:020000041d03da
:10aa90004452565f4d454d4f52595f436c6f73653d
:10aaa00028293a20496e76616c69642068616e6479
:08aab0006c652e0a0000000095
:020000040000fa
:020000041d03da
:10aab800e8ffbd271400bfaf2538a000049d063c61
:10aac800a09dc624e9d4400f252880001400bf8f1c
:08aad8000800e0031800bd278f
:020000040000fa
:020000041d03da
:10aae000e8ffbd271400bfaf2538a0002530800047
:10aaf000252800001145400f252000001400bf8fbd
:08ab00000800e0031800bd2766
:020000040000fa
:020000041d03da
:10ab08000700800425100000f080838f2b18830035
:10ab180003006010802004000081828f0a10447caa
:08ab28000800e003000000003a
:020000040000fa
:020000041d03da
:10ab3000ae0082900600401000000000ae0080a031
:10ab4000600080ac860080a4ffff0224980082ace5
:08ab50000800e00325100000dd
:020000040000fa
:020000041d03da
:10ab58004e4c53542025730d0a0000004e4c53549c
:10ab68000d0a00004c4953542025730d0a000000bb
:08ab78004c4953540d0a000082
:020000040000fa
:020000041d03da
:10ab80004950763420496e69743a204661696c6593
:10ab90006420746f20696e6974616c697a653a200b
:08aba000256421200d0a0000cc
:020000040000fa
:020000041d03da
:10aba8000c00838c2b18a3000500601025100000f2
:10abb8000800828c0000838c0220a2702110830080
:08abc8000800e003000000009a
:020000040000fa
:020000041d03da
:10abd0000000828c0000a2ac000085ac0400828cd6
:10abe00001004050040085ac0800828c0100422422
:08abf0000800e003080082ac3c
:020000040000fa
:020000041d03da
:10abf8000700801025100000420083944000633055
:10ac080003006010000000006400829001004230e0
:08ac18000800e0030000000049
:020000040000fa
:020000041d03da
:10ac20005443502f495020537461636b3a20496e4e
:10ac3000697469616c697a6174696f6e20537461bb
:08ac400072746564200d0a0026
:020000040000fa
:020000041d03da
:10ac4800e8ffbd271400bfafb881828f0400401011
:10ac58001400bf8f09f84000000000001400bf8fe7
:08ac68000800e0031800bd27fd
:020000040000fa
:020000041d03da
:10ac70000e0083940300632c05006014ffff022480
:10ac80001000828c01000324000043a00300022472
:08ac90000800e00300000000d1
:020000040000fa
:020000041d03da
:10ac980007008004251000000c82838f2a18830087
:10aca80003006010802004001082828f0a10447c08
:08acb8000800e00300000000a9
:020000040000fa
:020000041d03da
:10acc000e8ffbd271400bfaf440080ac400080ac5b
:10acd000380080ac7442400f3c0080ac1400bf8f41
:08ace0000800e0031800bd2785
:020000040000fa
:020000041d03da
:10ace800e8ffbd271400bfaf25300000049d053cd8
:10acf8002ccaa524d2d1400f252000001400bf8ff4
:08ad08000800e0031800bd275c
:020000040000fa
:020000041d03da
:10ad10000080023c5422428c0000439004006010ea
:10ad2000000000001800438c01006450000040a0a7
:08ad30000800e0030000000030
:020000040000fa
:020000041d03da
:10ad38000700c01025108000202c057c21308600db
:10ad48002518800001006324feff6614ffff65a03c
:08ad58000800e0030000000008
:020000040000fa
:020000041d03da
:10ad6000e8ffbd271000b0af1400bfaf76eb400f77
:10ad7000258080001400bf8f251000021000b08fc6
:08ad80000800e0031800bd27e4
:020000040000fa
:020000041d03da
:10ad8800e8ffbd271000b0af1400bfaf28ca400fbe
:10ad9800258080001400bf8f251000021000b08f9e
:08ada8000800e0031800bd27bc
:020000040000fa
:020000041d03da
:10adb000ff00a53021308600050086102510000018
:10adc000ffffc390ffffc224fbff65142530400046
:08add0000800e0030000000090
:020000040000fa
:020000041d03da
:10add80002000010251080002510c0000100a524e5
:10ade800ffffa38001004624fbff6014ffffc3a000
:08adf8000800e0030000000068
:020000040000fa
:020000041d03da
:10ae00000080033ce456668c0500c0142510000049
:10ae1000e45664ac100080ac000085ac0100022454
:08ae20000800e003000000003f
:020000040000fa
:020000041d03da
:10ae2800000000000000f03f000000000000e03fcc
:10ae38000000000000005043000000000000b03f88
:08ae48000000000000002040a2
:020000040000fa
:020000041d03da
:10ae50009428029d10a3039dfc83039d6cc8039d51
:10ae6000680f039df00f039d6cb0039de467029d86
:04ae700024b5039d65
:020000040000fa
:020000041d03da
:10ae74005472616e736665722d456e636f64696e9c
:10ae8400673a206368756e6b65640d0a0d0a0000ed
:04ae94000d0a0000a3
:020000040000fa
:020000041d03da
:10ae98002564000076617200535349204563686f4a
:10aea800202d204e6f7420466f756e643a202573ee
:04aeb8000000000096
:020000040000fa
:020000041d03da
:10aebc00200000003d20000022000000202c00009b
:10aecc00696e63003c2f636f64653e003c636f6486
:04aedc00653e0000cf
:020000040000fa
:020000041d03da
:10aee00049507634204173736572743a2025732c6f
:10aef00020696e206c696e653a2025642c200d0a4d
:04af0000000000004d
:020000040000fa
:020000041d03da
:10af04006832039d88d5019dac70039d346e019d0c
:10af1400f0bd039d6cd0029d64b3039d08be039de8
:04af240020be039dab
:020000040000fa
:020000041d03da
:10af28000400a38c05006018ffff02240000a28c17
:10af3800ffff0324000043a0010002240800e003ef
:04af48000000000005
:020000040000fa
:020000041d03da
:10af4c00e8ffbd271400bfaf2520a0002528c000b6
:10af5c002dec400f2530e0001400bf8f0800e003fb
:04af6c001800bd27e5
:020000040000fa
:020000041d03da
:10af7000e8ffbd271400bfaf2520a0002528c00092
:10af800046a4400f2530e0001400bf8f0800e00306
:04af90001800bd27c1
:020000040000fa
:020000041d03da
:10af9400e8ffbd271400bfaf2520a0002528c0006e
:10afa400667a400f2530e0001400bf8f0800e003ec
:04afb4001800bd279d
:020000040000fa
:020000041d03da
:10afb800e8ffbd271400bfaf009d023cf470422497
:10afc80009f84000000000001400bf8f0800e003eb
:04afd8001800bd2779
:020000040000fa
:020000041d03da
:10afdc00e8ffbd271400bfaf009d023c4c7142241a
:10afec0009f84000000000001400bf8f0800e003c7
:04affc001800bd2755
:020000040000fa
:020000041d03da
:10b00000644d49494d204173736572743a2025732c
:10b010002c20696e206c696e653a2025642c200d09
:04b020000a00000022
:020000040000fa
:020000041d03da
:10b024000080023cb8514224040044140080033cd4
:10b03400040040a4b85160a0140040ac0800e00330
:04b044000000000008
:020000040000fa
:020000041d03da
:10b04800465f4452565f5048595f534d49547261a8
:10b058006e7366657257616974436f6d706c657461
:04b06800650000007f
:020000040000fa
:020000041d03da
:10b06c00ffff022405008210000000000080023c5b
:10b07c00cc5242242c0045ac300046ac0800e00316
:04b08c0000000000c0
:020000040000fa
:020000041d03da
:10b090000400a28c208282af248282270800a3941d
:10b0a000040043a402000324000043ac0800e003b2
:04b0b0002510000067
:020000040000fa
:020000041d03da
:10b0b400ffff022405008254170002240900022421
:10b0c4002c8282af0800e003ffff0224fdff001082
:04b0d4000c0082ac3e
:020000040000fa
:020000041d03da
:10b0d800200083349fff63241a00632c030060144c
:10b0e80001000224d0ff84240a00822c0800e00317
:04b0f8000000000054
:020000040000fa
:020000041d03da
:10b0fc00d0ff83240a00632c040060140100022496
:10b10c00200084349fff82240600422c0800e003b8
:04b11c00000000002f
:020000040000fa
:020000041d03da
:10b120000080043ce856828c954c033c2d7f6324c0
:10b130000210437001004224e85682ac0800e0038c
:04b1400042140200b3
:020000040000fa
:020000041d03da
:10b14400421904000019030081bf023cc0004224dc
:10b154000a10437c061082000800e003010042301c
:020000040000fa
:020000041d03da
:10b16400f8ffbd270400bfaf00606241c0000000cb
:10b17400010042300400bf8f0800e0030800bd272f
:020000040000fa
:020000041d03da
:10b1840084bf023c03000324002a43ac81bf023c79
:10b194000040033cc80043ac0800e003000000008a
:020000040000fa
:020000041d03da
:10b1a40084bf023c03000324002643ac81bf023c5d
:10b1b4002000033cc80043ac0800e003000000008a
:020000040000fa
:020000041d03da
:10b1c400745a039d1c5a039dc459039d6c59039dd5
:10b1d400000000000000000000000000000000006b
:020000040000fa
:020000041d03da
:10b1e4000800000608000400000001000200f40149
:10b1f40037420000002088bf1c4f039da0a9039d77
:020000040000fa
:020000041d03da
:10b20400e8ffbd271400bfafea7f400f25200000f0
:10b21400bbd7400f00000000fdff0010000000003d
:020000040000fa
:020000041d03da
:10b22400e8ffbd271400bfaf0900a424ffe9400fc5
:10b234002528c0001400bf8f0800e0031800bd27b4
:020000040000fa
:020000041d03da
:10b24400465f485454505f50726570656e64537421
:10b25400617274487474704368756e6b000000000a
:020000040000fa
:020000041d03da
:10b2640001000000020000000800000004000000cb
:10b2740010000000200000004000000080000000da
:020000040000fa
:020000041d03da
:10b28400e8ffbd271400bfaf253800001145400f6b
:10b29400253000001400bf8f0800e0031800bd270c
:020000040000fa
:020000041d03da
:10b2a4000800829004004010000000002081828f7a
:10b2b400ffff4224208182af0800e0030000000069
:020000040000fa
:020000041d03da
:10b2c400e8ffbd271400bfaf01000624c13f400fb3
:10b2d400252880001400bf8f0800e0031800bd2754
:020000040000fa
:020000041d03da
:10b2e400e8ffbd271400bfaf0000828c09f84000be
:10b2f400000000001400bf8f0800e0031800bd2701
:020000040000fa
:020000041d03da
:10b30400e8ffbd271400bfaf0400828c09f8400099
:10b31400000000001400bf8f0800e0031800bd27e0
:020000040000fa
:020000041d03da
:10b32400e8ffbd271400bfaf0800828c09f8400075
:10b33400000000001400bf8f0800e0031800bd27c0
:020000040000fa
:020000041d03da
:10b34400e8ffbd271400bfaf0c00828c09f8400051
:10b35400000000001400bf8f0800e0031800bd27a0
:020000040000fa
:020000041d03da
:10b3640005008010251000002c00828c3000838c96
:10b3740023104300001102000800e0030000000055
:020000040000fa
:020000041d03da
:10b38400e8ffbd271400bfaf2000a48cffe9400fe5
:10b394002528c0001400bf8f0800e0031800bd2753
:020000040000fa
:020000041d03da
:10b3a400000000000000000001000000b0c1039d87
:10b3b40002000000b8c1039d03000000bcc1039d4e
:020000040000fa
:020000041d03da
:10b3c4000500801025100000420083944000633083
:10b3d400010060540400828c0800e00300000000b7
:020000040000fa
:020000041d03da
:10b3e4000500801025100000420083944000633063
:10b3f400010060540800828c0800e0030000000093
:020000040000fa
:020000041d03da
:10b4040005008010251080004200839440006330c2
:10b414003c0082240a1003000800e003000000003e
:020000040000fa
:020000041d03da
:10b424005061636b65742041636b3a206f7270687e
:10b43400616e207061636b657421200d0a00000049
:020000040000fa
:020000041d03da
:10b44400e8ffbd271400bfafa481828f09f8400034
:10b45400252800001400bf8f0800e0031800bd2752
:020000040000fa
:020000041d03da
:10b4640050485920436f6e643a2025732c20696e2e
:10b47400206c696e653a2025642c200d0a000000ba
:020000040000fa
:020000041d03da
:10b484000080023cb8514224030044500080023c36
:10b494000800e003ffff02240800e003bc514284db
:020000040000fa
:020000041d03da
:10b4a400504859204173736572743a2025732c20d7
:10b4b400696e206c696e653a2025642c200d0a00a3
:020000040000fa
:020000041d03da
:10b4c400e0ffbd271c00bfaf01000224d3a9400f39
:10b4d4001000a2af1c00bf8f0800e0032000bd27ae
:020000040000fa
:020000041d03da
:10b4e4004452565f504859206f7065726174696f99
:10b4f4006e206572726f723a2025640d0a00000096
:020000040000fa
:020000041d03da
:10b504001095039d708f029d5033039da473039d7a
:10b514005873039d0c73039dc072039d38fe019df7
:020000040000fa
:020000041d03da
:10b52400ffff032404008310020002240080023c75
:10b53400cc5242240800428c0800e00300000000c2
:020000040000fa
:020000041d03da
:10b54400e62b8a8ee8f141b6980566e3bfe3c0496d
:10b5540003dad4ac2cdf9f2280010a6739bc83d381
:020000040000fa
:020000041d03da
:10b56800000000000000f03f000000000000244040
:10b5780000000000000050430000000000001440dc
:10b58800000000000000e043000000000000e0c3ed
:10b59800000000f0ffff1f34000000000000f0076b
:020000040000fa
:020000041d03da
:10b5a80000008c90ffffc624010084240000aca09a
:10b5b800fbffc0140100a5240800e003251080004b
:020000040000fa
:020000041d03da
:10b5c8000022040086bf023c3800422421104400b7
:0cb5d800000045ac0800e003000000008b
:020000040000fa
:020000041d03da
:10b5e4000022040086bf023c34004224211044009f
:0cb5f400000045ac0800e003000000006f
:020000040000fa
:020000041d03da
:10b60000040080100080023c985342242c0044ac7b
:0cb61000300045ac0800e0030000000022
:020000040000fa
:020000041d03da
:10b61c00fcc0039ddc48039d3899039d94c7039d92
:0cb62c0000000000f8b7039d30bd039d36
:020000040000fa
:020000041d03da
:10b638007830039d2430039d0100000006000000bf
:0cb6480094020000580200000e000000f8
:020000040000fa
:020000041d03da
:10b65400465f485454505f50726f63657373447906
:0cb664006e5661724368756e6b0000004a
:020000040000fa
:020000041d03da
:10b6700054435049505f485454505f4e45545f49bd
:0cb680006e697469616c697a65000000f5
:020000040000fa
:020000041d03da
:10b68c004452562050485920696e6974206661698d
:0cb69c006c65643a2025640d0a00000073
:020000040000fa
:020000041d03da
:10b6a800e8ffbd271400bfaf55f2400f00000000af
:0cb6b8001400bf8f0800e0031800bd273d
:020000040000fa
:020000041d03da
:10b6c400e8ffbd271400bfaf53f2400f0000000095
:0cb6d4001400bf8f0800e0031800bd2721
:020000040000fa
:020000041d03da
:10b6e000e8ffbd271400bfaf51f2400f000000007b
:0cb6f0001400bf8f0800e0031800bd2705
:020000040000fa
:020000041d03da
:10b6fc00e8ffbd271400bfaf4ff2400f0000000061
:0cb70c001400bf8f0800e0031800bd27e8
:020000040000fa
:020000041d03da
:10b71800e8ffbd271400bfaf4df2400f0000000046
:0cb728001400bf8f0800e0031800bd27cc
:020000040000fa
:020000041d03da
:10b73400e8ffbd271400bfaf3ff2400f0000000038
:0cb744001400bf8f0800e0031800bd27b0
:020000040000fa
:020000041d03da
:10b75000e8ffbd271400bfaf4bf2400f0000000010
:0cb760001400bf8f0800e0031800bd2794
:020000040000fa
:020000041d03da
:10b76c00e8ffbd271400bfaf49f2400f00000000f6
:0cb77c001400bf8f0800e0031800bd2778
:020000040000fa
:020000041d03da
:10b78800e8ffbd271400bfafd588400f2520000073
:0cb798001400bf8f0800e0031800bd275c
:020000040000fa
:020000041d03da
:10b7a400007f0224340282ac002a0500007fa53009
:0cb7b400380285ac0800e0030000000033
:020000040000fa
:020000041d03da
:10b7c0000300c2880000c298251840000800a28c1f
:0cb7d000261043000800e0032b100200cc
:020000040000fa
:020000041d03da
:10b7dc00e8ffbd271400bfaf84ca400f0000000073
:0cb7ec001400bf8f0800e0031800bd2708
:020000040000fa
:020000041d03da
:10b7f800f8ffbd270400bfaf00588440c000000018
:0cb808000400bf8f0800e0030800bd270b
:020000040000fa
:020000041d03da
:10b81400e8ffbd271400bfafb8e4400f00000000ec
:0cb824001400bf8f0800e0031800bd27cf
:020000040000fa
:020000041d03da
:10b83000504f52542025642c25642c25642c2564fb
:0cb840002c25642c25640d0a000000007b
:020000040000fa
:020000041d03da
:10b84c0054435049505f495056345f44697370619a
:0cb85c007463685061636b657400000049
:020000040000fa
:020000041d03da
:10b8680054435049505f495056345f5061636b658b
:0cb8780074466f726d617454780000001b
:020000040000fa
:020000041d03da
:10b884005481039d3ca4029da469039d14bd029da3
:0cb89400cc49019d0844039d28af039d92
:020000040000fa
:020000041d03da
:10b8a000e8ffbd271400bfaf9072400f25300000a5
:0cb8b0001400bf8f0800e0031800bd2743
:020000040000fa
:020000041d03da
:10b8bc0004008010251080004800838c261864003a
:0cb8cc000b1003000800e0030000000067
:020000040000fa
:020000041d03da
:10b8d800e8ffbd271400bfafe7a5400f2520a00053
:0cb8e8001400bf8f0800e0031800bd270b
:020000040000fa
:020000041d03da
:10b8f400e8ffbd271400bfaf5cae400f2520a000b9
:0cb904001400bf8f0800e0031800bd27ee
:020000040000fa
:020000041d03da
:10b91000e8ffbd271400bfaf48a8400f2520a000b6
:0cb920001400bf8f0800e0031800bd27d2
:020000040000fa
:020000041d03da
:10b92c00e8ffbd271400bfaf7aa8400f2520a00068
:0cb93c001400bf8f0800e0031800bd27b6
:020000040000fa
:020000041d03da
:10b94800e8ffbd271400bfafb3a5400f2520a00016
:0cb958001400bf8f0800e0031800bd279a
:020000040000fa
:020000041d03da
:10b96400ffff82300224040021104400007c447c48
:0cb97400211044000800e003ffff4230f7
:020000040000fa
:020000041d03da
:10b98000756e6b0065746800776c616e0000000076
:0cb990007070700067336164700000008c
:020000040000fa
:020000041d03da
:10b99c00e8ffbd271400bfaf91da400f0000000094
:0cb9ac001400bf8f0800e0031800bd2746
:020000040000fa
:020000041d03da
:10b9b800e8ffbd271400bfaf59ec400f000000009e
:0cb9c8001400bf8f0800e0031800bd272a
:020000040000fa
:020000041d03da
:10b9d400e8ffbd271400bfaf54ea400f0000000089
:0cb9e4001400bf8f0800e0031800bd270e
:020000040000fa
:020000041d03da
:10b9f000f8ffbd270400bfaf0080024003004230c3
:0cba00000400bf8f0800e0030800bd2711
:020000040000fa
:020000041d03da
:10ba0c00ecc9039d70ac039de856039dc81f039db4
:0cba1c00c02e039de079039d08c6039d29
:020000040000fa
:020000041d03da
:10ba2800e8ffbd271400bfafa78d400f0100072412
:0cba38001400bf8f0800e0031800bd27b9
:020000040000fa
:020000041d03da
:10ba4400e8ffbd271400bfaf31d3400f0200072425
:0cba54001400bf8f0800e0031800bd279d
:020000040000fa
:020000041d03da
:10ba6000e8ffbd271400bfafe3be400f0000000099
:0cba70001400bf8f0800e0031800bd2781
:020000040000fa
:020000041d03da
:10ba7c00e8ffbd271400bfaf2069400f010006246a
:0cba8c001400bf8f0800e0031800bd2765
:020000040000fa
:020000041d03da
:10ba9800465f4452565f4d49494d5f52656c65613a
:0cbaa80073654f70446370740000000070
:020000040000fa
:020000041d03da
:10bab400e8ffbd271400bfafdcf1400f0000000019
:0cbac4001400bf8f0800e0031800bd272d
:020000040000fa
:020000041d03da
:10bad000e8ffbd271400bfaf4af1400f000000008f
:0cbae0001400bf8f0800e0031800bd2711
:020000040000fa
:020000041d03da
:10baec00e0ffbd271c00bfafd3a9400f1000a0afd3
:0cbafc001c00bf8f0800e0032000bd27e5
:020000040000fa
:020000041d03da
:10bb0800e8ffbd271400bfaf9ddc400f25280000cb
:0cbb18001400bf8f0800e0031800bd27d8
:020000040000fa
:020000041d03da
:10bb2400465f4452565f5048595f534d49547261c1
:0cbb34006e7366657253746172740000d9
:020000040000fa
:020000041d03da
:10bb40000cca039d407d039df87c039db07c039d42
:0cbb5000687c039d207c039dd87b039d36
:020000040000fa
:020000041d03da
:10bb5c00e8ffbd271400bfaf0d3a400f00000000f6
:0cbb6c001400bf8f0800e0031800bd2784
:020000040000fa
:020000041d03da
:10bb7800bfff83241a00632c020060102510800088
:0cbb8800200082340800e00300000000f0
:020000040000fa
:020000041d03da
:10bb94009fff83241a00632c02006010251080008c
:0cbba4005f0082300800e0030000000099
:020000040000fa
:020000041d03da
:10bbb0000000200201020006000000000b08000047
:08bbc00001000000000000007c
:020000040000fa
:020000041d03da
:10bbc80038c6029d1893039d6c99039d7cf5019dd1
:08bbd80014b8039da099039d20
:020000040000fa
:020000041d03da
:10bbe0004414019d84b2039de0aa039d609e039dc1
:08bbf0000000000018bd039dd8
:020000040000fa
:020000041d03da
:10bbf800f8ffbd270400bfaf006802400070024094
:08bc0800ffff00100000000026
:020000040000fa
:020000041d03da
:10bc1000f8ffbd270400bfaf00680240007002407b
:08bc2000ffff0010000000000e
:020000040000fa
:020000041d03da
:10bc2800f8ffbd270400bfaf006802400070024063
:08bc3800ffff001000000000f6
:020000040000fa
:020000041d03da
:10bc4000f8ffbd270400bfaf00680240007002404b
:08bc5000ffff001000000000de
:020000040000fa
:020000041d03da
:10bc58000d0a3330342052656469726563743a2082
:08bc680025730d0a0000000025
:020000040000fa
:020000041d03da
:10bc7000465f485454505f44796e566172457874fb
:08bc8000726163740000000012
:020000040000fa
:020000041d03da
:10bc8800465f485454505f50726f636573735353e3
:08bc9800494368756e6b000062
:020000040000fa
:020000041d03da
:10bca000465f485454505f537461727448747470a2
:08bcb0004368756e6b00000093
:020000040000fa
:020000041d03da
:10bcb800465f485454505f44796e56617250726fb3
:08bcc8006365737300000000c6
:020000040000fa
:020000041d03da
:10bcd0004cec009d08d9029d54ec009d0c61019d27
:08bce00058ec009d884e019d07
:020000040000fa
:020000041d03da
:10bce8007f000224240282ac7f00a530280285aca4
:08bcf8000800e0030000000059
:020000040000fa
:020000041d03da
:10bd00007f000224340282ac7f00a530380285ac6b
:08bd10000800e0030000000040
:020000040000fa
:020000041d03da
:10bd18000080023c30544224200044ac240045ac4e
:08bd28000800e0030000000028
:020000040000fa
:020000041d03da
:10bd3000f8ffbd270400bfaf004802400400bf8fda
:08bd40000800e0030800bd2724
:020000040000fa
:020000041d03da
:10bd480053544f552025730d0a00000053544f5289
:08bd58002025730d0a00000014
:020000040000fa
:020000041d03da
:10bd60004200000053000000430000004d4f4445d6
:08bd70002025730d0a000000fc
:020000040000fa
:020000041d03da
:10bd78005200000046000000500000005354525585
:08bd88002025730d0a000000e4
:020000040000fa
:020000041d03da
:10bd90004100000045000000490000005459504592
:08bda0002025730d0a000000cc
:020000040000fa
:020000041d03da
:10bda80054435049505f495056345f41727048615e
:08bdb8006e646c65720000006e
:020000040000fa
:020000041d03da
:10bdc00054435049505f495056345f4172704c693a
:08bdd000737450757267650081
:020000040000fa
:020000041d03da
:10bdd80003008014030002240080023cc856428cf1
:08bde8000800e0030000000068
:020000040000fa
:020000041d03da
:10bdf00003008010251000002c00828c001102002e
:08be00000800e003000000004f
:020000040000fa
:020000041d03da
:10be080003008010251000003400828c001102000d
:08be18000800e0030000000037
:020000040000fa
:020000041d03da
:10be200003008010f7ff02243800828c380080acb9
:08be30000800e003000000001f
:020000040000fa
:020000041d03da
:10be3800465f4448435052784d7367547970653271
:08be48004576656e74000000f0
:020000040000fa
:020000041d03da
:10be5000465f444e53436f6d706c65746548617303
:08be600068456e747279000060
:020000040000fa
:020000041d03da
:10be680054435049505f444e535f436c69656e7448
:08be780050726f6365737300e3
:020000040000fa
:020000041d03da
:10be8000465f444e535f436c65616e436163686512
:08be9000456e74727900000098
:020000040000fa
:020000041d03da
:10be9800022104000a00832c3000822457008424e5
:08bea8000800e0030a1083000a
:020000040000fa
:020000041d03da
:10beb0000f0084300a00832c300082245700842431
:08bec0000800e0030a108300f2
:020000040000fa
:020000041d03da
:10bec80003008010000000000000a28c0c0082ac6f
:08bed8000800e0030000000077
:020000040000fa
:020000041d03da
:10bee00003008010000000000000a28c100082ac53
:08bef0000800e003000000005f
:020000040000fa
:020000041d03da
:10bef80003008010000000000000a28c140082ac37
:08bf08000800e0030000000046
:020000040000fa
:020000041d03da
:10bf1000465f4452565f4d49494d5f4765744f70c7
:08bf200044637074000000008e
:020000040000fa
:020000041d03da
:10bf28004d49494d5f50726f636573735f52656128
:08bf380064457874000000006c
:020000040000fa
:020000041d03da
:10bf40004d49494d5f50726f636573735f577269f6
:08bf50007465457874000000df
:020000040000fa
:020000041d03da
:10bf5800465f4452565f4d49494d5f50726f636565
:08bf680073734f70000000002c
:020000040000fa
:020000041d03da
:10bf7000465f4452565f4d49494d5f4f704c69735f
:08bf80007452656d6f766500d7
:020000040000fa
:020000041d03da
:10bf88004452565f4554485048595f496e69746930
:08bf9800616c697a650000008c
:020000040000fa
:020000041d03da
:10bfa0004895039db84e039d9089029de88f039d9f
:08bfb000d06a029dc821039d27
:020000040000fa
:020000041d03da
:10bfb800f819029df4f6019d60c8039d0000000079
:08bfc800000000000000000071
:020000040000fa
:020000041d03da
:10bfd0006e766d00736400006d6d63626c6b0000c3
:08bfe00072616d006d746400d4
:020000040000fa
:020000041d03da
:10bfe80000601a40bfff1b3cffff7b3724d05b0378
:08bff80000609a4018000042ad
:020000040000fa
:020000041d03da
:10c0000068076c094c836a9074a07ac000806888c5
:08c0100000846c820081000035
:020000040000fa
:020000041d03da
:10c01800000000000000f0bf0000000000003043f6
:08c02800000000000000f03fe1
:020000040000fa
:020000041d03da
:10c03000ffffc6240000a0a0fdffc0140100a5243e
:08c040000800e0032510800058
:020000040000fa
:020000041d03da
:10c0480001000000050000000000000005000100dc
:04c0580001000000e3
:020000040000fa
:020000041d03da
:10c05c00465f485454505f53657276654865616419
:04c06c006572730086
:020000040000fa
:020000041d03da
:10c07000465f485454505f41646446696c65436848
:04c08000756e6b006e
:020000040000fa
:020000041d03da
:10c08400465f485454505f53534945787472616312
:04c094007400000034
:020000040000fa
:020000041d03da
:10c09800465f485454505f456e64487474704368f2
:04c0a800756e6b0046
:020000040000fa
:020000041d03da
:10c0ac00465f485454505f467265654368756e6bc5
:04c0bc000000000080
:020000040000fa
:020000041d03da
:10c0c0005462039dfcfe029dd8c4029d6cfe029d3d
:04c0d000c88d029d78
:020000040000fa
:020000041d03da
:10c0d400822805002000828c84f8a27c0800e003fa
:04c0e400200082ac0a
:020000040000fa
:020000041d03da
:10c0e800822805003000828c84f8a27c0800e003d6
:04c0f800300082ace6
:020000040000fa
:020000041d03da
:10c0fc0004818227000044ac040045ac0800e00336
:04c10c00000000002f
:020000040000fa
:020000041d03da
:10c1100046545043204552524f52203a2025640d38
:04c120000a00000011
:020000040000fa
:020000041d03da
:10c1240046435f55385074724469666632554931e6
:04c1340036000000d1
:020000040000fa
:020000041d03da
:10c1380054435049505f444843505f50726f6365a1
:04c14800737300000d
:020000040000fa
:020000041d03da
:10c14c00465f444843504576656e74536f75726311
:04c15c00650000007a
:020000040000fa
:020000041d03da
:10c16000465f444843504e6f74696679436c696515
:04c170006e74730076
:020000040000fa
:020000041d03da
:10c17400465f444e535f56616c69646174654966f9
:04c1840000000000b7
:020000040000fa
:020000041d03da
:10c18800465f444e535f53656e645f5175657279bf
:04c1980000000000a3
:020000040000fa
:020000041d03da
:10c19c0046435f553850747244696666325549316e
:04c1ac003600000059
:020000040000fa
:020000041d03da
:10c1b00066756c6c000000006c6f7700646f776ec2
:04c1c000000000007b
:020000040000fa
:020000041d03da
:10c1c40002008010ffff0224580082940800e0035c
:04c1d4000000000067
:020000040000fa
:020000041d03da
:10c1d8005443504950537461636b5061636b657489
:04c1e8005478000087
:020000040000fa
:020000041d03da
:10c1ec0080b9039d84b9039d88b9039d90b9039dc3
:04c1fc0094b9039d52
:020000040000fa
:020000041d03da
:10c20000465f4452565f4d49494d5f4f70526573ca
:04c21000756c7400d5
:020000040000fa
:020000041d03da
:10c21400465f4452565f4d49494d5f5265706f7297
:04c22400744f7000e3
:020000040000fa
:020000041d03da
:10c228004d49494d5f50726f636573735f52656125
:04c23800640000009e
:020000040000fa
:020000041d03da
:10c23c004d49494d5f50726f636573735f577269f7
:04c24c007465000015
:020000040000fa
:020000041d03da
:10c250004d49494d5f50726f636573735f536361fe
:04c260006e0000006c
:020000040000fa
:020000041d03da
:10c26400c4b2029dbcc2029d58ca029dc04c029d2c
:04c27400ec61029dda
:020000040000fa
:020000041d03da
:10c278000400060008000a000e0014001c00280034
:04c288003000320050
:020000040000fa
:020000041d03da
:10c28c00d079029d3c48029d689c029d4427029dea
:04c29c00887d039df9
:020000040000fa
:020000041d03da
:10c2a000d0bf039dd4bf039dd8bf039de0bf039db6
:04c2b000e4bf039d47
:020000040000fa
:020000041d03da
:10c2b40030c0039da8b5039d2428039d2428039d15
:04c2c4002428039d8a
:020000040000fa
:020000041d03da
:10c2c8000a0000000000000000000000000000005c
:020000040000fa
:020000041d03da
:10c2d8000400838c0080023c0800e0030c5543ac4a
:020000040000fa
:020000041d03da
:10c2e800300d0a0d0a0000000d0a300d0a0d0a0073
:020000040000fa
:020000041d03da
:10c2f8007669727475616c0066696c65000000008f
:020000040000fa
:020000041d03da
:10c3080046435f5074724469666632554931360057
:020000040000fa
:020000041d03da
:10c31800465f485454505f5353494563686f000063
:020000040000fa
:020000041d03da
:10c32800465f485454505f436c65616e75700000f9
:020000040000fa
:020000041d03da
:10c33800010002245100a2a00800e0030000000050
:020000040000fa
:020000041d03da
:10c3480090ea029d887c029dbc92029db8a2019d44
:020000040000fa
:020000041d03da
:10c3580001000224080082ac0800e003000000008d
:020000040000fa
:020000041d03da
:10c3680000800234080282ac0800e00300000000ec
:020000040000fa
:020000041d03da
:10c3780000800234040282ac0800e00300000000e0
:020000040000fa
:020000041d03da
:10c3880000800234040082ac0800e00300000000d2
:020000040000fa
:020000041d03da
:10c3980000800234080082ac0800e00300000000be
:020000040000fa
:020000041d03da
:10c3a80000020224040082ac0800e0030000000040
:020000040000fa
:020000041d03da
:10c3b80000020224080082ac0800e003000000002c
:020000040000fa
:020000041d03da
:10c3c80000010224040082ac0800e0030000000021
:020000040000fa
:020000041d03da
:10c3d80000010224080082ac0800e003000000000d
:020000040000fa
:020000041d03da
:10c3e80040028294046aa27c0800e003400282a40e
:020000040000fa
:020000041d03da
:10c3f800400282940418a27c0800e003400282a450
:020000040000fa
:020000041d03da
:10c4080000080224680282ac0800e0030000000073
:020000040000fa
:020000041d03da
:10c4180060028294c45a027c0800e003600282a48d
:020000040000fa
:020000041d03da
:10c42800600282940442a27c0800e003600282a4b5
:020000040000fa
:020000041d03da
:10c43800ffc0a530a40085ac0800e00300000000a0
:020000040000fa
:020000041d03da
:10c44800ffc0a530a80085ac0800e003000000008c
:020000040000fa
:020000041d03da
:10c45800002c0500080085ac0800e003000000007f
:020000040000fa
:020000041d03da
:10c4680008000224080282ac0800e0030000000073
:020000040000fa
:020000041d03da
:10c4780004000224080282ac0800e0030000000067
:020000040000fa
:020000041d03da
:10c4880080000224080082ac0800e00300000000dd
:020000040000fa
:020000041d03da
:10c49800480086ac580087ac0800e00300000000a4
:020000040000fa
:020000041d03da
:10c4a80002000224880282ac0800e00300000000b9
:020000040000fa
:020000041d03da
:10c4b80002000224840282ac0800e00300000000ad
:020000040000fa
:020000041d03da
:10c4c80001000224880282ac0800e003000000009a
:020000040000fa
:020000041d03da
:10c4d80001000224840282ac0800e003000000008e
:020000040000fa
:020000041d03da
:10c4e800a00282940462a27c0800e003a00282a455
:020000040000fa
:020000041d03da
:10c4f800a00282940420a27c0800e003a00282a487
:020000040000fa
:020000041d03da
:10c5080004000224d80282ac0800e0030000000006
:020000040000fa
:020000041d03da
:10c5180002000224980282ac0800e0030000000038
:020000040000fa
:020000041d03da
:10c5280002000224940282ac0800e003000000002c
:020000040000fa
:020000041d03da
:10c5380001000224940282ac0800e003000000001d
:020000040000fa
:020000041d03da
:10c5480000800234880282ac0800e003000000008a
:020000040000fa
:020000041d03da
:10c5580000800234840282ac0800e003000000007e
:020000040000fa
:020000041d03da
:10c56800800282948428a27c0800e003800282a4ce
:020000040000fa
:020000041d03da
:10c578000300c2880000c2980800e0030800a2accb
:020000040000fa
:020000041d03da
:10c588002046545043204572726f720d0a00000015
:020000040000fa
:020000041d03da
:10c598000201020102010202020201030303000078
:020000040000fa
:020000041d03da
:10c5a800465f444e535f526561644e616d6500009d
:020000040000fa
:020000041d03da
:10c5b800465f444e535f50726f6365737352520007
:020000040000fa
:020000041d03da
:10c5c800465f444e5347657444617461000000003f
:020000040000fa
:020000041d03da
:10c5d800465f444e53507574537472696e67000019
:020000040000fa
:020000041d03da
:10c5e800000080ac040080ac0800e003080080acc8
:020000040000fa
:020000041d03da
:10c5f8000608020000000100000803000000000017
:020000040000fa
:020000041d03da
:10c608001400828c2b1002000800e0034010020086
:020000040000fa
:020000041d03da
:10c618004452565f4d49494d5f5461736b73000036
:020000040000fa
:020000041d03da
:10c628004452565f4554485048595f4f70656e00f4
:020000040000fa
:020000041d03da
:10c63800170002242c8282af0800e003ffff0224c7
:020000040000fa
:020000041d03da
:10c64800170002242c8282af0800e003ffff0224b7
:020000040000fa
:020000041d03da
:10c65800ffff84240080023c0800e003e85644ac55
:020000040000fa
:020000041d03da
:10c66800494e4600696e66004e414e006e616e008e
:10c67800494e4600696e66004e414e006e616e007e
:020000040000fa
:020000041d03da
:10c68800000000000000e07f0000000000006003e0
:020000040000fa
:020000041d03da
:0cc6980000000000040000000000000092
:020000040000fa
:020000041d03da
:0cc6a40064b5039df09e039d00000000a3
:020000040000fa
:020000041d03da
:0cc6b00003000000020000000000000079
:020000040000fa
:020000041d03da
:0cc6bc005254435f5461736b7300000024
:020000040000fa
:020000041d03da
:0cc6c8003c212d2d230000002d2d000032
:020000040000fa
:020000041d03da
:0cc6d400696e6465782e68746d000000cb
:020000040000fa
:020000041d03da
:0cc6e0006d70667375706c6f6164000013
:020000040000fa
:020000041d03da
:0cc6ec0047455400504f5354000000001c
:020000040000fa
:020000041d03da
:0cc6f800ccae039d00200000c891039d03
:020000040000fa
:020000041d03da
:0cc704005049433332494e5400000000fd
:020000040000fa
:020000041d03da
:0cc71000e000828c0800e003c001427cc5
:020000040000fa
:020000041d03da
:0cc71c00e000828c0800e0038001427cf9
:020000040000fa
:020000041d03da
:0cc72800e000828c0800e0034001427c2d
:020000040000fa
:020000041d03da
:0cc73400d40085ac0800e0030000000009
:020000040000fa
:020000041d03da
:0cc74000c80085ac0800e0030000000009
:020000040000fa
:020000041d03da
:0cc74c00c40085ac0800e0030000000001
:020000040000fa
:020000041d03da
:0cc75800d40085ac0800e00300000000e5
:020000040000fa
:020000041d03da
:0cc764000000828c0800e003c003427c4f
:020000040000fa
:020000041d03da
:0cc77000d00282900800e003010042307b
:020000040000fa
:020000041d03da
:0cc77c00d00282900800e0038000427ca4
:020000040000fa
:020000041d03da
:0cc788000080023c0800e0036453428c77
:020000040000fa
:020000041d03da
:0cc79400f505023c0800e00300e142341f
:020000040000fa
:020000041d03da
:0cc7a000524554522025730d0a00000081
:020000040000fa
:020000041d03da
:0cc7ac0044454c452025730d0a00000098
:020000040000fa
:020000041d03da
:0cc7b800524d442025730d0a00000000c3
:020000040000fa
:020000041d03da
:0cc7c4004d4b442025730d0a00000000be
:020000040000fa
:020000041d03da
:0cc7d0004357442025730d0a00000000b0
:020000040000fa
:020000041d03da
:0cc7dc00414343542025730d0a00000067
:020000040000fa
:020000041d03da
:0cc7e800504153532025730d0a0000003f
:020000040000fa
:020000041d03da
:0cc7f400555345522025730d0a0000002b
:020000040000fa
:020000041d03da
:0cc800001800828c0800e00310004224a5
:020000040000fa
:020000041d03da
:0cc80c001800828c0800e0030c0042249d
:020000040000fa
:020000041d03da
:0cc8180046435f737072696e7466000026
:020000040000fa
:020000041d03da
:0cc824000080023c0800e003dc55429458
:020000040000fa
:020000041d03da
:0cc83000adde023c0800e003defa4234fa
:020000040000fa
:020000041d03da
:0cc83c00ac8f039d10e5029d10a8029d2a
:020000040000fa
:020000041d03da
:0cc84800d894039d1046039d08bb039d7f
:020000040000fa
:020000041d03da
:0cc854008095039dec02039d8452039d1f
:020000040000fa
:020000041d03da
:0cc860002600023c0800e003a025422452
:020000040000fa
:020000041d03da
:0cc86c000080023c0800e003d852428c1f
:020000040000fa
:020000041d03da
:0cc87800286e696c2900000025000000fb
:020000040000fa
:020000041d03da
:08c884000800e003ffff02249d
:020000040000fa
:020000041d03da
:08c88c001cb6039d0000000032
:020000040000fa
:020000041d03da
:08c8940002000000b00b039d3f
:020000040000fa
:020000041d03da
:08c89c0001000000c4b1039d7e
:020000040000fa
:020000041d03da
:08c8a40000000a0044004300fb
:020000040000fa
:020000041d03da
:08c8ac000a0000000002000276
:020000040000fa
:020000041d03da
:08c8b4000a0000020000000070
:020000040000fa
:020000041d03da
:08c8bc00e0bb039d1800000021
:020000040000fa
:020000041d03da
:08c8c40000000000002088bf05
:020000040000fa
:020000041d03da
:08c8cc0025780d0a00000000b0
:020000040000fa
:020000041d03da
:08c8d40076616c75650000003f
:020000040000fa
:020000041d03da
:08c8dc000800e0030000000069
:020000040000fa
:020000041d03da
:08c8e4000800e003010002243a
:020000040000fa
:020000041d03da
:08c8ec000004a300000000009d
:020000040000fa
:020000041d03da
:08c8f4000800e003500285a4d6
:020000040000fa
:020000041d03da
:08c8fc000800e003e200829055
:020000040000fa
:020000041d03da
:08c904000800e0032000828c12
:020000040000fa
:020000041d03da
:08c90c000800e0033000828cfa
:020000040000fa
:020000041d03da
:08c914000800e003b20085a059
:020000040000fa
:020000041d03da
:08c91c000800e003b00085a053
:020000040000fa
:020000041d03da
:08c924000800e00310018294f9
:020000040000fa
:020000041d03da
:08c92c000800e00340018294c1
:020000040000fa
:020000041d03da
:08c934000800e00300018294f9
:020000040000fa
:020000041d03da
:08c93c000800e00350018294a1
:020000040000fa
:020000041d03da
:08c944000800e0036001829489
:020000040000fa
:020000041d03da
:08c94c000800e00320018294c1
:020000040000fa
:020000041d03da
:08c954000800e00330018294a9
:020000040000fa
:020000041d03da
:08c95c000800e003d000828c0a
:020000040000fa
:020000041d03da
:08c964000800e003c002829408
:020000040000fa
:020000041d03da
:08c96c00504153560d0a000072
:020000040000fa
:020000041d03da
:08c974005057440d0a000000b9
:020000040000fa
:020000041d03da
:08c97c00515549540d0a000059
:020000040000fa
:020000041d03da
:08c98400434455500d0a000068
:020000040000fa
:020000041d03da
:08c98c000800e0032510000083
:020000040000fa
:020000041d03da
:08c994000800e0030100022489
:020000040000fa
:020000041d03da
:08c99c000800e00300000000a8
:020000040000fa
:020000041d03da
:08c9a4000800e003251000006b
:020000040000fa
:020000041d03da
:08c9ac00ffffffffffff000089
:020000040000fa
:020000041d03da
:08c9b4000800e0039481828f6a
:020000040000fa
:020000041d03da
:08c9bc000800e0036881828f8e
:020000040000fa
:020000041d03da
:08c9c4000800e0036481828f8a
:020000040000fa
:020000041d03da
:08c9cc000800e0039c8180af2c
:020000040000fa
:020000041d03da
:08c9d4000800e003f4ff022457
:020000040000fa
:020000041d03da
:08c9dc000800e0030c00022436
:020000040000fa
:020000041d03da
:08c9e4000800e003b48180affc
:020000040000fa
:020000041d03da
:08c9ec000800e0032510000023
:020000040000fa
:020000041d03da
:08c9f4000800e0030000000050
:020000040000fa
:020000041d03da
:08c9fc000800e0030000000048
:020000040000fa
:020000041d03da
:08ca04000800e003000000003f
:020000040000fa
:020000041d03da
:08ca0c000800e0030000000037
:020000040000fa
:020000041d03da
:08ca14000800e003288282976c
:020000040000fa
:020000041d03da
:08ca1c000800e0032082828f74
:020000040000fa
:020000041d03da
:08ca24000800e003feff0224fc
:020000040000fa
:020000041d03da
:08ca2c000800e003f1fe022402
:020000040000fa
:020000041d03da
:08ca34000800e003000000000f
:020000040000fa
:020000041d03da
:08ca3c002f6d6e742f00000c39
:020000040000fa
:020000041d03da
:08ca44000800e0032c82828f40
:020000040000fa
:020000041d03da
:08ca4c002f6465762f00000045
:020000040000fa
:020000041d03da
:08ca54004d50465300000000a4
:020000040000fa
:020000041d03da
:08ca5c004d5046530201000099
:020000040000fa
:020000041d03da
:08ca64000800e00300000000df
:020000040000fa
:020000041d03da
:08ca6c000800e00300000000d7
:020000040000fa
:020000041d03da
:04b56400c8bb039dc0
:020000040000fa
:020000041d03da
:04ca740001030600b4
:020000040000fa
:020000041d03da
:04ca7800638253631f
:020000040000fa
:020000041d03da
:04ca7c002e2e2f002b
:00000001FF
